created_at,field1,field2,field3,field4,field5,field6,field7,field8,latitude,longitude,elevation,status
2024-01-01T00:00:00+00:00,27.39,37.23,7.33,53.31,20,40,Madrid,,40.4168,-3.7038,667,
2024-01-01T01:00:00+00:00,34.28,45.17,8.47,64.32,20,40,Madrid,,40.4168,-3.7038,667,
2024-01-01T02:00:00+00:00,34.88,44.93,6.88,64.76,20,40,Madrid,,40.4168,-3.7038,667,
2024-01-01T03:00:00+00:00,26.18,39.29,7.65,55.77,20,40,Madrid,,40.4168,-3.7038,667,
2024-01-01T04:00:00+00:00,31.98,46.95,8.44,57.92,20,40,Madrid,,40.4168,-3.7038,667,
2024-01-01T05:00:00+00:00,26.8,37.65,10.61,61.33,20,40,Madrid,,40.4168,-3.7038,667,
2024-01-01T06:00:00+00:00,30.55,43.99,9.88,69.49,20,40,Madrid,,40.4168,-3.7038,667,
2024-01-01T07:00:00+00:00,30.1,38.43,8.46,60.19,20,40,Madrid,,40.4168,-3.7038,667,
2024-01-01T08:00:00+00:00,35.83,51.18,8.23,71.39,20,40,Madrid,,40.4168,-3.7038,667,
2024-01-01T09:00:00+00:00,34.97,47.84,9.46,64.79,20,40,Madrid,,40.4168,-3.7038,667,
2024-01-01T10:00:00+00:00,33.29,47.98,7.49,65.98,20,40,Madrid,,40.4168,-3.7038,667,
2024-01-01T11:00:00+00:00,32.54,46.53,7.58,50.58,20,40,Madrid,,40.4168,-3.7038,667,
2024-01-01T12:00:00+00:00,27.3,36.38,6.02,49.29,20,40,Madrid,,40.4168,-3.7038,667,
2024-01-01T13:00:00+00:00,32.98,43.19,6.32,56.6,20,40,Madrid,,40.4168,-3.7038,667,
2024-01-01T14:00:00+00:00,29.25,42.36,3.46,56.7,20,40,Madrid,,40.4168,-3.7038,667,
2024-01-01T15:00:00+00:00,33.37,46.92,1.77,41.56,20,40,Madrid,,40.4168,-3.7038,667,
2024-01-01T16:00:00+00:00,30.42,40.29,3.25,50.87,20,40,Madrid,,40.4168,-3.7038,667,
2024-01-01T17:00:00+00:00,31.04,43.81,3.03,47.51,20,40,Madrid,,40.4168,-3.7038,667,
2024-01-01T18:00:00+00:00,28.43,35.66,2.05,41.02,20,40,Madrid,,40.4168,-3.7038,667,
2024-01-01T19:00:00+00:00,30.7,41.95,2.39,40.72,20,40,Madrid,,40.4168,-3.7038,667,
2024-01-01T20:00:00+00:00,30.66,43.35,1.2,49.11,20,40,Madrid,,40.4168,-3.7038,667,
2024-01-01T21:00:00+00:00,31.53,40.09,2.7,51.36,20,40,Madrid,,40.4168,-3.7038,667,
2024-01-01T22:00:00+00:00,35.64,44.54,4.68,48.91,20,40,Madrid,,40.4168,-3.7038,667,
2024-01-01T23:00:00+00:00,30.57,40.44,3.8,53.63,20,40,Madrid,,40.4168,-3.7038,667,
2024-01-02T00:00:00+00:00,34.41,42.67,4.55,57.03,20,40,Madrid,,40.4168,-3.7038,667,
2024-01-02T01:00:00+00:00,34.09,45.07,7.51,53.15,20,40,Madrid,,40.4168,-3.7038,667,
2024-01-02T02:00:00+00:00,28.4,35.4,7.47,52.73,20,40,Madrid,,40.4168,-3.7038,667,
2024-01-02T03:00:00+00:00,25.9,31.95,8.69,54.23,20,40,Madrid,,40.4168,-3.7038,667,
2024-01-02T04:00:00+00:00,32.44,40.22,10.26,57.03,20,40,Madrid,,40.4168,-3.7038,667,
2024-01-02T05:00:00+00:00,30.89,45.43,10.76,61.49,20,40,Madrid,,40.4168,-3.7038,667,
2024-01-02T06:00:00+00:00,38.52,49.73,8.78,70.9,20,40,Madrid,,40.4168,-3.7038,667,
2024-01-02T07:00:00+00:00,32.57,46.3,9.78,66.06,20,40,Madrid,,40.4168,-3.7038,667,
2024-01-02T08:00:00+00:00,35.13,43.69,8.97,67.29,20,40,Madrid,,40.4168,-3.7038,667,
2024-01-02T09:00:00+00:00,29.84,43.14,9.31,61.44,20,40,Madrid,,40.4168,-3.7038,667,
2024-01-02T10:00:00+00:00,36.33,48.75,9.41,64.86,20,40,Madrid,,40.4168,-3.7038,667,
2024-01-02T11:00:00+00:00,28.91,40.92,6.85,56.35,20,40,Madrid,,40.4168,-3.7038,667,
2024-01-02T12:00:00+00:00,29.08,39.92,5.55,57.74,20,40,Madrid,,40.4168,-3.7038,667,
2024-01-02T13:00:00+00:00,26.34,37.79,4.73,50.72,20,40,Madrid,,40.4168,-3.7038,667,
2024-01-02T14:00:00+00:00,29.48,35.94,3.83,54.67,20,40,Madrid,,40.4168,-3.7038,667,
2024-01-02T15:00:00+00:00,33.12,40.83,2.4,55.74,20,40,Madrid,,40.4168,-3.7038,667,
2024-01-02T16:00:00+00:00,33.5,45.25,1.16,43.01,20,40,Madrid,,40.4168,-3.7038,667,
2024-01-02T17:00:00+00:00,29.1,42.29,0.92,48.99,20,40,Madrid,,40.4168,-3.7038,667,
2024-01-02T18:00:00+00:00,32.54,40.91,2.89,51.22,20,40,Madrid,,40.4168,-3.7038,667,
2024-01-02T19:00:00+00:00,27.21,35.33,0.95,42.96,20,40,Madrid,,40.4168,-3.7038,667,
2024-01-02T20:00:00+00:00,34.48,45.11,1.99,39.24,20,40,Madrid,,40.4168,-3.7038,667,
2024-01-02T21:00:00+00:00,25.86,31.8,3.83,51.22,20,40,Madrid,,40.4168,-3.7038,667,
2024-01-02T22:00:00+00:00,36.18,51.45,4.9,48.46,20,40,Madrid,,40.4168,-3.7038,667,
2024-01-02T23:00:00+00:00,26.53,33.1,4.74,55.91,20,40,Madrid,,40.4168,-3.7038,667,
2024-01-03T00:00:00+00:00,37.1,48.7,4.88,57.6,20,40,Madrid,,40.4168,-3.7038,667,
2024-01-03T01:00:00+00:00,28.05,34.84,7.91,64.92,20,40,Madrid,,40.4168,-3.7038,667,
2024-01-03T02:00:00+00:00,31.59,44.2,8.49,63.2,20,40,Madrid,,40.4168,-3.7038,667,
2024-01-03T03:00:00+00:00,31.63,42.11,8.53,56.08,20,40,Madrid,,40.4168,-3.7038,667,
2024-01-03T04:00:00+00:00,33.8,46.23,8.61,55.94,20,40,Madrid,,40.4168,-3.7038,667,
2024-01-03T05:00:00+00:00,29.08,41.77,10.33,61.43,20,40,Madrid,,40.4168,-3.7038,667,
2024-01-03T06:00:00+00:00,31.1,41.31,9.37,60.74,20,40,Madrid,,40.4168,-3.7038,667,
2024-01-03T07:00:00+00:00,34.31,44.38,11.2,70.01,20,40,Madrid,,40.4168,-3.7038,667,
2024-01-03T08:00:00+00:00,33.44,41.7,9.39,65.67,20,40,Madrid,,40.4168,-3.7038,667,
2024-01-03T09:00:00+00:00,37.76,49.08,9.39,66.17,20,40,Madrid,,40.4168,-3.7038,667,
2024-01-03T10:00:00+00:00,32.11,42.71,9.04,58.24,20,40,Madrid,,40.4168,-3.7038,667,
2024-01-03T11:00:00+00:00,30.94,41.33,6.22,58.66,20,40,Madrid,,40.4168,-3.7038,667,
2024-01-03T12:00:00+00:00,36.39,50.59,4.8,54.57,20,40,Madrid,,40.4168,-3.7038,667,
2024-01-03T13:00:00+00:00,35.07,50.36,4.68,48.25,20,40,Madrid,,40.4168,-3.7038,667,
2024-01-03T14:00:00+00:00,30.24,37.23,3.09,45.84,20,40,Madrid,,40.4168,-3.7038,667,
2024-01-03T15:00:00+00:00,24.95,34.24,3.91,46.16,20,40,Madrid,,40.4168,-3.7038,667,
2024-01-03T16:00:00+00:00,28.81,37.57,1.57,46.22,20,40,Madrid,,40.4168,-3.7038,667,
2024-01-03T17:00:00+00:00,25.7,33.32,1.48,46.32,20,40,Madrid,,40.4168,-3.7038,667,
2024-01-03T18:00:00+00:00,29.94,43.55,2.92,41.98,20,40,Madrid,,40.4168,-3.7038,667,
2024-01-03T19:00:00+00:00,28.08,37.56,3.29,52.08,20,40,Madrid,,40.4168,-3.7038,667,
2024-01-03T20:00:00+00:00,34.47,47.02,3.95,47.47,20,40,Madrid,,40.4168,-3.7038,667,
2024-01-03T21:00:00+00:00,32.14,46.1,4.33,45.2,20,40,Madrid,,40.4168,-3.7038,667,
2024-01-03T22:00:00+00:00,34.86,48.24,4.23,54.49,20,40,Madrid,,40.4168,-3.7038,667,
2024-01-03T23:00:00+00:00,31.83,45.7,3.6,54.09,20,40,Madrid,,40.4168,-3.7038,667,
2024-01-04T00:00:00+00:00,30.45,43.15,5.69,60.87,20,40,Madrid,,40.4168,-3.7038,667,
2024-01-04T01:00:00+00:00,30.0,44.33,7.08,62.64,20,40,Madrid,,40.4168,-3.7038,667,
2024-01-04T02:00:00+00:00,37.65,50.34,8.5,67.76,20,40,Madrid,,40.4168,-3.7038,667,
2024-01-04T03:00:00+00:00,31.27,38.84,10.19,68.46,20,40,Madrid,,40.4168,-3.7038,667,
2024-01-04T04:00:00+00:00,36.99,46.86,8.6,70.03,20,40,Madrid,,40.4168,-3.7038,667,
2024-01-04T05:00:00+00:00,35.81,49.98,8.84,60.41,20,40,Madrid,,40.4168,-3.7038,667,
2024-01-04T06:00:00+00:00,29.01,35.4,8.78,64.14,20,40,Madrid,,40.4168,-3.7038,667,
2024-01-04T07:00:00+00:00,35.92,50.15,10.64,69.64,20,40,Madrid,,40.4168,-3.7038,667,
2024-01-04T08:00:00+00:00,35.27,47.25,9.95,71.15,20,40,Madrid,,40.4168,-3.7038,667,
2024-01-04T09:00:00+00:00,36.68,53.3,7.63,68.32,20,40,Madrid,,40.4168,-3.7038,667,
2024-01-04T10:00:00+00:00,27.7,38.33,8.65,64.24,20,40,Madrid,,40.4168,-3.7038,667,
2024-01-04T11:00:00+00:00,35.41,48.0,5.66,54.2,20,40,Madrid,,40.4168,-3.7038,667,
2024-01-04T12:00:00+00:00,30.72,40.43,6.49,55.67,20,40,Madrid,,40.4168,-3.7038,667,
2024-01-04T13:00:00+00:00,26.93,35.06,5.34,56.23,20,40,Madrid,,40.4168,-3.7038,667,
2024-01-04T14:00:00+00:00,33.33,42.1,4.56,46.16,20,40,Madrid,,40.4168,-3.7038,667,
2024-01-04T15:00:00+00:00,30.84,41.94,4.48,43.48,20,40,Madrid,,40.4168,-3.7038,667,
2024-01-04T16:00:00+00:00,30.34,44.04,1.27,49.52,20,40,Madrid,,40.4168,-3.7038,667,
2024-01-04T17:00:00+00:00,33.99,47.6,3.39,47.16,20,40,Madrid,,40.4168,-3.7038,667,
2024-01-04T18:00:00+00:00,32.71,47.56,1.17,40.4,20,40,Madrid,,40.4168,-3.7038,667,
2024-01-04T19:00:00+00:00,30.08,44.25,2.57,39.15,20,40,Madrid,,40.4168,-3.7038,667,
2024-01-04T20:00:00+00:00,27.39,38.32,3.41,41.33,20,40,Madrid,,40.4168,-3.7038,667,
2024-01-04T21:00:00+00:00,34.62,46.37,3.03,46.78,20,40,Madrid,,40.4168,-3.7038,667,
2024-01-04T22:00:00+00:00,30.48,38.16,4.8,44.85,20,40,Madrid,,40.4168,-3.7038,667,
2024-01-04T23:00:00+00:00,28.03,38.16,6.15,46.4,20,40,Madrid,,40.4168,-3.7038,667,
2024-01-05T00:00:00+00:00,33.83,47.39,5.94,49.18,20,40,Madrid,,40.4168,-3.7038,667,
2024-01-05T01:00:00+00:00,28.08,39.0,8.37,51.07,20,40,Madrid,,40.4168,-3.7038,667,
2024-01-05T02:00:00+00:00,36.76,49.67,9.46,61.47,20,40,Madrid,,40.4168,-3.7038,667,
2024-01-05T03:00:00+00:00,34.82,48.1,10.2,61.85,20,40,Madrid,,40.4168,-3.7038,667,
2024-01-05T04:00:00+00:00,30.38,42.8,8.99,68.03,20,40,Madrid,,40.4168,-3.7038,667,
2024-01-05T05:00:00+00:00,33.45,45.83,10.5,70.92,20,40,Madrid,,40.4168,-3.7038,667,
2024-01-05T06:00:00+00:00,30.19,43.35,9.47,59.61,20,40,Madrid,,40.4168,-3.7038,667,
2024-01-05T07:00:00+00:00,30.13,43.56,9.67,64.79,20,40,Madrid,,40.4168,-3.7038,667,
2024-01-05T08:00:00+00:00,30.5,37.46,8.57,70.65,20,40,Madrid,,40.4168,-3.7038,667,
2024-01-05T09:00:00+00:00,29.34,36.96,8.49,58.0,20,40,Madrid,,40.4168,-3.7038,667,
2024-01-05T10:00:00+00:00,28.49,38.67,8.35,63.9,20,40,Madrid,,40.4168,-3.7038,667,
2024-01-05T11:00:00+00:00,29.71,43.15,5.81,51.62,20,40,Madrid,,40.4168,-3.7038,667,
2024-01-05T12:00:00+00:00,26.19,35.32,7.49,54.74,20,40,Madrid,,40.4168,-3.7038,667,
2024-01-05T13:00:00+00:00,27.17,34.63,5.31,47.78,20,40,Madrid,,40.4168,-3.7038,667,
2024-01-05T14:00:00+00:00,36.44,49.48,2.78,54.88,20,40,Madrid,,40.4168,-3.7038,667,
2024-01-05T15:00:00+00:00,29.59,41.66,4.4,53.6,20,40,Madrid,,40.4168,-3.7038,667,
2024-01-05T16:00:00+00:00,32.55,41.37,3.93,39.68,20,40,Madrid,,40.4168,-3.7038,667,
2024-01-05T17:00:00+00:00,29.58,38.82,0.65,45.69,20,40,Madrid,,40.4168,-3.7038,667,
2024-01-05T18:00:00+00:00,33.56,46.16,2.28,48.29,20,40,Madrid,,40.4168,-3.7038,667,
2024-01-05T19:00:00+00:00,33.08,46.08,1.39,50.41,20,40,Madrid,,40.4168,-3.7038,667,
2024-01-05T20:00:00+00:00,27.09,39.43,2.6,54.12,20,40,Madrid,,40.4168,-3.7038,667,
2024-01-05T21:00:00+00:00,35.82,48.06,3.64,54.66,20,40,Madrid,,40.4168,-3.7038,667,
2024-01-05T22:00:00+00:00,25.26,33.32,5.06,42.6,20,40,Madrid,,40.4168,-3.7038,667,
2024-01-05T23:00:00+00:00,33.31,42.55,6.21,50.43,20,40,Madrid,,40.4168,-3.7038,667,
2024-01-06T00:00:00+00:00,34.03,44.77,7.3,53.26,20,40,Madrid,,40.4168,-3.7038,667,
2024-01-06T01:00:00+00:00,28.72,41.57,6.02,55.93,20,40,Madrid,,40.4168,-3.7038,667,
2024-01-06T02:00:00+00:00,37.51,49.05,8.97,65.22,20,40,Madrid,,40.4168,-3.7038,667,
2024-01-06T03:00:00+00:00,30.46,38.82,9.32,55.19,20,40,Madrid,,40.4168,-3.7038,667,
2024-01-06T04:00:00+00:00,27.18,33.76,10.95,56.72,20,40,Madrid,,40.4168,-3.7038,667,
2024-01-06T05:00:00+00:00,31.83,40.68,10.24,68.29,20,40,Madrid,,40.4168,-3.7038,667,
2024-01-06T06:00:00+00:00,29.55,41.4,8.61,58.51,20,40,Madrid,,40.4168,-3.7038,667,
2024-01-06T07:00:00+00:00,35.85,51.21,8.61,59.07,20,40,Madrid,,40.4168,-3.7038,667,
2024-01-06T08:00:00+00:00,34.47,49.71,9.57,57.39,20,40,Madrid,,40.4168,-3.7038,667,
2024-01-06T09:00:00+00:00,32.58,41.25,8.89,59.92,20,40,Madrid,,40.4168,-3.7038,667,
2024-01-06T10:00:00+00:00,31.8,46.56,9.06,66.78,20,40,Madrid,,40.4168,-3.7038,667,
2024-01-06T11:00:00+00:00,32.96,47.54,7.19,56.2,20,40,Madrid,,40.4168,-3.7038,667,
2024-01-06T12:00:00+00:00,33.62,46.63,7.44,54.35,20,40,Madrid,,40.4168,-3.7038,667,
2024-01-06T13:00:00+00:00,33.51,42.58,5.62,57.07,20,40,Madrid,,40.4168,-3.7038,667,
2024-01-06T14:00:00+00:00,34.49,46.57,3.37,46.17,20,40,Madrid,,40.4168,-3.7038,667,
2024-01-06T15:00:00+00:00,30.99,45.57,4.46,45.1,20,40,Madrid,,40.4168,-3.7038,667,
2024-01-06T16:00:00+00:00,27.36,40.77,1.21,53.23,20,40,Madrid,,40.4168,-3.7038,667,
2024-01-06T17:00:00+00:00,27.06,33.44,0.75,48.06,20,40,Madrid,,40.4168,-3.7038,667,
2024-01-06T18:00:00+00:00,29.67,42.06,1.75,48.21,20,40,Madrid,,40.4168,-3.7038,667,
2024-01-06T19:00:00+00:00,36.33,51.97,1.12,52.17,20,40,Madrid,,40.4168,-3.7038,667,
2024-01-06T20:00:00+00:00,36.24,45.21,1.11,46.27,20,40,Madrid,,40.4168,-3.7038,667,
2024-01-06T21:00:00+00:00,24.97,36.98,2.04,41.67,20,40,Madrid,,40.4168,-3.7038,667,
2024-01-06T22:00:00+00:00,29.93,40.49,3.65,43.3,20,40,Madrid,,40.4168,-3.7038,667,
2024-01-06T23:00:00+00:00,31.71,41.23,4.07,50.45,20,40,Madrid,,40.4168,-3.7038,667,
2024-01-07T00:00:00+00:00,32.41,43.85,6.66,62.9,20,40,Madrid,,40.4168,-3.7038,667,
2024-01-07T01:00:00+00:00,27.25,34.14,7.36,57.38,20,40,Madrid,,40.4168,-3.7038,667,
2024-01-07T02:00:00+00:00,30.29,44.16,9.31,52.1,20,40,Madrid,,40.4168,-3.7038,667,
2024-01-07T03:00:00+00:00,35.44,48.84,10.19,61.05,20,40,Madrid,,40.4168,-3.7038,667,
2024-01-07T04:00:00+00:00,31.25,41.46,10.09,63.57,20,40,Madrid,,40.4168,-3.7038,667,
2024-01-07T05:00:00+00:00,30.92,39.3,9.58,68.76,20,40,Madrid,,40.4168,-3.7038,667,
2024-01-07T06:00:00+00:00,27.42,35.61,9.18,66.52,20,40,Madrid,,40.4168,-3.7038,667,
2024-01-07T07:00:00+00:00,32.91,45.18,9.67,70.88,20,40,Madrid,,40.4168,-3.7038,667,
2024-01-07T08:00:00+00:00,26.08,33.57,8.46,57.56,20,40,Madrid,,40.4168,-3.7038,667,
2024-01-07T09:00:00+00:00,31.4,45.95,8.95,64.64,20,40,Madrid,,40.4168,-3.7038,667,
2024-01-07T10:00:00+00:00,30.01,42.52,7.95,58.58,20,40,Madrid,,40.4168,-3.7038,667,
2024-01-07T11:00:00+00:00,37.63,52.34,6.62,64.98,20,40,Madrid,,40.4168,-3.7038,667,
2024-01-07T12:00:00+00:00,29.33,35.89,4.94,59.64,20,40,Madrid,,40.4168,-3.7038,667,
2024-01-07T13:00:00+00:00,36.64,52.72,6.28,54.02,20,40,Madrid,,40.4168,-3.7038,667,
2024-01-07T14:00:00+00:00,33.32,42.22,2.86,47.27,20,40,Madrid,,40.4168,-3.7038,667,
2024-01-07T15:00:00+00:00,27.29,39.93,2.29,53.26,20,40,Madrid,,40.4168,-3.7038,667,
2024-01-07T16:00:00+00:00,25.65,34.23,3.19,49.12,20,40,Madrid,,40.4168,-3.7038,667,
2024-01-07T17:00:00+00:00,32.95,46.57,2.42,45.0,20,40,Madrid,,40.4168,-3.7038,667,
2024-01-07T18:00:00+00:00,33.69,46.26,2.11,44.04,20,40,Madrid,,40.4168,-3.7038,667,
2024-01-07T19:00:00+00:00,34.95,45.15,0.77,50.29,20,40,Madrid,,40.4168,-3.7038,667,
2024-01-07T20:00:00+00:00,32.09,41.2,2.91,46.94,20,40,Madrid,,40.4168,-3.7038,667,
2024-01-07T21:00:00+00:00,30.15,41.17,3.21,42.93,20,40,Madrid,,40.4168,-3.7038,667,
2024-01-07T22:00:00+00:00,33.37,43.61,3.43,56.46,20,40,Madrid,,40.4168,-3.7038,667,
2024-01-07T23:00:00+00:00,35.27,48.49,4.58,58.83,20,40,Madrid,,40.4168,-3.7038,667,
2024-01-08T00:00:00+00:00,31.08,45.53,5.99,52.4,20,40,Madrid,,40.4168,-3.7038,667,
2024-01-08T01:00:00+00:00,30.5,38.4,6.7,57.74,20,40,Madrid,,40.4168,-3.7038,667,
2024-01-08T02:00:00+00:00,31.55,38.83,7.4,63.02,20,40,Madrid,,40.4168,-3.7038,667,
2024-01-08T03:00:00+00:00,27.39,38.65,9.58,66.35,20,40,Madrid,,40.4168,-3.7038,667,
2024-01-08T04:00:00+00:00,30.57,38.24,9.8,67.79,20,40,Madrid,,40.4168,-3.7038,667,
2024-01-08T05:00:00+00:00,27.32,40.8,10.74,63.11,20,40,Madrid,,40.4168,-3.7038,667,
2024-01-08T06:00:00+00:00,34.2,42.46,9.39,62.01,20,40,Madrid,,40.4168,-3.7038,667,
2024-01-08T07:00:00+00:00,33.08,45.2,8.37,56.69,20,40,Madrid,,40.4168,-3.7038,667,
2024-01-08T08:00:00+00:00,27.3,37.41,10.6,63.55,20,40,Madrid,,40.4168,-3.7038,667,
2024-01-08T09:00:00+00:00,37.71,52.43,10.28,68.03,20,40,Madrid,,40.4168,-3.7038,667,
2024-01-08T10:00:00+00:00,35.58,49.44,7.12,53.56,20,40,Madrid,,40.4168,-3.7038,667,
2024-01-08T11:00:00+00:00,33.76,45.95,5.85,52.8,20,40,Madrid,,40.4168,-3.7038,667,
2024-01-08T12:00:00+00:00,27.84,35.42,7.09,62.98,20,40,Madrid,,40.4168,-3.7038,667,
2024-01-08T13:00:00+00:00,36.02,45.69,3.52,54.26,20,40,Madrid,,40.4168,-3.7038,667,
2024-01-08T14:00:00+00:00,26.04,34.08,2.86,45.53,20,40,Madrid,,40.4168,-3.7038,667,
2024-01-08T15:00:00+00:00,33.67,46.95,2.38,46.12,20,40,Madrid,,40.4168,-3.7038,667,
2024-01-08T16:00:00+00:00,33.18,41.21,2.1,53.97,20,40,Madrid,,40.4168,-3.7038,667,
2024-01-08T17:00:00+00:00,32.21,41.07,2.57,48.93,20,40,Madrid,,40.4168,-3.7038,667,
2024-01-08T18:00:00+00:00,30.52,40.74,0.96,38.14,20,40,Madrid,,40.4168,-3.7038,667,
2024-01-08T19:00:00+00:00,28.86,41.56,1.37,47.6,20,40,Madrid,,40.4168,-3.7038,667,
2024-01-08T20:00:00+00:00,29.57,36.69,3.44,48.1,20,40,Madrid,,40.4168,-3.7038,667,
2024-01-08T21:00:00+00:00,32.56,42.09,3.23,46.25,20,40,Madrid,,40.4168,-3.7038,667,
2024-01-08T22:00:00+00:00,25.62,35.75,4.49,46.49,20,40,Madrid,,40.4168,-3.7038,667,
2024-01-08T23:00:00+00:00,28.04,38.71,4.5,50.75,20,40,Madrid,,40.4168,-3.7038,667,
2024-01-09T00:00:00+00:00,31.98,41.66,5.22,56.79,20,40,Madrid,,40.4168,-3.7038,667,
2024-01-09T01:00:00+00:00,29.2,41.35,7.74,53.49,20,40,Madrid,,40.4168,-3.7038,667,
2024-01-09T02:00:00+00:00,36.09,51.26,7.56,61.63,20,40,Madrid,,40.4168,-3.7038,667,
2024-01-09T03:00:00+00:00,30.05,39.51,8.43,63.19,20,40,Madrid,,40.4168,-3.7038,667,
2024-01-09T04:00:00+00:00,37.48,47.97,10.25,66.78,20,40,Madrid,,40.4168,-3.7038,667,
2024-01-09T05:00:00+00:00,31.89,42.19,8.98,64.24,20,40,Madrid,,40.4168,-3.7038,667,
2024-01-09T06:00:00+00:00,36.38,50.66,8.93,69.38,20,40,Madrid,,40.4168,-3.7038,667,
2024-01-09T07:00:00+00:00,31.65,40.83,11.35,70.82,20,40,Madrid,,40.4168,-3.7038,667,
2024-01-09T08:00:00+00:00,34.99,45.83,8.18,59.98,20,40,Madrid,,40.4168,-3.7038,667,
2024-01-09T09:00:00+00:00,34.6,44.48,8.0,56.6,20,40,Madrid,,40.4168,-3.7038,667,
2024-01-09T10:00:00+00:00,34.17,45.15,7.81,55.53,20,40,Madrid,,40.4168,-3.7038,667,
2024-01-09T11:00:00+00:00,33.0,46.33,5.8,59.94,20,40,Madrid,,40.4168,-3.7038,667,
2024-01-09T12:00:00+00:00,35.41,50.0,4.85,61.15,20,40,Madrid,,40.4168,-3.7038,667,
2024-01-09T13:00:00+00:00,25.45,31.72,4.75,47.8,20,40,Madrid,,40.4168,-3.7038,667,
2024-01-09T14:00:00+00:00,30.26,41.15,5.48,45.28,20,40,Madrid,,40.4168,-3.7038,667,
2024-01-09T15:00:00+00:00,34.77,50.45,3.58,46.73,20,40,Madrid,,40.4168,-3.7038,667,
2024-01-09T16:00:00+00:00,35.48,47.38,3.85,53.69,20,40,Madrid,,40.4168,-3.7038,667,
2024-01-09T17:00:00+00:00,32.47,42.39,3.18,48.94,20,40,Madrid,,40.4168,-3.7038,667,
2024-01-09T18:00:00+00:00,24.99,34.77,2.28,43.66,20,40,Madrid,,40.4168,-3.7038,667,
2024-01-09T19:00:00+00:00,31.74,43.46,1.7,42.45,20,40,Madrid,,40.4168,-3.7038,667,
2024-01-09T20:00:00+00:00,25.14,34.62,2.28,44.52,20,40,Madrid,,40.4168,-3.7038,667,
2024-01-09T21:00:00+00:00,27.29,40.09,3.91,44.05,20,40,Madrid,,40.4168,-3.7038,667,
2024-01-09T22:00:00+00:00,32.44,40.36,5.12,43.12,20,40,Madrid,,40.4168,-3.7038,667,
2024-01-09T23:00:00+00:00,35.15,44.41,5.92,49.56,20,40,Madrid,,40.4168,-3.7038,667,
2024-01-10T00:00:00+00:00,25.53,31.45,6.8,52.41,20,40,Madrid,,40.4168,-3.7038,667,
2024-01-10T01:00:00+00:00,31.55,40.3,8.29,60.87,20,40,Madrid,,40.4168,-3.7038,667,
2024-01-10T02:00:00+00:00,27.99,34.36,7.05,61.73,20,40,Madrid,,40.4168,-3.7038,667,
2024-01-10T03:00:00+00:00,33.59,48.73,7.61,56.96,20,40,Madrid,,40.4168,-3.7038,667,
2024-01-10T04:00:00+00:00,32.47,40.72,10.31,66.68,20,40,Madrid,,40.4168,-3.7038,667,
2024-01-10T05:00:00+00:00,30.75,38.63,8.44,70.77,20,40,Madrid,,40.4168,-3.7038,667,
2024-01-10T06:00:00+00:00,28.23,35.05,9.24,60.83,20,40,Madrid,,40.4168,-3.7038,667,
2024-01-10T07:00:00+00:00,34.25,49.17,10.6,71.76,20,40,Madrid,,40.4168,-3.7038,667,
2024-01-10T08:00:00+00:00,27.72,37.4,10.58,67.06,20,40,Madrid,,40.4168,-3.7038,667,
2024-01-10T09:00:00+00:00,35.94,50.7,9.92,54.29,20,40,Madrid,,40.4168,-3.7038,667,
2024-01-10T10:00:00+00:00,36.99,51.41,7.5,58.62,20,40,Madrid,,40.4168,-3.7038,667,
2024-01-10T11:00:00+00:00,35.01,46.43,6.17,57.83,20,40,Madrid,,40.4168,-3.7038,667,
2024-01-10T12:00:00+00:00,30.55,38.32,6.17,62.26,20,40,Madrid,,40.4168,-3.7038,667,
2024-01-10T13:00:00+00:00,36.75,50.42,4.49,57.7,20,40,Madrid,,40.4168,-3.7038,667,
2024-01-10T14:00:00+00:00,32.51,46.48,2.8,57.64,20,40,Madrid,,40.4168,-3.7038,667,
2024-01-10T15:00:00+00:00,35.72,46.6,3.88,52.25,20,40,Madrid,,40.4168,-3.7038,667,
2024-01-10T16:00:00+00:00,31.47,42.76,1.25,53.8,20,40,Madrid,,40.4168,-3.7038,667,
2024-01-10T17:00:00+00:00,25.52,37.96,3.43,39.29,20,40,Madrid,,40.4168,-3.7038,667,
2024-01-10T18:00:00+00:00,34.49,48.71,3.5,42.62,20,40,Madrid,,40.4168,-3.7038,667,
2024-01-10T19:00:00+00:00,33.0,46.49,3.36,44.93,20,40,Madrid,,40.4168,-3.7038,667,
2024-01-10T20:00:00+00:00,34.6,47.73,3.39,39.35,20,40,Madrid,,40.4168,-3.7038,667,
2024-01-10T21:00:00+00:00,34.04,42.2,3.37,53.67,20,40,Madrid,,40.4168,-3.7038,667,
2024-01-10T22:00:00+00:00,35.56,45.18,4.18,46.06,20,40,Madrid,,40.4168,-3.7038,667,
2024-01-10T23:00:00+00:00,31.71,41.04,6.14,47.7,20,40,Madrid,,40.4168,-3.7038,667,
2024-01-11T00:00:00+00:00,31.38,38.4,6.83,52.52,20,40,Madrid,,40.4168,-3.7038,667,
2024-01-11T01:00:00+00:00,28.31,37.89,7.51,58.23,20,40,Madrid,,40.4168,-3.7038,667,
2024-01-11T02:00:00+00:00,35.02,47.13,7.23,67.52,20,40,Madrid,,40.4168,-3.7038,667,
2024-01-11T03:00:00+00:00,37.13,51.85,10.12,61.22,20,40,Madrid,,40.4168,-3.7038,667,
2024-01-11T04:00:00+00:00,35.55,46.66,8.79,55.82,20,40,Madrid,,40.4168,-3.7038,667,
2024-01-11T05:00:00+00:00,30.71,44.23,9.16,71.53,20,40,Madrid,,40.4168,-3.7038,667,
2024-01-11T06:00:00+00:00,32.79,41.51,10.77,65.95,20,40,Madrid,,40.4168,-3.7038,667,
2024-01-11T07:00:00+00:00,25.83,33.15,9.82,57.88,20,40,Madrid,,40.4168,-3.7038,667,
2024-01-11T08:00:00+00:00,35.62,46.41,10.66,63.71,20,40,Madrid,,40.4168,-3.7038,667,
2024-01-11T09:00:00+00:00,32.8,47.53,7.62,67.8,20,40,Madrid,,40.4168,-3.7038,667,
2024-01-11T10:00:00+00:00,37.7,49.79,7.6,66.31,20,40,Madrid,,40.4168,-3.7038,667,
2024-01-11T11:00:00+00:00,32.03,42.88,6.97,62.17,20,40,Madrid,,40.4168,-3.7038,667,
2024-01-11T12:00:00+00:00,28.23,36.12,4.52,55.13,20,40,Madrid,,40.4168,-3.7038,667,
2024-01-11T13:00:00+00:00,30.83,40.14,5.08,49.53,20,40,Madrid,,40.4168,-3.7038,667,
2024-01-11T14:00:00+00:00,31.33,40.79,5.39,42.64,20,40,Madrid,,40.4168,-3.7038,667,
2024-01-11T15:00:00+00:00,28.74,40.29,4.44,41.96,20,40,Madrid,,40.4168,-3.7038,667,
2024-01-11T16:00:00+00:00,32.84,46.84,1.49,40.84,20,40,Madrid,,40.4168,-3.7038,667,
2024-01-11T17:00:00+00:00,27.85,40.74,2.73,37.35,20,40,Madrid,,40.4168,-3.7038,667,
2024-01-11T18:00:00+00:00,29.98,40.95,1.95,39.22,20,40,Madrid,,40.4168,-3.7038,667,
2024-01-11T19:00:00+00:00,27.39,38.92,1.59,50.48,20,40,Madrid,,40.4168,-3.7038,667,
2024-01-11T20:00:00+00:00,27.48,35.68,3.83,49.68,20,40,Madrid,,40.4168,-3.7038,667,
2024-01-11T21:00:00+00:00,28.27,39.72,3.59,47.13,20,40,Madrid,,40.4168,-3.7038,667,
2024-01-11T22:00:00+00:00,27.07,38.93,2.82,51.73,20,40,Madrid,,40.4168,-3.7038,667,
2024-01-11T23:00:00+00:00,27.02,34.35,3.62,58.04,20,40,Madrid,,40.4168,-3.7038,667,
2024-01-12T00:00:00+00:00,26.47,38.42,5.49,52.46,20,40,Madrid,,40.4168,-3.7038,667,
2024-01-12T01:00:00+00:00,34.06,47.12,8.08,64.72,20,40,Madrid,,40.4168,-3.7038,667,
2024-01-12T02:00:00+00:00,38.36,54.99,8.55,67.74,20,40,Madrid,,40.4168,-3.7038,667,
2024-01-12T03:00:00+00:00,33.29,42.3,9.52,55.68,20,40,Madrid,,40.4168,-3.7038,667,
2024-01-12T04:00:00+00:00,30.43,39.0,8.8,66.71,20,40,Madrid,,40.4168,-3.7038,667,
2024-01-12T05:00:00+00:00,35.41,49.72,11.2,60.79,20,40,Madrid,,40.4168,-3.7038,667,
2024-01-12T06:00:00+00:00,28.53,37.87,9.46,71.11,20,40,Madrid,,40.4168,-3.7038,667,
2024-01-12T07:00:00+00:00,36.23,50.21,10.38,64.23,20,40,Madrid,,40.4168,-3.7038,667,
2024-01-12T08:00:00+00:00,38.28,49.49,9.7,67.13,20,40,Madrid,,40.4168,-3.7038,667,
2024-01-12T09:00:00+00:00,38.14,55.11,7.52,67.63,20,40,Madrid,,40.4168,-3.7038,667,
2024-01-12T10:00:00+00:00,26.2,35.62,7.08,55.84,20,40,Madrid,,40.4168,-3.7038,667,
2024-01-12T11:00:00+00:00,29.15,39.73,7.54,51.6,20,40,Madrid,,40.4168,-3.7038,667,
2024-01-12T12:00:00+00:00,29.21,40.6,6.79,52.17,20,40,Madrid,,40.4168,-3.7038,667,
2024-01-12T13:00:00+00:00,27.06,37.83,5.39,54.4,20,40,Madrid,,40.4168,-3.7038,667,
2024-01-12T14:00:00+00:00,33.53,48.58,5.49,53.88,20,40,Madrid,,40.4168,-3.7038,667,
2024-01-12T15:00:00+00:00,34.21,46.78,4.06,42.34,20,40,Madrid,,40.4168,-3.7038,667,
2024-01-12T16:00:00+00:00,33.98,45.42,1.66,41.53,20,40,Madrid,,40.4168,-3.7038,667,
2024-01-12T17:00:00+00:00,35.69,47.39,1.23,44.89,20,40,Madrid,,40.4168,-3.7038,667,
2024-01-12T18:00:00+00:00,31.84,41.92,2.28,41.7,20,40,Madrid,,40.4168,-3.7038,667,
2024-01-12T19:00:00+00:00,36.06,48.74,3.17,45.93,20,40,Madrid,,40.4168,-3.7038,667,
2024-01-12T20:00:00+00:00,27.11,39.53,3.6,48.64,20,40,Madrid,,40.4168,-3.7038,667,
2024-01-12T21:00:00+00:00,31.34,39.3,3.0,52.75,20,40,Madrid,,40.4168,-3.7038,667,
2024-01-12T22:00:00+00:00,31.27,43.3,5.34,43.44,20,40,Madrid,,40.4168,-3.7038,667,
2024-01-12T23:00:00+00:00,31.16,41.49,4.39,58.52,20,40,Madrid,,40.4168,-3.7038,667,
2024-01-13T00:00:00+00:00,33.13,41.11,7.24,48.59,20,40,Madrid,,40.4168,-3.7038,667,
2024-01-13T01:00:00+00:00,33.84,45.07,6.08,53.38,20,40,Madrid,,40.4168,-3.7038,667,
2024-01-13T02:00:00+00:00,27.86,39.37,9.22,57.49,20,40,Madrid,,40.4168,-3.7038,667,
2024-01-13T03:00:00+00:00,29.4,38.03,8.22,64.01,20,40,Madrid,,40.4168,-3.7038,667,
2024-01-13T04:00:00+00:00,36.59,50.46,8.51,63.85,20,40,Madrid,,40.4168,-3.7038,667,
2024-01-13T05:00:00+00:00,32.74,44.85,10.1,64.31,20,40,Madrid,,40.4168,-3.7038,667,
2024-01-13T06:00:00+00:00,37.58,49.93,9.81,69.66,20,40,Madrid,,40.4168,-3.7038,667,
2024-01-13T07:00:00+00:00,35.38,46.18,8.78,68.89,20,40,Madrid,,40.4168,-3.7038,667,
2024-01-13T08:00:00+00:00,33.8,42.35,8.29,69.71,20,40,Madrid,,40.4168,-3.7038,667,
2024-01-13T09:00:00+00:00,31.72,42.28,8.41,57.5,20,40,Madrid,,40.4168,-3.7038,667,
2024-01-13T10:00:00+00:00,32.36,47.1,8.09,63.04,20,40,Madrid,,40.4168,-3.7038,667,
2024-01-13T11:00:00+00:00,36.3,49.64,6.77,60.32,20,40,Madrid,,40.4168,-3.7038,667,
2024-01-13T12:00:00+00:00,26.97,33.03,5.59,48.31,20,40,Madrid,,40.4168,-3.7038,667,
2024-01-13T13:00:00+00:00,34.23,44.29,5.0,47.08,20,40,Madrid,,40.4168,-3.7038,667,
2024-01-13T14:00:00+00:00,34.04,43.01,5.21,45.32,20,40,Madrid,,40.4168,-3.7038,667,
2024-01-13T15:00:00+00:00,26.43,38.98,3.68,48.68,20,40,Madrid,,40.4168,-3.7038,667,
2024-01-13T16:00:00+00:00,30.54,43.2,2.91,43.65,20,40,Madrid,,40.4168,-3.7038,667,
2024-01-13T17:00:00+00:00,28.02,36.1,1.58,44.91,20,40,Madrid,,40.4168,-3.7038,667,
2024-01-13T18:00:00+00:00,32.71,45.16,3.3,42.28,20,40,Madrid,,40.4168,-3.7038,667,
2024-01-13T19:00:00+00:00,28.67,40.49,2.96,39.78,20,40,Madrid,,40.4168,-3.7038,667,
2024-01-13T20:00:00+00:00,28.33,39.93,3.45,43.72,20,40,Madrid,,40.4168,-3.7038,667,
2024-01-13T21:00:00+00:00,35.94,48.82,4.27,50.15,20,40,Madrid,,40.4168,-3.7038,667,
2024-01-13T22:00:00+00:00,33.56,44.12,5.1,53.77,20,40,Madrid,,40.4168,-3.7038,667,
2024-01-13T23:00:00+00:00,35.4,49.32,4.41,55.49,20,40,Madrid,,40.4168,-3.7038,667,
2024-01-14T00:00:00+00:00,32.43,41.69,5.17,60.44,20,40,Madrid,,40.4168,-3.7038,667,
2024-01-14T01:00:00+00:00,27.27,34.82,7.29,50.69,20,40,Madrid,,40.4168,-3.7038,667,
2024-01-14T02:00:00+00:00,31.65,43.76,7.07,62.32,20,40,Madrid,,40.4168,-3.7038,667,
2024-01-14T03:00:00+00:00,37.06,53.71,7.82,65.37,20,40,Madrid,,40.4168,-3.7038,667,
2024-01-14T04:00:00+00:00,31.55,39.78,9.81,67.16,20,40,Madrid,,40.4168,-3.7038,667,
2024-01-14T05:00:00+00:00,32.98,47.6,8.67,58.32,20,40,Madrid,,40.4168,-3.7038,667,
2024-01-14T06:00:00+00:00,34.13,42.63,11.09,65.19,20,40,Madrid,,40.4168,-3.7038,667,
2024-01-14T07:00:00+00:00,26.84,37.42,9.14,61.49,20,40,Madrid,,40.4168,-3.7038,667,
2024-01-14T08:00:00+00:00,36.81,47.26,10.93,63.96,20,40,Madrid,,40.4168,-3.7038,667,
2024-01-14T09:00:00+00:00,31.14,44.95,9.81,55.92,20,40,Madrid,,40.4168,-3.7038,667,
2024-01-14T10:00:00+00:00,33.52,47.82,8.92,53.6,20,40,Madrid,,40.4168,-3.7038,667,
2024-01-14T11:00:00+00:00,31.56,46.34,7.7,64.5,20,40,Madrid,,40.4168,-3.7038,667,
2024-01-14T12:00:00+00:00,32.32,40.34,6.84,50.44,20,40,Madrid,,40.4168,-3.7038,667,
2024-01-14T13:00:00+00:00,31.01,38.98,6.08,52.68,20,40,Madrid,,40.4168,-3.7038,667,
2024-01-14T14:00:00+00:00,27.35,38.35,5.46,57.17,20,40,Madrid,,40.4168,-3.7038,667,
2024-01-14T15:00:00+00:00,28.88,42.15,3.22,40.04,20,40,Madrid,,40.4168,-3.7038,667,
2024-01-14T16:00:00+00:00,27.1,34.71,2.74,45.11,20,40,Madrid,,40.4168,-3.7038,667,
2024-01-14T17:00:00+00:00,31.86,44.88,3.03,52.13,20,40,Madrid,,40.4168,-3.7038,667,
2024-01-14T18:00:00+00:00,31.76,39.38,1.34,40.74,20,40,Madrid,,40.4168,-3.7038,667,
2024-01-14T19:00:00+00:00,30.93,38.25,2.43,38.41,20,40,Madrid,,40.4168,-3.7038,667,
2024-01-14T20:00:00+00:00,30.95,41.96,1.78,51.46,20,40,Madrid,,40.4168,-3.7038,667,
2024-01-14T21:00:00+00:00,31.29,38.44,3.48,52.72,20,40,Madrid,,40.4168,-3.7038,667,
2024-01-14T22:00:00+00:00,29.53,43.32,2.82,47.45,20,40,Madrid,,40.4168,-3.7038,667,
2024-01-14T23:00:00+00:00,28.49,41.27,4.48,53.31,20,40,Madrid,,40.4168,-3.7038,667,
2024-01-15T00:00:00+00:00,37.08,51.71,6.2,57.66,20,40,Madrid,,40.4168,-3.7038,667,
2024-01-15T01:00:00+00:00,27.63,40.16,8.47,58.41,20,40,Madrid,,40.4168,-3.7038,667,
2024-01-15T02:00:00+00:00,35.69,47.73,9.09,65.6,20,40,Madrid,,40.4168,-3.7038,667,
2024-01-15T03:00:00+00:00,28.45,41.92,9.78,54.83,20,40,Madrid,,40.4168,-3.7038,667,
2024-01-15T04:00:00+00:00,28.67,40.96,10.57,67.21,20,40,Madrid,,40.4168,-3.7038,667,
2024-01-15T05:00:00+00:00,32.63,48.01,9.3,62.64,20,40,Madrid,,40.4168,-3.7038,667,
2024-01-15T06:00:00+00:00,36.0,45.7,9.53,66.32,20,40,Madrid,,40.4168,-3.7038,667,
2024-01-15T07:00:00+00:00,36.73,48.81,10.1,59.09,20,40,Madrid,,40.4168,-3.7038,667,
2024-01-15T08:00:00+00:00,30.87,41.51,10.94,67.06,20,40,Madrid,,40.4168,-3.7038,667,
2024-01-15T09:00:00+00:00,36.81,53.67,8.87,69.68,20,40,Madrid,,40.4168,-3.7038,667,
2024-01-15T10:00:00+00:00,26.25,36.96,8.26,52.79,20,40,Madrid,,40.4168,-3.7038,667,
2024-01-15T11:00:00+00:00,29.3,41.44,6.92,49.72,20,40,Madrid,,40.4168,-3.7038,667,
2024-01-15T12:00:00+00:00,27.17,38.15,7.44,55.39,20,40,Madrid,,40.4168,-3.7038,667,
2024-01-15T13:00:00+00:00,27.36,39.44,4.6,46.15,20,40,Madrid,,40.4168,-3.7038,667,
2024-01-15T14:00:00+00:00,33.87,44.71,4.49,51.37,20,40,Madrid,,40.4168,-3.7038,667,
2024-01-15T15:00:00+00:00,29.09,42.52,3.58,42.84,20,40,Madrid,,40.4168,-3.7038,667,
2024-01-15T16:00:00+00:00,34.88,44.06,2.02,38.58,20,40,Madrid,,40.4168,-3.7038,667,
2024-01-15T17:00:00+00:00,25.56,31.99,2.15,39.39,20,40,Madrid,,40.4168,-3.7038,667,
2024-01-15T18:00:00+00:00,32.22,41.96,0.63,42.1,20,40,Madrid,,40.4168,-3.7038,667,
2024-01-15T19:00:00+00:00,27.65,35.15,2.73,44.56,20,40,Madrid,,40.4168,-3.7038,667,
2024-01-15T20:00:00+00:00,32.29,45.39,1.33,43.18,20,40,Madrid,,40.4168,-3.7038,667,
2024-01-15T21:00:00+00:00,32.81,41.17,4.64,53.19,20,40,Madrid,,40.4168,-3.7038,667,
2024-01-15T22:00:00+00:00,28.85,41.47,4.17,53.83,20,40,Madrid,,40.4168,-3.7038,667,
2024-01-15T23:00:00+00:00,28.27,35.6,4.06,51.88,20,40,Madrid,,40.4168,-3.7038,667,
2024-01-16T00:00:00+00:00,32.79,42.87,7.11,61.78,20,40,Madrid,,40.4168,-3.7038,667,
2024-01-16T01:00:00+00:00,27.06,36.52,5.83,60.4,20,40,Madrid,,40.4168,-3.7038,667,
2024-01-16T02:00:00+00:00,34.3,44.95,9.3,62.77,20,40,Madrid,,40.4168,-3.7038,667,
2024-01-16T03:00:00+00:00,31.84,41.81,7.59,54.76,20,40,Madrid,,40.4168,-3.7038,667,
2024-01-16T04:00:00+00:00,38.27,55.19,8.06,66.59,20,40,Madrid,,40.4168,-3.7038,667,
2024-01-16T05:00:00+00:00,35.83,49.63,8.98,65.72,20,40,Madrid,,40.4168,-3.7038,667,
2024-01-16T06:00:00+00:00,33.04,46.75,8.96,57.46,20,40,Madrid,,40.4168,-3.7038,667,
2024-01-16T07:00:00+00:00,28.13,35.61,10.51,60.71,20,40,Madrid,,40.4168,-3.7038,667,
2024-01-16T08:00:00+00:00,30.26,41.05,9.63,58.0,20,40,Madrid,,40.4168,-3.7038,667,
2024-01-16T09:00:00+00:00,32.89,47.32,8.29,61.47,20,40,Madrid,,40.4168,-3.7038,667,
2024-01-16T10:00:00+00:00,34.26,48.87,8.38,62.12,20,40,Madrid,,40.4168,-3.7038,667,
2024-01-16T11:00:00+00:00,26.23,32.52,7.15,56.71,20,40,Madrid,,40.4168,-3.7038,667,
2024-01-16T12:00:00+00:00,29.16,41.75,4.59,51.82,20,40,Madrid,,40.4168,-3.7038,667,
2024-01-16T13:00:00+00:00,26.73,39.37,6.38,45.12,20,40,Madrid,,40.4168,-3.7038,667,
2024-01-16T14:00:00+00:00,31.62,45.16,3.24,51.47,20,40,Madrid,,40.4168,-3.7038,667,
2024-01-16T15:00:00+00:00,29.3,36.24,2.26,50.57,20,40,Madrid,,40.4168,-3.7038,667,
2024-01-16T16:00:00+00:00,30.94,39.84,3.57,46.53,20,40,Madrid,,40.4168,-3.7038,667,
2024-01-16T17:00:00+00:00,29.12,39.97,1.15,51.74,20,40,Madrid,,40.4168,-3.7038,667,
2024-01-16T18:00:00+00:00,32.67,40.72,1.68,41.43,20,40,Madrid,,40.4168,-3.7038,667,
2024-01-16T19:00:00+00:00,29.26,43.14,2.43,52.11,20,40,Madrid,,40.4168,-3.7038,667,
2024-01-16T20:00:00+00:00,34.34,44.13,2.51,41.81,20,40,Madrid,,40.4168,-3.7038,667,
2024-01-16T21:00:00+00:00,25.86,32.58,1.89,48.18,20,40,Madrid,,40.4168,-3.7038,667,
2024-01-16T22:00:00+00:00,34.27,47.57,3.24,51.51,20,40,Madrid,,40.4168,-3.7038,667,
2024-01-16T23:00:00+00:00,34.78,50.28,5.67,47.42,20,40,Madrid,,40.4168,-3.7038,667,
2024-01-17T00:00:00+00:00,27.55,34.99,7.23,50.27,20,40,Madrid,,40.4168,-3.7038,667,
2024-01-17T01:00:00+00:00,31.99,39.24,5.88,61.99,20,40,Madrid,,40.4168,-3.7038,667,
2024-01-17T02:00:00+00:00,37.53,52.41,6.82,58.94,20,40,Madrid,,40.4168,-3.7038,667,
2024-01-17T03:00:00+00:00,29.81,37.92,7.81,58.36,20,40,Madrid,,40.4168,-3.7038,667,
2024-01-17T04:00:00+00:00,27.78,37.85,8.53,60.6,20,40,Madrid,,40.4168,-3.7038,667,
2024-01-17T05:00:00+00:00,30.25,38.39,9.84,65.07,20,40,Madrid,,40.4168,-3.7038,667,
2024-01-17T06:00:00+00:00,35.79,49.75,10.51,66.63,20,40,Madrid,,40.4168,-3.7038,667,
2024-01-17T07:00:00+00:00,26.93,35.27,10.01,64.11,20,40,Madrid,,40.4168,-3.7038,667,
2024-01-17T08:00:00+00:00,35.7,50.4,8.63,62.88,20,40,Madrid,,40.4168,-3.7038,667,
2024-01-17T09:00:00+00:00,33.94,42.11,7.73,67.7,20,40,Madrid,,40.4168,-3.7038,667,
2024-01-17T10:00:00+00:00,36.46,48.6,7.69,57.61,20,40,Madrid,,40.4168,-3.7038,667,
2024-01-17T11:00:00+00:00,28.87,42.77,7.37,64.32,20,40,Madrid,,40.4168,-3.7038,667,
2024-01-17T12:00:00+00:00,26.73,35.21,5.31,56.72,20,40,Madrid,,40.4168,-3.7038,667,
2024-01-17T13:00:00+00:00,29.69,39.77,5.55,48.55,20,40,Madrid,,40.4168,-3.7038,667,
2024-01-17T14:00:00+00:00,26.46,35.52,4.71,46.58,20,40,Madrid,,40.4168,-3.7038,667,
2024-01-17T15:00:00+00:00,30.95,39.34,2.29,46.91,20,40,Madrid,,40.4168,-3.7038,667,
2024-01-17T16:00:00+00:00,28.29,36.95,3.33,52.28,20,40,Madrid,,40.4168,-3.7038,667,
2024-01-17T17:00:00+00:00,31.6,40.36,1.94,37.72,20,40,Madrid,,40.4168,-3.7038,667,
2024-01-17T18:00:00+00:00,31.29,43.32,2.13,49.93,20,40,Madrid,,40.4168,-3.7038,667,
2024-01-17T19:00:00+00:00,30.09,37.52,1.3,52.26,20,40,Madrid,,40.4168,-3.7038,667,
2024-01-17T20:00:00+00:00,26.96,35.02,2.54,48.55,20,40,Madrid,,40.4168,-3.7038,667,
2024-01-17T21:00:00+00:00,33.12,43.25,2.25,49.07,20,40,Madrid,,40.4168,-3.7038,667,
2024-01-17T22:00:00+00:00,35.2,45.12,4.17,48.16,20,40,Madrid,,40.4168,-3.7038,667,
2024-01-17T23:00:00+00:00,34.26,42.27,4.87,57.89,20,40,Madrid,,40.4168,-3.7038,667,
2024-01-18T00:00:00+00:00,37.27,54.22,6.92,61.36,20,40,Madrid,,40.4168,-3.7038,667,
2024-01-18T01:00:00+00:00,31.22,41.04,8.35,52.09,20,40,Madrid,,40.4168,-3.7038,667,
2024-01-18T02:00:00+00:00,35.83,48.73,8.71,53.91,20,40,Madrid,,40.4168,-3.7038,667,
2024-01-18T03:00:00+00:00,27.57,36.34,7.52,60.79,20,40,Madrid,,40.4168,-3.7038,667,
2024-01-18T04:00:00+00:00,30.49,43.37,8.79,61.32,20,40,Madrid,,40.4168,-3.7038,667,
2024-01-18T05:00:00+00:00,28.61,37.67,10.86,69.3,20,40,Madrid,,40.4168,-3.7038,667,
2024-01-18T06:00:00+00:00,32.14,40.67,8.56,70.95,20,40,Madrid,,40.4168,-3.7038,667,
2024-01-18T07:00:00+00:00,31.82,42.4,9.85,59.73,20,40,Madrid,,40.4168,-3.7038,667,
2024-01-18T08:00:00+00:00,34.28,49.83,8.84,58.06,20,40,Madrid,,40.4168,-3.7038,667,
2024-01-18T09:00:00+00:00,31.33,46.01,8.48,57.8,20,40,Madrid,,40.4168,-3.7038,667,
2024-01-18T10:00:00+00:00,34.61,50.19,8.64,63.06,20,40,Madrid,,40.4168,-3.7038,667,
2024-01-18T11:00:00+00:00,34.08,43.95,7.9,50.93,20,40,Madrid,,40.4168,-3.7038,667,
2024-01-18T12:00:00+00:00,29.14,38.02,5.09,49.62,20,40,Madrid,,40.4168,-3.7038,667,
2024-01-18T13:00:00+00:00,34.93,44.49,5.27,59.03,20,40,Madrid,,40.4168,-3.7038,667,
2024-01-18T14:00:00+00:00,33.6,43.56,5.39,54.31,20,40,Madrid,,40.4168,-3.7038,667,
2024-01-18T15:00:00+00:00,35.06,46.64,3.71,47.19,20,40,Madrid,,40.4168,-3.7038,667,
2024-01-18T16:00:00+00:00,31.78,45.13,3.79,47.49,20,40,Madrid,,40.4168,-3.7038,667,
2024-01-18T17:00:00+00:00,28.4,41.21,2.71,52.43,20,40,Madrid,,40.4168,-3.7038,667,
2024-01-18T18:00:00+00:00,30.28,42.74,2.71,38.06,20,40,Madrid,,40.4168,-3.7038,667,
2024-01-18T19:00:00+00:00,33.33,44.56,2.67,43.24,20,40,Madrid,,40.4168,-3.7038,667,
2024-01-18T20:00:00+00:00,33.19,41.85,1.82,44.12,20,40,Madrid,,40.4168,-3.7038,667,
2024-01-18T21:00:00+00:00,28.09,40.64,4.49,52.65,20,40,Madrid,,40.4168,-3.7038,667,
2024-01-18T22:00:00+00:00,33.41,42.55,4.42,54.18,20,40,Madrid,,40.4168,-3.7038,667,
2024-01-18T23:00:00+00:00,31.2,43.12,4.23,55.52,20,40,Madrid,,40.4168,-3.7038,667,
2024-01-19T00:00:00+00:00,36.67,52.45,6.61,57.2,20,40,Madrid,,40.4168,-3.7038,667,
2024-01-19T01:00:00+00:00,33.47,43.82,5.93,55.51,20,40,Madrid,,40.4168,-3.7038,667,
2024-01-19T02:00:00+00:00,34.19,46.82,8.88,61.05,20,40,Madrid,,40.4168,-3.7038,667,
2024-01-19T03:00:00+00:00,27.37,40.25,7.46,65.4,20,40,Madrid,,40.4168,-3.7038,667,
2024-01-19T04:00:00+00:00,31.3,41.4,10.48,64.58,20,40,Madrid,,40.4168,-3.7038,667,
2024-01-19T05:00:00+00:00,37.62,47.03,8.72,67.73,20,40,Madrid,,40.4168,-3.7038,667,
2024-01-19T06:00:00+00:00,31.57,41.12,11.15,59.09,20,40,Madrid,,40.4168,-3.7038,667,
2024-01-19T07:00:00+00:00,26.25,38.77,10.12,59.94,20,40,Madrid,,40.4168,-3.7038,667,
2024-01-19T08:00:00+00:00,30.96,39.55,8.34,62.24,20,40,Madrid,,40.4168,-3.7038,667,
2024-01-19T09:00:00+00:00,36.75,46.17,9.58,66.23,20,40,Madrid,,40.4168,-3.7038,667,
2024-01-19T10:00:00+00:00,32.47,43.65,7.47,55.88,20,40,Madrid,,40.4168,-3.7038,667,
2024-01-19T11:00:00+00:00,26.68,32.74,6.0,57.32,20,40,Madrid,,40.4168,-3.7038,667,
2024-01-19T12:00:00+00:00,35.53,47.4,5.33,50.64,20,40,Madrid,,40.4168,-3.7038,667,
2024-01-19T13:00:00+00:00,31.23,45.81,6.33,56.45,20,40,Madrid,,40.4168,-3.7038,667,
2024-01-19T14:00:00+00:00,31.85,39.65,4.31,50.56,20,40,Madrid,,40.4168,-3.7038,667,
2024-01-19T15:00:00+00:00,32.83,41.92,2.64,44.6,20,40,Madrid,,40.4168,-3.7038,667,
2024-01-19T16:00:00+00:00,30.81,38.63,1.71,49.07,20,40,Madrid,,40.4168,-3.7038,667,
2024-01-19T17:00:00+00:00,30.44,44.67,0.94,53.16,20,40,Madrid,,40.4168,-3.7038,667,
2024-01-19T18:00:00+00:00,31.17,45.84,2.29,48.51,20,40,Madrid,,40.4168,-3.7038,667,
2024-01-19T19:00:00+00:00,37.14,51.18,3.13,52.61,20,40,Madrid,,40.4168,-3.7038,667,
2024-01-19T20:00:00+00:00,28.75,34.96,2.9,47.69,20,40,Madrid,,40.4168,-3.7038,667,
2024-01-19T21:00:00+00:00,34.22,43.09,3.73,47.37,20,40,Madrid,,40.4168,-3.7038,667,
2024-01-19T22:00:00+00:00,29.01,38.4,4.66,57.26,20,40,Madrid,,40.4168,-3.7038,667,
2024-01-19T23:00:00+00:00,29.77,40.95,4.51,48.25,20,40,Madrid,,40.4168,-3.7038,667,
2024-01-20T00:00:00+00:00,33.38,45.39,7.44,51.14,20,40,Madrid,,40.4168,-3.7038,667,
2024-01-20T01:00:00+00:00,30.19,42.68,7.11,60.09,20,40,Madrid,,40.4168,-3.7038,667,
2024-01-20T02:00:00+00:00,30.53,39.45,7.29,56.59,20,40,Madrid,,40.4168,-3.7038,667,
2024-01-20T03:00:00+00:00,31.13,39.67,8.5,56.92,20,40,Madrid,,40.4168,-3.7038,667,
2024-01-20T04:00:00+00:00,35.04,49.21,8.28,60.77,20,40,Madrid,,40.4168,-3.7038,667,
2024-01-20T05:00:00+00:00,31.55,44.67,10.16,70.18,20,40,Madrid,,40.4168,-3.7038,667,
2024-01-20T06:00:00+00:00,28.73,37.7,10.37,63.5,20,40,Madrid,,40.4168,-3.7038,667,
2024-01-20T07:00:00+00:00,38.09,54.94,10.25,67.47,20,40,Madrid,,40.4168,-3.7038,667,
2024-01-20T08:00:00+00:00,29.27,37.87,8.54,68.02,20,40,Madrid,,40.4168,-3.7038,667,
2024-01-20T09:00:00+00:00,34.32,43.24,9.62,58.72,20,40,Madrid,,40.4168,-3.7038,667,
2024-01-20T10:00:00+00:00,31.25,45.79,6.66,58.13,20,40,Madrid,,40.4168,-3.7038,667,
2024-01-20T11:00:00+00:00,31.3,43.11,5.84,55.06,20,40,Madrid,,40.4168,-3.7038,667,
2024-01-20T12:00:00+00:00,34.89,43.65,5.48,60.48,20,40,Madrid,,40.4168,-3.7038,667,
2024-01-20T13:00:00+00:00,32.0,44.78,4.93,57.32,20,40,Madrid,,40.4168,-3.7038,667,
2024-01-20T14:00:00+00:00,34.95,44.23,3.12,49.81,20,40,Madrid,,40.4168,-3.7038,667,
2024-01-20T15:00:00+00:00,30.65,43.84,2.64,48.11,20,40,Madrid,,40.4168,-3.7038,667,
2024-01-20T16:00:00+00:00,36.96,49.75,3.73,52.68,20,40,Madrid,,40.4168,-3.7038,667,
2024-01-20T17:00:00+00:00,26.28,33.41,0.77,46.71,20,40,Madrid,,40.4168,-3.7038,667,
2024-01-20T18:00:00+00:00,31.08,41.8,2.83,41.83,20,40,Madrid,,40.4168,-3.7038,667,
2024-01-20T19:00:00+00:00,34.06,48.01,3.51,50.0,20,40,Madrid,,40.4168,-3.7038,667,
2024-01-20T20:00:00+00:00,34.96,49.24,2.39,51.24,20,40,Madrid,,40.4168,-3.7038,667,
2024-01-20T21:00:00+00:00,32.35,42.99,3.48,49.52,20,40,Madrid,,40.4168,-3.7038,667,
2024-01-20T22:00:00+00:00,35.79,52.23,3.55,54.39,20,40,Madrid,,40.4168,-3.7038,667,
2024-01-20T23:00:00+00:00,34.07,45.68,5.54,48.13,20,40,Madrid,,40.4168,-3.7038,667,
2024-01-21T00:00:00+00:00,27.08,40.42,6.39,60.53,20,40,Madrid,,40.4168,-3.7038,667,
2024-01-21T01:00:00+00:00,34.32,46.35,6.74,58.32,20,40,Madrid,,40.4168,-3.7038,667,
2024-01-21T02:00:00+00:00,33.48,47.23,6.52,66.95,20,40,Madrid,,40.4168,-3.7038,667,
2024-01-21T03:00:00+00:00,32.22,46.77,8.03,54.3,20,40,Madrid,,40.4168,-3.7038,667,
2024-01-21T04:00:00+00:00,29.0,41.22,8.96,66.21,20,40,Madrid,,40.4168,-3.7038,667,
2024-01-21T05:00:00+00:00,29.96,43.48,9.5,70.14,20,40,Madrid,,40.4168,-3.7038,667,
2024-01-21T06:00:00+00:00,32.26,42.37,10.83,72.23,20,40,Madrid,,40.4168,-3.7038,667,
2024-01-21T07:00:00+00:00,27.18,37.31,11.17,60.87,20,40,Madrid,,40.4168,-3.7038,667,
2024-01-21T08:00:00+00:00,34.72,44.54,9.72,55.93,20,40,Madrid,,40.4168,-3.7038,667,
2024-01-21T09:00:00+00:00,37.67,51.03,9.69,66.46,20,40,Madrid,,40.4168,-3.7038,667,
2024-01-21T10:00:00+00:00,34.79,47.69,9.08,62.35,20,40,Madrid,,40.4168,-3.7038,667,
2024-01-21T11:00:00+00:00,26.3,33.3,6.2,50.0,20,40,Madrid,,40.4168,-3.7038,667,
2024-01-21T12:00:00+00:00,32.67,40.96,6.57,62.29,20,40,Madrid,,40.4168,-3.7038,667,
2024-01-21T13:00:00+00:00,32.39,42.0,4.46,51.88,20,40,Madrid,,40.4168,-3.7038,667,
2024-01-21T14:00:00+00:00,31.22,43.68,5.37,50.22,20,40,Madrid,,40.4168,-3.7038,667,
2024-01-21T15:00:00+00:00,27.27,40.63,4.67,41.21,20,40,Madrid,,40.4168,-3.7038,667,
2024-01-21T16:00:00+00:00,33.48,47.59,3.35,47.86,20,40,Madrid,,40.4168,-3.7038,667,
2024-01-21T17:00:00+00:00,32.69,44.26,0.73,43.12,20,40,Madrid,,40.4168,-3.7038,667,
2024-01-21T18:00:00+00:00,35.28,47.28,2.06,42.63,20,40,Madrid,,40.4168,-3.7038,667,
2024-01-21T19:00:00+00:00,31.58,40.66,1.85,41.78,20,40,Madrid,,40.4168,-3.7038,667,
2024-01-21T20:00:00+00:00,29.19,36.82,1.77,52.36,20,40,Madrid,,40.4168,-3.7038,667,
2024-01-21T21:00:00+00:00,35.47,48.01,2.77,41.3,20,40,Madrid,,40.4168,-3.7038,667,
2024-01-21T22:00:00+00:00,33.57,43.58,4.3,45.36,20,40,Madrid,,40.4168,-3.7038,667,
2024-01-21T23:00:00+00:00,29.91,37.68,3.76,50.06,20,40,Madrid,,40.4168,-3.7038,667,
2024-01-22T00:00:00+00:00,30.25,43.18,6.56,61.84,20,40,Madrid,,40.4168,-3.7038,667,
2024-01-22T01:00:00+00:00,35.03,49.32,6.74,65.32,20,40,Madrid,,40.4168,-3.7038,667,
2024-01-22T02:00:00+00:00,32.04,42.37,9.28,59.53,20,40,Madrid,,40.4168,-3.7038,667,
2024-01-22T03:00:00+00:00,36.98,52.94,9.16,60.92,20,40,Madrid,,40.4168,-3.7038,667,
2024-01-22T04:00:00+00:00,32.41,46.51,10.51,63.92,20,40,Madrid,,40.4168,-3.7038,667,
2024-01-22T05:00:00+00:00,31.54,43.6,8.81,60.63,20,40,Madrid,,40.4168,-3.7038,667,
2024-01-22T06:00:00+00:00,35.4,49.97,11.24,57.24,20,40,Madrid,,40.4168,-3.7038,667,
2024-01-22T07:00:00+00:00,31.28,41.81,10.26,59.05,20,40,Madrid,,40.4168,-3.7038,667,
2024-01-22T08:00:00+00:00,35.61,45.01,10.66,66.89,20,40,Madrid,,40.4168,-3.7038,667,
2024-01-22T09:00:00+00:00,26.73,35.58,9.81,57.61,20,40,Madrid,,40.4168,-3.7038,667,
2024-01-22T10:00:00+00:00,29.48,39.87,8.01,63.44,20,40,Madrid,,40.4168,-3.7038,667,
2024-01-22T11:00:00+00:00,32.53,46.25,6.24,60.85,20,40,Madrid,,40.4168,-3.7038,667,
2024-01-22T12:00:00+00:00,30.93,43.35,6.06,62.77,20,40,Madrid,,40.4168,-3.7038,667,
2024-01-22T13:00:00+00:00,32.74,47.99,3.89,48.52,20,40,Madrid,,40.4168,-3.7038,667,
2024-01-22T14:00:00+00:00,26.9,35.63,3.58,50.34,20,40,Madrid,,40.4168,-3.7038,667,
2024-01-22T15:00:00+00:00,35.88,50.36,4.46,55.77,20,40,Madrid,,40.4168,-3.7038,667,
2024-01-22T16:00:00+00:00,26.64,33.97,3.18,51.77,20,40,Madrid,,40.4168,-3.7038,667,
2024-01-22T17:00:00+00:00,32.76,43.36,2.39,49.22,20,40,Madrid,,40.4168,-3.7038,667,
2024-01-22T18:00:00+00:00,29.47,42.61,2.95,43.69,20,40,Madrid,,40.4168,-3.7038,667,
2024-01-22T19:00:00+00:00,35.41,45.17,3.62,45.58,20,40,Madrid,,40.4168,-3.7038,667,
2024-01-22T20:00:00+00:00,30.09,37.27,1.19,48.43,20,40,Madrid,,40.4168,-3.7038,667,
2024-01-22T21:00:00+00:00,31.76,46.65,4.39,55.71,20,40,Madrid,,40.4168,-3.7038,667,
2024-01-22T22:00:00+00:00,31.49,40.55,4.96,53.0,20,40,Madrid,,40.4168,-3.7038,667,
2024-01-22T23:00:00+00:00,35.61,51.03,3.46,49.92,20,40,Madrid,,40.4168,-3.7038,667,
2024-01-23T00:00:00+00:00,28.5,39.6,4.53,55.65,20,40,Madrid,,40.4168,-3.7038,667,
2024-01-23T01:00:00+00:00,33.63,41.47,7.63,61.14,20,40,Madrid,,40.4168,-3.7038,667,
2024-01-23T02:00:00+00:00,27.28,39.88,8.22,58.32,20,40,Madrid,,40.4168,-3.7038,667,
2024-01-23T03:00:00+00:00,34.32,47.46,7.85,62.84,20,40,Madrid,,40.4168,-3.7038,667,
2024-01-23T04:00:00+00:00,35.05,44.83,8.99,70.24,20,40,Madrid,,40.4168,-3.7038,667,
2024-01-23T05:00:00+00:00,26.86,36.72,10.19,59.98,20,40,Madrid,,40.4168,-3.7038,667,
2024-01-23T06:00:00+00:00,33.3,48.86,9.87,62.44,20,40,Madrid,,40.4168,-3.7038,667,
2024-01-23T07:00:00+00:00,35.37,48.43,10.91,65.89,20,40,Madrid,,40.4168,-3.7038,667,
2024-01-23T08:00:00+00:00,36.67,50.7,8.89,64.01,20,40,Madrid,,40.4168,-3.7038,667,
2024-01-23T09:00:00+00:00,36.68,49.44,7.77,60.23,20,40,Madrid,,40.4168,-3.7038,667,
2024-01-23T10:00:00+00:00,27.28,33.99,9.33,61.71,20,40,Madrid,,40.4168,-3.7038,667,
2024-01-23T11:00:00+00:00,33.01,41.69,7.35,62.92,20,40,Madrid,,40.4168,-3.7038,667,
2024-01-23T12:00:00+00:00,34.83,47.2,7.42,56.89,20,40,Madrid,,40.4168,-3.7038,667,
2024-01-23T13:00:00+00:00,30.77,39.36,4.3,55.22,20,40,Madrid,,40.4168,-3.7038,667,
2024-01-23T14:00:00+00:00,28.55,36.43,4.13,48.19,20,40,Madrid,,40.4168,-3.7038,667,
2024-01-23T15:00:00+00:00,28.56,40.75,4.05,52.08,20,40,Madrid,,40.4168,-3.7038,667,
2024-01-23T16:00:00+00:00,29.93,36.94,3.9,39.24,20,40,Madrid,,40.4168,-3.7038,667,
2024-01-23T17:00:00+00:00,31.06,43.7,1.93,50.98,20,40,Madrid,,40.4168,-3.7038,667,
2024-01-23T18:00:00+00:00,32.53,47.36,1.66,47.89,20,40,Madrid,,40.4168,-3.7038,667,
2024-01-23T19:00:00+00:00,29.78,43.92,2.32,51.62,20,40,Madrid,,40.4168,-3.7038,667,
2024-01-23T20:00:00+00:00,26.8,33.69,3.22,49.44,20,40,Madrid,,40.4168,-3.7038,667,
2024-01-23T21:00:00+00:00,30.55,43.19,1.75,41.49,20,40,Madrid,,40.4168,-3.7038,667,
2024-01-23T22:00:00+00:00,35.21,48.87,4.11,52.03,20,40,Madrid,,40.4168,-3.7038,667,
2024-01-23T23:00:00+00:00,32.66,41.39,5.56,60.17,20,40,Madrid,,40.4168,-3.7038,667,
2024-01-24T00:00:00+00:00,37.85,54.79,4.7,60.78,20,40,Madrid,,40.4168,-3.7038,667,
2024-01-24T01:00:00+00:00,25.08,34.29,7.02,50.0,20,40,Madrid,,40.4168,-3.7038,667,
2024-01-24T02:00:00+00:00,26.45,36.34,6.76,58.52,20,40,Madrid,,40.4168,-3.7038,667,
2024-01-24T03:00:00+00:00,33.67,43.42,9.19,55.61,20,40,Madrid,,40.4168,-3.7038,667,
2024-01-24T04:00:00+00:00,29.28,40.07,8.61,65.96,20,40,Madrid,,40.4168,-3.7038,667,
2024-01-24T05:00:00+00:00,31.35,40.71,10.56,67.71,20,40,Madrid,,40.4168,-3.7038,667,
2024-01-24T06:00:00+00:00,33.92,49.65,8.71,60.57,20,40,Madrid,,40.4168,-3.7038,667,
2024-01-24T07:00:00+00:00,32.4,44.9,10.96,68.46,20,40,Madrid,,40.4168,-3.7038,667,
2024-01-24T08:00:00+00:00,30.85,45.45,9.45,57.71,20,40,Madrid,,40.4168,-3.7038,667,
2024-01-24T09:00:00+00:00,32.32,41.64,9.82,69.18,20,40,Madrid,,40.4168,-3.7038,667,
2024-01-24T10:00:00+00:00,31.97,44.73,8.51,56.84,20,40,Madrid,,40.4168,-3.7038,667,
2024-01-24T11:00:00+00:00,35.57,46.39,5.98,49.72,20,40,Madrid,,40.4168,-3.7038,667,
2024-01-24T12:00:00+00:00,33.9,45.71,6.48,53.6,20,40,Madrid,,40.4168,-3.7038,667,
2024-01-24T13:00:00+00:00,33.46,44.94,5.54,59.76,20,40,Madrid,,40.4168,-3.7038,667,
2024-01-24T14:00:00+00:00,34.5,44.95,3.2,45.0,20,40,Madrid,,40.4168,-3.7038,667,
2024-01-24T15:00:00+00:00,26.1,38.83,2.72,50.25,20,40,Madrid,,40.4168,-3.7038,667,
2024-01-24T16:00:00+00:00,34.41,49.57,2.54,41.79,20,40,Madrid,,40.4168,-3.7038,667,
2024-01-24T17:00:00+00:00,26.96,32.55,2.48,51.71,20,40,Madrid,,40.4168,-3.7038,667,
2024-01-24T18:00:00+00:00,35.24,48.28,1.57,42.71,20,40,Madrid,,40.4168,-3.7038,667,
2024-01-24T19:00:00+00:00,34.25,42.39,0.65,48.99,20,40,Madrid,,40.4168,-3.7038,667,
2024-01-24T20:00:00+00:00,32.25,41.55,1.05,43.82,20,40,Madrid,,40.4168,-3.7038,667,
2024-01-24T21:00:00+00:00,32.27,40.28,1.86,44.33,20,40,Madrid,,40.4168,-3.7038,667,
2024-01-24T22:00:00+00:00,36.79,48.03,4.02,50.81,20,40,Madrid,,40.4168,-3.7038,667,
2024-01-24T23:00:00+00:00,29.06,42.63,3.47,45.64,20,40,Madrid,,40.4168,-3.7038,667,
2024-01-25T00:00:00+00:00,35.74,44.42,4.67,53.19,20,40,Madrid,,40.4168,-3.7038,667,
2024-01-25T01:00:00+00:00,31.58,42.0,5.64,62.22,20,40,Madrid,,40.4168,-3.7038,667,
2024-01-25T02:00:00+00:00,32.89,43.15,9.08,57.44,20,40,Madrid,,40.4168,-3.7038,667,
2024-01-25T03:00:00+00:00,30.55,38.56,9.69,61.96,20,40,Madrid,,40.4168,-3.7038,667,
2024-01-25T04:00:00+00:00,33.59,42.57,9.15,64.1,20,40,Madrid,,40.4168,-3.7038,667,
2024-01-25T05:00:00+00:00,34.37,49.15,10.57,68.74,20,40,Madrid,,40.4168,-3.7038,667,
2024-01-25T06:00:00+00:00,27.78,40.81,10.48,58.29,20,40,Madrid,,40.4168,-3.7038,667,
2024-01-25T07:00:00+00:00,31.87,40.49,10.03,62.37,20,40,Madrid,,40.4168,-3.7038,667,
2024-01-25T08:00:00+00:00,36.49,47.62,9.06,69.82,20,40,Madrid,,40.4168,-3.7038,667,
2024-01-25T09:00:00+00:00,33.98,44.62,9.09,65.74,20,40,Madrid,,40.4168,-3.7038,667,
2024-01-25T10:00:00+00:00,28.08,34.14,7.5,53.14,20,40,Madrid,,40.4168,-3.7038,667,
2024-01-25T11:00:00+00:00,32.5,40.17,7.76,55.19,20,40,Madrid,,40.4168,-3.7038,667,
2024-01-25T12:00:00+00:00,35.7,46.64,7.28,51.23,20,40,Madrid,,40.4168,-3.7038,667,
2024-01-25T13:00:00+00:00,30.59,42.63,5.99,56.14,20,40,Madrid,,40.4168,-3.7038,667,
2024-01-25T14:00:00+00:00,35.63,45.46,4.68,47.16,20,40,Madrid,,40.4168,-3.7038,667,
2024-01-25T15:00:00+00:00,32.83,44.57,2.62,46.16,20,40,Madrid,,40.4168,-3.7038,667,
2024-01-25T16:00:00+00:00,27.26,37.04,2.58,41.2,20,40,Madrid,,40.4168,-3.7038,667,
2024-01-25T17:00:00+00:00,37.1,52.91,1.38,52.74,20,40,Madrid,,40.4168,-3.7038,667,
2024-01-25T18:00:00+00:00,35.23,45.55,1.05,50.36,20,40,Madrid,,40.4168,-3.7038,667,
2024-01-25T19:00:00+00:00,28.59,37.33,2.76,51.68,20,40,Madrid,,40.4168,-3.7038,667,
2024-01-25T20:00:00+00:00,34.64,50.07,2.27,49.3,20,40,Madrid,,40.4168,-3.7038,667,
2024-01-25T21:00:00+00:00,25.46,31.08,3.42,45.38,20,40,Madrid,,40.4168,-3.7038,667,
2024-01-25T22:00:00+00:00,30.73,39.17,4.43,49.48,20,40,Madrid,,40.4168,-3.7038,667,
2024-01-25T23:00:00+00:00,32.98,44.24,4.92,45.1,20,40,Madrid,,40.4168,-3.7038,667,
2024-01-26T00:00:00+00:00,27.93,36.71,7.12,47.46,20,40,Madrid,,40.4168,-3.7038,667,
2024-01-26T01:00:00+00:00,36.79,48.93,6.2,55.46,20,40,Madrid,,40.4168,-3.7038,667,
2024-01-26T02:00:00+00:00,30.08,43.09,8.28,54.8,20,40,Madrid,,40.4168,-3.7038,667,
2024-01-26T03:00:00+00:00,30.63,39.01,8.36,65.05,20,40,Madrid,,40.4168,-3.7038,667,
2024-01-26T04:00:00+00:00,36.34,48.26,9.23,56.63,20,40,Madrid,,40.4168,-3.7038,667,
2024-01-26T05:00:00+00:00,33.95,44.73,9.4,72.29,20,40,Madrid,,40.4168,-3.7038,667,
2024-01-26T06:00:00+00:00,30.81,42.32,8.54,66.23,20,40,Madrid,,40.4168,-3.7038,667,
2024-01-26T07:00:00+00:00,28.11,38.54,9.13,63.14,20,40,Madrid,,40.4168,-3.7038,667,
2024-01-26T08:00:00+00:00,35.07,50.4,9.72,66.82,20,40,Madrid,,40.4168,-3.7038,667,
2024-01-26T09:00:00+00:00,32.27,43.78,9.2,67.59,20,40,Madrid,,40.4168,-3.7038,667,
2024-01-26T10:00:00+00:00,38.06,50.8,9.4,65.98,20,40,Madrid,,40.4168,-3.7038,667,
2024-01-26T11:00:00+00:00,28.43,36.08,7.39,64.13,20,40,Madrid,,40.4168,-3.7038,667,
2024-01-26T12:00:00+00:00,30.11,36.84,6.81,57.13,20,40,Madrid,,40.4168,-3.7038,667,
2024-01-26T13:00:00+00:00,28.69,35.04,4.79,54.55,20,40,Madrid,,40.4168,-3.7038,667,
2024-01-26T14:00:00+00:00,31.79,44.55,4.25,46.45,20,40,Madrid,,40.4168,-3.7038,667,
2024-01-26T15:00:00+00:00,30.45,37.64,3.84,54.87,20,40,Madrid,,40.4168,-3.7038,667,
2024-01-26T16:00:00+00:00,31.3,40.68,1.73,50.78,20,40,Madrid,,40.4168,-3.7038,667,
2024-01-26T17:00:00+00:00,26.21,32.15,1.97,39.57,20,40,Madrid,,40.4168,-3.7038,667,
2024-01-26T18:00:00+00:00,28.71,39.85,0.75,38.45,20,40,Madrid,,40.4168,-3.7038,667,
2024-01-26T19:00:00+00:00,28.45,34.67,1.53,44.18,20,40,Madrid,,40.4168,-3.7038,667,
2024-01-26T20:00:00+00:00,26.32,31.72,1.46,44.25,20,40,Madrid,,40.4168,-3.7038,667,
2024-01-26T21:00:00+00:00,33.99,42.89,1.72,48.1,20,40,Madrid,,40.4168,-3.7038,667,
2024-01-26T22:00:00+00:00,29.6,39.05,3.67,52.1,20,40,Madrid,,40.4168,-3.7038,667,
2024-01-26T23:00:00+00:00,31.65,38.91,3.86,54.9,20,40,Madrid,,40.4168,-3.7038,667,
2024-01-27T00:00:00+00:00,33.53,46.77,6.75,50.14,20,40,Madrid,,40.4168,-3.7038,667,
2024-01-27T01:00:00+00:00,33.56,41.81,7.08,58.79,20,40,Madrid,,40.4168,-3.7038,667,
2024-01-27T02:00:00+00:00,37.89,52.95,7.9,63.09,20,40,Madrid,,40.4168,-3.7038,667,
2024-01-27T03:00:00+00:00,36.76,52.06,9.31,60.57,20,40,Madrid,,40.4168,-3.7038,667,
2024-01-27T04:00:00+00:00,32.29,43.3,10.15,69.56,20,40,Madrid,,40.4168,-3.7038,667,
2024-01-27T05:00:00+00:00,28.71,39.19,10.3,72.48,20,40,Madrid,,40.4168,-3.7038,667,
2024-01-27T06:00:00+00:00,38.21,49.1,8.55,70.07,20,40,Madrid,,40.4168,-3.7038,667,
2024-01-27T07:00:00+00:00,32.58,45.61,10.85,69.15,20,40,Madrid,,40.4168,-3.7038,667,
2024-01-27T08:00:00+00:00,30.77,39.07,8.43,66.79,20,40,Madrid,,40.4168,-3.7038,667,
2024-01-27T09:00:00+00:00,29.39,43.57,10.19,64.45,20,40,Madrid,,40.4168,-3.7038,667,
2024-01-27T10:00:00+00:00,34.77,48.43,8.11,65.08,20,40,Madrid,,40.4168,-3.7038,667,
2024-01-27T11:00:00+00:00,33.85,44.35,5.91,58.97,20,40,Madrid,,40.4168,-3.7038,667,
2024-01-27T12:00:00+00:00,26.24,36.54,6.31,57.11,20,40,Madrid,,40.4168,-3.7038,667,
2024-01-27T13:00:00+00:00,32.48,43.73,6.38,56.22,20,40,Madrid,,40.4168,-3.7038,667,
2024-01-27T14:00:00+00:00,35.79,46.2,2.79,53.56,20,40,Madrid,,40.4168,-3.7038,667,
2024-01-27T15:00:00+00:00,28.88,41.7,2.63,47.84,20,40,Madrid,,40.4168,-3.7038,667,
2024-01-27T16:00:00+00:00,24.4,32.2,3.91,41.37,20,40,Madrid,,40.4168,-3.7038,667,
2024-01-27T17:00:00+00:00,29.7,38.06,2.6,51.7,20,40,Madrid,,40.4168,-3.7038,667,
2024-01-27T18:00:00+00:00,26.19,33.62,1.75,45.01,20,40,Madrid,,40.4168,-3.7038,667,
2024-01-27T19:00:00+00:00,28.11,39.59,0.72,41.66,20,40,Madrid,,40.4168,-3.7038,667,
2024-01-27T20:00:00+00:00,29.25,40.0,1.21,43.01,20,40,Madrid,,40.4168,-3.7038,667,
2024-01-27T21:00:00+00:00,27.23,33.23,2.6,53.29,20,40,Madrid,,40.4168,-3.7038,667,
2024-01-27T22:00:00+00:00,28.61,38.24,4.13,47.38,20,40,Madrid,,40.4168,-3.7038,667,
2024-01-27T23:00:00+00:00,35.13,44.28,3.72,59.98,20,40,Madrid,,40.4168,-3.7038,667,
2024-01-28T00:00:00+00:00,27.06,33.39,4.61,53.79,20,40,Madrid,,40.4168,-3.7038,667,
2024-01-28T01:00:00+00:00,29.8,40.97,8.53,51.42,20,40,Madrid,,40.4168,-3.7038,667,
2024-01-28T02:00:00+00:00,31.5,44.56,8.88,57.65,20,40,Madrid,,40.4168,-3.7038,667,
2024-01-28T03:00:00+00:00,28.14,35.14,8.19,65.53,20,40,Madrid,,40.4168,-3.7038,667,
2024-01-28T04:00:00+00:00,38.43,53.31,9.21,66.93,20,40,Madrid,,40.4168,-3.7038,667,
2024-01-28T05:00:00+00:00,34.19,44.67,9.06,65.95,20,40,Madrid,,40.4168,-3.7038,667,
2024-01-28T06:00:00+00:00,35.07,48.64,10.28,58.59,20,40,Madrid,,40.4168,-3.7038,667,
2024-01-28T07:00:00+00:00,31.06,40.59,8.71,59.62,20,40,Madrid,,40.4168,-3.7038,667,
2024-01-28T08:00:00+00:00,28.66,35.08,10.12,69.46,20,40,Madrid,,40.4168,-3.7038,667,
2024-01-28T09:00:00+00:00,34.33,46.99,9.33,63.45,20,40,Madrid,,40.4168,-3.7038,667,
2024-01-28T10:00:00+00:00,26.23,32.56,8.52,57.88,20,40,Madrid,,40.4168,-3.7038,667,
2024-01-28T11:00:00+00:00,34.37,49.54,7.54,54.2,20,40,Madrid,,40.4168,-3.7038,667,
2024-01-28T12:00:00+00:00,26.61,33.3,5.98,47.25,20,40,Madrid,,40.4168,-3.7038,667,
2024-01-28T13:00:00+00:00,33.03,42.12,4.88,52.7,20,40,Madrid,,40.4168,-3.7038,667,
2024-01-28T14:00:00+00:00,26.48,39.04,5.29,52.12,20,40,Madrid,,40.4168,-3.7038,667,
2024-01-28T15:00:00+00:00,36.72,53.52,3.37,50.6,20,40,Madrid,,40.4168,-3.7038,667,
2024-01-28T16:00:00+00:00,33.18,46.2,2.53,49.21,20,40,Madrid,,40.4168,-3.7038,667,
2024-01-28T17:00:00+00:00,35.18,45.98,1.83,45.29,20,40,Madrid,,40.4168,-3.7038,667,
2024-01-28T18:00:00+00:00,29.08,35.94,2.33,47.04,20,40,Madrid,,40.4168,-3.7038,667,
2024-01-28T19:00:00+00:00,34.65,49.61,3.0,45.62,20,40,Madrid,,40.4168,-3.7038,667,
2024-01-28T20:00:00+00:00,27.22,35.39,1.39,45.19,20,40,Madrid,,40.4168,-3.7038,667,
2024-01-28T21:00:00+00:00,28.89,35.37,4.25,50.27,20,40,Madrid,,40.4168,-3.7038,667,
2024-01-28T22:00:00+00:00,29.28,40.21,4.69,55.25,20,40,Madrid,,40.4168,-3.7038,667,
2024-01-28T23:00:00+00:00,27.74,36.0,5.42,52.68,20,40,Madrid,,40.4168,-3.7038,667,
2024-01-29T00:00:00+00:00,29.93,38.32,7.39,53.03,20,40,Madrid,,40.4168,-3.7038,667,
2024-01-29T01:00:00+00:00,35.9,52.22,8.5,62.11,20,40,Madrid,,40.4168,-3.7038,667,
2024-01-29T02:00:00+00:00,35.93,47.88,7.26,63.4,20,40,Madrid,,40.4168,-3.7038,667,
2024-01-29T03:00:00+00:00,33.95,46.63,7.79,65.38,20,40,Madrid,,40.4168,-3.7038,667,
2024-01-29T04:00:00+00:00,28.6,35.36,8.99,65.27,20,40,Madrid,,40.4168,-3.7038,667,
2024-01-29T05:00:00+00:00,30.98,40.19,8.67,66.5,20,40,Madrid,,40.4168,-3.7038,667,
2024-01-29T06:00:00+00:00,30.0,39.77,9.74,63.85,20,40,Madrid,,40.4168,-3.7038,667,
2024-01-29T07:00:00+00:00,37.27,47.93,10.42,68.24,20,40,Madrid,,40.4168,-3.7038,667,
2024-01-29T08:00:00+00:00,30.04,40.45,8.39,65.84,20,40,Madrid,,40.4168,-3.7038,667,
2024-01-29T09:00:00+00:00,29.27,42.33,8.25,62.8,20,40,Madrid,,40.4168,-3.7038,667,
2024-01-29T10:00:00+00:00,34.51,50.13,7.0,62.04,20,40,Madrid,,40.4168,-3.7038,667,
2024-01-29T11:00:00+00:00,26.63,33.86,8.04,56.27,20,40,Madrid,,40.4168,-3.7038,667,
2024-01-29T12:00:00+00:00,32.41,43.85,6.25,51.69,20,40,Madrid,,40.4168,-3.7038,667,
2024-01-29T13:00:00+00:00,28.54,39.28,5.7,59.95,20,40,Madrid,,40.4168,-3.7038,667,
2024-01-29T14:00:00+00:00,32.96,42.3,3.61,54.46,20,40,Madrid,,40.4168,-3.7038,667,
2024-01-29T15:00:00+00:00,30.89,40.87,3.13,42.33,20,40,Madrid,,40.4168,-3.7038,667,
2024-01-29T16:00:00+00:00,26.01,37.9,1.4,46.84,20,40,Madrid,,40.4168,-3.7038,667,
2024-01-29T17:00:00+00:00,31.02,41.19,1.07,52.79,20,40,Madrid,,40.4168,-3.7038,667,
2024-01-29T18:00:00+00:00,32.44,45.84,2.55,44.11,20,40,Madrid,,40.4168,-3.7038,667,
2024-01-29T19:00:00+00:00,32.92,46.66,1.27,52.07,20,40,Madrid,,40.4168,-3.7038,667,
2024-01-29T20:00:00+00:00,36.86,46.05,3.83,52.32,20,40,Madrid,,40.4168,-3.7038,667,
2024-01-29T21:00:00+00:00,34.68,49.32,3.77,50.02,20,40,Madrid,,40.4168,-3.7038,667,
2024-01-29T22:00:00+00:00,27.94,34.31,2.81,46.81,20,40,Madrid,,40.4168,-3.7038,667,
2024-01-29T23:00:00+00:00,34.14,48.09,3.63,55.19,20,40,Madrid,,40.4168,-3.7038,667,
2024-01-30T00:00:00+00:00,31.69,43.65,6.17,61.81,20,40,Madrid,,40.4168,-3.7038,667,
2024-01-30T01:00:00+00:00,28.71,42.31,5.97,65.43,20,40,Madrid,,40.4168,-3.7038,667,
2024-01-30T02:00:00+00:00,34.75,47.28,7.68,54.35,20,40,Madrid,,40.4168,-3.7038,667,
2024-01-30T03:00:00+00:00,27.02,40.29,7.43,56.04,20,40,Madrid,,40.4168,-3.7038,667,
2024-01-30T04:00:00+00:00,29.42,37.84,9.16,64.41,20,40,Madrid,,40.4168,-3.7038,667,
2024-01-30T05:00:00+00:00,32.38,41.38,11.08,69.43,20,40,Madrid,,40.4168,-3.7038,667,
2024-01-30T06:00:00+00:00,28.29,41.53,9.4,66.07,20,40,Madrid,,40.4168,-3.7038,667,
2024-01-30T07:00:00+00:00,29.6,43.18,10.74,57.2,20,40,Madrid,,40.4168,-3.7038,667,
2024-01-30T08:00:00+00:00,37.07,50.36,10.39,63.2,20,40,Madrid,,40.4168,-3.7038,667,
2024-01-30T09:00:00+00:00,36.67,48.24,8.96,64.86,20,40,Madrid,,40.4168,-3.7038,667,
2024-01-30T10:00:00+00:00,29.11,38.39,9.03,52.38,20,40,Madrid,,40.4168,-3.7038,667,
2024-01-30T11:00:00+00:00,30.69,38.71,5.77,51.02,20,40,Madrid,,40.4168,-3.7038,667,
2024-01-30T12:00:00+00:00,26.83,38.23,5.34,49.8,20,40,Madrid,,40.4168,-3.7038,667,
2024-01-30T13:00:00+00:00,34.16,42.91,4.14,52.12,20,40,Madrid,,40.4168,-3.7038,667,
2024-01-30T14:00:00+00:00,32.64,45.41,4.18,45.32,20,40,Madrid,,40.4168,-3.7038,667,
2024-01-30T15:00:00+00:00,26.41,38.27,2.55,43.7,20,40,Madrid,,40.4168,-3.7038,667,
2024-01-30T16:00:00+00:00,30.22,38.55,1.99,48.05,20,40,Madrid,,40.4168,-3.7038,667,
2024-01-30T17:00:00+00:00,32.02,41.96,1.8,40.49,20,40,Madrid,,40.4168,-3.7038,667,
2024-01-30T18:00:00+00:00,25.7,36.24,3.41,38.67,20,40,Madrid,,40.4168,-3.7038,667,
2024-01-30T19:00:00+00:00,27.1,33.78,1.89,50.14,20,40,Madrid,,40.4168,-3.7038,667,
2024-01-30T20:00:00+00:00,27.32,34.74,3.12,44.4,20,40,Madrid,,40.4168,-3.7038,667,
2024-01-30T21:00:00+00:00,34.19,45.47,3.18,53.01,20,40,Madrid,,40.4168,-3.7038,667,
2024-01-30T22:00:00+00:00,37.18,46.31,5.0,56.39,20,40,Madrid,,40.4168,-3.7038,667,
2024-01-30T23:00:00+00:00,26.53,34.77,5.26,57.68,20,40,Madrid,,40.4168,-3.7038,667,
2024-01-31T00:00:00+00:00,33.28,45.01,6.17,50.13,20,40,Madrid,,40.4168,-3.7038,667,
2024-01-31T01:00:00+00:00,35.35,44.3,6.69,58.75,20,40,Madrid,,40.4168,-3.7038,667,
2024-01-31T02:00:00+00:00,27.08,36.19,8.77,54.48,20,40,Madrid,,40.4168,-3.7038,667,
2024-01-31T03:00:00+00:00,26.91,32.67,9.55,63.71,20,40,Madrid,,40.4168,-3.7038,667,
2024-01-31T04:00:00+00:00,36.59,49.98,10.91,67.08,20,40,Madrid,,40.4168,-3.7038,667,
2024-01-31T05:00:00+00:00,32.91,45.73,9.4,58.04,20,40,Madrid,,40.4168,-3.7038,667,
2024-01-31T06:00:00+00:00,29.09,35.6,11.14,57.39,20,40,Madrid,,40.4168,-3.7038,667,
2024-01-31T07:00:00+00:00,32.06,39.74,8.87,63.43,20,40,Madrid,,40.4168,-3.7038,667,
2024-01-31T08:00:00+00:00,32.64,44.24,8.67,59.5,20,40,Madrid,,40.4168,-3.7038,667,
2024-01-31T09:00:00+00:00,33.21,42.18,9.18,60.38,20,40,Madrid,,40.4168,-3.7038,667,
2024-01-31T10:00:00+00:00,33.16,43.77,7.92,63.52,20,40,Madrid,,40.4168,-3.7038,667,
2024-01-31T11:00:00+00:00,36.9,46.61,8.06,59.36,20,40,Madrid,,40.4168,-3.7038,667,
2024-01-31T12:00:00+00:00,26.44,36.69,6.37,55.47,20,40,Madrid,,40.4168,-3.7038,667,
2024-01-31T13:00:00+00:00,35.43,51.31,5.15,51.42,20,40,Madrid,,40.4168,-3.7038,667,
2024-01-31T14:00:00+00:00,27.79,37.11,4.99,50.61,20,40,Madrid,,40.4168,-3.7038,667,
2024-01-31T15:00:00+00:00,31.03,42.63,4.17,41.83,20,40,Madrid,,40.4168,-3.7038,667,
2024-01-31T16:00:00+00:00,25.87,31.15,3.25,46.8,20,40,Madrid,,40.4168,-3.7038,667,
2024-01-31T17:00:00+00:00,24.86,36.82,2.66,42.25,20,40,Madrid,,40.4168,-3.7038,667,
2024-01-31T18:00:00+00:00,28.54,42.17,0.77,44.53,20,40,Madrid,,40.4168,-3.7038,667,
2024-01-31T19:00:00+00:00,33.93,44.43,0.9,47.01,20,40,Madrid,,40.4168,-3.7038,667,
2024-01-31T20:00:00+00:00,35.13,49.94,1.26,42.49,20,40,Madrid,,40.4168,-3.7038,667,
2024-01-31T21:00:00+00:00,35.09,50.5,2.2,45.99,20,40,Madrid,,40.4168,-3.7038,667,
2024-01-31T22:00:00+00:00,28.11,36.0,3.09,56.49,20,40,Madrid,,40.4168,-3.7038,667,
2024-01-31T23:00:00+00:00,32.73,47.35,5.48,60.4,20,40,Madrid,,40.4168,-3.7038,667,
2024-02-01T00:00:00+00:00,33.01,47.66,8.87,61.57,20,40,Madrid,,40.4168,-3.7038,667,
2024-02-01T01:00:00+00:00,27.76,38.63,9.24,58.83,20,40,Madrid,,40.4168,-3.7038,667,
2024-02-01T02:00:00+00:00,31.53,45.95,8.52,61.16,20,40,Madrid,,40.4168,-3.7038,667,
2024-02-01T03:00:00+00:00,33.76,46.17,11.53,61.16,20,40,Madrid,,40.4168,-3.7038,667,
2024-02-01T04:00:00+00:00,31.66,46.6,10.34,66.21,20,40,Madrid,,40.4168,-3.7038,667,
2024-02-01T05:00:00+00:00,34.58,48.55,13.06,57.18,20,40,Madrid,,40.4168,-3.7038,667,
2024-02-01T06:00:00+00:00,34.05,48.02,11.28,68.09,20,40,Madrid,,40.4168,-3.7038,667,
2024-02-01T07:00:00+00:00,36.08,45.53,12.56,63.83,20,40,Madrid,,40.4168,-3.7038,667,
2024-02-01T08:00:00+00:00,36.06,47.94,11.81,56.98,20,40,Madrid,,40.4168,-3.7038,667,
2024-02-01T09:00:00+00:00,31.84,45.25,11.87,60.94,20,40,Madrid,,40.4168,-3.7038,667,
2024-02-01T10:00:00+00:00,29.0,37.42,8.73,56.84,20,40,Madrid,,40.4168,-3.7038,667,
2024-02-01T11:00:00+00:00,29.8,42.91,8.13,53.15,20,40,Madrid,,40.4168,-3.7038,667,
2024-02-01T12:00:00+00:00,29.51,36.52,6.96,55.08,20,40,Madrid,,40.4168,-3.7038,667,
2024-02-01T13:00:00+00:00,34.16,49.03,6.28,49.46,20,40,Madrid,,40.4168,-3.7038,667,
2024-02-01T14:00:00+00:00,29.61,37.01,7.35,51.94,20,40,Madrid,,40.4168,-3.7038,667,
2024-02-01T15:00:00+00:00,33.29,43.83,5.21,41.38,20,40,Madrid,,40.4168,-3.7038,667,
2024-02-01T16:00:00+00:00,34.02,42.53,5.09,53.03,20,40,Madrid,,40.4168,-3.7038,667,
2024-02-01T17:00:00+00:00,33.33,45.37,3.19,37.46,20,40,Madrid,,40.4168,-3.7038,667,
2024-02-01T18:00:00+00:00,30.66,40.24,5.11,45.59,20,40,Madrid,,40.4168,-3.7038,667,
2024-02-01T19:00:00+00:00,34.23,45.41,5.46,46.49,20,40,Madrid,,40.4168,-3.7038,667,
2024-02-01T20:00:00+00:00,31.5,42.57,5.19,49.09,20,40,Madrid,,40.4168,-3.7038,667,
2024-02-01T21:00:00+00:00,30.03,39.09,5.01,55.38,20,40,Madrid,,40.4168,-3.7038,667,
2024-02-01T22:00:00+00:00,24.91,33.3,6.25,48.91,20,40,Madrid,,40.4168,-3.7038,667,
2024-02-01T23:00:00+00:00,29.7,40.32,7.99,56.0,20,40,Madrid,,40.4168,-3.7038,667,
2024-02-02T00:00:00+00:00,35.92,46.78,8.75,57.03,20,40,Madrid,,40.4168,-3.7038,667,
2024-02-02T01:00:00+00:00,32.28,47.19,9.5,61.71,20,40,Madrid,,40.4168,-3.7038,667,
2024-02-02T02:00:00+00:00,30.16,38.27,9.41,66.41,20,40,Madrid,,40.4168,-3.7038,667,
2024-02-02T03:00:00+00:00,37.01,48.15,9.54,61.34,20,40,Madrid,,40.4168,-3.7038,667,
2024-02-02T04:00:00+00:00,34.05,42.39,10.7,55.73,20,40,Madrid,,40.4168,-3.7038,667,
2024-02-02T05:00:00+00:00,35.15,48.2,11.36,60.33,20,40,Madrid,,40.4168,-3.7038,667,
2024-02-02T06:00:00+00:00,29.85,39.55,11.99,66.19,20,40,Madrid,,40.4168,-3.7038,667,
2024-02-02T07:00:00+00:00,33.56,41.75,10.76,60.71,20,40,Madrid,,40.4168,-3.7038,667,
2024-02-02T08:00:00+00:00,30.0,39.17,11.13,67.11,20,40,Madrid,,40.4168,-3.7038,667,
2024-02-02T09:00:00+00:00,33.19,42.84,10.98,64.41,20,40,Madrid,,40.4168,-3.7038,667,
2024-02-02T10:00:00+00:00,30.93,40.17,10.95,63.1,20,40,Madrid,,40.4168,-3.7038,667,
2024-02-02T11:00:00+00:00,33.18,42.7,9.01,52.4,20,40,Madrid,,40.4168,-3.7038,667,
2024-02-02T12:00:00+00:00,33.81,48.77,7.29,56.52,20,40,Madrid,,40.4168,-3.7038,667,
2024-02-02T13:00:00+00:00,31.85,41.13,5.52,55.25,20,40,Madrid,,40.4168,-3.7038,667,
2024-02-02T14:00:00+00:00,28.62,39.9,7.2,44.58,20,40,Madrid,,40.4168,-3.7038,667,
2024-02-02T15:00:00+00:00,35.2,47.7,5.96,43.83,20,40,Madrid,,40.4168,-3.7038,667,
2024-02-02T16:00:00+00:00,29.52,42.68,5.19,49.98,20,40,Madrid,,40.4168,-3.7038,667,
2024-02-02T17:00:00+00:00,29.72,41.71,5.61,38.09,20,40,Madrid,,40.4168,-3.7038,667,
2024-02-02T18:00:00+00:00,27.46,36.03,4.83,45.43,20,40,Madrid,,40.4168,-3.7038,667,
2024-02-02T19:00:00+00:00,28.95,40.16,4.52,48.8,20,40,Madrid,,40.4168,-3.7038,667,
2024-02-02T20:00:00+00:00,29.48,36.43,5.05,48.98,20,40,Madrid,,40.4168,-3.7038,667,
2024-02-02T21:00:00+00:00,34.98,48.91,4.38,47.22,20,40,Madrid,,40.4168,-3.7038,667,
2024-02-02T22:00:00+00:00,35.35,44.43,5.75,56.74,20,40,Madrid,,40.4168,-3.7038,667,
2024-02-02T23:00:00+00:00,28.97,38.03,6.81,44.58,20,40,Madrid,,40.4168,-3.7038,667,
2024-02-03T00:00:00+00:00,28.3,36.24,8.87,58.23,20,40,Madrid,,40.4168,-3.7038,667,
2024-02-03T01:00:00+00:00,26.74,38.11,8.59,60.26,20,40,Madrid,,40.4168,-3.7038,667,
2024-02-03T02:00:00+00:00,26.82,34.54,9.3,62.86,20,40,Madrid,,40.4168,-3.7038,667,
2024-02-03T03:00:00+00:00,33.27,43.04,10.61,58.18,20,40,Madrid,,40.4168,-3.7038,667,
2024-02-03T04:00:00+00:00,28.61,38.46,11.19,65.13,20,40,Madrid,,40.4168,-3.7038,667,
2024-02-03T05:00:00+00:00,30.07,36.79,11.21,62.21,20,40,Madrid,,40.4168,-3.7038,667,
2024-02-03T06:00:00+00:00,26.89,33.77,11.23,66.92,20,40,Madrid,,40.4168,-3.7038,667,
2024-02-03T07:00:00+00:00,32.75,42.12,10.49,71.4,20,40,Madrid,,40.4168,-3.7038,667,
2024-02-03T08:00:00+00:00,34.3,45.16,11.6,58.73,20,40,Madrid,,40.4168,-3.7038,667,
2024-02-03T09:00:00+00:00,34.48,49.11,11.13,62.51,20,40,Madrid,,40.4168,-3.7038,667,
2024-02-03T10:00:00+00:00,28.55,40.18,10.33,60.31,20,40,Madrid,,40.4168,-3.7038,667,
2024-02-03T11:00:00+00:00,28.0,34.39,9.76,63.68,20,40,Madrid,,40.4168,-3.7038,667,
2024-02-03T12:00:00+00:00,32.55,40.18,8.1,62.83,20,40,Madrid,,40.4168,-3.7038,667,
2024-02-03T13:00:00+00:00,31.46,43.39,7.98,44.93,20,40,Madrid,,40.4168,-3.7038,667,
2024-02-03T14:00:00+00:00,24.66,30.89,5.2,42.72,20,40,Madrid,,40.4168,-3.7038,667,
2024-02-03T15:00:00+00:00,33.61,43.36,3.85,55.59,20,40,Madrid,,40.4168,-3.7038,667,
2024-02-03T16:00:00+00:00,30.58,44.03,3.52,43.89,20,40,Madrid,,40.4168,-3.7038,667,
2024-02-03T17:00:00+00:00,25.43,35.34,5.2,43.47,20,40,Madrid,,40.4168,-3.7038,667,
2024-02-03T18:00:00+00:00,26.91,38.75,4.11,49.22,20,40,Madrid,,40.4168,-3.7038,667,
2024-02-03T19:00:00+00:00,29.35,35.73,3.92,48.37,20,40,Madrid,,40.4168,-3.7038,667,
2024-02-03T20:00:00+00:00,24.82,30.63,4.41,43.67,20,40,Madrid,,40.4168,-3.7038,667,
2024-02-03T21:00:00+00:00,34.95,48.28,5.37,44.8,20,40,Madrid,,40.4168,-3.7038,667,
2024-02-03T22:00:00+00:00,27.03,38.32,6.27,52.62,20,40,Madrid,,40.4168,-3.7038,667,
2024-02-03T23:00:00+00:00,28.7,40.47,5.68,57.11,20,40,Madrid,,40.4168,-3.7038,667,
2024-02-04T00:00:00+00:00,32.6,45.44,6.64,49.9,20,40,Madrid,,40.4168,-3.7038,667,
2024-02-04T01:00:00+00:00,31.43,45.69,8.27,49.75,20,40,Madrid,,40.4168,-3.7038,667,
2024-02-04T02:00:00+00:00,35.23,44.0,9.66,58.36,20,40,Madrid,,40.4168,-3.7038,667,
2024-02-04T03:00:00+00:00,28.8,41.32,9.34,66.83,20,40,Madrid,,40.4168,-3.7038,667,
2024-02-04T04:00:00+00:00,36.3,52.86,11.17,58.58,20,40,Madrid,,40.4168,-3.7038,667,
2024-02-04T05:00:00+00:00,27.34,37.39,10.46,64.18,20,40,Madrid,,40.4168,-3.7038,667,
2024-02-04T06:00:00+00:00,26.89,36.7,12.48,68.82,20,40,Madrid,,40.4168,-3.7038,667,
2024-02-04T07:00:00+00:00,35.57,45.62,11.09,62.97,20,40,Madrid,,40.4168,-3.7038,667,
2024-02-04T08:00:00+00:00,26.73,38.4,11.97,57.64,20,40,Madrid,,40.4168,-3.7038,667,
2024-02-04T09:00:00+00:00,29.89,41.93,9.48,58.7,20,40,Madrid,,40.4168,-3.7038,667,
2024-02-04T10:00:00+00:00,33.98,46.68,8.62,59.78,20,40,Madrid,,40.4168,-3.7038,667,
2024-02-04T11:00:00+00:00,29.38,40.97,7.91,53.68,20,40,Madrid,,40.4168,-3.7038,667,
2024-02-04T12:00:00+00:00,26.02,38.15,9.44,47.98,20,40,Madrid,,40.4168,-3.7038,667,
2024-02-04T13:00:00+00:00,33.23,46.38,5.49,55.8,20,40,Madrid,,40.4168,-3.7038,667,
2024-02-04T14:00:00+00:00,28.69,38.18,6.99,55.48,20,40,Madrid,,40.4168,-3.7038,667,
2024-02-04T15:00:00+00:00,31.63,43.3,4.47,45.85,20,40,Madrid,,40.4168,-3.7038,667,
2024-02-04T16:00:00+00:00,32.73,43.34,5.58,41.37,20,40,Madrid,,40.4168,-3.7038,667,
2024-02-04T17:00:00+00:00,32.08,41.34,2.93,51.19,20,40,Madrid,,40.4168,-3.7038,667,
2024-02-04T18:00:00+00:00,23.33,34.53,5.05,37.69,20,40,Madrid,,40.4168,-3.7038,667,
2024-02-04T19:00:00+00:00,32.12,44.7,5.34,47.34,20,40,Madrid,,40.4168,-3.7038,667,
2024-02-04T20:00:00+00:00,25.61,36.89,4.72,40.75,20,40,Madrid,,40.4168,-3.7038,667,
2024-02-04T21:00:00+00:00,32.16,41.63,6.16,54.04,20,40,Madrid,,40.4168,-3.7038,667,
2024-02-04T22:00:00+00:00,28.75,37.5,5.23,49.9,20,40,Madrid,,40.4168,-3.7038,667,
2024-02-04T23:00:00+00:00,27.02,38.18,7.97,57.16,20,40,Madrid,,40.4168,-3.7038,667,
2024-02-05T00:00:00+00:00,33.65,45.09,9.13,56.78,20,40,Madrid,,40.4168,-3.7038,667,
2024-02-05T01:00:00+00:00,35.03,46.38,9.17,63.17,20,40,Madrid,,40.4168,-3.7038,667,
2024-02-05T02:00:00+00:00,28.04,37.34,11.44,52.18,20,40,Madrid,,40.4168,-3.7038,667,
2024-02-05T03:00:00+00:00,31.8,42.22,9.76,69.24,20,40,Madrid,,40.4168,-3.7038,667,
2024-02-05T04:00:00+00:00,28.38,35.68,12.61,68.44,20,40,Madrid,,40.4168,-3.7038,667,
2024-02-05T05:00:00+00:00,30.93,43.28,11.56,57.91,20,40,Madrid,,40.4168,-3.7038,667,
2024-02-05T06:00:00+00:00,35.63,44.67,12.31,69.64,20,40,Madrid,,40.4168,-3.7038,667,
2024-02-05T07:00:00+00:00,27.88,38.82,11.23,69.84,20,40,Madrid,,40.4168,-3.7038,667,
2024-02-05T08:00:00+00:00,32.1,43.01,12.45,71.16,20,40,Madrid,,40.4168,-3.7038,667,
2024-02-05T09:00:00+00:00,27.63,33.73,10.14,54.32,20,40,Madrid,,40.4168,-3.7038,667,
2024-02-05T10:00:00+00:00,36.45,46.93,11.44,66.16,20,40,Madrid,,40.4168,-3.7038,667,
2024-02-05T11:00:00+00:00,33.83,45.94,9.08,62.95,20,40,Madrid,,40.4168,-3.7038,667,
2024-02-05T12:00:00+00:00,29.02,40.24,6.51,62.38,20,40,Madrid,,40.4168,-3.7038,667,
2024-02-05T13:00:00+00:00,26.56,33.37,5.93,48.37,20,40,Madrid,,40.4168,-3.7038,667,
2024-02-05T14:00:00+00:00,33.0,46.43,4.73,55.81,20,40,Madrid,,40.4168,-3.7038,667,
2024-02-05T15:00:00+00:00,30.76,42.92,6.43,45.48,20,40,Madrid,,40.4168,-3.7038,667,
2024-02-05T16:00:00+00:00,33.21,43.42,4.73,47.0,20,40,Madrid,,40.4168,-3.7038,667,
2024-02-05T17:00:00+00:00,32.49,41.96,3.72,49.82,20,40,Madrid,,40.4168,-3.7038,667,
2024-02-05T18:00:00+00:00,30.41,39.93,4.97,45.87,20,40,Madrid,,40.4168,-3.7038,667,
2024-02-05T19:00:00+00:00,30.2,38.05,4.83,43.78,20,40,Madrid,,40.4168,-3.7038,667,
2024-02-05T20:00:00+00:00,27.15,39.37,5.75,44.52,20,40,Madrid,,40.4168,-3.7038,667,
2024-02-05T21:00:00+00:00,35.5,51.87,3.83,46.03,20,40,Madrid,,40.4168,-3.7038,667,
2024-02-05T22:00:00+00:00,27.48,39.11,6.34,45.82,20,40,Madrid,,40.4168,-3.7038,667,
2024-02-05T23:00:00+00:00,32.47,46.94,6.89,48.76,20,40,Madrid,,40.4168,-3.7038,667,
2024-02-06T00:00:00+00:00,26.85,37.43,8.37,47.22,20,40,Madrid,,40.4168,-3.7038,667,
2024-02-06T01:00:00+00:00,30.43,37.7,7.74,64.75,20,40,Madrid,,40.4168,-3.7038,667,
2024-02-06T02:00:00+00:00,31.31,40.8,10.81,62.08,20,40,Madrid,,40.4168,-3.7038,667,
2024-02-06T03:00:00+00:00,28.86,42.49,11.79,65.55,20,40,Madrid,,40.4168,-3.7038,667,
2024-02-06T04:00:00+00:00,33.78,41.64,11.28,61.57,20,40,Madrid,,40.4168,-3.7038,667,
2024-02-06T05:00:00+00:00,29.28,39.19,10.4,62.21,20,40,Madrid,,40.4168,-3.7038,667,
2024-02-06T06:00:00+00:00,33.07,42.0,11.51,61.44,20,40,Madrid,,40.4168,-3.7038,667,
2024-02-06T07:00:00+00:00,32.59,47.78,10.68,62.5,20,40,Madrid,,40.4168,-3.7038,667,
2024-02-06T08:00:00+00:00,35.12,47.39,10.5,60.45,20,40,Madrid,,40.4168,-3.7038,667,
2024-02-06T09:00:00+00:00,31.07,45.14,11.17,59.97,20,40,Madrid,,40.4168,-3.7038,667,
2024-02-06T10:00:00+00:00,25.54,34.12,10.75,54.62,20,40,Madrid,,40.4168,-3.7038,667,
2024-02-06T11:00:00+00:00,29.95,39.87,8.31,61.14,20,40,Madrid,,40.4168,-3.7038,667,
2024-02-06T12:00:00+00:00,29.83,38.57,8.36,62.21,20,40,Madrid,,40.4168,-3.7038,667,
2024-02-06T13:00:00+00:00,32.88,47.67,6.13,44.95,20,40,Madrid,,40.4168,-3.7038,667,
2024-02-06T14:00:00+00:00,24.85,34.06,6.14,48.73,20,40,Madrid,,40.4168,-3.7038,667,
2024-02-06T15:00:00+00:00,32.51,43.32,6.64,49.89,20,40,Madrid,,40.4168,-3.7038,667,
2024-02-06T16:00:00+00:00,32.24,39.74,5.11,39.84,20,40,Madrid,,40.4168,-3.7038,667,
2024-02-06T17:00:00+00:00,28.99,41.46,5.18,46.1,20,40,Madrid,,40.4168,-3.7038,667,
2024-02-06T18:00:00+00:00,29.42,38.08,4.77,48.63,20,40,Madrid,,40.4168,-3.7038,667,
2024-02-06T19:00:00+00:00,25.82,32.46,3.99,40.18,20,40,Madrid,,40.4168,-3.7038,667,
2024-02-06T20:00:00+00:00,31.16,39.71,4.89,44.75,20,40,Madrid,,40.4168,-3.7038,667,
2024-02-06T21:00:00+00:00,31.17,38.83,5.19,40.94,20,40,Madrid,,40.4168,-3.7038,667,
2024-02-06T22:00:00+00:00,35.73,49.37,4.87,56.09,20,40,Madrid,,40.4168,-3.7038,667,
2024-02-06T23:00:00+00:00,25.15,35.21,7.32,47.23,20,40,Madrid,,40.4168,-3.7038,667,
2024-02-07T00:00:00+00:00,34.99,47.52,7.35,55.43,20,40,Madrid,,40.4168,-3.7038,667,
2024-02-07T01:00:00+00:00,33.12,45.29,9.47,64.09,20,40,Madrid,,40.4168,-3.7038,667,
2024-02-07T02:00:00+00:00,26.51,38.58,10.89,56.34,20,40,Madrid,,40.4168,-3.7038,667,
2024-02-07T03:00:00+00:00,30.11,37.28,10.38,55.74,20,40,Madrid,,40.4168,-3.7038,667,
2024-02-07T04:00:00+00:00,34.64,49.67,11.6,55.81,20,40,Madrid,,40.4168,-3.7038,667,
2024-02-07T05:00:00+00:00,28.41,40.54,12.93,72.32,20,40,Madrid,,40.4168,-3.7038,667,
2024-02-07T06:00:00+00:00,33.15,43.29,13.08,71.77,20,40,Madrid,,40.4168,-3.7038,667,
2024-02-07T07:00:00+00:00,37.0,50.6,12.18,63.01,20,40,Madrid,,40.4168,-3.7038,667,
2024-02-07T08:00:00+00:00,27.9,33.88,10.25,65.68,20,40,Madrid,,40.4168,-3.7038,667,
2024-02-07T09:00:00+00:00,35.25,44.36,12.03,67.91,20,40,Madrid,,40.4168,-3.7038,667,
2024-02-07T10:00:00+00:00,33.87,48.44,9.28,54.47,20,40,Madrid,,40.4168,-3.7038,667,
2024-02-07T11:00:00+00:00,29.96,42.23,7.8,49.61,20,40,Madrid,,40.4168,-3.7038,667,
2024-02-07T12:00:00+00:00,32.83,42.07,8.34,57.58,20,40,Madrid,,40.4168,-3.7038,667,
2024-02-07T13:00:00+00:00,26.68,37.73,7.2,45.27,20,40,Madrid,,40.4168,-3.7038,667,
2024-02-07T14:00:00+00:00,32.13,47.31,7.38,50.51,20,40,Madrid,,40.4168,-3.7038,667,
2024-02-07T15:00:00+00:00,23.98,34.79,6.56,42.11,20,40,Madrid,,40.4168,-3.7038,667,
2024-02-07T16:00:00+00:00,34.28,44.99,3.88,46.74,20,40,Madrid,,40.4168,-3.7038,667,
2024-02-07T17:00:00+00:00,30.2,39.31,3.17,52.65,20,40,Madrid,,40.4168,-3.7038,667,
2024-02-07T18:00:00+00:00,31.46,45.47,4.25,38.82,20,40,Madrid,,40.4168,-3.7038,667,
2024-02-07T19:00:00+00:00,29.66,43.85,5.11,48.59,20,40,Madrid,,40.4168,-3.7038,667,
2024-02-07T20:00:00+00:00,24.91,33.6,6.0,41.85,20,40,Madrid,,40.4168,-3.7038,667,
2024-02-07T21:00:00+00:00,34.59,48.78,3.86,44.44,20,40,Madrid,,40.4168,-3.7038,667,
2024-02-07T22:00:00+00:00,32.41,45.47,4.6,49.63,20,40,Madrid,,40.4168,-3.7038,667,
2024-02-07T23:00:00+00:00,34.31,43.93,8.18,48.58,20,40,Madrid,,40.4168,-3.7038,667,
2024-02-08T00:00:00+00:00,28.59,35.6,7.88,56.29,20,40,Madrid,,40.4168,-3.7038,667,
2024-02-08T01:00:00+00:00,27.49,33.38,10.11,52.91,20,40,Madrid,,40.4168,-3.7038,667,
2024-02-08T02:00:00+00:00,30.62,37.94,9.92,59.69,20,40,Madrid,,40.4168,-3.7038,667,
2024-02-08T03:00:00+00:00,29.75,37.13,10.47,57.08,20,40,Madrid,,40.4168,-3.7038,667,
2024-02-08T04:00:00+00:00,35.72,50.0,11.98,64.49,20,40,Madrid,,40.4168,-3.7038,667,
2024-02-08T05:00:00+00:00,28.19,34.94,11.84,68.85,20,40,Madrid,,40.4168,-3.7038,667,
2024-02-08T06:00:00+00:00,29.62,41.9,12.58,70.79,20,40,Madrid,,40.4168,-3.7038,667,
2024-02-08T07:00:00+00:00,27.76,36.12,13.09,63.99,20,40,Madrid,,40.4168,-3.7038,667,
2024-02-08T08:00:00+00:00,31.41,42.87,12.6,66.36,20,40,Madrid,,40.4168,-3.7038,667,
2024-02-08T09:00:00+00:00,34.89,45.81,10.91,63.95,20,40,Madrid,,40.4168,-3.7038,667,
2024-02-08T10:00:00+00:00,28.32,35.61,10.34,65.5,20,40,Madrid,,40.4168,-3.7038,667,
2024-02-08T11:00:00+00:00,33.12,43.68,8.17,65.52,20,40,Madrid,,40.4168,-3.7038,667,
2024-02-08T12:00:00+00:00,33.87,46.81,7.51,52.36,20,40,Madrid,,40.4168,-3.7038,667,
2024-02-08T13:00:00+00:00,28.41,40.17,8.21,45.42,20,40,Madrid,,40.4168,-3.7038,667,
2024-02-08T14:00:00+00:00,34.85,47.45,5.29,50.76,20,40,Madrid,,40.4168,-3.7038,667,
2024-02-08T15:00:00+00:00,29.21,39.49,4.52,40.08,20,40,Madrid,,40.4168,-3.7038,667,
2024-02-08T16:00:00+00:00,29.32,42.4,5.49,46.09,20,40,Madrid,,40.4168,-3.7038,667,
2024-02-08T17:00:00+00:00,25.84,36.83,3.51,45.45,20,40,Madrid,,40.4168,-3.7038,667,
2024-02-08T18:00:00+00:00,33.64,46.68,4.45,48.33,20,40,Madrid,,40.4168,-3.7038,667,
2024-02-08T19:00:00+00:00,24.97,30.08,3.61,40.74,20,40,Madrid,,40.4168,-3.7038,667,
2024-02-08T20:00:00+00:00,31.99,39.23,4.12,50.12,20,40,Madrid,,40.4168,-3.7038,667,
2024-02-08T21:00:00+00:00,32.55,40.96,4.39,51.14,20,40,Madrid,,40.4168,-3.7038,667,
2024-02-08T22:00:00+00:00,27.7,34.75,6.06,46.72,20,40,Madrid,,40.4168,-3.7038,667,
2024-02-08T23:00:00+00:00,35.02,46.23,7.02,44.67,20,40,Madrid,,40.4168,-3.7038,667,
2024-02-09T00:00:00+00:00,33.07,43.77,9.4,55.62,20,40,Madrid,,40.4168,-3.7038,667,
2024-02-09T01:00:00+00:00,36.77,48.72,8.76,58.03,20,40,Madrid,,40.4168,-3.7038,667,
2024-02-09T02:00:00+00:00,32.95,46.15,11.24,66.13,20,40,Madrid,,40.4168,-3.7038,667,
2024-02-09T03:00:00+00:00,34.75,48.28,11.95,55.88,20,40,Madrid,,40.4168,-3.7038,667,
2024-02-09T04:00:00+00:00,26.85,37.32,12.08,66.93,20,40,Madrid,,40.4168,-3.7038,667,
2024-02-09T05:00:00+00:00,31.56,41.52,12.05,61.39,20,40,Madrid,,40.4168,-3.7038,667,
2024-02-09T06:00:00+00:00,33.39,41.88,12.24,65.56,20,40,Madrid,,40.4168,-3.7038,667,
2024-02-09T07:00:00+00:00,34.22,43.04,13.02,72.53,20,40,Madrid,,40.4168,-3.7038,667,
2024-02-09T08:00:00+00:00,30.26,37.72,12.56,64.95,20,40,Madrid,,40.4168,-3.7038,667,
2024-02-09T09:00:00+00:00,26.73,35.98,10.01,62.14,20,40,Madrid,,40.4168,-3.7038,667,
2024-02-09T10:00:00+00:00,27.54,36.38,11.29,66.43,20,40,Madrid,,40.4168,-3.7038,667,
2024-02-09T11:00:00+00:00,27.86,38.25,10.14,50.13,20,40,Madrid,,40.4168,-3.7038,667,
2024-02-09T12:00:00+00:00,29.32,37.42,8.68,54.58,20,40,Madrid,,40.4168,-3.7038,667,
2024-02-09T13:00:00+00:00,36.17,46.46,7.34,54.51,20,40,Madrid,,40.4168,-3.7038,667,
2024-02-09T14:00:00+00:00,33.91,44.81,4.99,50.54,20,40,Madrid,,40.4168,-3.7038,667,
2024-02-09T15:00:00+00:00,35.85,46.45,5.83,51.94,20,40,Madrid,,40.4168,-3.7038,667,
2024-02-09T16:00:00+00:00,26.84,38.03,3.78,43.65,20,40,Madrid,,40.4168,-3.7038,667,
2024-02-09T17:00:00+00:00,33.78,45.92,3.23,47.5,20,40,Madrid,,40.4168,-3.7038,667,
2024-02-09T18:00:00+00:00,27.66,35.92,2.69,39.52,20,40,Madrid,,40.4168,-3.7038,667,
2024-02-09T19:00:00+00:00,30.02,44.43,5.17,52.23,20,40,Madrid,,40.4168,-3.7038,667,
2024-02-09T20:00:00+00:00,31.76,46.85,3.74,48.5,20,40,Madrid,,40.4168,-3.7038,667,
2024-02-09T21:00:00+00:00,35.47,50.67,3.86,49.62,20,40,Madrid,,40.4168,-3.7038,667,
2024-02-09T22:00:00+00:00,34.86,45.07,4.91,49.19,20,40,Madrid,,40.4168,-3.7038,667,
2024-02-09T23:00:00+00:00,25.18,30.49,7.12,47.31,20,40,Madrid,,40.4168,-3.7038,667,
2024-02-10T00:00:00+00:00,29.56,40.61,8.37,50.61,20,40,Madrid,,40.4168,-3.7038,667,
2024-02-10T01:00:00+00:00,36.67,49.82,10.14,64.69,20,40,Madrid,,40.4168,-3.7038,667,
2024-02-10T02:00:00+00:00,27.72,40.46,11.12,59.95,20,40,Madrid,,40.4168,-3.7038,667,
2024-02-10T03:00:00+00:00,35.7,45.55,10.44,69.79,20,40,Madrid,,40.4168,-3.7038,667,
2024-02-10T04:00:00+00:00,26.44,38.56,11.09,63.9,20,40,Madrid,,40.4168,-3.7038,667,
2024-02-10T05:00:00+00:00,33.86,46.06,10.87,60.75,20,40,Madrid,,40.4168,-3.7038,667,
2024-02-10T06:00:00+00:00,31.76,41.28,12.58,62.36,20,40,Madrid,,40.4168,-3.7038,667,
2024-02-10T07:00:00+00:00,27.3,33.09,11.64,57.64,20,40,Madrid,,40.4168,-3.7038,667,
2024-02-10T08:00:00+00:00,32.63,47.26,12.25,58.39,20,40,Madrid,,40.4168,-3.7038,667,
2024-02-10T09:00:00+00:00,32.27,43.27,11.39,63.42,20,40,Madrid,,40.4168,-3.7038,667,
2024-02-10T10:00:00+00:00,26.78,39.24,9.65,53.74,20,40,Madrid,,40.4168,-3.7038,667,
2024-02-10T11:00:00+00:00,25.82,38.6,10.43,59.84,20,40,Madrid,,40.4168,-3.7038,667,
2024-02-10T12:00:00+00:00,31.63,45.59,8.16,51.78,20,40,Madrid,,40.4168,-3.7038,667,
2024-02-10T13:00:00+00:00,26.06,38.91,6.39,50.07,20,40,Madrid,,40.4168,-3.7038,667,
2024-02-10T14:00:00+00:00,29.78,39.12,7.35,57.28,20,40,Madrid,,40.4168,-3.7038,667,
2024-02-10T15:00:00+00:00,27.64,36.65,4.71,55.83,20,40,Madrid,,40.4168,-3.7038,667,
2024-02-10T16:00:00+00:00,34.37,46.41,3.07,44.61,20,40,Madrid,,40.4168,-3.7038,667,
2024-02-10T17:00:00+00:00,27.45,33.73,3.41,42.25,20,40,Madrid,,40.4168,-3.7038,667,
2024-02-10T18:00:00+00:00,32.38,44.73,3.69,50.86,20,40,Madrid,,40.4168,-3.7038,667,
2024-02-10T19:00:00+00:00,27.55,40.58,3.52,41.5,20,40,Madrid,,40.4168,-3.7038,667,
2024-02-10T20:00:00+00:00,34.53,43.75,4.13,46.75,20,40,Madrid,,40.4168,-3.7038,667,
2024-02-10T21:00:00+00:00,26.62,37.96,5.19,40.31,20,40,Madrid,,40.4168,-3.7038,667,
2024-02-10T22:00:00+00:00,29.58,42.57,5.78,51.86,20,40,Madrid,,40.4168,-3.7038,667,
2024-02-10T23:00:00+00:00,29.14,38.52,7.72,47.22,20,40,Madrid,,40.4168,-3.7038,667,
2024-02-11T00:00:00+00:00,24.66,32.27,8.86,49.41,20,40,Madrid,,40.4168,-3.7038,667,
2024-02-11T01:00:00+00:00,37.26,51.56,8.91,61.88,20,40,Madrid,,40.4168,-3.7038,667,
2024-02-11T02:00:00+00:00,28.03,38.09,10.17,53.13,20,40,Madrid,,40.4168,-3.7038,667,
2024-02-11T03:00:00+00:00,30.08,44.49,11.91,59.25,20,40,Madrid,,40.4168,-3.7038,667,
2024-02-11T04:00:00+00:00,31.59,40.85,12.13,71.05,20,40,Madrid,,40.4168,-3.7038,667,
2024-02-11T05:00:00+00:00,28.57,40.76,12.96,69.55,20,40,Madrid,,40.4168,-3.7038,667,
2024-02-11T06:00:00+00:00,34.5,45.92,12.07,62.38,20,40,Madrid,,40.4168,-3.7038,667,
2024-02-11T07:00:00+00:00,35.12,47.62,12.65,72.35,20,40,Madrid,,40.4168,-3.7038,667,
2024-02-11T08:00:00+00:00,35.59,50.17,11.89,70.09,20,40,Madrid,,40.4168,-3.7038,667,
2024-02-11T09:00:00+00:00,35.42,44.52,10.95,67.76,20,40,Madrid,,40.4168,-3.7038,667,
2024-02-11T10:00:00+00:00,29.18,36.18,9.92,66.45,20,40,Madrid,,40.4168,-3.7038,667,
2024-02-11T11:00:00+00:00,29.57,36.59,9.93,64.05,20,40,Madrid,,40.4168,-3.7038,667,
2024-02-11T12:00:00+00:00,31.65,41.65,7.92,50.9,20,40,Madrid,,40.4168,-3.7038,667,
2024-02-11T13:00:00+00:00,25.31,35.2,5.92,49.75,20,40,Madrid,,40.4168,-3.7038,667,
2024-02-11T14:00:00+00:00,30.78,39.92,5.23,51.65,20,40,Madrid,,40.4168,-3.7038,667,
2024-02-11T15:00:00+00:00,33.24,45.11,6.45,45.71,20,40,Madrid,,40.4168,-3.7038,667,
2024-02-11T16:00:00+00:00,24.55,35.53,5.06,40.12,20,40,Madrid,,40.4168,-3.7038,667,
2024-02-11T17:00:00+00:00,34.48,44.15,2.9,46.48,20,40,Madrid,,40.4168,-3.7038,667,
2024-02-11T18:00:00+00:00,28.87,39.59,4.18,46.32,20,40,Madrid,,40.4168,-3.7038,667,
2024-02-11T19:00:00+00:00,25.67,37.57,3.33,49.62,20,40,Madrid,,40.4168,-3.7038,667,
2024-02-11T20:00:00+00:00,28.45,35.17,4.88,42.4,20,40,Madrid,,40.4168,-3.7038,667,
2024-02-11T21:00:00+00:00,24.06,33.09,6.34,42.99,20,40,Madrid,,40.4168,-3.7038,667,
2024-02-11T22:00:00+00:00,30.49,42.4,6.48,52.77,20,40,Madrid,,40.4168,-3.7038,667,
2024-02-11T23:00:00+00:00,27.96,41.63,6.04,56.15,20,40,Madrid,,40.4168,-3.7038,667,
2024-02-12T00:00:00+00:00,29.98,42.53,6.61,61.53,20,40,Madrid,,40.4168,-3.7038,667,
2024-02-12T01:00:00+00:00,26.66,35.67,7.76,57.98,20,40,Madrid,,40.4168,-3.7038,667,
2024-02-12T02:00:00+00:00,34.9,44.54,10.27,62.52,20,40,Madrid,,40.4168,-3.7038,667,
2024-02-12T03:00:00+00:00,35.12,50.59,10.89,57.51,20,40,Madrid,,40.4168,-3.7038,667,
2024-02-12T04:00:00+00:00,33.7,43.31,12.07,61.94,20,40,Madrid,,40.4168,-3.7038,667,
2024-02-12T05:00:00+00:00,33.72,45.68,11.54,72.4,20,40,Madrid,,40.4168,-3.7038,667,
2024-02-12T06:00:00+00:00,36.5,47.71,11.96,65.92,20,40,Madrid,,40.4168,-3.7038,667,
2024-02-12T07:00:00+00:00,37.64,53.21,12.13,70.99,20,40,Madrid,,40.4168,-3.7038,667,
2024-02-12T08:00:00+00:00,29.88,41.69,11.96,71.55,20,40,Madrid,,40.4168,-3.7038,667,
2024-02-12T09:00:00+00:00,31.83,40.22,11.94,64.73,20,40,Madrid,,40.4168,-3.7038,667,
2024-02-12T10:00:00+00:00,30.67,38.32,9.58,65.06,20,40,Madrid,,40.4168,-3.7038,667,
2024-02-12T11:00:00+00:00,30.47,38.08,10.17,63.83,20,40,Madrid,,40.4168,-3.7038,667,
2024-02-12T12:00:00+00:00,36.77,48.09,9.21,62.02,20,40,Madrid,,40.4168,-3.7038,667,
2024-02-12T13:00:00+00:00,32.79,41.53,5.93,56.45,20,40,Madrid,,40.4168,-3.7038,667,
2024-02-12T14:00:00+00:00,29.76,42.12,6.17,42.18,20,40,Madrid,,40.4168,-3.7038,667,
2024-02-12T15:00:00+00:00,32.47,47.33,3.8,49.97,20,40,Madrid,,40.4168,-3.7038,667,
2024-02-12T16:00:00+00:00,25.42,35.13,5.07,46.35,20,40,Madrid,,40.4168,-3.7038,667,
2024-02-12T17:00:00+00:00,33.31,47.41,4.07,44.78,20,40,Madrid,,40.4168,-3.7038,667,
2024-02-12T18:00:00+00:00,26.65,38.01,4.7,37.81,20,40,Madrid,,40.4168,-3.7038,667,
2024-02-12T19:00:00+00:00,26.53,35.57,5.34,48.84,20,40,Madrid,,40.4168,-3.7038,667,
2024-02-12T20:00:00+00:00,28.41,36.57,3.72,48.69,20,40,Madrid,,40.4168,-3.7038,667,
2024-02-12T21:00:00+00:00,27.61,38.87,6.28,42.61,20,40,Madrid,,40.4168,-3.7038,667,
2024-02-12T22:00:00+00:00,30.08,38.18,5.05,51.46,20,40,Madrid,,40.4168,-3.7038,667,
2024-02-12T23:00:00+00:00,33.45,47.31,6.77,59.99,20,40,Madrid,,40.4168,-3.7038,667,
2024-02-13T00:00:00+00:00,26.33,31.62,8.9,59.76,20,40,Madrid,,40.4168,-3.7038,667,
2024-02-13T01:00:00+00:00,28.61,38.67,8.49,56.8,20,40,Madrid,,40.4168,-3.7038,667,
2024-02-13T02:00:00+00:00,34.18,43.41,10.9,54.96,20,40,Madrid,,40.4168,-3.7038,667,
2024-02-13T03:00:00+00:00,32.09,45.18,10.53,69.98,20,40,Madrid,,40.4168,-3.7038,667,
2024-02-13T04:00:00+00:00,32.77,47.57,12.18,71.2,20,40,Madrid,,40.4168,-3.7038,667,
2024-02-13T05:00:00+00:00,36.31,45.58,10.65,66.49,20,40,Madrid,,40.4168,-3.7038,667,
2024-02-13T06:00:00+00:00,31.82,41.54,13.28,61.23,20,40,Madrid,,40.4168,-3.7038,667,
2024-02-13T07:00:00+00:00,36.04,45.72,12.36,60.7,20,40,Madrid,,40.4168,-3.7038,667,
2024-02-13T08:00:00+00:00,27.68,36.74,10.09,66.0,20,40,Madrid,,40.4168,-3.7038,667,
2024-02-13T09:00:00+00:00,38.3,49.29,9.52,67.05,20,40,Madrid,,40.4168,-3.7038,667,
2024-02-13T10:00:00+00:00,36.54,51.7,8.64,64.48,20,40,Madrid,,40.4168,-3.7038,667,
2024-02-13T11:00:00+00:00,33.44,48.07,9.1,54.05,20,40,Madrid,,40.4168,-3.7038,667,
2024-02-13T12:00:00+00:00,30.71,40.21,7.05,50.42,20,40,Madrid,,40.4168,-3.7038,667,
2024-02-13T13:00:00+00:00,33.59,43.49,6.21,53.79,20,40,Madrid,,40.4168,-3.7038,667,
2024-02-13T14:00:00+00:00,36.49,49.93,5.57,57.09,20,40,Madrid,,40.4168,-3.7038,667,
2024-02-13T15:00:00+00:00,27.53,36.31,5.85,54.26,20,40,Madrid,,40.4168,-3.7038,667,
2024-02-13T16:00:00+00:00,30.85,42.28,4.93,44.62,20,40,Madrid,,40.4168,-3.7038,667,
2024-02-13T17:00:00+00:00,26.59,35.18,4.91,45.17,20,40,Madrid,,40.4168,-3.7038,667,
2024-02-13T18:00:00+00:00,26.87,37.18,4.98,52.19,20,40,Madrid,,40.4168,-3.7038,667,
2024-02-13T19:00:00+00:00,23.77,30.36,4.31,37.82,20,40,Madrid,,40.4168,-3.7038,667,
2024-02-13T20:00:00+00:00,34.88,43.1,5.6,53.6,20,40,Madrid,,40.4168,-3.7038,667,
2024-02-13T21:00:00+00:00,30.72,37.59,3.92,53.51,20,40,Madrid,,40.4168,-3.7038,667,
2024-02-13T22:00:00+00:00,29.54,39.19,5.61,55.73,20,40,Madrid,,40.4168,-3.7038,667,
2024-02-13T23:00:00+00:00,34.07,46.06,6.48,56.19,20,40,Madrid,,40.4168,-3.7038,667,
2024-02-14T00:00:00+00:00,31.32,43.4,7.08,58.87,20,40,Madrid,,40.4168,-3.7038,667,
2024-02-14T01:00:00+00:00,32.87,47.79,10.1,60.75,20,40,Madrid,,40.4168,-3.7038,667,
2024-02-14T02:00:00+00:00,30.11,38.46,10.43,67.77,20,40,Madrid,,40.4168,-3.7038,667,
2024-02-14T03:00:00+00:00,37.8,47.34,11.12,69.39,20,40,Madrid,,40.4168,-3.7038,667,
2024-02-14T04:00:00+00:00,33.96,44.17,12.67,55.94,20,40,Madrid,,40.4168,-3.7038,667,
2024-02-14T05:00:00+00:00,33.92,48.94,12.04,70.87,20,40,Madrid,,40.4168,-3.7038,667,
2024-02-14T06:00:00+00:00,36.43,48.91,11.95,62.08,20,40,Madrid,,40.4168,-3.7038,667,
2024-02-14T07:00:00+00:00,30.84,43.25,12.47,63.36,20,40,Madrid,,40.4168,-3.7038,667,
2024-02-14T08:00:00+00:00,32.6,43.17,11.31,58.89,20,40,Madrid,,40.4168,-3.7038,667,
2024-02-14T09:00:00+00:00,36.4,50.21,10.67,67.36,20,40,Madrid,,40.4168,-3.7038,667,
2024-02-14T10:00:00+00:00,28.82,41.6,11.27,61.2,20,40,Madrid,,40.4168,-3.7038,667,
2024-02-14T11:00:00+00:00,26.8,33.98,8.39,59.3,20,40,Madrid,,40.4168,-3.7038,667,
2024-02-14T12:00:00+00:00,30.85,38.24,7.97,47.68,20,40,Madrid,,40.4168,-3.7038,667,
2024-02-14T13:00:00+00:00,29.56,42.93,6.49,55.32,20,40,Madrid,,40.4168,-3.7038,667,
2024-02-14T14:00:00+00:00,26.65,37.18,7.25,45.58,20,40,Madrid,,40.4168,-3.7038,667,
2024-02-14T15:00:00+00:00,24.47,32.93,3.91,42.09,20,40,Madrid,,40.4168,-3.7038,667,
2024-02-14T16:00:00+00:00,34.35,45.25,3.63,47.58,20,40,Madrid,,40.4168,-3.7038,667,
2024-02-14T17:00:00+00:00,30.1,37.04,4.22,52.65,20,40,Madrid,,40.4168,-3.7038,667,
2024-02-14T18:00:00+00:00,27.48,34.33,2.9,49.86,20,40,Madrid,,40.4168,-3.7038,667,
2024-02-14T19:00:00+00:00,31.1,44.07,2.67,42.37,20,40,Madrid,,40.4168,-3.7038,667,
2024-02-14T20:00:00+00:00,36.69,53.12,5.33,52.4,20,40,Madrid,,40.4168,-3.7038,667,
2024-02-14T21:00:00+00:00,27.41,33.35,6.58,51.33,20,40,Madrid,,40.4168,-3.7038,667,
2024-02-14T22:00:00+00:00,26.77,39.49,7.22,48.28,20,40,Madrid,,40.4168,-3.7038,667,
2024-02-14T23:00:00+00:00,31.22,40.73,5.56,56.28,20,40,Madrid,,40.4168,-3.7038,667,
2024-02-15T00:00:00+00:00,29.64,37.17,7.32,54.76,20,40,Madrid,,40.4168,-3.7038,667,
2024-02-15T01:00:00+00:00,35.37,49.66,9.62,55.71,20,40,Madrid,,40.4168,-3.7038,667,
2024-02-15T02:00:00+00:00,32.68,46.45,8.54,59.39,20,40,Madrid,,40.4168,-3.7038,667,
2024-02-15T03:00:00+00:00,33.84,48.19,11.92,54.83,20,40,Madrid,,40.4168,-3.7038,667,
2024-02-15T04:00:00+00:00,35.79,44.65,10.52,68.5,20,40,Madrid,,40.4168,-3.7038,667,
2024-02-15T05:00:00+00:00,27.12,35.79,13.11,62.09,20,40,Madrid,,40.4168,-3.7038,667,
2024-02-15T06:00:00+00:00,33.68,44.41,12.53,58.27,20,40,Madrid,,40.4168,-3.7038,667,
2024-02-15T07:00:00+00:00,29.5,43.35,11.02,69.7,20,40,Madrid,,40.4168,-3.7038,667,
2024-02-15T08:00:00+00:00,30.74,45.42,11.25,71.34,20,40,Madrid,,40.4168,-3.7038,667,
2024-02-15T09:00:00+00:00,26.5,33.49,12.28,58.35,20,40,Madrid,,40.4168,-3.7038,667,
2024-02-15T10:00:00+00:00,36.73,51.57,10.09,66.2,20,40,Madrid,,40.4168,-3.7038,667,
2024-02-15T11:00:00+00:00,32.0,42.9,8.17,61.38,20,40,Madrid,,40.4168,-3.7038,667,
2024-02-15T12:00:00+00:00,35.96,51.22,9.08,53.23,20,40,Madrid,,40.4168,-3.7038,667,
2024-02-15T13:00:00+00:00,33.83,45.19,8.44,60.07,20,40,Madrid,,40.4168,-3.7038,667,
2024-02-15T14:00:00+00:00,31.86,40.64,7.13,46.72,20,40,Madrid,,40.4168,-3.7038,667,
2024-02-15T15:00:00+00:00,25.8,35.53,6.34,50.44,20,40,Madrid,,40.4168,-3.7038,667,
2024-02-15T16:00:00+00:00,35.09,48.71,3.09,48.12,20,40,Madrid,,40.4168,-3.7038,667,
2024-02-15T17:00:00+00:00,28.02,37.73,3.32,41.96,20,40,Madrid,,40.4168,-3.7038,667,
2024-02-15T18:00:00+00:00,25.3,32.75,4.2,39.79,20,40,Madrid,,40.4168,-3.7038,667,
2024-02-15T19:00:00+00:00,27.91,35.54,4.57,42.55,20,40,Madrid,,40.4168,-3.7038,667,
2024-02-15T20:00:00+00:00,33.32,46.8,3.62,54.12,20,40,Madrid,,40.4168,-3.7038,667,
2024-02-15T21:00:00+00:00,31.61,45.93,5.38,46.37,20,40,Madrid,,40.4168,-3.7038,667,
2024-02-15T22:00:00+00:00,26.77,35.21,6.27,58.0,20,40,Madrid,,40.4168,-3.7038,667,
2024-02-15T23:00:00+00:00,28.14,36.49,6.74,49.25,20,40,Madrid,,40.4168,-3.7038,667,
2024-02-16T00:00:00+00:00,27.53,35.24,7.01,57.56,20,40,Madrid,,40.4168,-3.7038,667,
2024-02-16T01:00:00+00:00,27.93,41.64,7.75,65.49,20,40,Madrid,,40.4168,-3.7038,667,
2024-02-16T02:00:00+00:00,33.17,46.86,9.55,52.71,20,40,Madrid,,40.4168,-3.7038,667,
2024-02-16T03:00:00+00:00,33.82,44.45,11.25,64.02,20,40,Madrid,,40.4168,-3.7038,667,
2024-02-16T04:00:00+00:00,26.65,36.68,10.22,56.04,20,40,Madrid,,40.4168,-3.7038,667,
2024-02-16T05:00:00+00:00,33.0,42.61,11.11,60.72,20,40,Madrid,,40.4168,-3.7038,667,
2024-02-16T06:00:00+00:00,30.16,40.66,12.1,66.95,20,40,Madrid,,40.4168,-3.7038,667,
2024-02-16T07:00:00+00:00,35.03,46.98,12.49,62.93,20,40,Madrid,,40.4168,-3.7038,667,
2024-02-16T08:00:00+00:00,31.14,43.96,10.89,68.12,20,40,Madrid,,40.4168,-3.7038,667,
2024-02-16T09:00:00+00:00,25.43,33.5,10.93,56.13,20,40,Madrid,,40.4168,-3.7038,667,
2024-02-16T10:00:00+00:00,33.17,46.65,9.24,57.01,20,40,Madrid,,40.4168,-3.7038,667,
2024-02-16T11:00:00+00:00,31.3,45.22,9.73,52.64,20,40,Madrid,,40.4168,-3.7038,667,
2024-02-16T12:00:00+00:00,35.61,46.48,6.89,58.18,20,40,Madrid,,40.4168,-3.7038,667,
2024-02-16T13:00:00+00:00,35.76,45.05,7.17,52.02,20,40,Madrid,,40.4168,-3.7038,667,
2024-02-16T14:00:00+00:00,29.97,43.35,4.81,54.03,20,40,Madrid,,40.4168,-3.7038,667,
2024-02-16T15:00:00+00:00,33.4,47.47,5.84,49.32,20,40,Madrid,,40.4168,-3.7038,667,
2024-02-16T16:00:00+00:00,26.09,33.64,5.34,51.13,20,40,Madrid,,40.4168,-3.7038,667,
2024-02-16T17:00:00+00:00,36.13,52.67,3.93,49.68,20,40,Madrid,,40.4168,-3.7038,667,
2024-02-16T18:00:00+00:00,33.9,42.15,4.76,46.79,20,40,Madrid,,40.4168,-3.7038,667,
2024-02-16T19:00:00+00:00,32.73,44.56,5.26,51.36,20,40,Madrid,,40.4168,-3.7038,667,
2024-02-16T20:00:00+00:00,29.83,36.79,4.62,47.76,20,40,Madrid,,40.4168,-3.7038,667,
2024-02-16T21:00:00+00:00,35.22,48.03,5.75,50.2,20,40,Madrid,,40.4168,-3.7038,667,
2024-02-16T22:00:00+00:00,30.08,37.92,6.18,47.73,20,40,Madrid,,40.4168,-3.7038,667,
2024-02-16T23:00:00+00:00,34.58,49.05,7.32,50.24,20,40,Madrid,,40.4168,-3.7038,667,
2024-02-17T00:00:00+00:00,34.65,48.68,8.16,60.66,20,40,Madrid,,40.4168,-3.7038,667,
2024-02-17T01:00:00+00:00,26.72,36.8,8.59,52.65,20,40,Madrid,,40.4168,-3.7038,667,
2024-02-17T02:00:00+00:00,33.92,47.67,11.37,52.25,20,40,Madrid,,40.4168,-3.7038,667,
2024-02-17T03:00:00+00:00,34.5,46.35,11.19,64.83,20,40,Madrid,,40.4168,-3.7038,667,
2024-02-17T04:00:00+00:00,31.63,45.9,12.85,66.12,20,40,Madrid,,40.4168,-3.7038,667,
2024-02-17T05:00:00+00:00,31.41,42.05,13.13,68.67,20,40,Madrid,,40.4168,-3.7038,667,
2024-02-17T06:00:00+00:00,37.66,53.81,13.2,71.74,20,40,Madrid,,40.4168,-3.7038,667,
2024-02-17T07:00:00+00:00,27.88,35.74,10.53,57.81,20,40,Madrid,,40.4168,-3.7038,667,
2024-02-17T08:00:00+00:00,32.45,44.83,12.77,65.63,20,40,Madrid,,40.4168,-3.7038,667,
2024-02-17T09:00:00+00:00,33.68,45.44,12.14,68.96,20,40,Madrid,,40.4168,-3.7038,667,
2024-02-17T10:00:00+00:00,28.05,36.95,9.13,63.27,20,40,Madrid,,40.4168,-3.7038,667,
2024-02-17T11:00:00+00:00,30.13,36.93,8.28,53.19,20,40,Madrid,,40.4168,-3.7038,667,
2024-02-17T12:00:00+00:00,34.34,42.41,8.62,53.83,20,40,Madrid,,40.4168,-3.7038,667,
2024-02-17T13:00:00+00:00,31.12,41.56,7.71,57.32,20,40,Madrid,,40.4168,-3.7038,667,
2024-02-17T14:00:00+00:00,30.62,43.0,6.06,49.21,20,40,Madrid,,40.4168,-3.7038,667,
2024-02-17T15:00:00+00:00,34.11,42.19,6.04,46.27,20,40,Madrid,,40.4168,-3.7038,667,
2024-02-17T16:00:00+00:00,31.22,39.77,5.92,48.13,20,40,Madrid,,40.4168,-3.7038,667,
2024-02-17T17:00:00+00:00,31.86,43.33,5.52,40.01,20,40,Madrid,,40.4168,-3.7038,667,
2024-02-17T18:00:00+00:00,30.23,39.85,4.93,39.86,20,40,Madrid,,40.4168,-3.7038,667,
2024-02-17T19:00:00+00:00,35.19,51.26,4.69,50.24,20,40,Madrid,,40.4168,-3.7038,667,
2024-02-17T20:00:00+00:00,27.68,35.71,5.09,49.1,20,40,Madrid,,40.4168,-3.7038,667,
2024-02-17T21:00:00+00:00,33.75,41.64,4.03,52.5,20,40,Madrid,,40.4168,-3.7038,667,
2024-02-17T22:00:00+00:00,28.27,41.25,4.88,55.45,20,40,Madrid,,40.4168,-3.7038,667,
2024-02-17T23:00:00+00:00,33.43,41.17,7.53,60.2,20,40,Madrid,,40.4168,-3.7038,667,
2024-02-18T00:00:00+00:00,25.77,35.82,7.1,48.76,20,40,Madrid,,40.4168,-3.7038,667,
2024-02-18T01:00:00+00:00,32.37,46.07,10.25,60.96,20,40,Madrid,,40.4168,-3.7038,667,
2024-02-18T02:00:00+00:00,33.9,44.9,11.1,54.72,20,40,Madrid,,40.4168,-3.7038,667,
2024-02-18T03:00:00+00:00,26.44,38.68,12.31,64.74,20,40,Madrid,,40.4168,-3.7038,667,
2024-02-18T04:00:00+00:00,27.64,40.7,11.7,66.85,20,40,Madrid,,40.4168,-3.7038,667,
2024-02-18T05:00:00+00:00,34.63,50.65,10.52,67.85,20,40,Madrid,,40.4168,-3.7038,667,
2024-02-18T06:00:00+00:00,27.59,33.42,13.24,61.67,20,40,Madrid,,40.4168,-3.7038,667,
2024-02-18T07:00:00+00:00,30.37,39.75,12.22,56.83,20,40,Madrid,,40.4168,-3.7038,667,
2024-02-18T08:00:00+00:00,30.3,39.44,11.72,64.68,20,40,Madrid,,40.4168,-3.7038,667,
2024-02-18T09:00:00+00:00,27.98,39.0,11.63,54.23,20,40,Madrid,,40.4168,-3.7038,667,
2024-02-18T10:00:00+00:00,35.27,44.06,10.07,52.94,20,40,Madrid,,40.4168,-3.7038,667,
2024-02-18T11:00:00+00:00,33.75,48.28,7.89,61.81,20,40,Madrid,,40.4168,-3.7038,667,
2024-02-18T12:00:00+00:00,30.99,42.81,8.77,48.42,20,40,Madrid,,40.4168,-3.7038,667,
2024-02-18T13:00:00+00:00,29.39,41.98,6.69,54.19,20,40,Madrid,,40.4168,-3.7038,667,
2024-02-18T14:00:00+00:00,24.14,33.46,6.45,45.02,20,40,Madrid,,40.4168,-3.7038,667,
2024-02-18T15:00:00+00:00,29.2,42.2,5.47,44.34,20,40,Madrid,,40.4168,-3.7038,667,
2024-02-18T16:00:00+00:00,25.36,35.66,3.81,47.57,20,40,Madrid,,40.4168,-3.7038,667,
2024-02-18T17:00:00+00:00,32.0,39.39,4.74,42.02,20,40,Madrid,,40.4168,-3.7038,667,
2024-02-18T18:00:00+00:00,25.94,33.06,4.16,49.71,20,40,Madrid,,40.4168,-3.7038,667,
2024-02-18T19:00:00+00:00,27.52,39.77,4.76,50.11,20,40,Madrid,,40.4168,-3.7038,667,
2024-02-18T20:00:00+00:00,25.67,38.5,4.06,51.16,20,40,Madrid,,40.4168,-3.7038,667,
2024-02-18T21:00:00+00:00,30.78,42.74,6.1,53.81,20,40,Madrid,,40.4168,-3.7038,667,
2024-02-18T22:00:00+00:00,33.46,43.14,7.38,53.36,20,40,Madrid,,40.4168,-3.7038,667,
2024-02-18T23:00:00+00:00,36.68,50.19,7.07,58.19,20,40,Madrid,,40.4168,-3.7038,667,
2024-02-19T00:00:00+00:00,33.57,47.92,8.15,58.9,20,40,Madrid,,40.4168,-3.7038,667,
2024-02-19T01:00:00+00:00,34.96,46.11,8.37,60.08,20,40,Madrid,,40.4168,-3.7038,667,
2024-02-19T02:00:00+00:00,27.18,34.84,11.46,64.47,20,40,Madrid,,40.4168,-3.7038,667,
2024-02-19T03:00:00+00:00,33.72,46.77,12.01,59.51,20,40,Madrid,,40.4168,-3.7038,667,
2024-02-19T04:00:00+00:00,32.93,46.71,10.81,62.95,20,40,Madrid,,40.4168,-3.7038,667,
2024-02-19T05:00:00+00:00,29.67,36.62,12.89,59.53,20,40,Madrid,,40.4168,-3.7038,667,
2024-02-19T06:00:00+00:00,26.9,37.58,11.94,61.1,20,40,Madrid,,40.4168,-3.7038,667,
2024-02-19T07:00:00+00:00,34.72,43.02,12.46,61.39,20,40,Madrid,,40.4168,-3.7038,667,
2024-02-19T08:00:00+00:00,26.27,31.51,11.34,57.73,20,40,Madrid,,40.4168,-3.7038,667,
2024-02-19T09:00:00+00:00,31.54,43.11,11.94,59.37,20,40,Madrid,,40.4168,-3.7038,667,
2024-02-19T10:00:00+00:00,35.13,46.84,9.76,60.8,20,40,Madrid,,40.4168,-3.7038,667,
2024-02-19T11:00:00+00:00,27.09,37.77,8.6,64.76,20,40,Madrid,,40.4168,-3.7038,667,
2024-02-19T12:00:00+00:00,25.32,33.0,6.65,47.45,20,40,Madrid,,40.4168,-3.7038,667,
2024-02-19T13:00:00+00:00,28.42,41.79,7.24,59.75,20,40,Madrid,,40.4168,-3.7038,667,
2024-02-19T14:00:00+00:00,35.95,46.8,6.33,49.19,20,40,Madrid,,40.4168,-3.7038,667,
2024-02-19T15:00:00+00:00,34.99,45.24,5.48,50.05,20,40,Madrid,,40.4168,-3.7038,667,
2024-02-19T16:00:00+00:00,31.2,45.52,3.85,48.64,20,40,Madrid,,40.4168,-3.7038,667,
2024-02-19T17:00:00+00:00,35.1,45.59,3.45,48.82,20,40,Madrid,,40.4168,-3.7038,667,
2024-02-19T18:00:00+00:00,34.76,49.07,5.32,46.56,20,40,Madrid,,40.4168,-3.7038,667,
2024-02-19T19:00:00+00:00,29.91,43.42,3.6,43.26,20,40,Madrid,,40.4168,-3.7038,667,
2024-02-19T20:00:00+00:00,36.36,49.87,4.04,51.87,20,40,Madrid,,40.4168,-3.7038,667,
2024-02-19T21:00:00+00:00,29.79,36.75,4.27,51.22,20,40,Madrid,,40.4168,-3.7038,667,
2024-02-19T22:00:00+00:00,31.86,41.94,6.49,42.97,20,40,Madrid,,40.4168,-3.7038,667,
2024-02-19T23:00:00+00:00,31.28,39.38,5.8,47.0,20,40,Madrid,,40.4168,-3.7038,667,
2024-02-20T00:00:00+00:00,28.68,34.82,8.93,48.73,20,40,Madrid,,40.4168,-3.7038,667,
2024-02-20T01:00:00+00:00,28.19,40.07,8.82,64.2,20,40,Madrid,,40.4168,-3.7038,667,
2024-02-20T02:00:00+00:00,36.66,46.86,9.9,61.43,20,40,Madrid,,40.4168,-3.7038,667,
2024-02-20T03:00:00+00:00,37.07,51.4,12.25,64.11,20,40,Madrid,,40.4168,-3.7038,667,
2024-02-20T04:00:00+00:00,33.99,42.51,11.82,56.57,20,40,Madrid,,40.4168,-3.7038,667,
2024-02-20T05:00:00+00:00,35.21,46.92,12.03,67.59,20,40,Madrid,,40.4168,-3.7038,667,
2024-02-20T06:00:00+00:00,28.99,41.26,12.47,60.39,20,40,Madrid,,40.4168,-3.7038,667,
2024-02-20T07:00:00+00:00,38.43,49.07,11.49,69.94,20,40,Madrid,,40.4168,-3.7038,667,
2024-02-20T08:00:00+00:00,35.35,46.29,11.59,59.05,20,40,Madrid,,40.4168,-3.7038,667,
2024-02-20T09:00:00+00:00,34.89,43.67,10.86,57.87,20,40,Madrid,,40.4168,-3.7038,667,
2024-02-20T10:00:00+00:00,27.72,35.34,10.86,53.8,20,40,Madrid,,40.4168,-3.7038,667,
2024-02-20T11:00:00+00:00,28.67,42.1,8.92,52.53,20,40,Madrid,,40.4168,-3.7038,667,
2024-02-20T12:00:00+00:00,29.64,36.15,8.8,48.5,20,40,Madrid,,40.4168,-3.7038,667,
2024-02-20T13:00:00+00:00,30.29,44.11,5.69,47.91,20,40,Madrid,,40.4168,-3.7038,667,
2024-02-20T14:00:00+00:00,30.9,45.23,5.6,45.11,20,40,Madrid,,40.4168,-3.7038,667,
2024-02-20T15:00:00+00:00,24.85,33.58,6.48,43.05,20,40,Madrid,,40.4168,-3.7038,667,
2024-02-20T16:00:00+00:00,25.64,34.5,3.4,47.95,20,40,Madrid,,40.4168,-3.7038,667,
2024-02-20T17:00:00+00:00,29.09,40.33,2.87,40.93,20,40,Madrid,,40.4168,-3.7038,667,
2024-02-20T18:00:00+00:00,31.62,41.26,3.76,41.62,20,40,Madrid,,40.4168,-3.7038,667,
2024-02-20T19:00:00+00:00,36.6,46.15,2.65,52.25,20,40,Madrid,,40.4168,-3.7038,667,
2024-02-20T20:00:00+00:00,30.04,40.85,5.91,49.81,20,40,Madrid,,40.4168,-3.7038,667,
2024-02-20T21:00:00+00:00,32.57,42.48,6.33,42.5,20,40,Madrid,,40.4168,-3.7038,667,
2024-02-20T22:00:00+00:00,29.47,40.27,6.64,57.2,20,40,Madrid,,40.4168,-3.7038,667,
2024-02-20T23:00:00+00:00,28.16,36.98,5.65,60.18,20,40,Madrid,,40.4168,-3.7038,667,
2024-02-21T00:00:00+00:00,32.87,44.8,8.4,58.69,20,40,Madrid,,40.4168,-3.7038,667,
2024-02-21T01:00:00+00:00,37.02,50.17,8.13,65.39,20,40,Madrid,,40.4168,-3.7038,667,
2024-02-21T02:00:00+00:00,36.86,53.21,9.53,64.8,20,40,Madrid,,40.4168,-3.7038,667,
2024-02-21T03:00:00+00:00,32.9,41.99,11.85,69.86,20,40,Madrid,,40.4168,-3.7038,667,
2024-02-21T04:00:00+00:00,37.01,50.37,10.34,64.24,20,40,Madrid,,40.4168,-3.7038,667,
2024-02-21T05:00:00+00:00,27.48,37.92,13.05,70.61,20,40,Madrid,,40.4168,-3.7038,667,
2024-02-21T06:00:00+00:00,33.12,43.3,13.13,60.07,20,40,Madrid,,40.4168,-3.7038,667,
2024-02-21T07:00:00+00:00,30.44,44.08,11.11,57.34,20,40,Madrid,,40.4168,-3.7038,667,
2024-02-21T08:00:00+00:00,30.15,41.79,10.03,57.42,20,40,Madrid,,40.4168,-3.7038,667,
2024-02-21T09:00:00+00:00,36.27,51.53,11.85,61.71,20,40,Madrid,,40.4168,-3.7038,667,
2024-02-21T10:00:00+00:00,26.16,31.53,10.07,57.94,20,40,Madrid,,40.4168,-3.7038,667,
2024-02-21T11:00:00+00:00,26.25,35.79,9.48,51.21,20,40,Madrid,,40.4168,-3.7038,667,
2024-02-21T12:00:00+00:00,32.62,45.13,8.34,57.39,20,40,Madrid,,40.4168,-3.7038,667,
2024-02-21T13:00:00+00:00,36.45,52.08,7.12,56.46,20,40,Madrid,,40.4168,-3.7038,667,
2024-02-21T14:00:00+00:00,34.18,45.95,7.22,47.53,20,40,Madrid,,40.4168,-3.7038,667,
2024-02-21T15:00:00+00:00,29.63,40.72,4.1,53.36,20,40,Madrid,,40.4168,-3.7038,667,
2024-02-21T16:00:00+00:00,29.89,43.24,3.63,44.99,20,40,Madrid,,40.4168,-3.7038,667,
2024-02-21T17:00:00+00:00,29.83,38.74,3.36,45.64,20,40,Madrid,,40.4168,-3.7038,667,
2024-02-21T18:00:00+00:00,32.28,40.47,4.95,47.83,20,40,Madrid,,40.4168,-3.7038,667,
2024-02-21T19:00:00+00:00,27.03,35.26,4.0,44.6,20,40,Madrid,,40.4168,-3.7038,667,
2024-02-21T20:00:00+00:00,32.91,44.57,4.26,46.45,20,40,Madrid,,40.4168,-3.7038,667,
2024-02-21T21:00:00+00:00,32.73,41.86,5.68,53.57,20,40,Madrid,,40.4168,-3.7038,667,
2024-02-21T22:00:00+00:00,34.0,45.75,4.77,54.18,20,40,Madrid,,40.4168,-3.7038,667,
2024-02-21T23:00:00+00:00,32.29,40.43,7.35,48.47,20,40,Madrid,,40.4168,-3.7038,667,
2024-02-22T00:00:00+00:00,25.87,31.94,8.54,52.48,20,40,Madrid,,40.4168,-3.7038,667,
2024-02-22T01:00:00+00:00,33.0,42.36,8.13,53.93,20,40,Madrid,,40.4168,-3.7038,667,
2024-02-22T02:00:00+00:00,36.02,48.31,9.67,63.7,20,40,Madrid,,40.4168,-3.7038,667,
2024-02-22T03:00:00+00:00,34.81,48.28,11.56,66.92,20,40,Madrid,,40.4168,-3.7038,667,
2024-02-22T04:00:00+00:00,33.83,44.59,12.7,66.24,20,40,Madrid,,40.4168,-3.7038,667,
2024-02-22T05:00:00+00:00,32.91,43.82,10.89,68.35,20,40,Madrid,,40.4168,-3.7038,667,
2024-02-22T06:00:00+00:00,28.04,34.08,12.99,61.32,20,40,Madrid,,40.4168,-3.7038,667,
2024-02-22T07:00:00+00:00,28.01,36.85,12.44,69.45,20,40,Madrid,,40.4168,-3.7038,667,
2024-02-22T08:00:00+00:00,29.17,37.71,11.1,61.26,20,40,Madrid,,40.4168,-3.7038,667,
2024-02-22T09:00:00+00:00,29.82,41.77,10.4,65.54,20,40,Madrid,,40.4168,-3.7038,667,
2024-02-22T10:00:00+00:00,33.29,47.46,10.96,61.46,20,40,Madrid,,40.4168,-3.7038,667,
2024-02-22T11:00:00+00:00,35.65,46.44,9.81,59.32,20,40,Madrid,,40.4168,-3.7038,667,
2024-02-22T12:00:00+00:00,28.57,39.73,7.59,55.84,20,40,Madrid,,40.4168,-3.7038,667,
2024-02-22T13:00:00+00:00,28.0,38.37,7.22,55.85,20,40,Madrid,,40.4168,-3.7038,667,
2024-02-22T14:00:00+00:00,33.89,44.81,6.6,50.75,20,40,Madrid,,40.4168,-3.7038,667,
2024-02-22T15:00:00+00:00,29.74,40.7,6.05,40.67,20,40,Madrid,,40.4168,-3.7038,667,
2024-02-22T16:00:00+00:00,23.51,30.75,5.34,38.43,20,40,Madrid,,40.4168,-3.7038,667,
2024-02-22T17:00:00+00:00,27.92,36.2,4.88,51.82,20,40,Madrid,,40.4168,-3.7038,667,
2024-02-22T18:00:00+00:00,27.7,34.5,5.28,43.55,20,40,Madrid,,40.4168,-3.7038,667,
2024-02-22T19:00:00+00:00,24.71,31.68,3.12,37.34,20,40,Madrid,,40.4168,-3.7038,667,
2024-02-22T20:00:00+00:00,25.42,36.57,5.45,41.67,20,40,Madrid,,40.4168,-3.7038,667,
2024-02-22T21:00:00+00:00,32.91,43.18,6.46,50.61,20,40,Madrid,,40.4168,-3.7038,667,
2024-02-22T22:00:00+00:00,28.84,41.17,4.67,43.95,20,40,Madrid,,40.4168,-3.7038,667,
2024-02-22T23:00:00+00:00,35.93,47.41,6.51,49.43,20,40,Madrid,,40.4168,-3.7038,667,
2024-02-23T00:00:00+00:00,30.95,42.47,7.68,58.78,20,40,Madrid,,40.4168,-3.7038,667,
2024-02-23T01:00:00+00:00,34.73,50.47,7.89,55.34,20,40,Madrid,,40.4168,-3.7038,667,
2024-02-23T02:00:00+00:00,29.6,38.53,8.94,63.24,20,40,Madrid,,40.4168,-3.7038,667,
2024-02-23T03:00:00+00:00,31.02,45.24,10.55,64.13,20,40,Madrid,,40.4168,-3.7038,667,
2024-02-23T04:00:00+00:00,31.61,41.44,10.44,55.71,20,40,Madrid,,40.4168,-3.7038,667,
2024-02-23T05:00:00+00:00,27.68,35.8,11.42,57.16,20,40,Madrid,,40.4168,-3.7038,667,
2024-02-23T06:00:00+00:00,30.98,42.55,11.55,62.5,20,40,Madrid,,40.4168,-3.7038,667,
2024-02-23T07:00:00+00:00,34.56,48.57,12.13,60.58,20,40,Madrid,,40.4168,-3.7038,667,
2024-02-23T08:00:00+00:00,37.81,48.27,10.43,71.22,20,40,Madrid,,40.4168,-3.7038,667,
2024-02-23T09:00:00+00:00,24.8,32.91,11.8,55.32,20,40,Madrid,,40.4168,-3.7038,667,
2024-02-23T10:00:00+00:00,34.17,48.43,9.81,59.9,20,40,Madrid,,40.4168,-3.7038,667,
2024-02-23T11:00:00+00:00,32.24,43.94,8.03,52.65,20,40,Madrid,,40.4168,-3.7038,667,
2024-02-23T12:00:00+00:00,35.5,45.28,6.94,51.17,20,40,Madrid,,40.4168,-3.7038,667,
2024-02-23T13:00:00+00:00,30.49,42.51,7.36,46.19,20,40,Madrid,,40.4168,-3.7038,667,
2024-02-23T14:00:00+00:00,25.79,31.21,6.92,48.89,20,40,Madrid,,40.4168,-3.7038,667,
2024-02-23T15:00:00+00:00,32.85,42.55,5.6,52.85,20,40,Madrid,,40.4168,-3.7038,667,
2024-02-23T16:00:00+00:00,34.48,43.07,5.13,44.4,20,40,Madrid,,40.4168,-3.7038,667,
2024-02-23T17:00:00+00:00,33.96,45.62,5.53,47.59,20,40,Madrid,,40.4168,-3.7038,667,
2024-02-23T18:00:00+00:00,28.25,37.42,3.71,50.63,20,40,Madrid,,40.4168,-3.7038,667,
2024-02-23T19:00:00+00:00,34.05,45.08,4.11,52.84,20,40,Madrid,,40.4168,-3.7038,667,
2024-02-23T20:00:00+00:00,28.05,35.76,3.85,39.47,20,40,Madrid,,40.4168,-3.7038,667,
2024-02-23T21:00:00+00:00,24.73,34.64,6.46,46.67,20,40,Madrid,,40.4168,-3.7038,667,
2024-02-23T22:00:00+00:00,33.9,46.61,7.4,57.35,20,40,Madrid,,40.4168,-3.7038,667,
2024-02-23T23:00:00+00:00,33.79,44.94,7.95,52.85,20,40,Madrid,,40.4168,-3.7038,667,
2024-02-24T00:00:00+00:00,34.61,47.3,8.51,54.79,20,40,Madrid,,40.4168,-3.7038,667,
2024-02-24T01:00:00+00:00,36.26,50.53,10.28,55.46,20,40,Madrid,,40.4168,-3.7038,667,
2024-02-24T02:00:00+00:00,31.54,42.2,9.96,60.21,20,40,Madrid,,40.4168,-3.7038,667,
2024-02-24T03:00:00+00:00,36.01,44.9,11.73,62.21,20,40,Madrid,,40.4168,-3.7038,667,
2024-02-24T04:00:00+00:00,37.58,48.11,10.84,66.44,20,40,Madrid,,40.4168,-3.7038,667,
2024-02-24T05:00:00+00:00,37.9,50.35,10.79,70.67,20,40,Madrid,,40.4168,-3.7038,667,
2024-02-24T06:00:00+00:00,27.99,39.26,11.03,64.86,20,40,Madrid,,40.4168,-3.7038,667,
2024-02-24T07:00:00+00:00,30.91,38.3,11.9,70.95,20,40,Madrid,,40.4168,-3.7038,667,
2024-02-24T08:00:00+00:00,35.39,49.87,11.04,63.52,20,40,Madrid,,40.4168,-3.7038,667,
2024-02-24T09:00:00+00:00,29.97,40.62,11.48,68.86,20,40,Madrid,,40.4168,-3.7038,667,
2024-02-24T10:00:00+00:00,28.0,34.39,10.2,52.74,20,40,Madrid,,40.4168,-3.7038,667,
2024-02-24T11:00:00+00:00,34.35,49.77,9.18,51.11,20,40,Madrid,,40.4168,-3.7038,667,
2024-02-24T12:00:00+00:00,30.36,38.57,8.71,57.8,20,40,Madrid,,40.4168,-3.7038,667,
2024-02-24T13:00:00+00:00,28.54,35.7,8.38,52.38,20,40,Madrid,,40.4168,-3.7038,667,
2024-02-24T14:00:00+00:00,25.54,38.42,6.85,49.7,20,40,Madrid,,40.4168,-3.7038,667,
2024-02-24T15:00:00+00:00,31.01,42.37,5.82,55.78,20,40,Madrid,,40.4168,-3.7038,667,
2024-02-24T16:00:00+00:00,34.23,49.98,3.2,42.15,20,40,Madrid,,40.4168,-3.7038,667,
2024-02-24T17:00:00+00:00,31.06,38.22,5.36,48.38,20,40,Madrid,,40.4168,-3.7038,667,
2024-02-24T18:00:00+00:00,31.37,45.96,3.48,44.08,20,40,Madrid,,40.4168,-3.7038,667,
2024-02-24T19:00:00+00:00,26.62,34.59,4.14,53.14,20,40,Madrid,,40.4168,-3.7038,667,
2024-02-24T20:00:00+00:00,27.55,41.11,5.58,46.89,20,40,Madrid,,40.4168,-3.7038,667,
2024-02-24T21:00:00+00:00,31.36,45.64,5.23,52.46,20,40,Madrid,,40.4168,-3.7038,667,
2024-02-24T22:00:00+00:00,23.58,32.8,7.3,42.5,20,40,Madrid,,40.4168,-3.7038,667,
2024-02-24T23:00:00+00:00,28.75,36.05,7.93,52.66,20,40,Madrid,,40.4168,-3.7038,667,
2024-02-25T00:00:00+00:00,32.61,46.91,8.13,48.16,20,40,Madrid,,40.4168,-3.7038,667,
2024-02-25T01:00:00+00:00,28.65,36.4,7.93,57.38,20,40,Madrid,,40.4168,-3.7038,667,
2024-02-25T02:00:00+00:00,31.96,40.4,9.16,56.53,20,40,Madrid,,40.4168,-3.7038,667,
2024-02-25T03:00:00+00:00,31.04,41.14,10.41,66.7,20,40,Madrid,,40.4168,-3.7038,667,
2024-02-25T04:00:00+00:00,28.79,38.12,11.69,67.55,20,40,Madrid,,40.4168,-3.7038,667,
2024-02-25T05:00:00+00:00,31.61,41.92,11.5,63.71,20,40,Madrid,,40.4168,-3.7038,667,
2024-02-25T06:00:00+00:00,31.04,38.8,11.91,60.24,20,40,Madrid,,40.4168,-3.7038,667,
2024-02-25T07:00:00+00:00,29.58,37.95,11.36,62.91,20,40,Madrid,,40.4168,-3.7038,667,
2024-02-25T08:00:00+00:00,30.11,42.63,10.89,61.49,20,40,Madrid,,40.4168,-3.7038,667,
2024-02-25T09:00:00+00:00,36.52,48.69,10.82,58.08,20,40,Madrid,,40.4168,-3.7038,667,
2024-02-25T10:00:00+00:00,27.27,40.44,11.46,57.74,20,40,Madrid,,40.4168,-3.7038,667,
2024-02-25T11:00:00+00:00,28.95,38.27,9.41,50.87,20,40,Madrid,,40.4168,-3.7038,667,
2024-02-25T12:00:00+00:00,33.41,43.5,8.41,56.66,20,40,Madrid,,40.4168,-3.7038,667,
2024-02-25T13:00:00+00:00,32.32,40.62,6.88,53.16,20,40,Madrid,,40.4168,-3.7038,667,
2024-02-25T14:00:00+00:00,30.48,37.57,5.09,50.32,20,40,Madrid,,40.4168,-3.7038,667,
2024-02-25T15:00:00+00:00,29.44,36.69,6.57,53.16,20,40,Madrid,,40.4168,-3.7038,667,
2024-02-25T16:00:00+00:00,26.85,37.69,5.81,47.7,20,40,Madrid,,40.4168,-3.7038,667,
2024-02-25T17:00:00+00:00,27.32,37.88,4.72,44.44,20,40,Madrid,,40.4168,-3.7038,667,
2024-02-25T18:00:00+00:00,26.52,36.32,4.93,44.26,20,40,Madrid,,40.4168,-3.7038,667,
2024-02-25T19:00:00+00:00,28.84,41.01,5.29,51.97,20,40,Madrid,,40.4168,-3.7038,667,
2024-02-25T20:00:00+00:00,24.96,31.04,3.6,39.0,20,40,Madrid,,40.4168,-3.7038,667,
2024-02-25T21:00:00+00:00,26.38,36.14,6.3,54.98,20,40,Madrid,,40.4168,-3.7038,667,
2024-02-25T22:00:00+00:00,32.38,47.69,7.1,53.83,20,40,Madrid,,40.4168,-3.7038,667,
2024-02-25T23:00:00+00:00,33.41,44.3,7.06,48.55,20,40,Madrid,,40.4168,-3.7038,667,
2024-02-26T00:00:00+00:00,32.83,40.76,7.72,61.4,20,40,Madrid,,40.4168,-3.7038,667,
2024-02-26T01:00:00+00:00,30.74,41.87,8.35,63.72,20,40,Madrid,,40.4168,-3.7038,667,
2024-02-26T02:00:00+00:00,33.37,43.91,9.81,53.29,20,40,Madrid,,40.4168,-3.7038,667,
2024-02-26T03:00:00+00:00,32.54,44.73,11.66,68.04,20,40,Madrid,,40.4168,-3.7038,667,
2024-02-26T04:00:00+00:00,28.71,38.67,12.62,61.8,20,40,Madrid,,40.4168,-3.7038,667,
2024-02-26T05:00:00+00:00,34.43,47.97,10.78,69.62,20,40,Madrid,,40.4168,-3.7038,667,
2024-02-26T06:00:00+00:00,28.62,34.69,10.88,66.76,20,40,Madrid,,40.4168,-3.7038,667,
2024-02-26T07:00:00+00:00,33.21,46.16,12.79,62.12,20,40,Madrid,,40.4168,-3.7038,667,
2024-02-26T08:00:00+00:00,27.69,38.79,11.31,63.39,20,40,Madrid,,40.4168,-3.7038,667,
2024-02-26T09:00:00+00:00,33.34,42.38,10.29,59.53,20,40,Madrid,,40.4168,-3.7038,667,
2024-02-26T10:00:00+00:00,35.34,48.77,10.62,53.27,20,40,Madrid,,40.4168,-3.7038,667,
2024-02-26T11:00:00+00:00,29.59,43.07,7.74,51.21,20,40,Madrid,,40.4168,-3.7038,667,
2024-02-26T12:00:00+00:00,34.58,50.56,9.11,55.03,20,40,Madrid,,40.4168,-3.7038,667,
2024-02-26T13:00:00+00:00,27.71,34.09,6.24,46.33,20,40,Madrid,,40.4168,-3.7038,667,
2024-02-26T14:00:00+00:00,26.1,32.85,5.17,53.05,20,40,Madrid,,40.4168,-3.7038,667,
2024-02-26T15:00:00+00:00,34.21,43.66,5.21,47.78,20,40,Madrid,,40.4168,-3.7038,667,
2024-02-26T16:00:00+00:00,29.7,43.66,5.73,41.19,20,40,Madrid,,40.4168,-3.7038,667,
2024-02-26T17:00:00+00:00,34.51,44.84,3.26,42.89,20,40,Madrid,,40.4168,-3.7038,667,
2024-02-26T18:00:00+00:00,27.27,34.3,2.81,40.94,20,40,Madrid,,40.4168,-3.7038,667,
2024-02-26T19:00:00+00:00,31.45,45.8,4.27,50.26,20,40,Madrid,,40.4168,-3.7038,667,
2024-02-26T20:00:00+00:00,28.11,39.64,3.54,46.23,20,40,Madrid,,40.4168,-3.7038,667,
2024-02-26T21:00:00+00:00,28.77,41.99,4.87,51.27,20,40,Madrid,,40.4168,-3.7038,667,
2024-02-26T22:00:00+00:00,33.81,44.75,6.55,46.66,20,40,Madrid,,40.4168,-3.7038,667,
2024-02-26T23:00:00+00:00,33.21,41.8,7.45,51.83,20,40,Madrid,,40.4168,-3.7038,667,
2024-02-27T00:00:00+00:00,32.1,42.2,9.09,57.12,20,40,Madrid,,40.4168,-3.7038,667,
2024-02-27T01:00:00+00:00,26.33,37.18,9.82,56.75,20,40,Madrid,,40.4168,-3.7038,667,
2024-02-27T02:00:00+00:00,35.6,45.25,11.29,54.01,20,40,Madrid,,40.4168,-3.7038,667,
2024-02-27T03:00:00+00:00,29.86,39.07,10.54,60.98,20,40,Madrid,,40.4168,-3.7038,667,
2024-02-27T04:00:00+00:00,31.72,46.0,12.04,64.83,20,40,Madrid,,40.4168,-3.7038,667,
2024-02-27T05:00:00+00:00,28.82,42.58,10.66,60.48,20,40,Madrid,,40.4168,-3.7038,667,
2024-02-27T06:00:00+00:00,38.77,53.71,11.72,72.15,20,40,Madrid,,40.4168,-3.7038,667,
2024-02-27T07:00:00+00:00,28.09,38.36,11.33,71.91,20,40,Madrid,,40.4168,-3.7038,667,
2024-02-27T08:00:00+00:00,35.94,48.79,12.0,71.48,20,40,Madrid,,40.4168,-3.7038,667,
2024-02-27T09:00:00+00:00,25.77,32.94,11.11,58.73,20,40,Madrid,,40.4168,-3.7038,667,
2024-02-27T10:00:00+00:00,28.72,38.38,10.74,62.82,20,40,Madrid,,40.4168,-3.7038,667,
2024-02-27T11:00:00+00:00,32.1,41.7,9.51,54.27,20,40,Madrid,,40.4168,-3.7038,667,
2024-02-27T12:00:00+00:00,27.74,37.06,7.38,59.22,20,40,Madrid,,40.4168,-3.7038,667,
2024-02-27T13:00:00+00:00,27.62,41.23,6.59,57.67,20,40,Madrid,,40.4168,-3.7038,667,
2024-02-27T14:00:00+00:00,34.17,43.97,5.15,43.17,20,40,Madrid,,40.4168,-3.7038,667,
2024-02-27T15:00:00+00:00,30.83,38.31,5.82,48.49,20,40,Madrid,,40.4168,-3.7038,667,
2024-02-27T16:00:00+00:00,27.45,34.32,5.17,45.31,20,40,Madrid,,40.4168,-3.7038,667,
2024-02-27T17:00:00+00:00,25.19,33.61,4.78,42.52,20,40,Madrid,,40.4168,-3.7038,667,
2024-02-27T18:00:00+00:00,32.11,40.38,4.55,41.82,20,40,Madrid,,40.4168,-3.7038,667,
2024-02-27T19:00:00+00:00,31.18,40.41,2.64,46.43,20,40,Madrid,,40.4168,-3.7038,667,
2024-02-27T20:00:00+00:00,27.05,36.93,3.55,40.81,20,40,Madrid,,40.4168,-3.7038,667,
2024-02-27T21:00:00+00:00,26.59,37.81,4.97,47.02,20,40,Madrid,,40.4168,-3.7038,667,
2024-02-27T22:00:00+00:00,29.69,40.12,5.13,52.18,20,40,Madrid,,40.4168,-3.7038,667,
2024-02-27T23:00:00+00:00,36.76,48.53,8.24,58.73,20,40,Madrid,,40.4168,-3.7038,667,
2024-02-28T00:00:00+00:00,35.39,50.35,7.92,58.86,20,40,Madrid,,40.4168,-3.7038,667,
2024-02-28T01:00:00+00:00,32.64,46.37,8.6,49.64,20,40,Madrid,,40.4168,-3.7038,667,
2024-02-28T02:00:00+00:00,35.63,49.55,9.42,57.29,20,40,Madrid,,40.4168,-3.7038,667,
2024-02-28T03:00:00+00:00,33.56,43.93,10.47,62.47,20,40,Madrid,,40.4168,-3.7038,667,
2024-02-28T04:00:00+00:00,33.5,48.55,11.15,56.01,20,40,Madrid,,40.4168,-3.7038,667,
2024-02-28T05:00:00+00:00,35.12,51.22,11.27,60.8,20,40,Madrid,,40.4168,-3.7038,667,
2024-02-28T06:00:00+00:00,28.42,40.08,13.45,69.53,20,40,Madrid,,40.4168,-3.7038,667,
2024-02-28T07:00:00+00:00,26.13,37.12,10.58,58.59,20,40,Madrid,,40.4168,-3.7038,667,
2024-02-28T08:00:00+00:00,33.55,47.83,11.21,58.22,20,40,Madrid,,40.4168,-3.7038,667,
2024-02-28T09:00:00+00:00,34.08,43.48,10.99,65.82,20,40,Madrid,,40.4168,-3.7038,667,
2024-02-28T10:00:00+00:00,30.99,39.34,10.78,63.06,20,40,Madrid,,40.4168,-3.7038,667,
2024-02-28T11:00:00+00:00,26.95,40.35,9.57,55.48,20,40,Madrid,,40.4168,-3.7038,667,
2024-02-28T12:00:00+00:00,34.16,50.0,9.02,58.02,20,40,Madrid,,40.4168,-3.7038,667,
2024-02-28T13:00:00+00:00,27.99,36.96,6.39,58.07,20,40,Madrid,,40.4168,-3.7038,667,
2024-02-28T14:00:00+00:00,34.65,43.38,5.46,45.8,20,40,Madrid,,40.4168,-3.7038,667,
2024-02-28T15:00:00+00:00,26.1,36.28,6.01,48.16,20,40,Madrid,,40.4168,-3.7038,667,
2024-02-28T16:00:00+00:00,26.18,35.99,5.29,48.06,20,40,Madrid,,40.4168,-3.7038,667,
2024-02-28T17:00:00+00:00,34.4,50.3,2.93,51.24,20,40,Madrid,,40.4168,-3.7038,667,
2024-02-28T18:00:00+00:00,32.23,45.92,3.81,37.5,20,40,Madrid,,40.4168,-3.7038,667,
2024-02-28T19:00:00+00:00,34.33,46.7,4.39,51.1,20,40,Madrid,,40.4168,-3.7038,667,
2024-02-28T20:00:00+00:00,31.41,39.76,3.09,46.24,20,40,Madrid,,40.4168,-3.7038,667,
2024-02-28T21:00:00+00:00,34.86,46.12,6.4,44.15,20,40,Madrid,,40.4168,-3.7038,667,
2024-02-28T22:00:00+00:00,36.18,50.49,5.64,50.99,20,40,Madrid,,40.4168,-3.7038,667,
2024-02-28T23:00:00+00:00,36.79,50.13,7.62,57.87,20,40,Madrid,,40.4168,-3.7038,667,
2024-02-29T00:00:00+00:00,33.43,49.09,6.78,60.26,20,40,Madrid,,40.4168,-3.7038,667,
2024-02-29T01:00:00+00:00,31.81,45.41,10.38,60.46,20,40,Madrid,,40.4168,-3.7038,667,
2024-02-29T02:00:00+00:00,33.66,43.48,9.95,55.9,20,40,Madrid,,40.4168,-3.7038,667,
2024-02-29T03:00:00+00:00,29.77,36.22,11.89,58.01,20,40,Madrid,,40.4168,-3.7038,667,
2024-02-29T04:00:00+00:00,31.86,40.82,12.22,71.27,20,40,Madrid,,40.4168,-3.7038,667,
2024-02-29T05:00:00+00:00,29.39,43.54,12.06,72.17,20,40,Madrid,,40.4168,-3.7038,667,
2024-02-29T06:00:00+00:00,36.18,46.89,12.9,60.78,20,40,Madrid,,40.4168,-3.7038,667,
2024-02-29T07:00:00+00:00,32.07,42.84,11.04,67.94,20,40,Madrid,,40.4168,-3.7038,667,
2024-02-29T08:00:00+00:00,32.45,43.69,10.68,70.61,20,40,Madrid,,40.4168,-3.7038,667,
2024-02-29T09:00:00+00:00,28.62,36.96,10.74,66.9,20,40,Madrid,,40.4168,-3.7038,667,
2024-02-29T10:00:00+00:00,36.55,48.88,8.59,67.44,20,40,Madrid,,40.4168,-3.7038,667,
2024-02-29T11:00:00+00:00,33.96,47.42,8.56,65.56,20,40,Madrid,,40.4168,-3.7038,667,
2024-02-29T12:00:00+00:00,27.88,40.48,8.51,47.64,20,40,Madrid,,40.4168,-3.7038,667,
2024-02-29T13:00:00+00:00,35.37,46.33,7.84,54.04,20,40,Madrid,,40.4168,-3.7038,667,
2024-02-29T14:00:00+00:00,34.57,45.65,5.92,43.27,20,40,Madrid,,40.4168,-3.7038,667,
2024-02-29T15:00:00+00:00,32.49,40.45,4.07,45.39,20,40,Madrid,,40.4168,-3.7038,667,
2024-02-29T16:00:00+00:00,30.56,39.53,3.2,48.98,20,40,Madrid,,40.4168,-3.7038,667,
2024-02-29T17:00:00+00:00,35.38,44.78,5.39,46.93,20,40,Madrid,,40.4168,-3.7038,667,
2024-02-29T18:00:00+00:00,30.04,40.62,3.13,49.28,20,40,Madrid,,40.4168,-3.7038,667,
2024-02-29T19:00:00+00:00,29.04,41.15,3.71,42.69,20,40,Madrid,,40.4168,-3.7038,667,
2024-02-29T20:00:00+00:00,27.91,38.84,5.45,42.33,20,40,Madrid,,40.4168,-3.7038,667,
2024-02-29T21:00:00+00:00,25.34,34.79,5.96,49.56,20,40,Madrid,,40.4168,-3.7038,667,
2024-02-29T22:00:00+00:00,29.13,40.17,5.37,51.97,20,40,Madrid,,40.4168,-3.7038,667,
2024-02-29T23:00:00+00:00,33.68,41.67,7.59,51.73,20,40,Madrid,,40.4168,-3.7038,667,
2024-03-01T00:00:00+00:00,27.96,34.65,11.71,53.86,20,40,Madrid,,40.4168,-3.7038,667,
2024-03-01T01:00:00+00:00,25.97,34.57,12.27,52.57,20,40,Madrid,,40.4168,-3.7038,667,
2024-03-01T02:00:00+00:00,35.73,44.54,15.42,63.48,20,40,Madrid,,40.4168,-3.7038,667,
2024-03-01T03:00:00+00:00,28.35,41.09,14.29,68.12,20,40,Madrid,,40.4168,-3.7038,667,
2024-03-01T04:00:00+00:00,25.12,31.3,14.87,60.84,20,40,Madrid,,40.4168,-3.7038,667,
2024-03-01T05:00:00+00:00,35.74,47.24,15.68,61.04,20,40,Madrid,,40.4168,-3.7038,667,
2024-03-01T06:00:00+00:00,28.3,42.03,14.62,62.79,20,40,Madrid,,40.4168,-3.7038,667,
2024-03-01T07:00:00+00:00,31.5,45.03,15.05,57.71,20,40,Madrid,,40.4168,-3.7038,667,
2024-03-01T08:00:00+00:00,25.77,33.49,16.37,62.59,20,40,Madrid,,40.4168,-3.7038,667,
2024-03-01T09:00:00+00:00,36.46,52.53,16.14,66.47,20,40,Madrid,,40.4168,-3.7038,667,
2024-03-01T10:00:00+00:00,28.13,41.36,12.7,57.45,20,40,Madrid,,40.4168,-3.7038,667,
2024-03-01T11:00:00+00:00,32.73,41.55,11.74,54.66,20,40,Madrid,,40.4168,-3.7038,667,
2024-03-01T12:00:00+00:00,34.35,48.1,10.97,52.7,20,40,Madrid,,40.4168,-3.7038,667,
2024-03-01T13:00:00+00:00,34.12,42.62,9.55,46.93,20,40,Madrid,,40.4168,-3.7038,667,
2024-03-01T14:00:00+00:00,34.49,47.43,11.36,50.8,20,40,Madrid,,40.4168,-3.7038,667,
2024-03-01T15:00:00+00:00,31.33,44.03,9.46,46.73,20,40,Madrid,,40.4168,-3.7038,667,
2024-03-01T16:00:00+00:00,23.25,34.52,9.71,40.3,20,40,Madrid,,40.4168,-3.7038,667,
2024-03-01T17:00:00+00:00,25.76,38.74,8.82,45.78,20,40,Madrid,,40.4168,-3.7038,667,
2024-03-01T18:00:00+00:00,29.61,37.47,6.93,37.87,20,40,Madrid,,40.4168,-3.7038,667,
2024-03-01T19:00:00+00:00,34.58,50.28,8.38,51.03,20,40,Madrid,,40.4168,-3.7038,667,
2024-03-01T20:00:00+00:00,34.85,46.73,7.3,53.76,20,40,Madrid,,40.4168,-3.7038,667,
2024-03-01T21:00:00+00:00,34.54,47.37,10.08,52.76,20,40,Madrid,,40.4168,-3.7038,667,
2024-03-01T22:00:00+00:00,25.0,31.55,10.3,54.62,20,40,Madrid,,40.4168,-3.7038,667,
2024-03-01T23:00:00+00:00,32.25,41.2,10.73,45.46,20,40,Madrid,,40.4168,-3.7038,667,
2024-03-02T00:00:00+00:00,32.59,43.11,11.42,53.61,20,40,Madrid,,40.4168,-3.7038,667,
2024-03-02T01:00:00+00:00,34.19,46.16,13.9,64.66,20,40,Madrid,,40.4168,-3.7038,667,
2024-03-02T02:00:00+00:00,31.0,39.13,12.67,58.47,20,40,Madrid,,40.4168,-3.7038,667,
2024-03-02T03:00:00+00:00,25.29,33.93,13.46,60.2,20,40,Madrid,,40.4168,-3.7038,667,
2024-03-02T04:00:00+00:00,34.53,47.0,14.97,65.29,20,40,Madrid,,40.4168,-3.7038,667,
2024-03-02T05:00:00+00:00,36.62,51.31,15.18,68.24,20,40,Madrid,,40.4168,-3.7038,667,
2024-03-02T06:00:00+00:00,29.97,43.17,16.26,72.25,20,40,Madrid,,40.4168,-3.7038,667,
2024-03-02T07:00:00+00:00,30.5,41.91,15.54,70.83,20,40,Madrid,,40.4168,-3.7038,667,
2024-03-02T08:00:00+00:00,32.0,41.78,14.34,63.62,20,40,Madrid,,40.4168,-3.7038,667,
2024-03-02T09:00:00+00:00,31.03,44.55,15.27,65.59,20,40,Madrid,,40.4168,-3.7038,667,
2024-03-02T10:00:00+00:00,25.27,37.56,13.86,59.63,20,40,Madrid,,40.4168,-3.7038,667,
2024-03-02T11:00:00+00:00,35.97,48.99,12.87,63.46,20,40,Madrid,,40.4168,-3.7038,667,
2024-03-02T12:00:00+00:00,26.65,33.67,10.75,58.23,20,40,Madrid,,40.4168,-3.7038,667,
2024-03-02T13:00:00+00:00,28.41,40.36,10.54,55.8,20,40,Madrid,,40.4168,-3.7038,667,
2024-03-02T14:00:00+00:00,31.79,44.09,9.57,56.13,20,40,Madrid,,40.4168,-3.7038,667,
2024-03-02T15:00:00+00:00,27.1,37.05,10.66,43.22,20,40,Madrid,,40.4168,-3.7038,667,
2024-03-02T16:00:00+00:00,28.6,39.29,8.79,53.25,20,40,Madrid,,40.4168,-3.7038,667,
2024-03-02T17:00:00+00:00,30.82,44.03,8.96,43.69,20,40,Madrid,,40.4168,-3.7038,667,
2024-03-02T18:00:00+00:00,32.32,42.2,6.79,50.1,20,40,Madrid,,40.4168,-3.7038,667,
2024-03-02T19:00:00+00:00,24.95,34.27,6.96,45.1,20,40,Madrid,,40.4168,-3.7038,667,
2024-03-02T20:00:00+00:00,32.81,44.86,8.07,42.54,20,40,Madrid,,40.4168,-3.7038,667,
2024-03-02T21:00:00+00:00,30.86,43.63,7.88,46.62,20,40,Madrid,,40.4168,-3.7038,667,
2024-03-02T22:00:00+00:00,26.02,38.12,11.14,55.25,20,40,Madrid,,40.4168,-3.7038,667,
2024-03-02T23:00:00+00:00,34.71,43.29,10.03,53.04,20,40,Madrid,,40.4168,-3.7038,667,
2024-03-03T00:00:00+00:00,34.05,49.35,11.5,50.51,20,40,Madrid,,40.4168,-3.7038,667,
2024-03-03T01:00:00+00:00,35.19,44.17,14.41,63.44,20,40,Madrid,,40.4168,-3.7038,667,
2024-03-03T02:00:00+00:00,31.87,44.61,13.1,63.3,20,40,Madrid,,40.4168,-3.7038,667,
2024-03-03T03:00:00+00:00,33.04,45.98,13.64,54.18,20,40,Madrid,,40.4168,-3.7038,667,
2024-03-03T04:00:00+00:00,27.95,38.71,15.21,60.07,20,40,Madrid,,40.4168,-3.7038,667,
2024-03-03T05:00:00+00:00,34.83,47.85,16.93,70.54,20,40,Madrid,,40.4168,-3.7038,667,
2024-03-03T06:00:00+00:00,26.16,37.95,17.39,66.12,20,40,Madrid,,40.4168,-3.7038,667,
2024-03-03T07:00:00+00:00,31.95,39.77,17.11,64.17,20,40,Madrid,,40.4168,-3.7038,667,
2024-03-03T08:00:00+00:00,27.17,38.74,15.66,66.04,20,40,Madrid,,40.4168,-3.7038,667,
2024-03-03T09:00:00+00:00,25.79,38.3,14.49,56.56,20,40,Madrid,,40.4168,-3.7038,667,
2024-03-03T10:00:00+00:00,31.71,41.76,13.54,65.29,20,40,Madrid,,40.4168,-3.7038,667,
2024-03-03T11:00:00+00:00,32.61,47.02,12.71,51.4,20,40,Madrid,,40.4168,-3.7038,667,
2024-03-03T12:00:00+00:00,33.98,49.45,11.0,56.43,20,40,Madrid,,40.4168,-3.7038,667,
2024-03-03T13:00:00+00:00,27.2,34.03,10.33,50.44,20,40,Madrid,,40.4168,-3.7038,667,
2024-03-03T14:00:00+00:00,34.84,48.88,9.8,55.92,20,40,Madrid,,40.4168,-3.7038,667,
2024-03-03T15:00:00+00:00,33.19,48.2,10.59,50.41,20,40,Madrid,,40.4168,-3.7038,667,
2024-03-03T16:00:00+00:00,30.25,43.74,7.79,40.0,20,40,Madrid,,40.4168,-3.7038,667,
2024-03-03T17:00:00+00:00,30.2,38.98,8.47,50.36,20,40,Madrid,,40.4168,-3.7038,667,
2024-03-03T18:00:00+00:00,31.51,45.21,8.38,52.74,20,40,Madrid,,40.4168,-3.7038,667,
2024-03-03T19:00:00+00:00,27.43,34.08,8.48,41.07,20,40,Madrid,,40.4168,-3.7038,667,
2024-03-03T20:00:00+00:00,32.54,41.15,7.22,43.15,20,40,Madrid,,40.4168,-3.7038,667,
2024-03-03T21:00:00+00:00,30.4,41.28,9.45,53.28,20,40,Madrid,,40.4168,-3.7038,667,
2024-03-03T22:00:00+00:00,27.12,37.04,10.57,55.61,20,40,Madrid,,40.4168,-3.7038,667,
2024-03-03T23:00:00+00:00,26.21,37.12,10.62,49.88,20,40,Madrid,,40.4168,-3.7038,667,
2024-03-04T00:00:00+00:00,28.74,38.93,10.98,55.6,20,40,Madrid,,40.4168,-3.7038,667,
2024-03-04T01:00:00+00:00,31.69,44.75,13.41,60.3,20,40,Madrid,,40.4168,-3.7038,667,
2024-03-04T02:00:00+00:00,26.59,39.8,14.3,63.06,20,40,Madrid,,40.4168,-3.7038,667,
2024-03-04T03:00:00+00:00,24.92,37.44,14.42,59.5,20,40,Madrid,,40.4168,-3.7038,667,
2024-03-04T04:00:00+00:00,30.05,40.37,15.2,69.89,20,40,Madrid,,40.4168,-3.7038,667,
2024-03-04T05:00:00+00:00,26.79,33.03,17.1,63.46,20,40,Madrid,,40.4168,-3.7038,667,
2024-03-04T06:00:00+00:00,34.54,47.77,14.94,60.99,20,40,Madrid,,40.4168,-3.7038,667,
2024-03-04T07:00:00+00:00,34.06,49.8,15.62,60.43,20,40,Madrid,,40.4168,-3.7038,667,
2024-03-04T08:00:00+00:00,26.37,38.82,15.93,68.02,20,40,Madrid,,40.4168,-3.7038,667,
2024-03-04T09:00:00+00:00,29.57,41.02,14.23,60.59,20,40,Madrid,,40.4168,-3.7038,667,
2024-03-04T10:00:00+00:00,29.03,43.13,13.49,53.79,20,40,Madrid,,40.4168,-3.7038,667,
2024-03-04T11:00:00+00:00,30.38,44.15,14.23,49.67,20,40,Madrid,,40.4168,-3.7038,667,
2024-03-04T12:00:00+00:00,25.34,33.34,13.33,57.91,20,40,Madrid,,40.4168,-3.7038,667,
2024-03-04T13:00:00+00:00,28.43,35.99,9.86,50.03,20,40,Madrid,,40.4168,-3.7038,667,
2024-03-04T14:00:00+00:00,33.63,43.6,9.03,57.0,20,40,Madrid,,40.4168,-3.7038,667,
2024-03-04T15:00:00+00:00,24.21,30.26,9.17,43.65,20,40,Madrid,,40.4168,-3.7038,667,
2024-03-04T16:00:00+00:00,27.47,39.79,7.58,40.76,20,40,Madrid,,40.4168,-3.7038,667,
2024-03-04T17:00:00+00:00,32.22,46.32,7.21,51.25,20,40,Madrid,,40.4168,-3.7038,667,
2024-03-04T18:00:00+00:00,28.65,37.07,7.52,37.12,20,40,Madrid,,40.4168,-3.7038,667,
2024-03-04T19:00:00+00:00,28.71,40.2,7.53,43.0,20,40,Madrid,,40.4168,-3.7038,667,
2024-03-04T20:00:00+00:00,26.56,33.07,7.57,41.0,20,40,Madrid,,40.4168,-3.7038,667,
2024-03-04T21:00:00+00:00,32.86,45.08,9.0,52.03,20,40,Madrid,,40.4168,-3.7038,667,
2024-03-04T22:00:00+00:00,26.9,36.36,9.13,48.25,20,40,Madrid,,40.4168,-3.7038,667,
2024-03-04T23:00:00+00:00,30.04,39.16,10.34,50.14,20,40,Madrid,,40.4168,-3.7038,667,
2024-03-05T00:00:00+00:00,33.26,43.87,11.81,62.38,20,40,Madrid,,40.4168,-3.7038,667,
2024-03-05T01:00:00+00:00,29.74,38.44,12.05,57.33,20,40,Madrid,,40.4168,-3.7038,667,
2024-03-05T02:00:00+00:00,26.48,38.68,13.0,60.1,20,40,Madrid,,40.4168,-3.7038,667,
2024-03-05T03:00:00+00:00,26.69,33.25,16.1,68.24,20,40,Madrid,,40.4168,-3.7038,667,
2024-03-05T04:00:00+00:00,31.16,39.08,14.24,60.51,20,40,Madrid,,40.4168,-3.7038,667,
2024-03-05T05:00:00+00:00,33.17,45.9,17.15,70.46,20,40,Madrid,,40.4168,-3.7038,667,
2024-03-05T06:00:00+00:00,27.22,38.83,15.53,67.18,20,40,Madrid,,40.4168,-3.7038,667,
2024-03-05T07:00:00+00:00,28.66,39.23,17.36,59.74,20,40,Madrid,,40.4168,-3.7038,667,
2024-03-05T08:00:00+00:00,25.98,33.98,14.94,57.28,20,40,Madrid,,40.4168,-3.7038,667,
2024-03-05T09:00:00+00:00,33.2,41.42,16.22,62.45,20,40,Madrid,,40.4168,-3.7038,667,
2024-03-05T10:00:00+00:00,36.02,52.61,13.79,62.13,20,40,Madrid,,40.4168,-3.7038,667,
2024-03-05T11:00:00+00:00,29.04,38.45,14.1,53.18,20,40,Madrid,,40.4168,-3.7038,667,
2024-03-05T12:00:00+00:00,33.8,43.32,13.36,50.42,20,40,Madrid,,40.4168,-3.7038,667,
2024-03-05T13:00:00+00:00,32.36,45.39,10.39,51.17,20,40,Madrid,,40.4168,-3.7038,667,
2024-03-05T14:00:00+00:00,29.11,42.91,9.89,51.7,20,40,Madrid,,40.4168,-3.7038,667,
2024-03-05T15:00:00+00:00,25.76,31.65,7.82,51.09,20,40,Madrid,,40.4168,-3.7038,667,
2024-03-05T16:00:00+00:00,27.9,35.85,7.86,39.21,20,40,Madrid,,40.4168,-3.7038,667,
2024-03-05T17:00:00+00:00,26.93,35.78,6.85,45.67,20,40,Madrid,,40.4168,-3.7038,667,
2024-03-05T18:00:00+00:00,29.77,40.62,8.34,40.42,20,40,Madrid,,40.4168,-3.7038,667,
2024-03-05T19:00:00+00:00,24.37,36.15,8.43,47.22,20,40,Madrid,,40.4168,-3.7038,667,
2024-03-05T20:00:00+00:00,33.32,45.86,9.56,49.99,20,40,Madrid,,40.4168,-3.7038,667,
2024-03-05T21:00:00+00:00,31.37,45.26,9.76,53.81,20,40,Madrid,,40.4168,-3.7038,667,
2024-03-05T22:00:00+00:00,29.67,43.5,8.75,55.0,20,40,Madrid,,40.4168,-3.7038,667,
2024-03-05T23:00:00+00:00,25.94,34.46,12.1,49.86,20,40,Madrid,,40.4168,-3.7038,667,
2024-03-06T00:00:00+00:00,31.38,44.71,13.0,61.65,20,40,Madrid,,40.4168,-3.7038,667,
2024-03-06T01:00:00+00:00,25.43,37.94,14.35,52.56,20,40,Madrid,,40.4168,-3.7038,667,
2024-03-06T02:00:00+00:00,32.06,40.17,14.87,65.41,20,40,Madrid,,40.4168,-3.7038,667,
2024-03-06T03:00:00+00:00,25.86,37.54,14.97,63.17,20,40,Madrid,,40.4168,-3.7038,667,
2024-03-06T04:00:00+00:00,28.8,37.14,14.29,70.09,20,40,Madrid,,40.4168,-3.7038,667,
2024-03-06T05:00:00+00:00,29.02,36.4,16.78,61.72,20,40,Madrid,,40.4168,-3.7038,667,
2024-03-06T06:00:00+00:00,33.87,44.63,16.37,65.52,20,40,Madrid,,40.4168,-3.7038,667,
2024-03-06T07:00:00+00:00,28.24,36.72,16.18,60.06,20,40,Madrid,,40.4168,-3.7038,667,
2024-03-06T08:00:00+00:00,25.57,35.21,15.34,60.85,20,40,Madrid,,40.4168,-3.7038,667,
2024-03-06T09:00:00+00:00,31.45,42.97,15.42,58.77,20,40,Madrid,,40.4168,-3.7038,667,
2024-03-06T10:00:00+00:00,25.66,35.11,14.91,59.93,20,40,Madrid,,40.4168,-3.7038,667,
2024-03-06T11:00:00+00:00,26.3,32.16,13.18,62.94,20,40,Madrid,,40.4168,-3.7038,667,
2024-03-06T12:00:00+00:00,31.71,43.6,10.53,58.4,20,40,Madrid,,40.4168,-3.7038,667,
2024-03-06T13:00:00+00:00,30.88,43.02,12.15,50.86,20,40,Madrid,,40.4168,-3.7038,667,
2024-03-06T14:00:00+00:00,35.05,45.19,11.12,56.93,20,40,Madrid,,40.4168,-3.7038,667,
2024-03-06T15:00:00+00:00,32.87,43.45,7.81,54.8,20,40,Madrid,,40.4168,-3.7038,667,
2024-03-06T16:00:00+00:00,26.25,35.44,7.8,41.66,20,40,Madrid,,40.4168,-3.7038,667,
2024-03-06T17:00:00+00:00,29.28,43.2,7.51,52.65,20,40,Madrid,,40.4168,-3.7038,667,
2024-03-06T18:00:00+00:00,33.26,46.48,7.45,41.15,20,40,Madrid,,40.4168,-3.7038,667,
2024-03-06T19:00:00+00:00,26.9,36.6,7.36,44.64,20,40,Madrid,,40.4168,-3.7038,667,
2024-03-06T20:00:00+00:00,33.37,47.83,7.69,48.69,20,40,Madrid,,40.4168,-3.7038,667,
2024-03-06T21:00:00+00:00,32.08,44.36,9.34,53.68,20,40,Madrid,,40.4168,-3.7038,667,
2024-03-06T22:00:00+00:00,34.69,48.61,10.36,55.97,20,40,Madrid,,40.4168,-3.7038,667,
2024-03-06T23:00:00+00:00,33.39,47.68,10.81,48.72,20,40,Madrid,,40.4168,-3.7038,667,
2024-03-07T00:00:00+00:00,26.44,37.92,12.25,58.33,20,40,Madrid,,40.4168,-3.7038,667,
2024-03-07T01:00:00+00:00,28.52,36.55,14.11,57.45,20,40,Madrid,,40.4168,-3.7038,667,
2024-03-07T02:00:00+00:00,28.11,34.35,12.93,63.39,20,40,Madrid,,40.4168,-3.7038,667,
2024-03-07T03:00:00+00:00,26.35,36.68,14.25,61.9,20,40,Madrid,,40.4168,-3.7038,667,
2024-03-07T04:00:00+00:00,30.15,40.18,14.14,69.58,20,40,Madrid,,40.4168,-3.7038,667,
2024-03-07T05:00:00+00:00,33.9,49.18,16.17,72.55,20,40,Madrid,,40.4168,-3.7038,667,
2024-03-07T06:00:00+00:00,35.89,47.04,17.47,69.73,20,40,Madrid,,40.4168,-3.7038,667,
2024-03-07T07:00:00+00:00,29.87,43.1,14.51,62.49,20,40,Madrid,,40.4168,-3.7038,667,
2024-03-07T08:00:00+00:00,33.18,47.26,14.21,65.27,20,40,Madrid,,40.4168,-3.7038,667,
2024-03-07T09:00:00+00:00,24.4,33.28,14.8,55.85,20,40,Madrid,,40.4168,-3.7038,667,
2024-03-07T10:00:00+00:00,36.6,53.21,14.94,63.72,20,40,Madrid,,40.4168,-3.7038,667,
2024-03-07T11:00:00+00:00,32.44,41.34,13.91,62.35,20,40,Madrid,,40.4168,-3.7038,667,
2024-03-07T12:00:00+00:00,24.45,36.93,11.49,47.66,20,40,Madrid,,40.4168,-3.7038,667,
2024-03-07T13:00:00+00:00,28.23,40.63,12.06,47.92,20,40,Madrid,,40.4168,-3.7038,667,
2024-03-07T14:00:00+00:00,32.82,46.07,10.36,55.59,20,40,Madrid,,40.4168,-3.7038,667,
2024-03-07T15:00:00+00:00,24.34,30.74,9.38,47.78,20,40,Madrid,,40.4168,-3.7038,667,
2024-03-07T16:00:00+00:00,32.27,43.04,9.25,50.72,20,40,Madrid,,40.4168,-3.7038,667,
2024-03-07T17:00:00+00:00,27.39,35.92,8.65,44.79,20,40,Madrid,,40.4168,-3.7038,667,
2024-03-07T18:00:00+00:00,32.96,45.94,8.13,39.06,20,40,Madrid,,40.4168,-3.7038,667,
2024-03-07T19:00:00+00:00,29.52,38.83,8.97,37.94,20,40,Madrid,,40.4168,-3.7038,667,
2024-03-07T20:00:00+00:00,28.97,36.07,8.42,38.71,20,40,Madrid,,40.4168,-3.7038,667,
2024-03-07T21:00:00+00:00,24.44,33.02,10.6,49.08,20,40,Madrid,,40.4168,-3.7038,667,
2024-03-07T22:00:00+00:00,26.39,32.82,10.23,55.76,20,40,Madrid,,40.4168,-3.7038,667,
2024-03-07T23:00:00+00:00,29.02,42.98,11.56,51.46,20,40,Madrid,,40.4168,-3.7038,667,
2024-03-08T00:00:00+00:00,30.43,43.58,13.21,56.39,20,40,Madrid,,40.4168,-3.7038,667,
2024-03-08T01:00:00+00:00,27.06,33.5,14.09,55.91,20,40,Madrid,,40.4168,-3.7038,667,
2024-03-08T02:00:00+00:00,32.36,41.27,15.23,59.24,20,40,Madrid,,40.4168,-3.7038,667,
2024-03-08T03:00:00+00:00,32.64,46.6,14.44,55.59,20,40,Madrid,,40.4168,-3.7038,667,
2024-03-08T04:00:00+00:00,34.01,45.35,15.96,58.07,20,40,Madrid,,40.4168,-3.7038,667,
2024-03-08T05:00:00+00:00,30.92,38.26,16.68,66.98,20,40,Madrid,,40.4168,-3.7038,667,
2024-03-08T06:00:00+00:00,28.81,41.71,17.07,68.9,20,40,Madrid,,40.4168,-3.7038,667,
2024-03-08T07:00:00+00:00,29.95,37.67,17.2,62.45,20,40,Madrid,,40.4168,-3.7038,667,
2024-03-08T08:00:00+00:00,29.55,40.89,15.62,63.83,20,40,Madrid,,40.4168,-3.7038,667,
2024-03-08T09:00:00+00:00,33.71,47.46,13.95,60.04,20,40,Madrid,,40.4168,-3.7038,667,
2024-03-08T10:00:00+00:00,27.22,35.38,15.49,53.46,20,40,Madrid,,40.4168,-3.7038,667,
2024-03-08T11:00:00+00:00,33.32,48.78,12.81,60.17,20,40,Madrid,,40.4168,-3.7038,667,
2024-03-08T12:00:00+00:00,24.65,33.69,11.94,53.05,20,40,Madrid,,40.4168,-3.7038,667,
2024-03-08T13:00:00+00:00,34.35,47.2,9.86,46.48,20,40,Madrid,,40.4168,-3.7038,667,
2024-03-08T14:00:00+00:00,26.86,39.12,11.43,55.63,20,40,Madrid,,40.4168,-3.7038,667,
2024-03-08T15:00:00+00:00,28.5,38.27,10.11,42.69,20,40,Madrid,,40.4168,-3.7038,667,
2024-03-08T16:00:00+00:00,33.15,44.36,8.07,53.85,20,40,Madrid,,40.4168,-3.7038,667,
2024-03-08T17:00:00+00:00,29.15,40.92,6.97,41.4,20,40,Madrid,,40.4168,-3.7038,667,
2024-03-08T18:00:00+00:00,23.98,32.15,8.65,42.74,20,40,Madrid,,40.4168,-3.7038,667,
2024-03-08T19:00:00+00:00,30.54,37.27,6.96,45.49,20,40,Madrid,,40.4168,-3.7038,667,
2024-03-08T20:00:00+00:00,33.51,45.13,7.84,38.96,20,40,Madrid,,40.4168,-3.7038,667,
2024-03-08T21:00:00+00:00,30.8,37.61,9.97,48.69,20,40,Madrid,,40.4168,-3.7038,667,
2024-03-08T22:00:00+00:00,31.93,41.61,9.66,56.36,20,40,Madrid,,40.4168,-3.7038,667,
2024-03-08T23:00:00+00:00,34.73,45.21,11.99,57.72,20,40,Madrid,,40.4168,-3.7038,667,
2024-03-09T00:00:00+00:00,28.75,42.59,11.03,60.21,20,40,Madrid,,40.4168,-3.7038,667,
2024-03-09T01:00:00+00:00,25.45,35.0,14.25,60.02,20,40,Madrid,,40.4168,-3.7038,667,
2024-03-09T02:00:00+00:00,31.36,42.95,14.38,52.73,20,40,Madrid,,40.4168,-3.7038,667,
2024-03-09T03:00:00+00:00,30.24,42.24,14.37,57.54,20,40,Madrid,,40.4168,-3.7038,667,
2024-03-09T04:00:00+00:00,32.42,44.52,15.28,59.63,20,40,Madrid,,40.4168,-3.7038,667,
2024-03-09T05:00:00+00:00,30.65,37.89,16.58,69.3,20,40,Madrid,,40.4168,-3.7038,667,
2024-03-09T06:00:00+00:00,30.75,40.16,15.79,68.46,20,40,Madrid,,40.4168,-3.7038,667,
2024-03-09T07:00:00+00:00,27.87,37.47,15.68,62.67,20,40,Madrid,,40.4168,-3.7038,667,
2024-03-09T08:00:00+00:00,35.52,49.03,14.44,61.48,20,40,Madrid,,40.4168,-3.7038,667,
2024-03-09T09:00:00+00:00,29.89,37.75,13.45,69.23,20,40,Madrid,,40.4168,-3.7038,667,
2024-03-09T10:00:00+00:00,33.24,48.4,13.09,55.13,20,40,Madrid,,40.4168,-3.7038,667,
2024-03-09T11:00:00+00:00,36.42,50.18,11.77,64.0,20,40,Madrid,,40.4168,-3.7038,667,
2024-03-09T12:00:00+00:00,27.11,35.71,12.38,52.12,20,40,Madrid,,40.4168,-3.7038,667,
2024-03-09T13:00:00+00:00,33.91,47.89,11.16,59.95,20,40,Madrid,,40.4168,-3.7038,667,
2024-03-09T14:00:00+00:00,27.23,35.04,11.28,48.09,20,40,Madrid,,40.4168,-3.7038,667,
2024-03-09T15:00:00+00:00,30.43,39.74,9.4,39.94,20,40,Madrid,,40.4168,-3.7038,667,
2024-03-09T16:00:00+00:00,30.24,44.43,7.28,51.9,20,40,Madrid,,40.4168,-3.7038,667,
2024-03-09T17:00:00+00:00,31.28,38.6,8.35,43.58,20,40,Madrid,,40.4168,-3.7038,667,
2024-03-09T18:00:00+00:00,30.24,41.53,7.63,49.18,20,40,Madrid,,40.4168,-3.7038,667,
2024-03-09T19:00:00+00:00,34.27,47.45,8.51,49.1,20,40,Madrid,,40.4168,-3.7038,667,
2024-03-09T20:00:00+00:00,25.74,34.64,9.8,41.69,20,40,Madrid,,40.4168,-3.7038,667,
2024-03-09T21:00:00+00:00,27.45,33.15,9.17,43.7,20,40,Madrid,,40.4168,-3.7038,667,
2024-03-09T22:00:00+00:00,27.47,40.25,10.54,53.92,20,40,Madrid,,40.4168,-3.7038,667,
2024-03-09T23:00:00+00:00,30.12,37.73,11.76,54.13,20,40,Madrid,,40.4168,-3.7038,667,
2024-03-10T00:00:00+00:00,27.69,38.23,11.93,48.82,20,40,Madrid,,40.4168,-3.7038,667,
2024-03-10T01:00:00+00:00,33.83,46.66,11.98,60.45,20,40,Madrid,,40.4168,-3.7038,667,
2024-03-10T02:00:00+00:00,33.54,46.07,13.15,64.13,20,40,Madrid,,40.4168,-3.7038,667,
2024-03-10T03:00:00+00:00,35.61,45.34,16.17,60.97,20,40,Madrid,,40.4168,-3.7038,667,
2024-03-10T04:00:00+00:00,26.93,36.89,16.9,70.16,20,40,Madrid,,40.4168,-3.7038,667,
2024-03-10T05:00:00+00:00,30.32,38.93,16.48,70.92,20,40,Madrid,,40.4168,-3.7038,667,
2024-03-10T06:00:00+00:00,25.33,35.04,15.49,60.66,20,40,Madrid,,40.4168,-3.7038,667,
2024-03-10T07:00:00+00:00,29.93,37.99,14.69,64.44,20,40,Madrid,,40.4168,-3.7038,667,
2024-03-10T08:00:00+00:00,31.75,46.5,14.61,66.94,20,40,Madrid,,40.4168,-3.7038,667,
2024-03-10T09:00:00+00:00,27.87,34.68,15.14,63.56,20,40,Madrid,,40.4168,-3.7038,667,
2024-03-10T10:00:00+00:00,27.87,40.5,15.03,54.64,20,40,Madrid,,40.4168,-3.7038,667,
2024-03-10T11:00:00+00:00,35.19,51.14,11.7,64.11,20,40,Madrid,,40.4168,-3.7038,667,
2024-03-10T12:00:00+00:00,32.75,41.23,10.6,47.61,20,40,Madrid,,40.4168,-3.7038,667,
2024-03-10T13:00:00+00:00,25.98,38.52,11.39,51.53,20,40,Madrid,,40.4168,-3.7038,667,
2024-03-10T14:00:00+00:00,25.43,34.18,11.38,45.83,20,40,Madrid,,40.4168,-3.7038,667,
2024-03-10T15:00:00+00:00,26.93,33.43,10.26,55.81,20,40,Madrid,,40.4168,-3.7038,667,
2024-03-10T16:00:00+00:00,32.46,40.52,8.78,46.78,20,40,Madrid,,40.4168,-3.7038,667,
2024-03-10T17:00:00+00:00,23.69,35.78,9.31,43.57,20,40,Madrid,,40.4168,-3.7038,667,
2024-03-10T18:00:00+00:00,23.33,31.16,8.53,40.09,20,40,Madrid,,40.4168,-3.7038,667,
2024-03-10T19:00:00+00:00,26.8,33.86,9.55,42.87,20,40,Madrid,,40.4168,-3.7038,667,
2024-03-10T20:00:00+00:00,33.14,41.7,7.45,54.02,20,40,Madrid,,40.4168,-3.7038,667,
2024-03-10T21:00:00+00:00,28.35,36.73,8.6,40.44,20,40,Madrid,,40.4168,-3.7038,667,
2024-03-10T22:00:00+00:00,23.55,34.21,9.46,43.04,20,40,Madrid,,40.4168,-3.7038,667,
2024-03-10T23:00:00+00:00,31.95,41.3,9.98,59.61,20,40,Madrid,,40.4168,-3.7038,667,
2024-03-11T00:00:00+00:00,30.83,43.03,11.71,55.26,20,40,Madrid,,40.4168,-3.7038,667,
2024-03-11T01:00:00+00:00,26.88,34.07,12.61,55.06,20,40,Madrid,,40.4168,-3.7038,667,
2024-03-11T02:00:00+00:00,33.81,43.65,13.57,63.13,20,40,Madrid,,40.4168,-3.7038,667,
2024-03-11T03:00:00+00:00,24.89,29.98,13.46,57.94,20,40,Madrid,,40.4168,-3.7038,667,
2024-03-11T04:00:00+00:00,32.43,44.32,15.97,68.55,20,40,Madrid,,40.4168,-3.7038,667,
2024-03-11T05:00:00+00:00,29.18,43.34,14.84,58.22,20,40,Madrid,,40.4168,-3.7038,667,
2024-03-11T06:00:00+00:00,30.69,41.32,15.65,71.46,20,40,Madrid,,40.4168,-3.7038,667,
2024-03-11T07:00:00+00:00,28.05,40.48,17.34,70.05,20,40,Madrid,,40.4168,-3.7038,667,
2024-03-11T08:00:00+00:00,26.39,35.81,14.48,66.93,20,40,Madrid,,40.4168,-3.7038,667,
2024-03-11T09:00:00+00:00,28.1,40.8,14.25,62.46,20,40,Madrid,,40.4168,-3.7038,667,
2024-03-11T10:00:00+00:00,35.42,46.69,12.83,59.4,20,40,Madrid,,40.4168,-3.7038,667,
2024-03-11T11:00:00+00:00,28.86,40.84,11.59,51.77,20,40,Madrid,,40.4168,-3.7038,667,
2024-03-11T12:00:00+00:00,31.02,45.75,12.86,52.39,20,40,Madrid,,40.4168,-3.7038,667,
2024-03-11T13:00:00+00:00,34.41,47.62,10.52,47.0,20,40,Madrid,,40.4168,-3.7038,667,
2024-03-11T14:00:00+00:00,30.78,44.96,10.61,50.36,20,40,Madrid,,40.4168,-3.7038,667,
2024-03-11T15:00:00+00:00,32.47,46.65,10.01,50.53,20,40,Madrid,,40.4168,-3.7038,667,
2024-03-11T16:00:00+00:00,25.07,37.83,8.37,38.42,20,40,Madrid,,40.4168,-3.7038,667,
2024-03-11T17:00:00+00:00,25.21,37.27,7.21,39.76,20,40,Madrid,,40.4168,-3.7038,667,
2024-03-11T18:00:00+00:00,33.18,46.84,9.43,52.76,20,40,Madrid,,40.4168,-3.7038,667,
2024-03-11T19:00:00+00:00,32.93,43.16,6.88,41.95,20,40,Madrid,,40.4168,-3.7038,667,
2024-03-11T20:00:00+00:00,30.03,37.55,8.57,42.45,20,40,Madrid,,40.4168,-3.7038,667,
2024-03-11T21:00:00+00:00,27.4,38.0,8.98,45.53,20,40,Madrid,,40.4168,-3.7038,667,
2024-03-11T22:00:00+00:00,33.29,46.97,10.9,48.78,20,40,Madrid,,40.4168,-3.7038,667,
2024-03-11T23:00:00+00:00,36.84,49.94,10.8,59.97,20,40,Madrid,,40.4168,-3.7038,667,
2024-03-12T00:00:00+00:00,30.23,40.87,12.3,49.96,20,40,Madrid,,40.4168,-3.7038,667,
2024-03-12T01:00:00+00:00,26.37,34.71,14.34,55.93,20,40,Madrid,,40.4168,-3.7038,667,
2024-03-12T02:00:00+00:00,31.32,42.67,12.96,62.22,20,40,Madrid,,40.4168,-3.7038,667,
2024-03-12T03:00:00+00:00,28.78,36.53,13.54,66.39,20,40,Madrid,,40.4168,-3.7038,667,
2024-03-12T04:00:00+00:00,25.39,30.4,16.17,58.47,20,40,Madrid,,40.4168,-3.7038,667,
2024-03-12T05:00:00+00:00,29.64,42.27,15.49,69.86,20,40,Madrid,,40.4168,-3.7038,667,
2024-03-12T06:00:00+00:00,29.32,36.84,16.17,72.46,20,40,Madrid,,40.4168,-3.7038,667,
2024-03-12T07:00:00+00:00,28.69,36.88,14.67,60.72,20,40,Madrid,,40.4168,-3.7038,667,
2024-03-12T08:00:00+00:00,28.21,35.27,15.53,64.43,20,40,Madrid,,40.4168,-3.7038,667,
2024-03-12T09:00:00+00:00,33.54,45.52,13.72,54.94,20,40,Madrid,,40.4168,-3.7038,667,
2024-03-12T10:00:00+00:00,25.79,36.14,14.44,60.18,20,40,Madrid,,40.4168,-3.7038,667,
2024-03-12T11:00:00+00:00,29.74,37.55,11.79,59.12,20,40,Madrid,,40.4168,-3.7038,667,
2024-03-12T12:00:00+00:00,34.33,49.61,11.64,52.97,20,40,Madrid,,40.4168,-3.7038,667,
2024-03-12T13:00:00+00:00,27.76,34.56,9.7,55.98,20,40,Madrid,,40.4168,-3.7038,667,
2024-03-12T14:00:00+00:00,25.41,33.5,9.54,53.87,20,40,Madrid,,40.4168,-3.7038,667,
2024-03-12T15:00:00+00:00,32.63,46.44,7.67,53.51,20,40,Madrid,,40.4168,-3.7038,667,
2024-03-12T16:00:00+00:00,24.75,31.96,9.37,41.65,20,40,Madrid,,40.4168,-3.7038,667,
2024-03-12T17:00:00+00:00,24.78,35.41,7.25,40.63,20,40,Madrid,,40.4168,-3.7038,667,
2024-03-12T18:00:00+00:00,27.47,33.77,8.5,38.98,20,40,Madrid,,40.4168,-3.7038,667,
2024-03-12T19:00:00+00:00,24.28,34.11,8.18,40.76,20,40,Madrid,,40.4168,-3.7038,667,
2024-03-12T20:00:00+00:00,33.88,42.71,9.11,52.93,20,40,Madrid,,40.4168,-3.7038,667,
2024-03-12T21:00:00+00:00,27.82,40.73,8.92,53.79,20,40,Madrid,,40.4168,-3.7038,667,
2024-03-12T22:00:00+00:00,35.06,44.7,10.88,50.75,20,40,Madrid,,40.4168,-3.7038,667,
2024-03-12T23:00:00+00:00,30.67,44.64,9.71,49.54,20,40,Madrid,,40.4168,-3.7038,667,
2024-03-13T00:00:00+00:00,34.39,46.25,11.44,52.58,20,40,Madrid,,40.4168,-3.7038,667,
2024-03-13T01:00:00+00:00,31.36,42.3,13.41,52.97,20,40,Madrid,,40.4168,-3.7038,667,
2024-03-13T02:00:00+00:00,32.06,44.0,14.09,64.53,20,40,Madrid,,40.4168,-3.7038,667,
2024-03-13T03:00:00+00:00,33.33,47.82,13.59,55.39,20,40,Madrid,,40.4168,-3.7038,667,
2024-03-13T04:00:00+00:00,31.99,46.74,14.98,69.32,20,40,Madrid,,40.4168,-3.7038,667,
2024-03-13T05:00:00+00:00,29.54,43.55,15.5,63.71,20,40,Madrid,,40.4168,-3.7038,667,
2024-03-13T06:00:00+00:00,35.52,47.34,16.17,72.3,20,40,Madrid,,40.4168,-3.7038,667,
2024-03-13T07:00:00+00:00,31.06,42.78,15.97,59.53,20,40,Madrid,,40.4168,-3.7038,667,
2024-03-13T08:00:00+00:00,32.6,40.2,14.7,68.21,20,40,Madrid,,40.4168,-3.7038,667,
2024-03-13T09:00:00+00:00,28.9,35.59,15.84,62.55,20,40,Madrid,,40.4168,-3.7038,667,
2024-03-13T10:00:00+00:00,36.73,48.76,14.92,66.73,20,40,Madrid,,40.4168,-3.7038,667,
2024-03-13T11:00:00+00:00,33.7,41.6,12.71,54.93,20,40,Madrid,,40.4168,-3.7038,667,
2024-03-13T12:00:00+00:00,28.57,39.45,13.46,50.2,20,40,Madrid,,40.4168,-3.7038,667,
2024-03-13T13:00:00+00:00,31.91,40.0,10.76,57.43,20,40,Madrid,,40.4168,-3.7038,667,
2024-03-13T14:00:00+00:00,33.82,47.43,9.19,47.05,20,40,Madrid,,40.4168,-3.7038,667,
2024-03-13T15:00:00+00:00,31.96,43.22,8.75,53.86,20,40,Madrid,,40.4168,-3.7038,667,
2024-03-13T16:00:00+00:00,25.33,35.44,7.56,51.65,20,40,Madrid,,40.4168,-3.7038,667,
2024-03-13T17:00:00+00:00,25.76,33.37,9.48,51.03,20,40,Madrid,,40.4168,-3.7038,667,
2024-03-13T18:00:00+00:00,31.34,45.34,9.48,48.88,20,40,Madrid,,40.4168,-3.7038,667,
2024-03-13T19:00:00+00:00,26.04,32.0,8.52,40.73,20,40,Madrid,,40.4168,-3.7038,667,
2024-03-13T20:00:00+00:00,27.94,37.41,8.43,48.65,20,40,Madrid,,40.4168,-3.7038,667,
2024-03-13T21:00:00+00:00,32.5,43.92,9.38,41.59,20,40,Madrid,,40.4168,-3.7038,667,
2024-03-13T22:00:00+00:00,28.34,37.99,9.83,50.56,20,40,Madrid,,40.4168,-3.7038,667,
2024-03-13T23:00:00+00:00,30.12,43.5,11.03,48.42,20,40,Madrid,,40.4168,-3.7038,667,
2024-03-14T00:00:00+00:00,27.71,33.92,13.25,51.05,20,40,Madrid,,40.4168,-3.7038,667,
2024-03-14T01:00:00+00:00,30.86,43.47,11.68,64.38,20,40,Madrid,,40.4168,-3.7038,667,
2024-03-14T02:00:00+00:00,31.12,39.81,13.2,54.44,20,40,Madrid,,40.4168,-3.7038,667,
2024-03-14T03:00:00+00:00,31.33,45.81,14.61,59.79,20,40,Madrid,,40.4168,-3.7038,667,
2024-03-14T04:00:00+00:00,30.5,37.3,14.46,63.29,20,40,Madrid,,40.4168,-3.7038,667,
2024-03-14T05:00:00+00:00,33.69,48.84,15.03,70.43,20,40,Madrid,,40.4168,-3.7038,667,
2024-03-14T06:00:00+00:00,33.62,43.45,16.7,67.02,20,40,Madrid,,40.4168,-3.7038,667,
2024-03-14T07:00:00+00:00,35.67,47.0,16.49,68.33,20,40,Madrid,,40.4168,-3.7038,667,
2024-03-14T08:00:00+00:00,33.01,47.07,15.37,69.49,20,40,Madrid,,40.4168,-3.7038,667,
2024-03-14T09:00:00+00:00,33.22,42.43,14.23,55.04,20,40,Madrid,,40.4168,-3.7038,667,
2024-03-14T10:00:00+00:00,35.29,46.92,13.53,55.02,20,40,Madrid,,40.4168,-3.7038,667,
2024-03-14T11:00:00+00:00,26.71,32.38,11.93,58.62,20,40,Madrid,,40.4168,-3.7038,667,
2024-03-14T12:00:00+00:00,29.35,39.67,11.23,52.5,20,40,Madrid,,40.4168,-3.7038,667,
2024-03-14T13:00:00+00:00,24.55,30.89,11.44,44.84,20,40,Madrid,,40.4168,-3.7038,667,
2024-03-14T14:00:00+00:00,33.16,44.18,11.33,53.26,20,40,Madrid,,40.4168,-3.7038,667,
2024-03-14T15:00:00+00:00,34.17,44.68,7.94,40.76,20,40,Madrid,,40.4168,-3.7038,667,
2024-03-14T16:00:00+00:00,29.11,37.74,8.37,50.46,20,40,Madrid,,40.4168,-3.7038,667,
2024-03-14T17:00:00+00:00,23.35,28.02,8.36,39.61,20,40,Madrid,,40.4168,-3.7038,667,
2024-03-14T18:00:00+00:00,33.78,45.83,7.07,50.01,20,40,Madrid,,40.4168,-3.7038,667,
2024-03-14T19:00:00+00:00,25.39,31.75,7.55,39.15,20,40,Madrid,,40.4168,-3.7038,667,
2024-03-14T20:00:00+00:00,30.16,43.45,7.13,46.41,20,40,Madrid,,40.4168,-3.7038,667,
2024-03-14T21:00:00+00:00,33.43,41.86,8.34,47.62,20,40,Madrid,,40.4168,-3.7038,667,
2024-03-14T22:00:00+00:00,30.22,39.56,10.31,48.6,20,40,Madrid,,40.4168,-3.7038,667,
2024-03-14T23:00:00+00:00,29.4,39.22,11.91,58.64,20,40,Madrid,,40.4168,-3.7038,667,
2024-03-15T00:00:00+00:00,31.55,39.96,11.66,53.28,20,40,Madrid,,40.4168,-3.7038,667,
2024-03-15T01:00:00+00:00,26.9,36.69,11.69,51.73,20,40,Madrid,,40.4168,-3.7038,667,
2024-03-15T02:00:00+00:00,27.36,36.57,14.25,58.8,20,40,Madrid,,40.4168,-3.7038,667,
2024-03-15T03:00:00+00:00,27.19,38.14,15.82,56.08,20,40,Madrid,,40.4168,-3.7038,667,
2024-03-15T04:00:00+00:00,32.82,41.84,15.33,63.18,20,40,Madrid,,40.4168,-3.7038,667,
2024-03-15T05:00:00+00:00,36.38,49.76,15.86,70.37,20,40,Madrid,,40.4168,-3.7038,667,
2024-03-15T06:00:00+00:00,33.36,44.53,15.63,60.43,20,40,Madrid,,40.4168,-3.7038,667,
2024-03-15T07:00:00+00:00,34.21,43.53,16.48,57.35,20,40,Madrid,,40.4168,-3.7038,667,
2024-03-15T08:00:00+00:00,30.58,41.71,16.13,62.06,20,40,Madrid,,40.4168,-3.7038,667,
2024-03-15T09:00:00+00:00,29.33,42.61,14.23,56.74,20,40,Madrid,,40.4168,-3.7038,667,
2024-03-15T10:00:00+00:00,26.59,39.51,13.03,58.24,20,40,Madrid,,40.4168,-3.7038,667,
2024-03-15T11:00:00+00:00,26.79,32.59,14.27,58.78,20,40,Madrid,,40.4168,-3.7038,667,
2024-03-15T12:00:00+00:00,34.88,47.99,12.06,55.39,20,40,Madrid,,40.4168,-3.7038,667,
2024-03-15T13:00:00+00:00,30.56,40.15,11.29,48.99,20,40,Madrid,,40.4168,-3.7038,667,
2024-03-15T14:00:00+00:00,35.42,50.85,8.9,49.99,20,40,Madrid,,40.4168,-3.7038,667,
2024-03-15T15:00:00+00:00,25.47,38.12,8.9,53.96,20,40,Madrid,,40.4168,-3.7038,667,
2024-03-15T16:00:00+00:00,33.15,41.03,9.79,52.86,20,40,Madrid,,40.4168,-3.7038,667,
2024-03-15T17:00:00+00:00,25.24,32.67,8.37,49.96,20,40,Madrid,,40.4168,-3.7038,667,
2024-03-15T18:00:00+00:00,26.75,33.28,9.33,37.05,20,40,Madrid,,40.4168,-3.7038,667,
2024-03-15T19:00:00+00:00,26.02,35.74,6.73,39.45,20,40,Madrid,,40.4168,-3.7038,667,
2024-03-15T20:00:00+00:00,33.41,46.31,9.86,52.59,20,40,Madrid,,40.4168,-3.7038,667,
2024-03-15T21:00:00+00:00,30.82,39.12,9.67,44.5,20,40,Madrid,,40.4168,-3.7038,667,
2024-03-15T22:00:00+00:00,31.48,43.05,9.32,44.43,20,40,Madrid,,40.4168,-3.7038,667,
2024-03-15T23:00:00+00:00,27.21,34.77,12.17,47.66,20,40,Madrid,,40.4168,-3.7038,667,
2024-03-16T00:00:00+00:00,31.45,42.04,11.41,51.0,20,40,Madrid,,40.4168,-3.7038,667,
2024-03-16T01:00:00+00:00,30.83,41.3,12.56,50.27,20,40,Madrid,,40.4168,-3.7038,667,
2024-03-16T02:00:00+00:00,30.1,43.74,12.98,61.47,20,40,Madrid,,40.4168,-3.7038,667,
2024-03-16T03:00:00+00:00,28.31,36.15,14.38,60.13,20,40,Madrid,,40.4168,-3.7038,667,
2024-03-16T04:00:00+00:00,29.8,37.78,15.74,67.07,20,40,Madrid,,40.4168,-3.7038,667,
2024-03-16T05:00:00+00:00,26.88,36.77,14.64,63.57,20,40,Madrid,,40.4168,-3.7038,667,
2024-03-16T06:00:00+00:00,34.91,45.5,16.45,71.06,20,40,Madrid,,40.4168,-3.7038,667,
2024-03-16T07:00:00+00:00,31.24,40.97,16.5,66.67,20,40,Madrid,,40.4168,-3.7038,667,
2024-03-16T08:00:00+00:00,35.05,47.14,16.34,70.85,20,40,Madrid,,40.4168,-3.7038,667,
2024-03-16T09:00:00+00:00,27.81,37.81,13.64,68.79,20,40,Madrid,,40.4168,-3.7038,667,
2024-03-16T10:00:00+00:00,32.46,47.58,14.35,64.6,20,40,Madrid,,40.4168,-3.7038,667,
2024-03-16T11:00:00+00:00,27.3,34.53,12.54,58.08,20,40,Madrid,,40.4168,-3.7038,667,
2024-03-16T12:00:00+00:00,29.66,43.25,11.36,57.86,20,40,Madrid,,40.4168,-3.7038,667,
2024-03-16T13:00:00+00:00,34.2,47.34,12.35,46.47,20,40,Madrid,,40.4168,-3.7038,667,
2024-03-16T14:00:00+00:00,26.22,38.79,8.52,45.19,20,40,Madrid,,40.4168,-3.7038,667,
2024-03-16T15:00:00+00:00,35.64,51.74,7.73,51.75,20,40,Madrid,,40.4168,-3.7038,667,
2024-03-16T16:00:00+00:00,29.06,38.76,7.88,52.78,20,40,Madrid,,40.4168,-3.7038,667,
2024-03-16T17:00:00+00:00,26.61,34.48,8.15,44.18,20,40,Madrid,,40.4168,-3.7038,667,
2024-03-16T18:00:00+00:00,33.3,44.91,6.66,43.75,20,40,Madrid,,40.4168,-3.7038,667,
2024-03-16T19:00:00+00:00,25.33,37.56,9.24,38.98,20,40,Madrid,,40.4168,-3.7038,667,
2024-03-16T20:00:00+00:00,31.66,45.85,8.88,40.88,20,40,Madrid,,40.4168,-3.7038,667,
2024-03-16T21:00:00+00:00,29.61,42.94,10.48,49.78,20,40,Madrid,,40.4168,-3.7038,667,
2024-03-16T22:00:00+00:00,24.6,30.8,10.66,43.81,20,40,Madrid,,40.4168,-3.7038,667,
2024-03-16T23:00:00+00:00,28.15,38.75,11.67,53.69,20,40,Madrid,,40.4168,-3.7038,667,
2024-03-17T00:00:00+00:00,31.35,39.54,11.0,52.66,20,40,Madrid,,40.4168,-3.7038,667,
2024-03-17T01:00:00+00:00,35.14,45.8,12.79,51.89,20,40,Madrid,,40.4168,-3.7038,667,
2024-03-17T02:00:00+00:00,32.82,42.57,14.93,57.55,20,40,Madrid,,40.4168,-3.7038,667,
2024-03-17T03:00:00+00:00,26.59,33.39,13.59,55.2,20,40,Madrid,,40.4168,-3.7038,667,
2024-03-17T04:00:00+00:00,29.35,39.67,14.98,68.35,20,40,Madrid,,40.4168,-3.7038,667,
2024-03-17T05:00:00+00:00,29.4,42.49,15.91,63.86,20,40,Madrid,,40.4168,-3.7038,667,
2024-03-17T06:00:00+00:00,29.12,36.86,14.92,64.9,20,40,Madrid,,40.4168,-3.7038,667,
2024-03-17T07:00:00+00:00,26.27,35.13,17.3,59.37,20,40,Madrid,,40.4168,-3.7038,667,
2024-03-17T08:00:00+00:00,30.51,38.79,15.31,69.76,20,40,Madrid,,40.4168,-3.7038,667,
2024-03-17T09:00:00+00:00,33.87,44.96,15.82,56.46,20,40,Madrid,,40.4168,-3.7038,667,
2024-03-17T10:00:00+00:00,32.01,39.97,12.6,53.53,20,40,Madrid,,40.4168,-3.7038,667,
2024-03-17T11:00:00+00:00,35.44,50.83,13.41,61.65,20,40,Madrid,,40.4168,-3.7038,667,
2024-03-17T12:00:00+00:00,31.71,42.23,11.8,48.59,20,40,Madrid,,40.4168,-3.7038,667,
2024-03-17T13:00:00+00:00,30.37,42.61,10.34,53.63,20,40,Madrid,,40.4168,-3.7038,667,
2024-03-17T14:00:00+00:00,31.61,39.92,10.38,55.79,20,40,Madrid,,40.4168,-3.7038,667,
2024-03-17T15:00:00+00:00,30.61,37.7,8.04,51.13,20,40,Madrid,,40.4168,-3.7038,667,
2024-03-17T16:00:00+00:00,27.08,37.47,9.11,42.92,20,40,Madrid,,40.4168,-3.7038,667,
2024-03-17T17:00:00+00:00,31.08,38.25,7.94,43.39,20,40,Madrid,,40.4168,-3.7038,667,
2024-03-17T18:00:00+00:00,24.98,36.57,7.95,47.95,20,40,Madrid,,40.4168,-3.7038,667,
2024-03-17T19:00:00+00:00,25.04,36.2,8.67,43.26,20,40,Madrid,,40.4168,-3.7038,667,
2024-03-17T20:00:00+00:00,24.56,33.01,8.87,43.58,20,40,Madrid,,40.4168,-3.7038,667,
2024-03-17T21:00:00+00:00,27.77,37.54,8.64,44.63,20,40,Madrid,,40.4168,-3.7038,667,
2024-03-17T22:00:00+00:00,31.18,43.0,8.65,48.21,20,40,Madrid,,40.4168,-3.7038,667,
2024-03-17T23:00:00+00:00,28.19,35.74,11.59,50.76,20,40,Madrid,,40.4168,-3.7038,667,
2024-03-18T00:00:00+00:00,33.54,41.71,12.98,49.94,20,40,Madrid,,40.4168,-3.7038,667,
2024-03-18T01:00:00+00:00,26.43,35.23,12.28,64.32,20,40,Madrid,,40.4168,-3.7038,667,
2024-03-18T02:00:00+00:00,25.0,36.19,14.56,56.12,20,40,Madrid,,40.4168,-3.7038,667,
2024-03-18T03:00:00+00:00,32.65,47.67,13.53,58.01,20,40,Madrid,,40.4168,-3.7038,667,
2024-03-18T04:00:00+00:00,34.04,43.84,15.36,57.95,20,40,Madrid,,40.4168,-3.7038,667,
2024-03-18T05:00:00+00:00,34.5,49.34,14.98,70.18,20,40,Madrid,,40.4168,-3.7038,667,
2024-03-18T06:00:00+00:00,31.34,40.1,15.45,66.23,20,40,Madrid,,40.4168,-3.7038,667,
2024-03-18T07:00:00+00:00,32.56,46.46,15.02,66.54,20,40,Madrid,,40.4168,-3.7038,667,
2024-03-18T08:00:00+00:00,35.57,44.32,15.15,64.65,20,40,Madrid,,40.4168,-3.7038,667,
2024-03-18T09:00:00+00:00,27.42,33.13,14.25,55.88,20,40,Madrid,,40.4168,-3.7038,667,
2024-03-18T10:00:00+00:00,36.43,46.66,13.58,63.45,20,40,Madrid,,40.4168,-3.7038,667,
2024-03-18T11:00:00+00:00,31.79,43.21,11.82,63.18,20,40,Madrid,,40.4168,-3.7038,667,
2024-03-18T12:00:00+00:00,29.63,40.81,13.49,58.04,20,40,Madrid,,40.4168,-3.7038,667,
2024-03-18T13:00:00+00:00,35.15,47.07,9.95,55.58,20,40,Madrid,,40.4168,-3.7038,667,
2024-03-18T14:00:00+00:00,32.19,42.48,9.73,43.82,20,40,Madrid,,40.4168,-3.7038,667,
2024-03-18T15:00:00+00:00,24.91,36.13,9.14,40.83,20,40,Madrid,,40.4168,-3.7038,667,
2024-03-18T16:00:00+00:00,30.46,40.66,8.09,49.33,20,40,Madrid,,40.4168,-3.7038,667,
2024-03-18T17:00:00+00:00,29.85,37.98,7.94,42.55,20,40,Madrid,,40.4168,-3.7038,667,
2024-03-18T18:00:00+00:00,33.31,41.2,7.06,38.78,20,40,Madrid,,40.4168,-3.7038,667,
2024-03-18T19:00:00+00:00,31.77,43.95,6.8,48.23,20,40,Madrid,,40.4168,-3.7038,667,
2024-03-18T20:00:00+00:00,26.08,34.04,7.9,53.39,20,40,Madrid,,40.4168,-3.7038,667,
2024-03-18T21:00:00+00:00,26.16,35.06,9.06,48.62,20,40,Madrid,,40.4168,-3.7038,667,
2024-03-18T22:00:00+00:00,26.21,36.55,11.28,46.74,20,40,Madrid,,40.4168,-3.7038,667,
2024-03-18T23:00:00+00:00,25.35,34.72,11.64,44.57,20,40,Madrid,,40.4168,-3.7038,667,
2024-03-19T00:00:00+00:00,35.48,51.48,11.28,58.14,20,40,Madrid,,40.4168,-3.7038,667,
2024-03-19T01:00:00+00:00,30.51,37.42,13.33,60.92,20,40,Madrid,,40.4168,-3.7038,667,
2024-03-19T02:00:00+00:00,28.08,34.82,13.64,53.88,20,40,Madrid,,40.4168,-3.7038,667,
2024-03-19T03:00:00+00:00,34.33,43.98,13.49,56.64,20,40,Madrid,,40.4168,-3.7038,667,
2024-03-19T04:00:00+00:00,33.6,44.36,14.01,58.75,20,40,Madrid,,40.4168,-3.7038,667,
2024-03-19T05:00:00+00:00,34.73,47.18,15.52,64.77,20,40,Madrid,,40.4168,-3.7038,667,
2024-03-19T06:00:00+00:00,32.88,45.38,16.23,68.04,20,40,Madrid,,40.4168,-3.7038,667,
2024-03-19T07:00:00+00:00,35.06,51.24,17.0,59.13,20,40,Madrid,,40.4168,-3.7038,667,
2024-03-19T08:00:00+00:00,28.26,35.89,16.05,64.71,20,40,Madrid,,40.4168,-3.7038,667,
2024-03-19T09:00:00+00:00,30.39,43.47,14.97,63.2,20,40,Madrid,,40.4168,-3.7038,667,
2024-03-19T10:00:00+00:00,27.51,38.37,14.5,52.27,20,40,Madrid,,40.4168,-3.7038,667,
2024-03-19T11:00:00+00:00,33.09,42.14,12.18,57.13,20,40,Madrid,,40.4168,-3.7038,667,
2024-03-19T12:00:00+00:00,26.15,37.37,11.81,53.85,20,40,Madrid,,40.4168,-3.7038,667,
2024-03-19T13:00:00+00:00,28.69,37.62,11.34,56.31,20,40,Madrid,,40.4168,-3.7038,667,
2024-03-19T14:00:00+00:00,30.54,41.37,8.81,42.74,20,40,Madrid,,40.4168,-3.7038,667,
2024-03-19T15:00:00+00:00,24.65,34.45,10.0,40.62,20,40,Madrid,,40.4168,-3.7038,667,
2024-03-19T16:00:00+00:00,30.94,41.97,9.99,53.47,20,40,Madrid,,40.4168,-3.7038,667,
2024-03-19T17:00:00+00:00,33.24,44.05,7.8,51.87,20,40,Madrid,,40.4168,-3.7038,667,
2024-03-19T18:00:00+00:00,28.96,38.47,8.73,52.74,20,40,Madrid,,40.4168,-3.7038,667,
2024-03-19T19:00:00+00:00,29.11,40.87,7.25,49.42,20,40,Madrid,,40.4168,-3.7038,667,
2024-03-19T20:00:00+00:00,34.96,45.61,9.42,53.21,20,40,Madrid,,40.4168,-3.7038,667,
2024-03-19T21:00:00+00:00,31.29,41.32,7.97,46.67,20,40,Madrid,,40.4168,-3.7038,667,
2024-03-19T22:00:00+00:00,33.41,43.48,10.27,42.16,20,40,Madrid,,40.4168,-3.7038,667,
2024-03-19T23:00:00+00:00,27.65,35.68,10.77,53.62,20,40,Madrid,,40.4168,-3.7038,667,
2024-03-20T00:00:00+00:00,25.57,38.22,11.91,49.67,20,40,Madrid,,40.4168,-3.7038,667,
2024-03-20T01:00:00+00:00,29.05,38.19,12.91,55.67,20,40,Madrid,,40.4168,-3.7038,667,
2024-03-20T02:00:00+00:00,35.28,44.96,13.35,65.84,20,40,Madrid,,40.4168,-3.7038,667,
2024-03-20T03:00:00+00:00,34.86,44.11,13.63,68.5,20,40,Madrid,,40.4168,-3.7038,667,
2024-03-20T04:00:00+00:00,28.06,37.44,15.53,62.13,20,40,Madrid,,40.4168,-3.7038,667,
2024-03-20T05:00:00+00:00,28.1,41.03,15.83,69.58,20,40,Madrid,,40.4168,-3.7038,667,
2024-03-20T06:00:00+00:00,37.21,47.25,17.23,72.82,20,40,Madrid,,40.4168,-3.7038,667,
2024-03-20T07:00:00+00:00,31.1,38.66,16.94,62.04,20,40,Madrid,,40.4168,-3.7038,667,
2024-03-20T08:00:00+00:00,33.18,42.12,16.02,62.45,20,40,Madrid,,40.4168,-3.7038,667,
2024-03-20T09:00:00+00:00,28.84,36.09,15.32,68.25,20,40,Madrid,,40.4168,-3.7038,667,
2024-03-20T10:00:00+00:00,24.2,29.86,14.95,53.3,20,40,Madrid,,40.4168,-3.7038,667,
2024-03-20T11:00:00+00:00,34.23,46.86,12.79,50.02,20,40,Madrid,,40.4168,-3.7038,667,
2024-03-20T12:00:00+00:00,31.13,40.09,12.3,49.63,20,40,Madrid,,40.4168,-3.7038,667,
2024-03-20T13:00:00+00:00,32.86,40.47,11.57,50.98,20,40,Madrid,,40.4168,-3.7038,667,
2024-03-20T14:00:00+00:00,32.37,45.84,10.52,50.32,20,40,Madrid,,40.4168,-3.7038,667,
2024-03-20T15:00:00+00:00,26.09,38.17,8.96,40.66,20,40,Madrid,,40.4168,-3.7038,667,
2024-03-20T16:00:00+00:00,32.04,46.81,8.25,50.19,20,40,Madrid,,40.4168,-3.7038,667,
2024-03-20T17:00:00+00:00,27.48,39.74,6.94,42.56,20,40,Madrid,,40.4168,-3.7038,667,
2024-03-20T18:00:00+00:00,29.13,41.89,8.99,38.45,20,40,Madrid,,40.4168,-3.7038,667,
2024-03-20T19:00:00+00:00,28.61,35.12,8.25,49.77,20,40,Madrid,,40.4168,-3.7038,667,
2024-03-20T20:00:00+00:00,27.51,33.64,9.09,44.05,20,40,Madrid,,40.4168,-3.7038,667,
2024-03-20T21:00:00+00:00,23.63,28.03,8.79,43.58,20,40,Madrid,,40.4168,-3.7038,667,
2024-03-20T22:00:00+00:00,32.65,40.6,10.65,50.48,20,40,Madrid,,40.4168,-3.7038,667,
2024-03-20T23:00:00+00:00,26.82,36.67,10.1,57.28,20,40,Madrid,,40.4168,-3.7038,667,
2024-03-21T00:00:00+00:00,29.94,41.01,13.1,61.37,20,40,Madrid,,40.4168,-3.7038,667,
2024-03-21T01:00:00+00:00,24.82,32.94,12.69,56.87,20,40,Madrid,,40.4168,-3.7038,667,
2024-03-21T02:00:00+00:00,28.61,40.66,14.44,58.54,20,40,Madrid,,40.4168,-3.7038,667,
2024-03-21T03:00:00+00:00,32.13,45.7,15.27,69.96,20,40,Madrid,,40.4168,-3.7038,667,
2024-03-21T04:00:00+00:00,35.37,47.98,14.18,65.96,20,40,Madrid,,40.4168,-3.7038,667,
2024-03-21T05:00:00+00:00,30.66,41.63,15.09,66.97,20,40,Madrid,,40.4168,-3.7038,667,
2024-03-21T06:00:00+00:00,27.19,33.67,15.42,63.28,20,40,Madrid,,40.4168,-3.7038,667,
2024-03-21T07:00:00+00:00,33.64,45.68,15.96,58.64,20,40,Madrid,,40.4168,-3.7038,667,
2024-03-21T08:00:00+00:00,28.55,36.07,16.81,57.29,20,40,Madrid,,40.4168,-3.7038,667,
2024-03-21T09:00:00+00:00,36.01,51.02,15.91,63.08,20,40,Madrid,,40.4168,-3.7038,667,
2024-03-21T10:00:00+00:00,27.53,39.13,15.12,64.24,20,40,Madrid,,40.4168,-3.7038,667,
2024-03-21T11:00:00+00:00,35.12,46.65,12.16,52.83,20,40,Madrid,,40.4168,-3.7038,667,
2024-03-21T12:00:00+00:00,34.36,45.64,13.05,48.89,20,40,Madrid,,40.4168,-3.7038,667,
2024-03-21T13:00:00+00:00,25.17,37.52,11.71,53.61,20,40,Madrid,,40.4168,-3.7038,667,
2024-03-21T14:00:00+00:00,33.59,43.74,8.55,45.98,20,40,Madrid,,40.4168,-3.7038,667,
2024-03-21T15:00:00+00:00,26.57,35.18,10.5,45.73,20,40,Madrid,,40.4168,-3.7038,667,
2024-03-21T16:00:00+00:00,27.32,34.36,8.66,48.27,20,40,Madrid,,40.4168,-3.7038,667,
2024-03-21T17:00:00+00:00,33.46,43.17,6.78,45.77,20,40,Madrid,,40.4168,-3.7038,667,
2024-03-21T18:00:00+00:00,25.28,35.71,7.2,48.72,20,40,Madrid,,40.4168,-3.7038,667,
2024-03-21T19:00:00+00:00,26.12,32.26,8.5,42.42,20,40,Madrid,,40.4168,-3.7038,667,
2024-03-21T20:00:00+00:00,32.61,43.82,8.12,47.68,20,40,Madrid,,40.4168,-3.7038,667,
2024-03-21T21:00:00+00:00,26.92,37.53,9.11,54.9,20,40,Madrid,,40.4168,-3.7038,667,
2024-03-21T22:00:00+00:00,32.11,42.39,9.66,42.94,20,40,Madrid,,40.4168,-3.7038,667,
2024-03-21T23:00:00+00:00,26.36,35.61,12.24,58.68,20,40,Madrid,,40.4168,-3.7038,667,
2024-03-22T00:00:00+00:00,27.47,34.43,13.11,55.93,20,40,Madrid,,40.4168,-3.7038,667,
2024-03-22T01:00:00+00:00,27.43,39.44,14.42,56.66,20,40,Madrid,,40.4168,-3.7038,667,
2024-03-22T02:00:00+00:00,26.42,32.34,12.69,52.68,20,40,Madrid,,40.4168,-3.7038,667,
2024-03-22T03:00:00+00:00,28.35,40.97,14.75,65.5,20,40,Madrid,,40.4168,-3.7038,667,
2024-03-22T04:00:00+00:00,30.51,44.87,16.67,60.62,20,40,Madrid,,40.4168,-3.7038,667,
2024-03-22T05:00:00+00:00,32.93,42.67,15.74,68.1,20,40,Madrid,,40.4168,-3.7038,667,
2024-03-22T06:00:00+00:00,32.58,44.01,17.49,67.96,20,40,Madrid,,40.4168,-3.7038,667,
2024-03-22T07:00:00+00:00,32.49,46.41,15.05,69.48,20,40,Madrid,,40.4168,-3.7038,667,
2024-03-22T08:00:00+00:00,29.13,38.24,14.86,58.6,20,40,Madrid,,40.4168,-3.7038,667,
2024-03-22T09:00:00+00:00,33.74,48.37,13.86,69.13,20,40,Madrid,,40.4168,-3.7038,667,
2024-03-22T10:00:00+00:00,33.68,43.98,12.55,57.56,20,40,Madrid,,40.4168,-3.7038,667,
2024-03-22T11:00:00+00:00,27.47,33.93,13.5,63.22,20,40,Madrid,,40.4168,-3.7038,667,
2024-03-22T12:00:00+00:00,29.57,36.41,11.47,49.05,20,40,Madrid,,40.4168,-3.7038,667,
2024-03-22T13:00:00+00:00,25.87,36.48,11.35,54.99,20,40,Madrid,,40.4168,-3.7038,667,
2024-03-22T14:00:00+00:00,27.91,39.54,10.21,51.09,20,40,Madrid,,40.4168,-3.7038,667,
2024-03-22T15:00:00+00:00,26.41,34.53,9.2,51.51,20,40,Madrid,,40.4168,-3.7038,667,
2024-03-22T16:00:00+00:00,27.6,40.08,7.25,50.84,20,40,Madrid,,40.4168,-3.7038,667,
2024-03-22T17:00:00+00:00,25.0,32.44,8.13,50.78,20,40,Madrid,,40.4168,-3.7038,667,
2024-03-22T18:00:00+00:00,32.31,47.26,8.52,46.52,20,40,Madrid,,40.4168,-3.7038,667,
2024-03-22T19:00:00+00:00,26.67,34.0,8.25,50.52,20,40,Madrid,,40.4168,-3.7038,667,
2024-03-22T20:00:00+00:00,25.67,33.4,9.47,48.4,20,40,Madrid,,40.4168,-3.7038,667,
2024-03-22T21:00:00+00:00,30.13,41.65,7.96,48.47,20,40,Madrid,,40.4168,-3.7038,667,
2024-03-22T22:00:00+00:00,32.9,47.9,8.61,54.07,20,40,Madrid,,40.4168,-3.7038,667,
2024-03-22T23:00:00+00:00,27.17,36.62,9.62,55.13,20,40,Madrid,,40.4168,-3.7038,667,
2024-03-23T00:00:00+00:00,29.17,42.39,12.79,48.67,20,40,Madrid,,40.4168,-3.7038,667,
2024-03-23T01:00:00+00:00,34.69,50.08,11.55,57.57,20,40,Madrid,,40.4168,-3.7038,667,
2024-03-23T02:00:00+00:00,33.48,41.7,13.82,53.72,20,40,Madrid,,40.4168,-3.7038,667,
2024-03-23T03:00:00+00:00,26.91,36.96,13.75,67.46,20,40,Madrid,,40.4168,-3.7038,667,
2024-03-23T04:00:00+00:00,25.64,35.18,15.96,64.52,20,40,Madrid,,40.4168,-3.7038,667,
2024-03-23T05:00:00+00:00,27.72,39.68,16.47,70.84,20,40,Madrid,,40.4168,-3.7038,667,
2024-03-23T06:00:00+00:00,36.88,45.81,15.67,71.0,20,40,Madrid,,40.4168,-3.7038,667,
2024-03-23T07:00:00+00:00,27.75,38.3,16.67,59.09,20,40,Madrid,,40.4168,-3.7038,667,
2024-03-23T08:00:00+00:00,26.13,35.39,15.05,65.2,20,40,Madrid,,40.4168,-3.7038,667,
2024-03-23T09:00:00+00:00,27.07,33.68,15.54,68.92,20,40,Madrid,,40.4168,-3.7038,667,
2024-03-23T10:00:00+00:00,33.1,47.22,14.13,67.6,20,40,Madrid,,40.4168,-3.7038,667,
2024-03-23T11:00:00+00:00,28.5,35.15,13.25,50.1,20,40,Madrid,,40.4168,-3.7038,667,
2024-03-23T12:00:00+00:00,31.25,42.11,12.61,52.4,20,40,Madrid,,40.4168,-3.7038,667,
2024-03-23T13:00:00+00:00,27.12,32.8,10.98,46.89,20,40,Madrid,,40.4168,-3.7038,667,
2024-03-23T14:00:00+00:00,28.76,35.89,10.84,42.68,20,40,Madrid,,40.4168,-3.7038,667,
2024-03-23T15:00:00+00:00,29.44,41.42,10.01,46.04,20,40,Madrid,,40.4168,-3.7038,667,
2024-03-23T16:00:00+00:00,23.25,29.85,8.79,39.04,20,40,Madrid,,40.4168,-3.7038,667,
2024-03-23T17:00:00+00:00,29.3,37.4,9.19,48.74,20,40,Madrid,,40.4168,-3.7038,667,
2024-03-23T18:00:00+00:00,30.8,42.92,9.05,42.53,20,40,Madrid,,40.4168,-3.7038,667,
2024-03-23T19:00:00+00:00,28.6,40.58,8.45,49.8,20,40,Madrid,,40.4168,-3.7038,667,
2024-03-23T20:00:00+00:00,25.96,31.5,7.78,48.66,20,40,Madrid,,40.4168,-3.7038,667,
2024-03-23T21:00:00+00:00,29.82,44.07,8.54,46.06,20,40,Madrid,,40.4168,-3.7038,667,
2024-03-23T22:00:00+00:00,26.94,36.74,8.68,48.17,20,40,Madrid,,40.4168,-3.7038,667,
2024-03-23T23:00:00+00:00,29.07,39.15,9.98,55.57,20,40,Madrid,,40.4168,-3.7038,667,
2024-03-24T00:00:00+00:00,27.47,38.08,13.27,53.24,20,40,Madrid,,40.4168,-3.7038,667,
2024-03-24T01:00:00+00:00,27.51,36.38,13.67,56.39,20,40,Madrid,,40.4168,-3.7038,667,
2024-03-24T02:00:00+00:00,26.45,37.85,13.18,59.33,20,40,Madrid,,40.4168,-3.7038,667,
2024-03-24T03:00:00+00:00,26.85,33.0,15.42,68.42,20,40,Madrid,,40.4168,-3.7038,667,
2024-03-24T04:00:00+00:00,34.55,44.05,14.8,56.41,20,40,Madrid,,40.4168,-3.7038,667,
2024-03-24T05:00:00+00:00,30.02,43.45,15.84,57.52,20,40,Madrid,,40.4168,-3.7038,667,
2024-03-24T06:00:00+00:00,29.85,36.35,14.52,57.8,20,40,Madrid,,40.4168,-3.7038,667,
2024-03-24T07:00:00+00:00,27.33,35.76,14.84,68.64,20,40,Madrid,,40.4168,-3.7038,667,
2024-03-24T08:00:00+00:00,35.16,49.51,15.53,60.16,20,40,Madrid,,40.4168,-3.7038,667,
2024-03-24T09:00:00+00:00,25.97,36.17,14.21,60.4,20,40,Madrid,,40.4168,-3.7038,667,
2024-03-24T10:00:00+00:00,28.61,38.45,15.05,57.81,20,40,Madrid,,40.4168,-3.7038,667,
2024-03-24T11:00:00+00:00,28.79,37.21,13.72,51.67,20,40,Madrid,,40.4168,-3.7038,667,
2024-03-24T12:00:00+00:00,28.14,40.53,11.14,49.35,20,40,Madrid,,40.4168,-3.7038,667,
2024-03-24T13:00:00+00:00,28.89,38.88,10.11,50.95,20,40,Madrid,,40.4168,-3.7038,667,
2024-03-24T14:00:00+00:00,30.45,40.58,10.41,43.56,20,40,Madrid,,40.4168,-3.7038,667,
2024-03-24T15:00:00+00:00,34.85,50.24,9.03,46.57,20,40,Madrid,,40.4168,-3.7038,667,
2024-03-24T16:00:00+00:00,25.82,37.01,7.26,52.94,20,40,Madrid,,40.4168,-3.7038,667,
2024-03-24T17:00:00+00:00,31.03,39.27,7.26,52.59,20,40,Madrid,,40.4168,-3.7038,667,
2024-03-24T18:00:00+00:00,35.41,45.49,7.32,50.06,20,40,Madrid,,40.4168,-3.7038,667,
2024-03-24T19:00:00+00:00,27.52,33.28,7.75,37.94,20,40,Madrid,,40.4168,-3.7038,667,
2024-03-24T20:00:00+00:00,32.18,45.68,7.42,42.87,20,40,Madrid,,40.4168,-3.7038,667,
2024-03-24T21:00:00+00:00,34.99,47.57,8.0,48.1,20,40,Madrid,,40.4168,-3.7038,667,
2024-03-24T22:00:00+00:00,34.71,48.1,10.01,56.57,20,40,Madrid,,40.4168,-3.7038,667,
2024-03-24T23:00:00+00:00,31.77,44.09,9.5,60.15,20,40,Madrid,,40.4168,-3.7038,667,
2024-03-25T00:00:00+00:00,33.46,46.8,11.71,51.94,20,40,Madrid,,40.4168,-3.7038,667,
2024-03-25T01:00:00+00:00,27.55,34.12,11.7,60.19,20,40,Madrid,,40.4168,-3.7038,667,
2024-03-25T02:00:00+00:00,32.82,47.72,13.02,57.89,20,40,Madrid,,40.4168,-3.7038,667,
2024-03-25T03:00:00+00:00,30.76,40.8,16.1,61.6,20,40,Madrid,,40.4168,-3.7038,667,
2024-03-25T04:00:00+00:00,34.79,43.0,14.9,58.8,20,40,Madrid,,40.4168,-3.7038,667,
2024-03-25T05:00:00+00:00,29.52,40.12,17.28,62.61,20,40,Madrid,,40.4168,-3.7038,667,
2024-03-25T06:00:00+00:00,27.45,38.19,15.37,61.26,20,40,Madrid,,40.4168,-3.7038,667,
2024-03-25T07:00:00+00:00,28.63,42.52,15.43,69.0,20,40,Madrid,,40.4168,-3.7038,667,
2024-03-25T08:00:00+00:00,28.24,39.31,15.36,68.0,20,40,Madrid,,40.4168,-3.7038,667,
2024-03-25T09:00:00+00:00,34.94,47.38,13.83,60.15,20,40,Madrid,,40.4168,-3.7038,667,
2024-03-25T10:00:00+00:00,28.43,35.17,15.02,61.44,20,40,Madrid,,40.4168,-3.7038,667,
2024-03-25T11:00:00+00:00,32.05,45.5,14.12,53.05,20,40,Madrid,,40.4168,-3.7038,667,
2024-03-25T12:00:00+00:00,32.13,42.34,11.79,48.39,20,40,Madrid,,40.4168,-3.7038,667,
2024-03-25T13:00:00+00:00,35.2,44.03,11.19,51.3,20,40,Madrid,,40.4168,-3.7038,667,
2024-03-25T14:00:00+00:00,25.94,35.44,10.29,55.21,20,40,Madrid,,40.4168,-3.7038,667,
2024-03-25T15:00:00+00:00,25.65,38.36,9.93,55.77,20,40,Madrid,,40.4168,-3.7038,667,
2024-03-25T16:00:00+00:00,28.5,40.98,8.61,44.81,20,40,Madrid,,40.4168,-3.7038,667,
2024-03-25T17:00:00+00:00,31.53,43.91,8.76,46.41,20,40,Madrid,,40.4168,-3.7038,667,
2024-03-25T18:00:00+00:00,32.13,39.81,8.11,47.83,20,40,Madrid,,40.4168,-3.7038,667,
2024-03-25T19:00:00+00:00,27.44,40.86,7.01,42.53,20,40,Madrid,,40.4168,-3.7038,667,
2024-03-25T20:00:00+00:00,33.43,45.66,8.08,51.37,20,40,Madrid,,40.4168,-3.7038,667,
2024-03-25T21:00:00+00:00,32.87,41.58,7.73,51.76,20,40,Madrid,,40.4168,-3.7038,667,
2024-03-25T22:00:00+00:00,31.11,43.53,10.83,50.11,20,40,Madrid,,40.4168,-3.7038,667,
2024-03-25T23:00:00+00:00,33.28,41.97,11.28,53.23,20,40,Madrid,,40.4168,-3.7038,667,
2024-03-26T00:00:00+00:00,30.91,38.77,12.7,58.11,20,40,Madrid,,40.4168,-3.7038,667,
2024-03-26T01:00:00+00:00,28.73,42.49,14.34,60.67,20,40,Madrid,,40.4168,-3.7038,667,
2024-03-26T02:00:00+00:00,33.84,45.19,13.19,66.32,20,40,Madrid,,40.4168,-3.7038,667,
2024-03-26T03:00:00+00:00,34.7,44.14,16.13,69.34,20,40,Madrid,,40.4168,-3.7038,667,
2024-03-26T04:00:00+00:00,30.72,38.79,16.71,70.62,20,40,Madrid,,40.4168,-3.7038,667,
2024-03-26T05:00:00+00:00,31.43,40.46,16.64,57.85,20,40,Madrid,,40.4168,-3.7038,667,
2024-03-26T06:00:00+00:00,30.53,43.5,15.53,57.8,20,40,Madrid,,40.4168,-3.7038,667,
2024-03-26T07:00:00+00:00,27.01,38.19,16.67,72.63,20,40,Madrid,,40.4168,-3.7038,667,
2024-03-26T08:00:00+00:00,28.58,35.51,14.85,70.41,20,40,Madrid,,40.4168,-3.7038,667,
2024-03-26T09:00:00+00:00,24.42,33.17,15.5,56.26,20,40,Madrid,,40.4168,-3.7038,667,
2024-03-26T10:00:00+00:00,34.86,46.67,13.86,54.44,20,40,Madrid,,40.4168,-3.7038,667,
2024-03-26T11:00:00+00:00,33.85,45.88,12.12,63.51,20,40,Madrid,,40.4168,-3.7038,667,
2024-03-26T12:00:00+00:00,29.39,40.68,11.78,47.73,20,40,Madrid,,40.4168,-3.7038,667,
2024-03-26T13:00:00+00:00,29.95,38.06,11.13,55.16,20,40,Madrid,,40.4168,-3.7038,667,
2024-03-26T14:00:00+00:00,34.22,45.09,9.09,45.99,20,40,Madrid,,40.4168,-3.7038,667,
2024-03-26T15:00:00+00:00,27.91,35.97,9.3,41.18,20,40,Madrid,,40.4168,-3.7038,667,
2024-03-26T16:00:00+00:00,30.95,41.6,7.38,54.29,20,40,Madrid,,40.4168,-3.7038,667,
2024-03-26T17:00:00+00:00,31.37,43.72,8.94,42.8,20,40,Madrid,,40.4168,-3.7038,667,
2024-03-26T18:00:00+00:00,23.48,28.3,7.69,39.7,20,40,Madrid,,40.4168,-3.7038,667,
2024-03-26T19:00:00+00:00,31.5,41.28,6.99,48.0,20,40,Madrid,,40.4168,-3.7038,667,
2024-03-26T20:00:00+00:00,30.25,44.37,7.26,43.43,20,40,Madrid,,40.4168,-3.7038,667,
2024-03-26T21:00:00+00:00,23.24,32.64,10.41,40.52,20,40,Madrid,,40.4168,-3.7038,667,
2024-03-26T22:00:00+00:00,26.53,35.82,8.64,42.1,20,40,Madrid,,40.4168,-3.7038,667,
2024-03-26T23:00:00+00:00,28.01,37.2,9.85,51.68,20,40,Madrid,,40.4168,-3.7038,667,
2024-03-27T00:00:00+00:00,35.17,44.53,13.16,61.21,20,40,Madrid,,40.4168,-3.7038,667,
2024-03-27T01:00:00+00:00,30.09,37.89,13.48,57.57,20,40,Madrid,,40.4168,-3.7038,667,
2024-03-27T02:00:00+00:00,32.83,44.15,13.25,54.22,20,40,Madrid,,40.4168,-3.7038,667,
2024-03-27T03:00:00+00:00,33.67,45.46,16.01,69.24,20,40,Madrid,,40.4168,-3.7038,667,
2024-03-27T04:00:00+00:00,32.1,40.22,14.43,58.27,20,40,Madrid,,40.4168,-3.7038,667,
2024-03-27T05:00:00+00:00,27.93,38.52,14.64,67.75,20,40,Madrid,,40.4168,-3.7038,667,
2024-03-27T06:00:00+00:00,28.7,40.02,14.58,63.94,20,40,Madrid,,40.4168,-3.7038,667,
2024-03-27T07:00:00+00:00,27.35,35.68,15.95,57.15,20,40,Madrid,,40.4168,-3.7038,667,
2024-03-27T08:00:00+00:00,28.61,41.89,16.85,56.63,20,40,Madrid,,40.4168,-3.7038,667,
2024-03-27T09:00:00+00:00,32.5,42.91,13.65,61.74,20,40,Madrid,,40.4168,-3.7038,667,
2024-03-27T10:00:00+00:00,28.54,42.49,15.34,61.02,20,40,Madrid,,40.4168,-3.7038,667,
2024-03-27T11:00:00+00:00,25.24,33.57,14.43,58.37,20,40,Madrid,,40.4168,-3.7038,667,
2024-03-27T12:00:00+00:00,26.42,34.04,13.16,59.94,20,40,Madrid,,40.4168,-3.7038,667,
2024-03-27T13:00:00+00:00,35.71,45.34,11.55,57.95,20,40,Madrid,,40.4168,-3.7038,667,
2024-03-27T14:00:00+00:00,26.96,39.98,9.47,48.76,20,40,Madrid,,40.4168,-3.7038,667,
2024-03-27T15:00:00+00:00,29.14,36.79,9.49,50.06,20,40,Madrid,,40.4168,-3.7038,667,
2024-03-27T16:00:00+00:00,30.52,37.65,9.31,44.9,20,40,Madrid,,40.4168,-3.7038,667,
2024-03-27T17:00:00+00:00,35.38,49.14,8.52,50.21,20,40,Madrid,,40.4168,-3.7038,667,
2024-03-27T18:00:00+00:00,27.82,37.3,8.68,49.07,20,40,Madrid,,40.4168,-3.7038,667,
2024-03-27T19:00:00+00:00,32.99,45.9,7.22,51.19,20,40,Madrid,,40.4168,-3.7038,667,
2024-03-27T20:00:00+00:00,35.57,46.79,8.29,48.9,20,40,Madrid,,40.4168,-3.7038,667,
2024-03-27T21:00:00+00:00,34.67,44.35,7.69,51.95,20,40,Madrid,,40.4168,-3.7038,667,
2024-03-27T22:00:00+00:00,34.96,47.18,10.17,51.32,20,40,Madrid,,40.4168,-3.7038,667,
2024-03-27T23:00:00+00:00,25.89,36.28,9.7,50.06,20,40,Madrid,,40.4168,-3.7038,667,
2024-03-28T00:00:00+00:00,35.08,49.99,12.57,59.82,20,40,Madrid,,40.4168,-3.7038,667,
2024-03-28T01:00:00+00:00,29.96,43.26,13.45,58.29,20,40,Madrid,,40.4168,-3.7038,667,
2024-03-28T02:00:00+00:00,30.77,39.07,14.42,65.95,20,40,Madrid,,40.4168,-3.7038,667,
2024-03-28T03:00:00+00:00,27.45,37.9,15.91,57.22,20,40,Madrid,,40.4168,-3.7038,667,
2024-03-28T04:00:00+00:00,31.54,45.82,14.48,69.69,20,40,Madrid,,40.4168,-3.7038,667,
2024-03-28T05:00:00+00:00,31.33,45.52,15.78,56.85,20,40,Madrid,,40.4168,-3.7038,667,
2024-03-28T06:00:00+00:00,30.22,41.94,15.67,59.13,20,40,Madrid,,40.4168,-3.7038,667,
2024-03-28T07:00:00+00:00,30.28,40.23,16.73,63.79,20,40,Madrid,,40.4168,-3.7038,667,
2024-03-28T08:00:00+00:00,24.68,29.59,16.02,59.09,20,40,Madrid,,40.4168,-3.7038,667,
2024-03-28T09:00:00+00:00,37.14,51.15,13.86,66.74,20,40,Madrid,,40.4168,-3.7038,667,
2024-03-28T10:00:00+00:00,34.66,42.92,15.17,58.02,20,40,Madrid,,40.4168,-3.7038,667,
2024-03-28T11:00:00+00:00,27.75,37.29,12.84,60.36,20,40,Madrid,,40.4168,-3.7038,667,
2024-03-28T12:00:00+00:00,33.22,47.87,11.02,51.95,20,40,Madrid,,40.4168,-3.7038,667,
2024-03-28T13:00:00+00:00,33.1,45.27,9.83,52.68,20,40,Madrid,,40.4168,-3.7038,667,
2024-03-28T14:00:00+00:00,36.21,45.25,9.99,57.94,20,40,Madrid,,40.4168,-3.7038,667,
2024-03-28T15:00:00+00:00,26.81,40.06,10.19,43.54,20,40,Madrid,,40.4168,-3.7038,667,
2024-03-28T16:00:00+00:00,28.67,34.97,9.61,46.17,20,40,Madrid,,40.4168,-3.7038,667,
2024-03-28T17:00:00+00:00,25.68,33.46,7.96,45.75,20,40,Madrid,,40.4168,-3.7038,667,
2024-03-28T18:00:00+00:00,25.61,38.08,7.62,38.57,20,40,Madrid,,40.4168,-3.7038,667,
2024-03-28T19:00:00+00:00,34.12,44.69,8.9,50.27,20,40,Madrid,,40.4168,-3.7038,667,
2024-03-28T20:00:00+00:00,23.62,29.38,9.18,44.49,20,40,Madrid,,40.4168,-3.7038,667,
2024-03-28T21:00:00+00:00,25.66,38.62,8.14,53.38,20,40,Madrid,,40.4168,-3.7038,667,
2024-03-28T22:00:00+00:00,32.95,46.03,9.32,57.79,20,40,Madrid,,40.4168,-3.7038,667,
2024-03-28T23:00:00+00:00,33.74,46.85,10.69,54.34,20,40,Madrid,,40.4168,-3.7038,667,
2024-03-29T00:00:00+00:00,31.13,39.3,13.46,60.87,20,40,Madrid,,40.4168,-3.7038,667,
2024-03-29T01:00:00+00:00,35.49,49.06,11.97,60.74,20,40,Madrid,,40.4168,-3.7038,667,
2024-03-29T02:00:00+00:00,30.93,41.69,12.8,60.11,20,40,Madrid,,40.4168,-3.7038,667,
2024-03-29T03:00:00+00:00,34.16,49.48,13.77,69.68,20,40,Madrid,,40.4168,-3.7038,667,
2024-03-29T04:00:00+00:00,31.16,42.82,15.04,59.6,20,40,Madrid,,40.4168,-3.7038,667,
2024-03-29T05:00:00+00:00,34.14,46.5,15.75,62.99,20,40,Madrid,,40.4168,-3.7038,667,
2024-03-29T06:00:00+00:00,27.59,36.4,17.2,67.53,20,40,Madrid,,40.4168,-3.7038,667,
2024-03-29T07:00:00+00:00,25.25,35.46,15.41,60.24,20,40,Madrid,,40.4168,-3.7038,667,
2024-03-29T08:00:00+00:00,36.12,52.06,15.0,61.13,20,40,Madrid,,40.4168,-3.7038,667,
2024-03-29T09:00:00+00:00,30.36,43.85,14.63,58.75,20,40,Madrid,,40.4168,-3.7038,667,
2024-03-29T10:00:00+00:00,25.71,35.69,13.4,57.18,20,40,Madrid,,40.4168,-3.7038,667,
2024-03-29T11:00:00+00:00,31.26,40.45,12.43,52.85,20,40,Madrid,,40.4168,-3.7038,667,
2024-03-29T12:00:00+00:00,26.76,33.99,11.5,55.3,20,40,Madrid,,40.4168,-3.7038,667,
2024-03-29T13:00:00+00:00,24.18,28.85,11.43,44.68,20,40,Madrid,,40.4168,-3.7038,667,
2024-03-29T14:00:00+00:00,28.08,35.34,11.45,55.15,20,40,Madrid,,40.4168,-3.7038,667,
2024-03-29T15:00:00+00:00,31.21,45.58,10.57,43.96,20,40,Madrid,,40.4168,-3.7038,667,
2024-03-29T16:00:00+00:00,25.59,35.14,7.78,49.31,20,40,Madrid,,40.4168,-3.7038,667,
2024-03-29T17:00:00+00:00,31.78,45.19,7.33,51.44,20,40,Madrid,,40.4168,-3.7038,667,
2024-03-29T18:00:00+00:00,27.24,33.02,8.46,37.07,20,40,Madrid,,40.4168,-3.7038,667,
2024-03-29T19:00:00+00:00,29.92,38.19,8.08,48.67,20,40,Madrid,,40.4168,-3.7038,667,
2024-03-29T20:00:00+00:00,25.72,34.7,8.42,44.83,20,40,Madrid,,40.4168,-3.7038,667,
2024-03-29T21:00:00+00:00,31.83,46.57,9.27,41.9,20,40,Madrid,,40.4168,-3.7038,667,
2024-03-29T22:00:00+00:00,28.92,42.88,9.58,52.35,20,40,Madrid,,40.4168,-3.7038,667,
2024-03-29T23:00:00+00:00,32.62,43.12,10.04,58.72,20,40,Madrid,,40.4168,-3.7038,667,
2024-03-30T00:00:00+00:00,27.78,35.87,11.36,55.35,20,40,Madrid,,40.4168,-3.7038,667,
2024-03-30T01:00:00+00:00,29.62,38.65,13.68,56.68,20,40,Madrid,,40.4168,-3.7038,667,
2024-03-30T02:00:00+00:00,30.38,43.07,13.15,54.04,20,40,Madrid,,40.4168,-3.7038,667,
2024-03-30T03:00:00+00:00,35.91,51.38,14.08,69.45,20,40,Madrid,,40.4168,-3.7038,667,
2024-03-30T04:00:00+00:00,35.13,51.09,14.16,62.77,20,40,Madrid,,40.4168,-3.7038,667,
2024-03-30T05:00:00+00:00,27.62,33.86,17.13,60.09,20,40,Madrid,,40.4168,-3.7038,667,
2024-03-30T06:00:00+00:00,35.65,46.09,15.95,69.67,20,40,Madrid,,40.4168,-3.7038,667,
2024-03-30T07:00:00+00:00,32.78,44.21,15.37,63.39,20,40,Madrid,,40.4168,-3.7038,667,
2024-03-30T08:00:00+00:00,30.46,38.89,16.44,66.04,20,40,Madrid,,40.4168,-3.7038,667,
2024-03-30T09:00:00+00:00,31.43,45.25,15.24,69.42,20,40,Madrid,,40.4168,-3.7038,667,
2024-03-30T10:00:00+00:00,27.26,38.11,14.7,52.71,20,40,Madrid,,40.4168,-3.7038,667,
2024-03-30T11:00:00+00:00,33.26,42.13,12.51,52.23,20,40,Madrid,,40.4168,-3.7038,667,
2024-03-30T12:00:00+00:00,31.82,40.24,12.83,61.5,20,40,Madrid,,40.4168,-3.7038,667,
2024-03-30T13:00:00+00:00,32.61,43.83,12.28,52.28,20,40,Madrid,,40.4168,-3.7038,667,
2024-03-30T14:00:00+00:00,34.73,47.83,9.82,53.43,20,40,Madrid,,40.4168,-3.7038,667,
2024-03-30T15:00:00+00:00,34.59,46.4,9.8,45.06,20,40,Madrid,,40.4168,-3.7038,667,
2024-03-30T16:00:00+00:00,26.94,33.92,8.35,40.27,20,40,Madrid,,40.4168,-3.7038,667,
2024-03-30T17:00:00+00:00,24.6,31.86,9.49,49.27,20,40,Madrid,,40.4168,-3.7038,667,
2024-03-30T18:00:00+00:00,32.99,43.75,7.17,51.14,20,40,Madrid,,40.4168,-3.7038,667,
2024-03-30T19:00:00+00:00,35.66,50.72,9.31,52.21,20,40,Madrid,,40.4168,-3.7038,667,
2024-03-30T20:00:00+00:00,34.4,49.62,8.41,50.64,20,40,Madrid,,40.4168,-3.7038,667,
2024-03-30T21:00:00+00:00,28.53,40.49,9.34,51.26,20,40,Madrid,,40.4168,-3.7038,667,
2024-03-30T22:00:00+00:00,35.52,46.04,8.5,50.88,20,40,Madrid,,40.4168,-3.7038,667,
2024-03-30T23:00:00+00:00,32.13,45.36,10.25,45.04,20,40,Madrid,,40.4168,-3.7038,667,
2024-03-31T00:00:00+00:00,26.27,38.3,13.28,55.38,20,40,Madrid,,40.4168,-3.7038,667,
2024-03-31T01:00:00+00:00,36.64,53.06,13.25,62.97,20,40,Madrid,,40.4168,-3.7038,667,
2024-03-31T02:00:00+00:00,35.36,45.24,14.18,62.24,20,40,Madrid,,40.4168,-3.7038,667,
2024-03-31T03:00:00+00:00,29.67,39.1,13.71,66.87,20,40,Madrid,,40.4168,-3.7038,667,
2024-03-31T04:00:00+00:00,32.54,47.57,15.18,59.99,20,40,Madrid,,40.4168,-3.7038,667,
2024-03-31T05:00:00+00:00,29.04,39.32,16.88,62.68,20,40,Madrid,,40.4168,-3.7038,667,
2024-03-31T06:00:00+00:00,32.55,44.63,15.2,68.8,20,40,Madrid,,40.4168,-3.7038,667,
2024-03-31T07:00:00+00:00,34.71,48.04,14.7,62.99,20,40,Madrid,,40.4168,-3.7038,667,
2024-03-31T08:00:00+00:00,36.36,46.38,14.21,61.17,20,40,Madrid,,40.4168,-3.7038,667,
2024-03-31T09:00:00+00:00,35.5,50.07,13.73,69.7,20,40,Madrid,,40.4168,-3.7038,667,
2024-03-31T10:00:00+00:00,27.6,41.24,13.55,53.56,20,40,Madrid,,40.4168,-3.7038,667,
2024-03-31T11:00:00+00:00,32.35,45.29,12.58,63.17,20,40,Madrid,,40.4168,-3.7038,667,
2024-03-31T12:00:00+00:00,24.42,31.58,12.26,49.03,20,40,Madrid,,40.4168,-3.7038,667,
2024-03-31T13:00:00+00:00,34.19,48.42,9.71,59.6,20,40,Madrid,,40.4168,-3.7038,667,
2024-03-31T14:00:00+00:00,29.5,36.9,9.04,49.58,20,40,Madrid,,40.4168,-3.7038,667,
2024-03-31T15:00:00+00:00,29.34,35.91,8.3,47.21,20,40,Madrid,,40.4168,-3.7038,667,
2024-03-31T16:00:00+00:00,25.82,34.68,8.65,43.43,20,40,Madrid,,40.4168,-3.7038,667,
2024-03-31T17:00:00+00:00,33.01,44.13,8.95,47.77,20,40,Madrid,,40.4168,-3.7038,667,
2024-03-31T18:00:00+00:00,33.06,47.8,7.37,52.57,20,40,Madrid,,40.4168,-3.7038,667,
2024-03-31T19:00:00+00:00,27.7,39.32,8.3,48.21,20,40,Madrid,,40.4168,-3.7038,667,
2024-03-31T20:00:00+00:00,28.1,41.45,8.5,51.12,20,40,Madrid,,40.4168,-3.7038,667,
2024-03-31T21:00:00+00:00,27.01,36.82,9.79,51.2,20,40,Madrid,,40.4168,-3.7038,667,
2024-03-31T22:00:00+00:00,31.47,39.52,10.99,51.53,20,40,Madrid,,40.4168,-3.7038,667,
2024-03-31T23:00:00+00:00,26.94,33.05,9.84,49.95,20,40,Madrid,,40.4168,-3.7038,667,
2024-04-01T00:00:00+00:00,19.86,23.77,15.7,62.91,20,40,Madrid,,40.4168,-3.7038,667,
2024-04-01T01:00:00+00:00,23.42,31.2,15.08,65.12,20,40,Madrid,,40.4168,-3.7038,667,
2024-04-01T02:00:00+00:00,25.3,36.6,17.88,66.86,20,40,Madrid,,40.4168,-3.7038,667,
2024-04-01T03:00:00+00:00,27.77,40.54,17.79,62.04,20,40,Madrid,,40.4168,-3.7038,667,
2024-04-01T04:00:00+00:00,28.09,39.81,18.69,71.35,20,40,Madrid,,40.4168,-3.7038,667,
2024-04-01T05:00:00+00:00,20.7,26.48,19.29,59.26,20,40,Madrid,,40.4168,-3.7038,667,
2024-04-01T06:00:00+00:00,21.8,30.93,17.62,61.58,20,40,Madrid,,40.4168,-3.7038,667,
2024-04-01T07:00:00+00:00,24.69,29.61,19.16,70.66,20,40,Madrid,,40.4168,-3.7038,667,
2024-04-01T08:00:00+00:00,18.85,24.71,18.62,55.91,20,40,Madrid,,40.4168,-3.7038,667,
2024-04-01T09:00:00+00:00,28.08,34.75,16.56,65.48,20,40,Madrid,,40.4168,-3.7038,667,
2024-04-01T10:00:00+00:00,23.98,33.14,18.04,54.38,20,40,Madrid,,40.4168,-3.7038,667,
2024-04-01T11:00:00+00:00,28.19,39.14,16.03,65.38,20,40,Madrid,,40.4168,-3.7038,667,
2024-04-01T12:00:00+00:00,25.72,38.68,16.07,55.4,20,40,Madrid,,40.4168,-3.7038,667,
2024-04-01T13:00:00+00:00,23.62,30.56,12.93,54.65,20,40,Madrid,,40.4168,-3.7038,667,
2024-04-01T14:00:00+00:00,23.04,28.05,13.83,51.52,20,40,Madrid,,40.4168,-3.7038,667,
2024-04-01T15:00:00+00:00,25.72,30.77,10.79,48.78,20,40,Madrid,,40.4168,-3.7038,667,
2024-04-01T16:00:00+00:00,19.63,27.81,11.92,43.91,20,40,Madrid,,40.4168,-3.7038,667,
2024-04-01T17:00:00+00:00,18.78,23.08,12.03,38.86,20,40,Madrid,,40.4168,-3.7038,667,
2024-04-01T18:00:00+00:00,19.81,29.58,12.22,52.36,20,40,Madrid,,40.4168,-3.7038,667,
2024-04-01T19:00:00+00:00,18.43,22.97,12.59,47.28,20,40,Madrid,,40.4168,-3.7038,667,
2024-04-01T20:00:00+00:00,19.14,23.92,12.41,52.87,20,40,Madrid,,40.4168,-3.7038,667,
2024-04-01T21:00:00+00:00,24.4,31.03,11.28,55.43,20,40,Madrid,,40.4168,-3.7038,667,
2024-04-01T22:00:00+00:00,19.06,21.84,14.49,45.92,20,40,Madrid,,40.4168,-3.7038,667,
2024-04-01T23:00:00+00:00,24.91,29.77,13.14,60.04,20,40,Madrid,,40.4168,-3.7038,667,
2024-04-02T00:00:00+00:00,20.06,28.66,13.75,49.74,20,40,Madrid,,40.4168,-3.7038,667,
2024-04-02T01:00:00+00:00,23.39,33.46,15.91,53.97,20,40,Madrid,,40.4168,-3.7038,667,
2024-04-02T02:00:00+00:00,21.57,27.1,17.26,66.34,20,40,Madrid,,40.4168,-3.7038,667,
2024-04-02T03:00:00+00:00,20.22,27.89,18.63,62.79,20,40,Madrid,,40.4168,-3.7038,667,
2024-04-02T04:00:00+00:00,20.45,24.0,17.47,68.28,20,40,Madrid,,40.4168,-3.7038,667,
2024-04-02T05:00:00+00:00,26.26,32.51,17.49,57.24,20,40,Madrid,,40.4168,-3.7038,667,
2024-04-02T06:00:00+00:00,26.99,34.65,19.47,58.79,20,40,Madrid,,40.4168,-3.7038,667,
2024-04-02T07:00:00+00:00,27.71,37.09,17.57,65.02,20,40,Madrid,,40.4168,-3.7038,667,
2024-04-02T08:00:00+00:00,24.63,34.85,19.69,64.82,20,40,Madrid,,40.4168,-3.7038,667,
2024-04-02T09:00:00+00:00,25.8,33.99,17.21,65.43,20,40,Madrid,,40.4168,-3.7038,667,
2024-04-02T10:00:00+00:00,21.22,27.76,17.37,64.99,20,40,Madrid,,40.4168,-3.7038,667,
2024-04-02T11:00:00+00:00,23.45,31.07,14.88,57.16,20,40,Madrid,,40.4168,-3.7038,667,
2024-04-02T12:00:00+00:00,25.09,32.61,14.94,51.43,20,40,Madrid,,40.4168,-3.7038,667,
2024-04-02T13:00:00+00:00,27.85,37.08,13.42,55.89,20,40,Madrid,,40.4168,-3.7038,667,
2024-04-02T14:00:00+00:00,25.58,32.45,13.88,49.39,20,40,Madrid,,40.4168,-3.7038,667,
2024-04-02T15:00:00+00:00,19.52,29.98,12.84,43.97,20,40,Madrid,,40.4168,-3.7038,667,
2024-04-02T16:00:00+00:00,20.14,28.13,12.72,42.96,20,40,Madrid,,40.4168,-3.7038,667,
2024-04-02T17:00:00+00:00,18.68,26.55,11.2,40.72,20,40,Madrid,,40.4168,-3.7038,667,
2024-04-02T18:00:00+00:00,24.8,37.03,11.23,47.82,20,40,Madrid,,40.4168,-3.7038,667,
2024-04-02T19:00:00+00:00,20.54,25.4,10.15,40.55,20,40,Madrid,,40.4168,-3.7038,667,
2024-04-02T20:00:00+00:00,26.0,31.24,11.39,53.71,20,40,Madrid,,40.4168,-3.7038,667,
2024-04-02T21:00:00+00:00,26.49,37.79,12.36,55.58,20,40,Madrid,,40.4168,-3.7038,667,
2024-04-02T22:00:00+00:00,25.27,37.04,13.68,44.13,20,40,Madrid,,40.4168,-3.7038,667,
2024-04-02T23:00:00+00:00,26.86,33.18,14.03,52.25,20,40,Madrid,,40.4168,-3.7038,667,
2024-04-03T00:00:00+00:00,20.35,27.15,16.27,59.38,20,40,Madrid,,40.4168,-3.7038,667,
2024-04-03T01:00:00+00:00,19.63,25.68,16.47,52.45,20,40,Madrid,,40.4168,-3.7038,667,
2024-04-03T02:00:00+00:00,25.22,35.85,16.53,60.63,20,40,Madrid,,40.4168,-3.7038,667,
2024-04-03T03:00:00+00:00,26.94,33.66,17.76,69.14,20,40,Madrid,,40.4168,-3.7038,667,
2024-04-03T04:00:00+00:00,21.64,27.82,17.36,59.61,20,40,Madrid,,40.4168,-3.7038,667,
2024-04-03T05:00:00+00:00,20.61,30.06,18.09,58.1,20,40,Madrid,,40.4168,-3.7038,667,
2024-04-03T06:00:00+00:00,25.37,35.67,20.02,60.74,20,40,Madrid,,40.4168,-3.7038,667,
2024-04-03T07:00:00+00:00,21.65,26.33,18.34,58.54,20,40,Madrid,,40.4168,-3.7038,667,
2024-04-03T08:00:00+00:00,26.76,36.29,18.73,64.56,20,40,Madrid,,40.4168,-3.7038,667,
2024-04-03T09:00:00+00:00,26.49,34.27,16.34,59.17,20,40,Madrid,,40.4168,-3.7038,667,
2024-04-03T10:00:00+00:00,20.06,30.54,16.19,64.03,20,40,Madrid,,40.4168,-3.7038,667,
2024-04-03T11:00:00+00:00,21.91,32.14,16.85,58.28,20,40,Madrid,,40.4168,-3.7038,667,
2024-04-03T12:00:00+00:00,27.31,40.63,14.71,61.82,20,40,Madrid,,40.4168,-3.7038,667,
2024-04-03T13:00:00+00:00,18.32,22.58,13.2,47.42,20,40,Madrid,,40.4168,-3.7038,667,
2024-04-03T14:00:00+00:00,20.38,29.19,11.62,43.47,20,40,Madrid,,40.4168,-3.7038,667,
2024-04-03T15:00:00+00:00,19.58,25.27,11.53,50.9,20,40,Madrid,,40.4168,-3.7038,667,
2024-04-03T16:00:00+00:00,25.01,36.01,11.67,38.75,20,40,Madrid,,40.4168,-3.7038,667,
2024-04-03T17:00:00+00:00,23.46,33.66,10.0,44.55,20,40,Madrid,,40.4168,-3.7038,667,
2024-04-03T18:00:00+00:00,24.8,31.4,10.07,51.2,20,40,Madrid,,40.4168,-3.7038,667,
2024-04-03T19:00:00+00:00,26.27,31.6,10.85,40.27,20,40,Madrid,,40.4168,-3.7038,667,
2024-04-03T20:00:00+00:00,21.69,29.62,10.36,46.76,20,40,Madrid,,40.4168,-3.7038,667,
2024-04-03T21:00:00+00:00,18.29,26.69,11.52,44.66,20,40,Madrid,,40.4168,-3.7038,667,
2024-04-03T22:00:00+00:00,22.25,30.06,12.35,49.48,20,40,Madrid,,40.4168,-3.7038,667,
2024-04-03T23:00:00+00:00,24.09,31.88,14.66,59.92,20,40,Madrid,,40.4168,-3.7038,667,
2024-04-04T00:00:00+00:00,23.45,33.89,16.17,48.62,20,40,Madrid,,40.4168,-3.7038,667,
2024-04-04T01:00:00+00:00,25.36,37.23,14.54,51.04,20,40,Madrid,,40.4168,-3.7038,667,
2024-04-04T02:00:00+00:00,27.3,39.84,17.07,67.03,20,40,Madrid,,40.4168,-3.7038,667,
2024-04-04T03:00:00+00:00,23.65,28.86,16.82,65.0,20,40,Madrid,,40.4168,-3.7038,667,
2024-04-04T04:00:00+00:00,26.55,33.68,18.54,58.33,20,40,Madrid,,40.4168,-3.7038,667,
2024-04-04T05:00:00+00:00,27.63,33.51,18.11,69.95,20,40,Madrid,,40.4168,-3.7038,667,
2024-04-04T06:00:00+00:00,24.04,29.2,17.91,72.39,20,40,Madrid,,40.4168,-3.7038,667,
2024-04-04T07:00:00+00:00,23.63,31.81,19.26,63.01,20,40,Madrid,,40.4168,-3.7038,667,
2024-04-04T08:00:00+00:00,23.16,30.8,18.98,62.54,20,40,Madrid,,40.4168,-3.7038,667,
2024-04-04T09:00:00+00:00,21.1,26.46,18.96,58.86,20,40,Madrid,,40.4168,-3.7038,667,
2024-04-04T10:00:00+00:00,27.5,39.96,18.19,58.63,20,40,Madrid,,40.4168,-3.7038,667,
2024-04-04T11:00:00+00:00,28.68,35.92,14.61,62.62,20,40,Madrid,,40.4168,-3.7038,667,
2024-04-04T12:00:00+00:00,22.16,28.23,16.44,51.6,20,40,Madrid,,40.4168,-3.7038,667,
2024-04-04T13:00:00+00:00,24.7,34.67,14.95,45.09,20,40,Madrid,,40.4168,-3.7038,667,
2024-04-04T14:00:00+00:00,21.88,32.13,13.35,46.82,20,40,Madrid,,40.4168,-3.7038,667,
2024-04-04T15:00:00+00:00,26.72,32.88,10.78,46.86,20,40,Madrid,,40.4168,-3.7038,667,
2024-04-04T16:00:00+00:00,20.67,24.64,11.85,51.95,20,40,Madrid,,40.4168,-3.7038,667,
2024-04-04T17:00:00+00:00,27.13,38.94,12.28,52.69,20,40,Madrid,,40.4168,-3.7038,667,
2024-04-04T18:00:00+00:00,22.4,27.2,10.88,46.53,20,40,Madrid,,40.4168,-3.7038,667,
2024-04-04T19:00:00+00:00,21.9,30.28,9.96,47.23,20,40,Madrid,,40.4168,-3.7038,667,
2024-04-04T20:00:00+00:00,23.48,28.75,12.59,42.91,20,40,Madrid,,40.4168,-3.7038,667,
2024-04-04T21:00:00+00:00,22.87,33.39,11.29,45.59,20,40,Madrid,,40.4168,-3.7038,667,
2024-04-04T22:00:00+00:00,19.09,22.97,13.77,45.62,20,40,Madrid,,40.4168,-3.7038,667,
2024-04-04T23:00:00+00:00,25.92,32.4,12.49,51.57,20,40,Madrid,,40.4168,-3.7038,667,
2024-04-05T00:00:00+00:00,23.01,32.64,14.27,58.44,20,40,Madrid,,40.4168,-3.7038,667,
2024-04-05T01:00:00+00:00,22.98,28.12,16.0,63.97,20,40,Madrid,,40.4168,-3.7038,667,
2024-04-05T02:00:00+00:00,22.63,27.39,17.78,53.43,20,40,Madrid,,40.4168,-3.7038,667,
2024-04-05T03:00:00+00:00,24.73,30.02,18.41,57.67,20,40,Madrid,,40.4168,-3.7038,667,
2024-04-05T04:00:00+00:00,20.03,25.97,19.64,63.43,20,40,Madrid,,40.4168,-3.7038,667,
2024-04-05T05:00:00+00:00,28.01,34.62,19.21,64.53,20,40,Madrid,,40.4168,-3.7038,667,
2024-04-05T06:00:00+00:00,19.36,30.13,19.94,61.33,20,40,Madrid,,40.4168,-3.7038,667,
2024-04-05T07:00:00+00:00,23.68,32.1,19.32,66.21,20,40,Madrid,,40.4168,-3.7038,667,
2024-04-05T08:00:00+00:00,26.32,35.36,16.97,71.47,20,40,Madrid,,40.4168,-3.7038,667,
2024-04-05T09:00:00+00:00,22.71,27.96,17.4,56.95,20,40,Madrid,,40.4168,-3.7038,667,
2024-04-05T10:00:00+00:00,27.2,34.29,17.99,65.09,20,40,Madrid,,40.4168,-3.7038,667,
2024-04-05T11:00:00+00:00,22.85,33.82,14.67,50.72,20,40,Madrid,,40.4168,-3.7038,667,
2024-04-05T12:00:00+00:00,26.69,34.59,14.12,47.96,20,40,Madrid,,40.4168,-3.7038,667,
2024-04-05T13:00:00+00:00,23.46,35.39,15.17,48.05,20,40,Madrid,,40.4168,-3.7038,667,
2024-04-05T14:00:00+00:00,19.08,25.32,13.77,42.96,20,40,Madrid,,40.4168,-3.7038,667,
2024-04-05T15:00:00+00:00,24.48,29.59,11.48,53.96,20,40,Madrid,,40.4168,-3.7038,667,
2024-04-05T16:00:00+00:00,20.6,27.5,10.95,52.99,20,40,Madrid,,40.4168,-3.7038,667,
2024-04-05T17:00:00+00:00,20.35,24.01,10.07,45.14,20,40,Madrid,,40.4168,-3.7038,667,
2024-04-05T18:00:00+00:00,24.0,30.84,10.89,49.58,20,40,Madrid,,40.4168,-3.7038,667,
2024-04-05T19:00:00+00:00,19.33,28.83,11.35,49.99,20,40,Madrid,,40.4168,-3.7038,667,
2024-04-05T20:00:00+00:00,24.61,34.82,11.6,41.89,20,40,Madrid,,40.4168,-3.7038,667,
2024-04-05T21:00:00+00:00,22.46,29.49,13.47,43.95,20,40,Madrid,,40.4168,-3.7038,667,
2024-04-05T22:00:00+00:00,26.25,35.23,12.99,54.52,20,40,Madrid,,40.4168,-3.7038,667,
2024-04-05T23:00:00+00:00,26.26,38.22,15.04,53.22,20,40,Madrid,,40.4168,-3.7038,667,
2024-04-06T00:00:00+00:00,20.0,29.66,14.82,59.5,20,40,Madrid,,40.4168,-3.7038,667,
2024-04-06T01:00:00+00:00,21.61,27.17,16.08,63.23,20,40,Madrid,,40.4168,-3.7038,667,
2024-04-06T02:00:00+00:00,26.84,34.49,17.14,58.84,20,40,Madrid,,40.4168,-3.7038,667,
2024-04-06T03:00:00+00:00,23.16,28.29,17.91,63.76,20,40,Madrid,,40.4168,-3.7038,667,
2024-04-06T04:00:00+00:00,28.84,39.51,18.01,68.58,20,40,Madrid,,40.4168,-3.7038,667,
2024-04-06T05:00:00+00:00,23.75,35.09,19.16,71.1,20,40,Madrid,,40.4168,-3.7038,667,
2024-04-06T06:00:00+00:00,26.89,36.11,18.88,61.29,20,40,Madrid,,40.4168,-3.7038,667,
2024-04-06T07:00:00+00:00,26.7,36.46,17.84,57.8,20,40,Madrid,,40.4168,-3.7038,667,
2024-04-06T08:00:00+00:00,25.79,35.68,19.35,56.43,20,40,Madrid,,40.4168,-3.7038,667,
2024-04-06T09:00:00+00:00,27.24,36.92,18.62,56.79,20,40,Madrid,,40.4168,-3.7038,667,
2024-04-06T10:00:00+00:00,24.31,32.66,16.89,67.68,20,40,Madrid,,40.4168,-3.7038,667,
2024-04-06T11:00:00+00:00,25.29,37.11,15.83,53.72,20,40,Madrid,,40.4168,-3.7038,667,
2024-04-06T12:00:00+00:00,20.92,25.73,14.72,60.45,20,40,Madrid,,40.4168,-3.7038,667,
2024-04-06T13:00:00+00:00,25.45,38.24,15.3,58.3,20,40,Madrid,,40.4168,-3.7038,667,
2024-04-06T14:00:00+00:00,24.25,32.66,14.31,44.23,20,40,Madrid,,40.4168,-3.7038,667,
2024-04-06T15:00:00+00:00,22.17,29.5,12.26,40.17,20,40,Madrid,,40.4168,-3.7038,667,
2024-04-06T16:00:00+00:00,20.67,29.0,10.08,47.32,20,40,Madrid,,40.4168,-3.7038,667,
2024-04-06T17:00:00+00:00,25.65,33.66,10.48,45.53,20,40,Madrid,,40.4168,-3.7038,667,
2024-04-06T18:00:00+00:00,21.0,30.48,11.38,48.71,20,40,Madrid,,40.4168,-3.7038,667,
2024-04-06T19:00:00+00:00,23.98,35.7,12.52,41.41,20,40,Madrid,,40.4168,-3.7038,667,
2024-04-06T20:00:00+00:00,17.34,25.55,11.22,38.55,20,40,Madrid,,40.4168,-3.7038,667,
2024-04-06T21:00:00+00:00,23.66,32.49,13.64,40.0,20,40,Madrid,,40.4168,-3.7038,667,
2024-04-06T22:00:00+00:00,24.7,36.73,14.16,55.08,20,40,Madrid,,40.4168,-3.7038,667,
2024-04-06T23:00:00+00:00,22.73,31.64,15.36,56.61,20,40,Madrid,,40.4168,-3.7038,667,
2024-04-07T00:00:00+00:00,19.28,25.18,15.64,48.22,20,40,Madrid,,40.4168,-3.7038,667,
2024-04-07T01:00:00+00:00,27.66,34.35,14.79,55.55,20,40,Madrid,,40.4168,-3.7038,667,
2024-04-07T02:00:00+00:00,22.86,31.72,15.86,67.62,20,40,Madrid,,40.4168,-3.7038,667,
2024-04-07T03:00:00+00:00,28.03,38.05,16.37,67.51,20,40,Madrid,,40.4168,-3.7038,667,
2024-04-07T04:00:00+00:00,24.57,34.5,18.41,66.2,20,40,Madrid,,40.4168,-3.7038,667,
2024-04-07T05:00:00+00:00,21.43,30.28,20.14,66.59,20,40,Madrid,,40.4168,-3.7038,667,
2024-04-07T06:00:00+00:00,23.37,28.26,18.77,67.25,20,40,Madrid,,40.4168,-3.7038,667,
2024-04-07T07:00:00+00:00,23.47,34.99,18.8,69.12,20,40,Madrid,,40.4168,-3.7038,667,
2024-04-07T08:00:00+00:00,22.05,31.51,17.75,56.95,20,40,Madrid,,40.4168,-3.7038,667,
2024-04-07T09:00:00+00:00,25.71,38.13,17.19,64.66,20,40,Madrid,,40.4168,-3.7038,667,
2024-04-07T10:00:00+00:00,20.81,28.19,17.24,64.27,20,40,Madrid,,40.4168,-3.7038,667,
2024-04-07T11:00:00+00:00,22.21,31.84,15.8,53.22,20,40,Madrid,,40.4168,-3.7038,667,
2024-04-07T12:00:00+00:00,18.4,22.65,14.22,50.13,20,40,Madrid,,40.4168,-3.7038,667,
2024-04-07T13:00:00+00:00,23.12,32.53,13.59,45.74,20,40,Madrid,,40.4168,-3.7038,667,
2024-04-07T14:00:00+00:00,25.74,30.77,12.02,54.7,20,40,Madrid,,40.4168,-3.7038,667,
2024-04-07T15:00:00+00:00,25.53,31.83,11.52,44.25,20,40,Madrid,,40.4168,-3.7038,667,
2024-04-07T16:00:00+00:00,18.21,22.21,12.25,46.32,20,40,Madrid,,40.4168,-3.7038,667,
2024-04-07T17:00:00+00:00,19.17,22.09,10.42,43.05,20,40,Madrid,,40.4168,-3.7038,667,
2024-04-07T18:00:00+00:00,17.75,21.5,11.91,40.28,20,40,Madrid,,40.4168,-3.7038,667,
2024-04-07T19:00:00+00:00,22.15,33.15,9.77,50.68,20,40,Madrid,,40.4168,-3.7038,667,
2024-04-07T20:00:00+00:00,17.82,26.87,12.17,39.78,20,40,Madrid,,40.4168,-3.7038,667,
2024-04-07T21:00:00+00:00,23.78,33.48,11.96,46.53,20,40,Madrid,,40.4168,-3.7038,667,
2024-04-07T22:00:00+00:00,22.02,32.58,12.82,57.49,20,40,Madrid,,40.4168,-3.7038,667,
2024-04-07T23:00:00+00:00,20.02,23.89,12.96,51.63,20,40,Madrid,,40.4168,-3.7038,667,
2024-04-08T00:00:00+00:00,18.44,22.2,16.32,50.86,20,40,Madrid,,40.4168,-3.7038,667,
2024-04-08T01:00:00+00:00,19.51,26.21,14.99,59.6,20,40,Madrid,,40.4168,-3.7038,667,
2024-04-08T02:00:00+00:00,24.28,32.61,16.82,55.35,20,40,Madrid,,40.4168,-3.7038,667,
2024-04-08T03:00:00+00:00,19.93,28.13,18.27,58.81,20,40,Madrid,,40.4168,-3.7038,667,
2024-04-08T04:00:00+00:00,27.26,40.12,19.13,66.62,20,40,Madrid,,40.4168,-3.7038,667,
2024-04-08T05:00:00+00:00,25.86,38.02,18.88,57.43,20,40,Madrid,,40.4168,-3.7038,667,
2024-04-08T06:00:00+00:00,26.51,39.13,20.34,70.25,20,40,Madrid,,40.4168,-3.7038,667,
2024-04-08T07:00:00+00:00,27.05,37.35,18.92,66.41,20,40,Madrid,,40.4168,-3.7038,667,
2024-04-08T08:00:00+00:00,22.03,31.16,19.73,65.26,20,40,Madrid,,40.4168,-3.7038,667,
2024-04-08T09:00:00+00:00,21.42,32.04,19.07,67.95,20,40,Madrid,,40.4168,-3.7038,667,
2024-04-08T10:00:00+00:00,22.31,31.85,17.82,66.79,20,40,Madrid,,40.4168,-3.7038,667,
2024-04-08T11:00:00+00:00,23.9,34.06,14.93,51.98,20,40,Madrid,,40.4168,-3.7038,667,
2024-04-08T12:00:00+00:00,20.29,26.14,14.84,49.94,20,40,Madrid,,40.4168,-3.7038,667,
2024-04-08T13:00:00+00:00,24.43,32.86,12.69,51.09,20,40,Madrid,,40.4168,-3.7038,667,
2024-04-08T14:00:00+00:00,21.77,27.11,13.18,49.69,20,40,Madrid,,40.4168,-3.7038,667,
2024-04-08T15:00:00+00:00,22.11,28.75,12.96,53.21,20,40,Madrid,,40.4168,-3.7038,667,
2024-04-08T16:00:00+00:00,20.54,26.59,11.13,49.93,20,40,Madrid,,40.4168,-3.7038,667,
2024-04-08T17:00:00+00:00,26.21,36.91,11.58,48.3,20,40,Madrid,,40.4168,-3.7038,667,
2024-04-08T18:00:00+00:00,20.12,28.88,12.3,51.34,20,40,Madrid,,40.4168,-3.7038,667,
2024-04-08T19:00:00+00:00,27.08,33.32,12.07,48.28,20,40,Madrid,,40.4168,-3.7038,667,
2024-04-08T20:00:00+00:00,26.27,33.12,11.55,48.62,20,40,Madrid,,40.4168,-3.7038,667,
2024-04-08T21:00:00+00:00,27.28,39.2,12.66,50.86,20,40,Madrid,,40.4168,-3.7038,667,
2024-04-08T22:00:00+00:00,25.67,34.71,12.49,47.08,20,40,Madrid,,40.4168,-3.7038,667,
2024-04-08T23:00:00+00:00,19.91,26.34,13.57,54.73,20,40,Madrid,,40.4168,-3.7038,667,
2024-04-09T00:00:00+00:00,20.02,25.96,16.09,61.8,20,40,Madrid,,40.4168,-3.7038,667,
2024-04-09T01:00:00+00:00,27.19,36.3,15.13,53.68,20,40,Madrid,,40.4168,-3.7038,667,
2024-04-09T02:00:00+00:00,25.67,37.6,17.07,64.83,20,40,Madrid,,40.4168,-3.7038,667,
2024-04-09T03:00:00+00:00,26.73,35.01,18.52,56.76,20,40,Madrid,,40.4168,-3.7038,667,
2024-04-09T04:00:00+00:00,25.54,35.39,18.39,65.22,20,40,Madrid,,40.4168,-3.7038,667,
2024-04-09T05:00:00+00:00,24.43,35.38,18.62,62.57,20,40,Madrid,,40.4168,-3.7038,667,
2024-04-09T06:00:00+00:00,20.34,31.06,19.84,69.21,20,40,Madrid,,40.4168,-3.7038,667,
2024-04-09T07:00:00+00:00,23.52,34.88,19.57,70.49,20,40,Madrid,,40.4168,-3.7038,667,
2024-04-09T08:00:00+00:00,21.01,28.15,19.51,59.68,20,40,Madrid,,40.4168,-3.7038,667,
2024-04-09T09:00:00+00:00,25.05,37.81,17.88,58.17,20,40,Madrid,,40.4168,-3.7038,667,
2024-04-09T10:00:00+00:00,21.03,29.56,17.95,57.36,20,40,Madrid,,40.4168,-3.7038,667,
2024-04-09T11:00:00+00:00,22.13,28.49,15.31,61.36,20,40,Madrid,,40.4168,-3.7038,667,
2024-04-09T12:00:00+00:00,23.12,31.18,15.43,56.26,20,40,Madrid,,40.4168,-3.7038,667,
2024-04-09T13:00:00+00:00,20.81,25.73,13.0,59.51,20,40,Madrid,,40.4168,-3.7038,667,
2024-04-09T14:00:00+00:00,24.7,33.07,12.21,53.65,20,40,Madrid,,40.4168,-3.7038,667,
2024-04-09T15:00:00+00:00,19.79,27.66,11.5,40.17,20,40,Madrid,,40.4168,-3.7038,667,
2024-04-09T16:00:00+00:00,18.86,28.61,12.79,40.76,20,40,Madrid,,40.4168,-3.7038,667,
2024-04-09T17:00:00+00:00,23.71,29.74,10.46,46.54,20,40,Madrid,,40.4168,-3.7038,667,
2024-04-09T18:00:00+00:00,19.72,25.43,9.6,48.83,20,40,Madrid,,40.4168,-3.7038,667,
2024-04-09T19:00:00+00:00,26.5,38.72,10.39,50.99,20,40,Madrid,,40.4168,-3.7038,667,
2024-04-09T20:00:00+00:00,26.64,35.66,10.5,46.48,20,40,Madrid,,40.4168,-3.7038,667,
2024-04-09T21:00:00+00:00,25.91,38.92,12.2,54.3,20,40,Madrid,,40.4168,-3.7038,667,
2024-04-09T22:00:00+00:00,21.04,26.22,12.3,47.04,20,40,Madrid,,40.4168,-3.7038,667,
2024-04-09T23:00:00+00:00,27.23,40.32,12.65,57.33,20,40,Madrid,,40.4168,-3.7038,667,
2024-04-10T00:00:00+00:00,25.73,32.26,15.13,51.75,20,40,Madrid,,40.4168,-3.7038,667,
2024-04-10T01:00:00+00:00,20.42,31.07,15.42,61.85,20,40,Madrid,,40.4168,-3.7038,667,
2024-04-10T02:00:00+00:00,27.2,38.38,15.86,63.91,20,40,Madrid,,40.4168,-3.7038,667,
2024-04-10T03:00:00+00:00,26.47,35.2,17.99,56.72,20,40,Madrid,,40.4168,-3.7038,667,
2024-04-10T04:00:00+00:00,25.07,34.73,17.14,62.44,20,40,Madrid,,40.4168,-3.7038,667,
2024-04-10T05:00:00+00:00,23.84,28.62,18.53,67.42,20,40,Madrid,,40.4168,-3.7038,667,
2024-04-10T06:00:00+00:00,27.98,40.78,18.55,70.92,20,40,Madrid,,40.4168,-3.7038,667,
2024-04-10T07:00:00+00:00,23.06,30.69,17.78,59.06,20,40,Madrid,,40.4168,-3.7038,667,
2024-04-10T08:00:00+00:00,21.02,29.18,17.61,57.37,20,40,Madrid,,40.4168,-3.7038,667,
2024-04-10T09:00:00+00:00,24.51,36.39,17.24,58.24,20,40,Madrid,,40.4168,-3.7038,667,
2024-04-10T10:00:00+00:00,24.13,32.98,16.86,62.74,20,40,Madrid,,40.4168,-3.7038,667,
2024-04-10T11:00:00+00:00,23.97,32.37,14.72,64.25,20,40,Madrid,,40.4168,-3.7038,667,
2024-04-10T12:00:00+00:00,26.37,35.28,15.13,48.41,20,40,Madrid,,40.4168,-3.7038,667,
2024-04-10T13:00:00+00:00,22.66,29.58,12.6,54.49,20,40,Madrid,,40.4168,-3.7038,667,
2024-04-10T14:00:00+00:00,24.93,35.23,12.34,46.42,20,40,Madrid,,40.4168,-3.7038,667,
2024-04-10T15:00:00+00:00,18.73,24.46,12.06,43.66,20,40,Madrid,,40.4168,-3.7038,667,
2024-04-10T16:00:00+00:00,24.31,35.58,10.05,47.95,20,40,Madrid,,40.4168,-3.7038,667,
2024-04-10T17:00:00+00:00,19.58,27.73,11.48,40.2,20,40,Madrid,,40.4168,-3.7038,667,
2024-04-10T18:00:00+00:00,21.38,32.65,9.85,52.01,20,40,Madrid,,40.4168,-3.7038,667,
2024-04-10T19:00:00+00:00,25.66,33.83,12.09,38.1,20,40,Madrid,,40.4168,-3.7038,667,
2024-04-10T20:00:00+00:00,19.2,26.09,12.39,45.2,20,40,Madrid,,40.4168,-3.7038,667,
2024-04-10T21:00:00+00:00,26.85,37.88,11.09,54.82,20,40,Madrid,,40.4168,-3.7038,667,
2024-04-10T22:00:00+00:00,20.08,24.54,11.69,51.73,20,40,Madrid,,40.4168,-3.7038,667,
2024-04-10T23:00:00+00:00,20.07,28.29,12.78,53.88,20,40,Madrid,,40.4168,-3.7038,667,
2024-04-11T00:00:00+00:00,25.72,38.41,13.88,49.08,20,40,Madrid,,40.4168,-3.7038,667,
2024-04-11T01:00:00+00:00,25.98,33.63,15.88,55.54,20,40,Madrid,,40.4168,-3.7038,667,
2024-04-11T02:00:00+00:00,24.8,32.25,15.61,53.24,20,40,Madrid,,40.4168,-3.7038,667,
2024-04-11T03:00:00+00:00,20.79,30.91,17.69,57.52,20,40,Madrid,,40.4168,-3.7038,667,
2024-04-11T04:00:00+00:00,20.65,25.48,19.64,60.97,20,40,Madrid,,40.4168,-3.7038,667,
2024-04-11T05:00:00+00:00,23.2,33.68,18.75,63.25,20,40,Madrid,,40.4168,-3.7038,667,
2024-04-11T06:00:00+00:00,23.98,33.91,17.69,58.99,20,40,Madrid,,40.4168,-3.7038,667,
2024-04-11T07:00:00+00:00,27.9,37.6,20.12,68.72,20,40,Madrid,,40.4168,-3.7038,667,
2024-04-11T08:00:00+00:00,24.57,33.48,18.14,60.95,20,40,Madrid,,40.4168,-3.7038,667,
2024-04-11T09:00:00+00:00,22.28,27.5,18.61,61.22,20,40,Madrid,,40.4168,-3.7038,667,
2024-04-11T10:00:00+00:00,22.46,33.25,17.8,54.71,20,40,Madrid,,40.4168,-3.7038,667,
2024-04-11T11:00:00+00:00,19.14,29.83,15.24,56.07,20,40,Madrid,,40.4168,-3.7038,667,
2024-04-11T12:00:00+00:00,20.1,30.24,14.16,48.04,20,40,Madrid,,40.4168,-3.7038,667,
2024-04-11T13:00:00+00:00,18.91,26.72,14.63,44.81,20,40,Madrid,,40.4168,-3.7038,667,
2024-04-11T14:00:00+00:00,23.83,32.44,12.34,53.71,20,40,Madrid,,40.4168,-3.7038,667,
2024-04-11T15:00:00+00:00,19.73,25.73,13.35,46.06,20,40,Madrid,,40.4168,-3.7038,667,
2024-04-11T16:00:00+00:00,23.86,31.46,10.72,39.19,20,40,Madrid,,40.4168,-3.7038,667,
2024-04-11T17:00:00+00:00,19.21,29.15,10.45,50.74,20,40,Madrid,,40.4168,-3.7038,667,
2024-04-11T18:00:00+00:00,25.19,30.21,10.51,47.82,20,40,Madrid,,40.4168,-3.7038,667,
2024-04-11T19:00:00+00:00,21.73,27.88,12.58,51.39,20,40,Madrid,,40.4168,-3.7038,667,
2024-04-11T20:00:00+00:00,22.23,27.15,12.54,43.9,20,40,Madrid,,40.4168,-3.7038,667,
2024-04-11T21:00:00+00:00,20.52,28.7,10.98,52.04,20,40,Madrid,,40.4168,-3.7038,667,
2024-04-11T22:00:00+00:00,26.64,36.84,13.2,46.54,20,40,Madrid,,40.4168,-3.7038,667,
2024-04-11T23:00:00+00:00,22.01,32.0,13.04,58.54,20,40,Madrid,,40.4168,-3.7038,667,
2024-04-12T00:00:00+00:00,26.23,35.59,16.35,55.53,20,40,Madrid,,40.4168,-3.7038,667,
2024-04-12T01:00:00+00:00,20.09,23.89,14.72,61.49,20,40,Madrid,,40.4168,-3.7038,667,
2024-04-12T02:00:00+00:00,23.64,28.36,16.77,61.56,20,40,Madrid,,40.4168,-3.7038,667,
2024-04-12T03:00:00+00:00,19.73,23.33,17.71,57.97,20,40,Madrid,,40.4168,-3.7038,667,
2024-04-12T04:00:00+00:00,26.5,33.04,19.76,56.11,20,40,Madrid,,40.4168,-3.7038,667,
2024-04-12T05:00:00+00:00,19.38,26.21,17.39,61.16,20,40,Madrid,,40.4168,-3.7038,667,
2024-04-12T06:00:00+00:00,25.9,36.15,20.2,59.08,20,40,Madrid,,40.4168,-3.7038,667,
2024-04-12T07:00:00+00:00,27.86,36.98,17.58,60.97,20,40,Madrid,,40.4168,-3.7038,667,
2024-04-12T08:00:00+00:00,24.22,34.98,19.81,70.74,20,40,Madrid,,40.4168,-3.7038,667,
2024-04-12T09:00:00+00:00,22.3,26.98,17.37,64.55,20,40,Madrid,,40.4168,-3.7038,667,
2024-04-12T10:00:00+00:00,20.73,25.1,17.58,54.8,20,40,Madrid,,40.4168,-3.7038,667,
2024-04-12T11:00:00+00:00,22.82,28.51,17.29,55.76,20,40,Madrid,,40.4168,-3.7038,667,
2024-04-12T12:00:00+00:00,26.5,34.06,14.82,54.11,20,40,Madrid,,40.4168,-3.7038,667,
2024-04-12T13:00:00+00:00,25.21,32.61,13.22,44.72,20,40,Madrid,,40.4168,-3.7038,667,
2024-04-12T14:00:00+00:00,24.34,30.67,12.61,52.32,20,40,Madrid,,40.4168,-3.7038,667,
2024-04-12T15:00:00+00:00,25.94,33.3,13.44,51.64,20,40,Madrid,,40.4168,-3.7038,667,
2024-04-12T16:00:00+00:00,23.73,35.41,13.0,44.51,20,40,Madrid,,40.4168,-3.7038,667,
2024-04-12T17:00:00+00:00,19.23,24.33,11.97,53.22,20,40,Madrid,,40.4168,-3.7038,667,
2024-04-12T18:00:00+00:00,24.24,34.55,10.0,45.81,20,40,Madrid,,40.4168,-3.7038,667,
2024-04-12T19:00:00+00:00,24.79,33.61,10.19,48.59,20,40,Madrid,,40.4168,-3.7038,667,
2024-04-12T20:00:00+00:00,18.29,25.99,10.47,42.54,20,40,Madrid,,40.4168,-3.7038,667,
2024-04-12T21:00:00+00:00,25.36,31.88,10.9,53.12,20,40,Madrid,,40.4168,-3.7038,667,
2024-04-12T22:00:00+00:00,27.23,39.27,12.05,55.11,20,40,Madrid,,40.4168,-3.7038,667,
2024-04-12T23:00:00+00:00,27.29,35.14,12.98,59.31,20,40,Madrid,,40.4168,-3.7038,667,
2024-04-13T00:00:00+00:00,19.06,23.74,14.84,47.88,20,40,Madrid,,40.4168,-3.7038,667,
2024-04-13T01:00:00+00:00,18.89,23.41,16.46,49.75,20,40,Madrid,,40.4168,-3.7038,667,
2024-04-13T02:00:00+00:00,20.49,30.11,17.13,67.92,20,40,Madrid,,40.4168,-3.7038,667,
2024-04-13T03:00:00+00:00,22.04,26.88,19.29,54.51,20,40,Madrid,,40.4168,-3.7038,667,
2024-04-13T04:00:00+00:00,23.04,34.7,18.3,61.69,20,40,Madrid,,40.4168,-3.7038,667,
2024-04-13T05:00:00+00:00,23.94,32.31,17.44,66.85,20,40,Madrid,,40.4168,-3.7038,667,
2024-04-13T06:00:00+00:00,21.14,27.45,17.93,58.81,20,40,Madrid,,40.4168,-3.7038,667,
2024-04-13T07:00:00+00:00,23.46,34.85,18.02,61.64,20,40,Madrid,,40.4168,-3.7038,667,
2024-04-13T08:00:00+00:00,25.06,35.1,19.15,59.04,20,40,Madrid,,40.4168,-3.7038,667,
2024-04-13T09:00:00+00:00,20.59,31.61,18.73,54.95,20,40,Madrid,,40.4168,-3.7038,667,
2024-04-13T10:00:00+00:00,22.34,32.03,16.71,62.32,20,40,Madrid,,40.4168,-3.7038,667,
2024-04-13T11:00:00+00:00,21.72,29.37,15.98,61.75,20,40,Madrid,,40.4168,-3.7038,667,
2024-04-13T12:00:00+00:00,24.09,33.91,14.28,47.44,20,40,Madrid,,40.4168,-3.7038,667,
2024-04-13T13:00:00+00:00,18.53,28.25,15.13,46.65,20,40,Madrid,,40.4168,-3.7038,667,
2024-04-13T14:00:00+00:00,21.92,27.19,12.73,50.69,20,40,Madrid,,40.4168,-3.7038,667,
2024-04-13T15:00:00+00:00,23.57,30.73,11.95,54.05,20,40,Madrid,,40.4168,-3.7038,667,
2024-04-13T16:00:00+00:00,18.53,28.84,10.72,40.81,20,40,Madrid,,40.4168,-3.7038,667,
2024-04-13T17:00:00+00:00,22.76,30.71,10.28,44.49,20,40,Madrid,,40.4168,-3.7038,667,
2024-04-13T18:00:00+00:00,24.72,36.5,11.32,38.91,20,40,Madrid,,40.4168,-3.7038,667,
2024-04-13T19:00:00+00:00,23.42,32.31,11.37,43.28,20,40,Madrid,,40.4168,-3.7038,667,
2024-04-13T20:00:00+00:00,26.34,37.27,10.8,47.08,20,40,Madrid,,40.4168,-3.7038,667,
2024-04-13T21:00:00+00:00,18.2,25.1,13.2,46.82,20,40,Madrid,,40.4168,-3.7038,667,
2024-04-13T22:00:00+00:00,22.97,27.02,14.08,52.8,20,40,Madrid,,40.4168,-3.7038,667,
2024-04-13T23:00:00+00:00,22.45,28.45,13.99,56.65,20,40,Madrid,,40.4168,-3.7038,667,
2024-04-14T00:00:00+00:00,27.45,33.6,15.99,57.28,20,40,Madrid,,40.4168,-3.7038,667,
2024-04-14T01:00:00+00:00,26.61,35.58,16.29,65.32,20,40,Madrid,,40.4168,-3.7038,667,
2024-04-14T02:00:00+00:00,20.88,31.77,15.84,61.99,20,40,Madrid,,40.4168,-3.7038,667,
2024-04-14T03:00:00+00:00,27.88,34.77,17.89,64.88,20,40,Madrid,,40.4168,-3.7038,667,
2024-04-14T04:00:00+00:00,23.96,36.08,18.93,63.4,20,40,Madrid,,40.4168,-3.7038,667,
2024-04-14T05:00:00+00:00,20.1,27.14,18.12,59.0,20,40,Madrid,,40.4168,-3.7038,667,
2024-04-14T06:00:00+00:00,19.25,22.31,19.64,62.12,20,40,Madrid,,40.4168,-3.7038,667,
2024-04-14T07:00:00+00:00,22.88,26.9,19.52,64.65,20,40,Madrid,,40.4168,-3.7038,667,
2024-04-14T08:00:00+00:00,20.25,27.44,17.29,61.32,20,40,Madrid,,40.4168,-3.7038,667,
2024-04-14T09:00:00+00:00,25.54,32.99,16.77,63.45,20,40,Madrid,,40.4168,-3.7038,667,
2024-04-14T10:00:00+00:00,28.45,38.67,16.19,63.08,20,40,Madrid,,40.4168,-3.7038,667,
2024-04-14T11:00:00+00:00,27.26,33.66,16.23,59.1,20,40,Madrid,,40.4168,-3.7038,667,
2024-04-14T12:00:00+00:00,26.29,33.92,15.95,54.39,20,40,Madrid,,40.4168,-3.7038,667,
2024-04-14T13:00:00+00:00,23.96,33.66,14.13,50.95,20,40,Madrid,,40.4168,-3.7038,667,
2024-04-14T14:00:00+00:00,18.15,26.76,12.82,45.05,20,40,Madrid,,40.4168,-3.7038,667,
2024-04-14T15:00:00+00:00,25.33,31.99,13.45,49.67,20,40,Madrid,,40.4168,-3.7038,667,
2024-04-14T16:00:00+00:00,19.42,22.36,10.32,47.62,20,40,Madrid,,40.4168,-3.7038,667,
2024-04-14T17:00:00+00:00,23.39,33.16,12.29,49.88,20,40,Madrid,,40.4168,-3.7038,667,
2024-04-14T18:00:00+00:00,24.66,36.81,11.86,47.95,20,40,Madrid,,40.4168,-3.7038,667,
2024-04-14T19:00:00+00:00,23.82,34.52,11.75,47.07,20,40,Madrid,,40.4168,-3.7038,667,
2024-04-14T20:00:00+00:00,20.19,29.59,12.26,50.84,20,40,Madrid,,40.4168,-3.7038,667,
2024-04-14T21:00:00+00:00,23.27,29.13,11.2,53.91,20,40,Madrid,,40.4168,-3.7038,667,
2024-04-14T22:00:00+00:00,23.44,29.93,12.64,42.83,20,40,Madrid,,40.4168,-3.7038,667,
2024-04-14T23:00:00+00:00,26.86,32.57,14.49,59.1,20,40,Madrid,,40.4168,-3.7038,667,
2024-04-15T00:00:00+00:00,21.55,25.92,15.53,54.79,20,40,Madrid,,40.4168,-3.7038,667,
2024-04-15T01:00:00+00:00,22.97,30.47,14.61,65.05,20,40,Madrid,,40.4168,-3.7038,667,
2024-04-15T02:00:00+00:00,23.31,33.15,15.77,63.12,20,40,Madrid,,40.4168,-3.7038,667,
2024-04-15T03:00:00+00:00,21.34,24.91,18.16,61.46,20,40,Madrid,,40.4168,-3.7038,667,
2024-04-15T04:00:00+00:00,26.01,31.28,17.54,68.1,20,40,Madrid,,40.4168,-3.7038,667,
2024-04-15T05:00:00+00:00,18.93,29.08,18.82,56.67,20,40,Madrid,,40.4168,-3.7038,667,
2024-04-15T06:00:00+00:00,26.13,34.9,19.39,58.48,20,40,Madrid,,40.4168,-3.7038,667,
2024-04-15T07:00:00+00:00,23.64,35.12,19.07,56.82,20,40,Madrid,,40.4168,-3.7038,667,
2024-04-15T08:00:00+00:00,24.61,33.25,18.09,60.69,20,40,Madrid,,40.4168,-3.7038,667,
2024-04-15T09:00:00+00:00,22.69,33.1,18.32,62.75,20,40,Madrid,,40.4168,-3.7038,667,
2024-04-15T10:00:00+00:00,23.99,29.15,16.28,57.6,20,40,Madrid,,40.4168,-3.7038,667,
2024-04-15T11:00:00+00:00,21.97,29.06,15.79,56.72,20,40,Madrid,,40.4168,-3.7038,667,
2024-04-15T12:00:00+00:00,22.16,25.95,14.73,48.74,20,40,Madrid,,40.4168,-3.7038,667,
2024-04-15T13:00:00+00:00,19.6,25.89,12.73,49.87,20,40,Madrid,,40.4168,-3.7038,667,
2024-04-15T14:00:00+00:00,20.85,31.82,12.33,57.26,20,40,Madrid,,40.4168,-3.7038,667,
2024-04-15T15:00:00+00:00,24.44,35.24,11.54,49.22,20,40,Madrid,,40.4168,-3.7038,667,
2024-04-15T16:00:00+00:00,20.5,29.29,10.56,39.54,20,40,Madrid,,40.4168,-3.7038,667,
2024-04-15T17:00:00+00:00,20.57,31.42,11.2,43.19,20,40,Madrid,,40.4168,-3.7038,667,
2024-04-15T18:00:00+00:00,24.68,32.58,10.94,42.75,20,40,Madrid,,40.4168,-3.7038,667,
2024-04-15T19:00:00+00:00,19.84,28.56,11.48,41.44,20,40,Madrid,,40.4168,-3.7038,667,
2024-04-15T20:00:00+00:00,23.88,32.84,12.06,47.23,20,40,Madrid,,40.4168,-3.7038,667,
2024-04-15T21:00:00+00:00,21.43,28.78,11.06,46.78,20,40,Madrid,,40.4168,-3.7038,667,
2024-04-15T22:00:00+00:00,27.82,34.7,12.51,57.81,20,40,Madrid,,40.4168,-3.7038,667,
2024-04-15T23:00:00+00:00,22.52,30.68,14.64,53.54,20,40,Madrid,,40.4168,-3.7038,667,
2024-04-16T00:00:00+00:00,24.62,34.1,15.43,49.89,20,40,Madrid,,40.4168,-3.7038,667,
2024-04-16T01:00:00+00:00,20.76,32.01,15.96,55.06,20,40,Madrid,,40.4168,-3.7038,667,
2024-04-16T02:00:00+00:00,23.72,29.72,17.18,55.27,20,40,Madrid,,40.4168,-3.7038,667,
2024-04-16T03:00:00+00:00,25.57,35.1,17.66,69.28,20,40,Madrid,,40.4168,-3.7038,667,
2024-04-16T04:00:00+00:00,23.47,35.11,18.31,63.62,20,40,Madrid,,40.4168,-3.7038,667,
2024-04-16T05:00:00+00:00,26.83,34.3,17.46,65.26,20,40,Madrid,,40.4168,-3.7038,667,
2024-04-16T06:00:00+00:00,26.36,32.08,20.29,60.29,20,40,Madrid,,40.4168,-3.7038,667,
2024-04-16T07:00:00+00:00,24.01,31.24,17.56,71.79,20,40,Madrid,,40.4168,-3.7038,667,
2024-04-16T08:00:00+00:00,24.25,34.15,18.28,68.88,20,40,Madrid,,40.4168,-3.7038,667,
2024-04-16T09:00:00+00:00,19.65,23.57,18.6,63.31,20,40,Madrid,,40.4168,-3.7038,667,
2024-04-16T10:00:00+00:00,26.67,35.58,15.81,66.11,20,40,Madrid,,40.4168,-3.7038,667,
2024-04-16T11:00:00+00:00,26.32,38.22,16.66,65.47,20,40,Madrid,,40.4168,-3.7038,667,
2024-04-16T12:00:00+00:00,21.92,25.7,13.56,61.99,20,40,Madrid,,40.4168,-3.7038,667,
2024-04-16T13:00:00+00:00,19.73,23.65,13.85,46.1,20,40,Madrid,,40.4168,-3.7038,667,
2024-04-16T14:00:00+00:00,25.58,36.23,12.06,48.93,20,40,Madrid,,40.4168,-3.7038,667,
2024-04-16T15:00:00+00:00,19.79,30.55,13.52,55.3,20,40,Madrid,,40.4168,-3.7038,667,
2024-04-16T16:00:00+00:00,23.93,33.83,12.31,53.6,20,40,Madrid,,40.4168,-3.7038,667,
2024-04-16T17:00:00+00:00,23.05,28.94,9.67,39.65,20,40,Madrid,,40.4168,-3.7038,667,
2024-04-16T18:00:00+00:00,20.43,28.46,11.79,45.52,20,40,Madrid,,40.4168,-3.7038,667,
2024-04-16T19:00:00+00:00,26.21,38.83,10.13,45.18,20,40,Madrid,,40.4168,-3.7038,667,
2024-04-16T20:00:00+00:00,24.16,33.59,11.12,53.12,20,40,Madrid,,40.4168,-3.7038,667,
2024-04-16T21:00:00+00:00,22.0,32.26,11.14,40.12,20,40,Madrid,,40.4168,-3.7038,667,
2024-04-16T22:00:00+00:00,20.45,28.08,12.23,43.35,20,40,Madrid,,40.4168,-3.7038,667,
2024-04-16T23:00:00+00:00,24.03,35.23,14.08,45.58,20,40,Madrid,,40.4168,-3.7038,667,
2024-04-17T00:00:00+00:00,26.38,39.08,14.3,55.43,20,40,Madrid,,40.4168,-3.7038,667,
2024-04-17T01:00:00+00:00,19.52,29.36,17.07,57.15,20,40,Madrid,,40.4168,-3.7038,667,
2024-04-17T02:00:00+00:00,23.43,34.47,16.74,54.72,20,40,Madrid,,40.4168,-3.7038,667,
2024-04-17T03:00:00+00:00,25.71,35.71,16.68,59.28,20,40,Madrid,,40.4168,-3.7038,667,
2024-04-17T04:00:00+00:00,20.14,29.77,19.23,65.6,20,40,Madrid,,40.4168,-3.7038,667,
2024-04-17T05:00:00+00:00,21.06,25.16,19.97,70.25,20,40,Madrid,,40.4168,-3.7038,667,
2024-04-17T06:00:00+00:00,22.03,31.4,18.6,68.49,20,40,Madrid,,40.4168,-3.7038,667,
2024-04-17T07:00:00+00:00,23.0,33.6,17.79,61.33,20,40,Madrid,,40.4168,-3.7038,667,
2024-04-17T08:00:00+00:00,22.6,27.09,18.63,60.43,20,40,Madrid,,40.4168,-3.7038,667,
2024-04-17T09:00:00+00:00,22.61,29.56,16.98,63.56,20,40,Madrid,,40.4168,-3.7038,667,
2024-04-17T10:00:00+00:00,28.43,37.29,16.64,64.37,20,40,Madrid,,40.4168,-3.7038,667,
2024-04-17T11:00:00+00:00,24.7,34.19,15.09,65.37,20,40,Madrid,,40.4168,-3.7038,667,
2024-04-17T12:00:00+00:00,21.94,31.58,14.16,60.75,20,40,Madrid,,40.4168,-3.7038,667,
2024-04-17T13:00:00+00:00,23.53,35.38,13.34,52.85,20,40,Madrid,,40.4168,-3.7038,667,
2024-04-17T14:00:00+00:00,23.54,33.59,13.54,51.08,20,40,Madrid,,40.4168,-3.7038,667,
2024-04-17T15:00:00+00:00,20.24,28.73,11.46,55.83,20,40,Madrid,,40.4168,-3.7038,667,
2024-04-17T16:00:00+00:00,24.96,37.2,11.37,39.6,20,40,Madrid,,40.4168,-3.7038,667,
2024-04-17T17:00:00+00:00,27.54,39.12,9.67,52.79,20,40,Madrid,,40.4168,-3.7038,667,
2024-04-17T18:00:00+00:00,22.54,29.12,11.18,39.01,20,40,Madrid,,40.4168,-3.7038,667,
2024-04-17T19:00:00+00:00,24.44,34.34,10.21,38.17,20,40,Madrid,,40.4168,-3.7038,667,
2024-04-17T20:00:00+00:00,21.74,32.24,13.01,42.81,20,40,Madrid,,40.4168,-3.7038,667,
2024-04-17T21:00:00+00:00,24.33,29.97,11.82,47.1,20,40,Madrid,,40.4168,-3.7038,667,
2024-04-17T22:00:00+00:00,25.68,32.91,13.08,49.84,20,40,Madrid,,40.4168,-3.7038,667,
2024-04-17T23:00:00+00:00,20.78,26.06,13.76,52.44,20,40,Madrid,,40.4168,-3.7038,667,
2024-04-18T00:00:00+00:00,19.95,30.68,13.96,61.15,20,40,Madrid,,40.4168,-3.7038,667,
2024-04-18T01:00:00+00:00,27.17,36.93,15.09,61.69,20,40,Madrid,,40.4168,-3.7038,667,
2024-04-18T02:00:00+00:00,25.94,31.76,18.05,53.44,20,40,Madrid,,40.4168,-3.7038,667,
2024-04-18T03:00:00+00:00,23.11,35.07,17.62,61.19,20,40,Madrid,,40.4168,-3.7038,667,
2024-04-18T04:00:00+00:00,20.96,31.63,18.91,58.76,20,40,Madrid,,40.4168,-3.7038,667,
2024-04-18T05:00:00+00:00,26.41,35.22,20.32,59.8,20,40,Madrid,,40.4168,-3.7038,667,
2024-04-18T06:00:00+00:00,26.36,38.46,19.77,67.9,20,40,Madrid,,40.4168,-3.7038,667,
2024-04-18T07:00:00+00:00,26.52,38.59,19.87,59.94,20,40,Madrid,,40.4168,-3.7038,667,
2024-04-18T08:00:00+00:00,20.7,27.55,19.6,56.69,20,40,Madrid,,40.4168,-3.7038,667,
2024-04-18T09:00:00+00:00,25.71,32.31,17.06,59.95,20,40,Madrid,,40.4168,-3.7038,667,
2024-04-18T10:00:00+00:00,28.47,41.51,15.98,63.02,20,40,Madrid,,40.4168,-3.7038,667,
2024-04-18T11:00:00+00:00,19.45,28.56,17.46,52.18,20,40,Madrid,,40.4168,-3.7038,667,
2024-04-18T12:00:00+00:00,20.22,29.39,15.14,47.33,20,40,Madrid,,40.4168,-3.7038,667,
2024-04-18T13:00:00+00:00,22.39,28.28,15.18,49.7,20,40,Madrid,,40.4168,-3.7038,667,
2024-04-18T14:00:00+00:00,20.05,25.05,11.68,57.78,20,40,Madrid,,40.4168,-3.7038,667,
2024-04-18T15:00:00+00:00,25.86,33.91,13.19,49.9,20,40,Madrid,,40.4168,-3.7038,667,
2024-04-18T16:00:00+00:00,25.18,36.61,11.49,47.01,20,40,Madrid,,40.4168,-3.7038,667,
2024-04-18T17:00:00+00:00,19.9,24.46,9.97,41.62,20,40,Madrid,,40.4168,-3.7038,667,
2024-04-18T18:00:00+00:00,25.61,34.27,12.23,40.59,20,40,Madrid,,40.4168,-3.7038,667,
2024-04-18T19:00:00+00:00,23.59,34.46,10.89,43.8,20,40,Madrid,,40.4168,-3.7038,667,
2024-04-18T20:00:00+00:00,24.77,29.83,12.49,45.01,20,40,Madrid,,40.4168,-3.7038,667,
2024-04-18T21:00:00+00:00,21.67,29.28,12.45,52.25,20,40,Madrid,,40.4168,-3.7038,667,
2024-04-18T22:00:00+00:00,23.79,29.89,13.39,52.3,20,40,Madrid,,40.4168,-3.7038,667,
2024-04-18T23:00:00+00:00,18.93,28.72,15.1,47.81,20,40,Madrid,,40.4168,-3.7038,667,
2024-04-19T00:00:00+00:00,23.08,31.08,15.26,60.76,20,40,Madrid,,40.4168,-3.7038,667,
2024-04-19T01:00:00+00:00,20.56,26.11,15.12,65.18,20,40,Madrid,,40.4168,-3.7038,667,
2024-04-19T02:00:00+00:00,22.72,30.91,16.55,57.21,20,40,Madrid,,40.4168,-3.7038,667,
2024-04-19T03:00:00+00:00,26.53,39.48,17.97,67.0,20,40,Madrid,,40.4168,-3.7038,667,
2024-04-19T04:00:00+00:00,26.23,36.94,17.27,66.47,20,40,Madrid,,40.4168,-3.7038,667,
2024-04-19T05:00:00+00:00,27.14,35.03,19.55,62.06,20,40,Madrid,,40.4168,-3.7038,667,
2024-04-19T06:00:00+00:00,21.45,31.48,19.93,72.99,20,40,Madrid,,40.4168,-3.7038,667,
2024-04-19T07:00:00+00:00,28.16,36.07,18.31,71.26,20,40,Madrid,,40.4168,-3.7038,667,
2024-04-19T08:00:00+00:00,21.21,31.67,18.79,66.25,20,40,Madrid,,40.4168,-3.7038,667,
2024-04-19T09:00:00+00:00,21.83,31.64,17.48,56.87,20,40,Madrid,,40.4168,-3.7038,667,
2024-04-19T10:00:00+00:00,20.88,26.02,16.15,55.41,20,40,Madrid,,40.4168,-3.7038,667,
2024-04-19T11:00:00+00:00,27.16,33.37,16.46,60.37,20,40,Madrid,,40.4168,-3.7038,667,
2024-04-19T12:00:00+00:00,20.68,31.03,13.63,57.21,20,40,Madrid,,40.4168,-3.7038,667,
2024-04-19T13:00:00+00:00,22.72,29.17,13.81,51.45,20,40,Madrid,,40.4168,-3.7038,667,
2024-04-19T14:00:00+00:00,19.01,28.78,12.39,50.11,20,40,Madrid,,40.4168,-3.7038,667,
2024-04-19T15:00:00+00:00,22.02,30.49,11.64,42.47,20,40,Madrid,,40.4168,-3.7038,667,
2024-04-19T16:00:00+00:00,22.06,26.14,11.38,44.06,20,40,Madrid,,40.4168,-3.7038,667,
2024-04-19T17:00:00+00:00,22.88,33.11,10.63,41.23,20,40,Madrid,,40.4168,-3.7038,667,
2024-04-19T18:00:00+00:00,26.09,38.45,9.63,42.69,20,40,Madrid,,40.4168,-3.7038,667,
2024-04-19T19:00:00+00:00,26.63,33.05,9.99,41.7,20,40,Madrid,,40.4168,-3.7038,667,
2024-04-19T20:00:00+00:00,19.73,27.05,11.65,52.29,20,40,Madrid,,40.4168,-3.7038,667,
2024-04-19T21:00:00+00:00,27.04,38.87,13.06,49.44,20,40,Madrid,,40.4168,-3.7038,667,
2024-04-19T22:00:00+00:00,25.47,30.69,13.18,47.36,20,40,Madrid,,40.4168,-3.7038,667,
2024-04-19T23:00:00+00:00,25.43,35.65,13.06,50.1,20,40,Madrid,,40.4168,-3.7038,667,
2024-04-20T00:00:00+00:00,23.92,34.3,13.82,56.31,20,40,Madrid,,40.4168,-3.7038,667,
2024-04-20T01:00:00+00:00,26.96,37.51,17.43,59.25,20,40,Madrid,,40.4168,-3.7038,667,
2024-04-20T02:00:00+00:00,27.04,38.37,16.61,63.94,20,40,Madrid,,40.4168,-3.7038,667,
2024-04-20T03:00:00+00:00,24.18,32.06,18.83,66.85,20,40,Madrid,,40.4168,-3.7038,667,
2024-04-20T04:00:00+00:00,20.81,29.64,16.99,66.94,20,40,Madrid,,40.4168,-3.7038,667,
2024-04-20T05:00:00+00:00,26.92,33.36,19.18,65.8,20,40,Madrid,,40.4168,-3.7038,667,
2024-04-20T06:00:00+00:00,20.3,29.59,18.99,66.56,20,40,Madrid,,40.4168,-3.7038,667,
2024-04-20T07:00:00+00:00,27.68,35.74,19.54,64.75,20,40,Madrid,,40.4168,-3.7038,667,
2024-04-20T08:00:00+00:00,20.32,30.93,18.28,62.41,20,40,Madrid,,40.4168,-3.7038,667,
2024-04-20T09:00:00+00:00,26.14,38.55,17.94,62.53,20,40,Madrid,,40.4168,-3.7038,667,
2024-04-20T10:00:00+00:00,25.4,35.76,18.4,66.83,20,40,Madrid,,40.4168,-3.7038,667,
2024-04-20T11:00:00+00:00,22.38,28.28,16.03,57.82,20,40,Madrid,,40.4168,-3.7038,667,
2024-04-20T12:00:00+00:00,22.37,33.49,13.74,55.93,20,40,Madrid,,40.4168,-3.7038,667,
2024-04-20T13:00:00+00:00,20.5,30.0,14.88,53.11,20,40,Madrid,,40.4168,-3.7038,667,
2024-04-20T14:00:00+00:00,20.72,29.55,14.31,50.69,20,40,Madrid,,40.4168,-3.7038,667,
2024-04-20T15:00:00+00:00,25.66,36.71,10.9,54.98,20,40,Madrid,,40.4168,-3.7038,667,
2024-04-20T16:00:00+00:00,24.82,32.09,12.15,52.57,20,40,Madrid,,40.4168,-3.7038,667,
2024-04-20T17:00:00+00:00,25.86,37.69,11.24,42.15,20,40,Madrid,,40.4168,-3.7038,667,
2024-04-20T18:00:00+00:00,26.1,32.9,10.32,38.69,20,40,Madrid,,40.4168,-3.7038,667,
2024-04-20T19:00:00+00:00,19.68,28.44,10.45,41.81,20,40,Madrid,,40.4168,-3.7038,667,
2024-04-20T20:00:00+00:00,27.81,39.24,10.88,52.88,20,40,Madrid,,40.4168,-3.7038,667,
2024-04-20T21:00:00+00:00,26.93,32.71,11.13,52.25,20,40,Madrid,,40.4168,-3.7038,667,
2024-04-20T22:00:00+00:00,18.55,22.28,11.58,46.18,20,40,Madrid,,40.4168,-3.7038,667,
2024-04-20T23:00:00+00:00,18.31,22.69,13.56,45.51,20,40,Madrid,,40.4168,-3.7038,667,
2024-04-21T00:00:00+00:00,21.1,29.12,15.52,49.69,20,40,Madrid,,40.4168,-3.7038,667,
2024-04-21T01:00:00+00:00,25.68,32.97,16.5,56.35,20,40,Madrid,,40.4168,-3.7038,667,
2024-04-21T02:00:00+00:00,28.56,39.09,18.27,67.77,20,40,Madrid,,40.4168,-3.7038,667,
2024-04-21T03:00:00+00:00,26.65,35.46,18.35,62.8,20,40,Madrid,,40.4168,-3.7038,667,
2024-04-21T04:00:00+00:00,23.54,34.04,18.39,70.77,20,40,Madrid,,40.4168,-3.7038,667,
2024-04-21T05:00:00+00:00,21.68,29.42,19.28,68.89,20,40,Madrid,,40.4168,-3.7038,667,
2024-04-21T06:00:00+00:00,24.29,34.3,19.0,72.38,20,40,Madrid,,40.4168,-3.7038,667,
2024-04-21T07:00:00+00:00,22.29,27.23,19.32,69.5,20,40,Madrid,,40.4168,-3.7038,667,
2024-04-21T08:00:00+00:00,19.96,26.57,17.9,59.67,20,40,Madrid,,40.4168,-3.7038,667,
2024-04-21T09:00:00+00:00,19.15,27.7,19.29,60.87,20,40,Madrid,,40.4168,-3.7038,667,
2024-04-21T10:00:00+00:00,26.02,31.78,16.95,60.28,20,40,Madrid,,40.4168,-3.7038,667,
2024-04-21T11:00:00+00:00,22.87,29.68,14.87,61.43,20,40,Madrid,,40.4168,-3.7038,667,
2024-04-21T12:00:00+00:00,25.59,31.55,14.16,48.56,20,40,Madrid,,40.4168,-3.7038,667,
2024-04-21T13:00:00+00:00,26.36,32.09,14.85,59.16,20,40,Madrid,,40.4168,-3.7038,667,
2024-04-21T14:00:00+00:00,26.8,34.53,12.63,53.14,20,40,Madrid,,40.4168,-3.7038,667,
2024-04-21T15:00:00+00:00,19.91,28.27,11.55,52.79,20,40,Madrid,,40.4168,-3.7038,667,
2024-04-21T16:00:00+00:00,19.79,27.36,12.1,51.61,20,40,Madrid,,40.4168,-3.7038,667,
2024-04-21T17:00:00+00:00,26.12,35.37,11.96,48.84,20,40,Madrid,,40.4168,-3.7038,667,
2024-04-21T18:00:00+00:00,27.05,40.15,10.58,50.0,20,40,Madrid,,40.4168,-3.7038,667,
2024-04-21T19:00:00+00:00,27.41,39.76,10.24,49.57,20,40,Madrid,,40.4168,-3.7038,667,
2024-04-21T20:00:00+00:00,27.68,33.49,12.12,52.27,20,40,Madrid,,40.4168,-3.7038,667,
2024-04-21T21:00:00+00:00,22.79,28.12,12.38,49.8,20,40,Madrid,,40.4168,-3.7038,667,
2024-04-21T22:00:00+00:00,23.45,29.69,12.5,50.69,20,40,Madrid,,40.4168,-3.7038,667,
2024-04-21T23:00:00+00:00,24.41,32.47,15.39,54.93,20,40,Madrid,,40.4168,-3.7038,667,
2024-04-22T00:00:00+00:00,19.46,29.0,13.64,50.95,20,40,Madrid,,40.4168,-3.7038,667,
2024-04-22T01:00:00+00:00,26.04,34.36,15.31,57.61,20,40,Madrid,,40.4168,-3.7038,667,
2024-04-22T02:00:00+00:00,23.5,32.05,18.5,60.4,20,40,Madrid,,40.4168,-3.7038,667,
2024-04-22T03:00:00+00:00,21.71,28.75,18.01,62.7,20,40,Madrid,,40.4168,-3.7038,667,
2024-04-22T04:00:00+00:00,24.02,35.21,18.16,69.32,20,40,Madrid,,40.4168,-3.7038,667,
2024-04-22T05:00:00+00:00,21.72,33.01,18.17,65.84,20,40,Madrid,,40.4168,-3.7038,667,
2024-04-22T06:00:00+00:00,22.0,31.08,17.58,66.65,20,40,Madrid,,40.4168,-3.7038,667,
2024-04-22T07:00:00+00:00,23.08,31.0,19.24,63.5,20,40,Madrid,,40.4168,-3.7038,667,
2024-04-22T08:00:00+00:00,24.22,32.79,18.59,56.47,20,40,Madrid,,40.4168,-3.7038,667,
2024-04-22T09:00:00+00:00,21.13,25.78,16.43,69.54,20,40,Madrid,,40.4168,-3.7038,667,
2024-04-22T10:00:00+00:00,27.41,35.04,16.06,61.58,20,40,Madrid,,40.4168,-3.7038,667,
2024-04-22T11:00:00+00:00,21.28,29.0,16.9,64.19,20,40,Madrid,,40.4168,-3.7038,667,
2024-04-22T12:00:00+00:00,23.56,30.26,14.41,56.59,20,40,Madrid,,40.4168,-3.7038,667,
2024-04-22T13:00:00+00:00,20.42,28.64,12.78,57.61,20,40,Madrid,,40.4168,-3.7038,667,
2024-04-22T14:00:00+00:00,25.3,32.47,14.01,55.37,20,40,Madrid,,40.4168,-3.7038,667,
2024-04-22T15:00:00+00:00,19.17,28.0,12.93,44.08,20,40,Madrid,,40.4168,-3.7038,667,
2024-04-22T16:00:00+00:00,20.68,31.76,10.93,43.12,20,40,Madrid,,40.4168,-3.7038,667,
2024-04-22T17:00:00+00:00,27.04,35.41,10.13,47.35,20,40,Madrid,,40.4168,-3.7038,667,
2024-04-22T18:00:00+00:00,21.08,30.14,10.2,47.43,20,40,Madrid,,40.4168,-3.7038,667,
2024-04-22T19:00:00+00:00,18.14,23.66,11.92,39.08,20,40,Madrid,,40.4168,-3.7038,667,
2024-04-22T20:00:00+00:00,20.61,30.04,11.22,43.91,20,40,Madrid,,40.4168,-3.7038,667,
2024-04-22T21:00:00+00:00,24.78,29.61,13.5,42.11,20,40,Madrid,,40.4168,-3.7038,667,
2024-04-22T22:00:00+00:00,21.55,26.8,13.85,43.32,20,40,Madrid,,40.4168,-3.7038,667,
2024-04-22T23:00:00+00:00,20.28,29.2,13.48,50.2,20,40,Madrid,,40.4168,-3.7038,667,
2024-04-23T00:00:00+00:00,22.19,27.53,13.81,60.46,20,40,Madrid,,40.4168,-3.7038,667,
2024-04-23T01:00:00+00:00,19.38,29.34,16.48,55.26,20,40,Madrid,,40.4168,-3.7038,667,
2024-04-23T02:00:00+00:00,26.51,32.6,17.8,67.56,20,40,Madrid,,40.4168,-3.7038,667,
2024-04-23T03:00:00+00:00,23.69,34.52,18.25,63.42,20,40,Madrid,,40.4168,-3.7038,667,
2024-04-23T04:00:00+00:00,25.29,30.81,18.65,71.02,20,40,Madrid,,40.4168,-3.7038,667,
2024-04-23T05:00:00+00:00,27.76,34.43,17.9,64.19,20,40,Madrid,,40.4168,-3.7038,667,
2024-04-23T06:00:00+00:00,25.78,36.77,19.5,62.1,20,40,Madrid,,40.4168,-3.7038,667,
2024-04-23T07:00:00+00:00,22.77,34.0,19.31,69.26,20,40,Madrid,,40.4168,-3.7038,667,
2024-04-23T08:00:00+00:00,18.97,24.32,19.93,56.62,20,40,Madrid,,40.4168,-3.7038,667,
2024-04-23T09:00:00+00:00,21.34,26.71,17.09,63.18,20,40,Madrid,,40.4168,-3.7038,667,
2024-04-23T10:00:00+00:00,26.04,38.61,16.84,54.01,20,40,Madrid,,40.4168,-3.7038,667,
2024-04-23T11:00:00+00:00,23.27,35.37,16.65,59.98,20,40,Madrid,,40.4168,-3.7038,667,
2024-04-23T12:00:00+00:00,27.83,38.68,15.52,61.86,20,40,Madrid,,40.4168,-3.7038,667,
2024-04-23T13:00:00+00:00,21.11,29.9,13.66,53.43,20,40,Madrid,,40.4168,-3.7038,667,
2024-04-23T14:00:00+00:00,25.48,34.32,11.74,46.62,20,40,Madrid,,40.4168,-3.7038,667,
2024-04-23T15:00:00+00:00,20.32,26.45,11.35,50.79,20,40,Madrid,,40.4168,-3.7038,667,
2024-04-23T16:00:00+00:00,23.29,30.08,11.39,47.35,20,40,Madrid,,40.4168,-3.7038,667,
2024-04-23T17:00:00+00:00,21.58,26.36,12.14,44.66,20,40,Madrid,,40.4168,-3.7038,667,
2024-04-23T18:00:00+00:00,21.23,29.66,9.58,50.9,20,40,Madrid,,40.4168,-3.7038,667,
2024-04-23T19:00:00+00:00,23.28,32.62,10.42,37.98,20,40,Madrid,,40.4168,-3.7038,667,
2024-04-23T20:00:00+00:00,23.01,28.37,12.82,43.7,20,40,Madrid,,40.4168,-3.7038,667,
2024-04-23T21:00:00+00:00,26.49,33.8,13.08,47.55,20,40,Madrid,,40.4168,-3.7038,667,
2024-04-23T22:00:00+00:00,18.62,27.91,11.68,42.57,20,40,Madrid,,40.4168,-3.7038,667,
2024-04-23T23:00:00+00:00,19.02,28.24,13.22,48.9,20,40,Madrid,,40.4168,-3.7038,667,
2024-04-24T00:00:00+00:00,23.99,34.76,13.6,53.25,20,40,Madrid,,40.4168,-3.7038,667,
2024-04-24T01:00:00+00:00,28.2,40.38,15.92,65.21,20,40,Madrid,,40.4168,-3.7038,667,
2024-04-24T02:00:00+00:00,21.99,29.74,15.59,59.59,20,40,Madrid,,40.4168,-3.7038,667,
2024-04-24T03:00:00+00:00,20.72,24.77,19.21,61.63,20,40,Madrid,,40.4168,-3.7038,667,
2024-04-24T04:00:00+00:00,21.18,32.49,19.34,65.09,20,40,Madrid,,40.4168,-3.7038,667,
2024-04-24T05:00:00+00:00,20.69,24.63,19.9,60.42,20,40,Madrid,,40.4168,-3.7038,667,
2024-04-24T06:00:00+00:00,25.83,35.0,18.17,65.77,20,40,Madrid,,40.4168,-3.7038,667,
2024-04-24T07:00:00+00:00,23.94,30.36,18.56,57.34,20,40,Madrid,,40.4168,-3.7038,667,
2024-04-24T08:00:00+00:00,22.58,30.68,19.86,57.03,20,40,Madrid,,40.4168,-3.7038,667,
2024-04-24T09:00:00+00:00,28.38,39.78,17.93,65.41,20,40,Madrid,,40.4168,-3.7038,667,
2024-04-24T10:00:00+00:00,22.57,30.91,16.91,60.39,20,40,Madrid,,40.4168,-3.7038,667,
2024-04-24T11:00:00+00:00,28.06,34.56,16.13,61.87,20,40,Madrid,,40.4168,-3.7038,667,
2024-04-24T12:00:00+00:00,26.58,34.35,14.43,62.57,20,40,Madrid,,40.4168,-3.7038,667,
2024-04-24T13:00:00+00:00,21.4,28.98,13.81,57.08,20,40,Madrid,,40.4168,-3.7038,667,
2024-04-24T14:00:00+00:00,19.3,28.58,12.53,52.72,20,40,Madrid,,40.4168,-3.7038,667,
2024-04-24T15:00:00+00:00,23.65,30.97,11.53,45.19,20,40,Madrid,,40.4168,-3.7038,667,
2024-04-24T16:00:00+00:00,27.57,35.11,11.81,52.55,20,40,Madrid,,40.4168,-3.7038,667,
2024-04-24T17:00:00+00:00,21.08,27.42,11.06,42.0,20,40,Madrid,,40.4168,-3.7038,667,
2024-04-24T18:00:00+00:00,26.25,34.06,9.96,40.75,20,40,Madrid,,40.4168,-3.7038,667,
2024-04-24T19:00:00+00:00,19.38,29.71,10.51,42.13,20,40,Madrid,,40.4168,-3.7038,667,
2024-04-24T20:00:00+00:00,21.59,28.23,12.3,52.97,20,40,Madrid,,40.4168,-3.7038,667,
2024-04-24T21:00:00+00:00,22.56,31.66,12.96,45.18,20,40,Madrid,,40.4168,-3.7038,667,
2024-04-24T22:00:00+00:00,25.83,35.32,14.43,45.14,20,40,Madrid,,40.4168,-3.7038,667,
2024-04-24T23:00:00+00:00,21.3,27.04,13.61,56.09,20,40,Madrid,,40.4168,-3.7038,667,
2024-04-25T00:00:00+00:00,24.21,28.76,15.27,51.04,20,40,Madrid,,40.4168,-3.7038,667,
2024-04-25T01:00:00+00:00,21.43,28.82,14.83,55.36,20,40,Madrid,,40.4168,-3.7038,667,
2024-04-25T02:00:00+00:00,21.22,27.48,16.94,62.76,20,40,Madrid,,40.4168,-3.7038,667,
2024-04-25T03:00:00+00:00,18.46,28.08,18.09,54.87,20,40,Madrid,,40.4168,-3.7038,667,
2024-04-25T04:00:00+00:00,21.2,29.74,19.37,56.95,20,40,Madrid,,40.4168,-3.7038,667,
2024-04-25T05:00:00+00:00,25.58,33.95,19.06,64.41,20,40,Madrid,,40.4168,-3.7038,667,
2024-04-25T06:00:00+00:00,22.43,33.65,19.71,61.46,20,40,Madrid,,40.4168,-3.7038,667,
2024-04-25T07:00:00+00:00,23.16,34.47,20.12,66.67,20,40,Madrid,,40.4168,-3.7038,667,
2024-04-25T08:00:00+00:00,22.26,29.09,17.19,63.79,20,40,Madrid,,40.4168,-3.7038,667,
2024-04-25T09:00:00+00:00,20.51,30.56,18.17,55.73,20,40,Madrid,,40.4168,-3.7038,667,
2024-04-25T10:00:00+00:00,24.41,31.7,16.02,64.1,20,40,Madrid,,40.4168,-3.7038,667,
2024-04-25T11:00:00+00:00,22.16,29.91,16.49,56.12,20,40,Madrid,,40.4168,-3.7038,667,
2024-04-25T12:00:00+00:00,27.32,40.56,15.14,62.7,20,40,Madrid,,40.4168,-3.7038,667,
2024-04-25T13:00:00+00:00,20.25,29.96,13.61,58.69,20,40,Madrid,,40.4168,-3.7038,667,
2024-04-25T14:00:00+00:00,20.52,28.74,13.83,55.62,20,40,Madrid,,40.4168,-3.7038,667,
2024-04-25T15:00:00+00:00,22.88,34.65,11.35,43.17,20,40,Madrid,,40.4168,-3.7038,667,
2024-04-25T16:00:00+00:00,22.62,26.65,12.38,46.87,20,40,Madrid,,40.4168,-3.7038,667,
2024-04-25T17:00:00+00:00,22.19,27.19,12.55,42.36,20,40,Madrid,,40.4168,-3.7038,667,
2024-04-25T18:00:00+00:00,21.98,26.78,9.91,39.78,20,40,Madrid,,40.4168,-3.7038,667,
2024-04-25T19:00:00+00:00,20.87,27.61,10.96,39.75,20,40,Madrid,,40.4168,-3.7038,667,
2024-04-25T20:00:00+00:00,26.44,35.38,11.97,44.45,20,40,Madrid,,40.4168,-3.7038,667,
2024-04-25T21:00:00+00:00,21.67,28.39,11.94,41.18,20,40,Madrid,,40.4168,-3.7038,667,
2024-04-25T22:00:00+00:00,19.53,28.7,12.45,55.02,20,40,Madrid,,40.4168,-3.7038,667,
2024-04-25T23:00:00+00:00,23.83,31.25,14.78,56.68,20,40,Madrid,,40.4168,-3.7038,667,
2024-04-26T00:00:00+00:00,20.18,30.49,14.0,59.35,20,40,Madrid,,40.4168,-3.7038,667,
2024-04-26T01:00:00+00:00,20.56,25.51,15.91,50.56,20,40,Madrid,,40.4168,-3.7038,667,
2024-04-26T02:00:00+00:00,26.45,38.62,17.66,54.05,20,40,Madrid,,40.4168,-3.7038,667,
2024-04-26T03:00:00+00:00,21.49,30.94,17.68,61.9,20,40,Madrid,,40.4168,-3.7038,667,
2024-04-26T04:00:00+00:00,24.91,31.18,17.42,67.33,20,40,Madrid,,40.4168,-3.7038,667,
2024-04-26T05:00:00+00:00,22.86,28.71,18.57,69.93,20,40,Madrid,,40.4168,-3.7038,667,
2024-04-26T06:00:00+00:00,26.97,33.54,19.35,63.15,20,40,Madrid,,40.4168,-3.7038,667,
2024-04-26T07:00:00+00:00,26.79,38.56,19.42,61.5,20,40,Madrid,,40.4168,-3.7038,667,
2024-04-26T08:00:00+00:00,28.27,34.73,18.53,69.1,20,40,Madrid,,40.4168,-3.7038,667,
2024-04-26T09:00:00+00:00,23.65,28.09,16.81,64.29,20,40,Madrid,,40.4168,-3.7038,667,
2024-04-26T10:00:00+00:00,26.43,37.56,17.21,52.52,20,40,Madrid,,40.4168,-3.7038,667,
2024-04-26T11:00:00+00:00,27.81,36.93,15.26,62.67,20,40,Madrid,,40.4168,-3.7038,667,
2024-04-26T12:00:00+00:00,23.51,31.16,15.05,53.64,20,40,Madrid,,40.4168,-3.7038,667,
2024-04-26T13:00:00+00:00,24.12,33.63,13.11,51.92,20,40,Madrid,,40.4168,-3.7038,667,
2024-04-26T14:00:00+00:00,20.94,29.47,11.88,42.31,20,40,Madrid,,40.4168,-3.7038,667,
2024-04-26T15:00:00+00:00,25.81,32.61,11.78,47.94,20,40,Madrid,,40.4168,-3.7038,667,
2024-04-26T16:00:00+00:00,22.78,28.08,12.34,39.59,20,40,Madrid,,40.4168,-3.7038,667,
2024-04-26T17:00:00+00:00,18.91,25.64,12.61,44.07,20,40,Madrid,,40.4168,-3.7038,667,
2024-04-26T18:00:00+00:00,20.59,31.33,9.61,50.1,20,40,Madrid,,40.4168,-3.7038,667,
2024-04-26T19:00:00+00:00,19.34,24.25,11.43,53.01,20,40,Madrid,,40.4168,-3.7038,667,
2024-04-26T20:00:00+00:00,21.31,27.87,12.9,52.83,20,40,Madrid,,40.4168,-3.7038,667,
2024-04-26T21:00:00+00:00,22.21,30.77,13.38,44.85,20,40,Madrid,,40.4168,-3.7038,667,
2024-04-26T22:00:00+00:00,25.66,37.61,12.6,57.71,20,40,Madrid,,40.4168,-3.7038,667,
2024-04-26T23:00:00+00:00,22.07,28.08,14.14,47.28,20,40,Madrid,,40.4168,-3.7038,667,
2024-04-27T00:00:00+00:00,22.52,33.8,15.14,62.02,20,40,Madrid,,40.4168,-3.7038,667,
2024-04-27T01:00:00+00:00,24.75,32.1,16.33,59.63,20,40,Madrid,,40.4168,-3.7038,667,
2024-04-27T02:00:00+00:00,25.73,34.44,18.32,58.25,20,40,Madrid,,40.4168,-3.7038,667,
2024-04-27T03:00:00+00:00,22.2,29.68,16.65,55.98,20,40,Madrid,,40.4168,-3.7038,667,
2024-04-27T04:00:00+00:00,22.25,28.5,19.78,66.47,20,40,Madrid,,40.4168,-3.7038,667,
2024-04-27T05:00:00+00:00,25.4,33.18,18.79,66.66,20,40,Madrid,,40.4168,-3.7038,667,
2024-04-27T06:00:00+00:00,25.76,34.29,18.77,68.71,20,40,Madrid,,40.4168,-3.7038,667,
2024-04-27T07:00:00+00:00,25.22,34.36,17.7,72.03,20,40,Madrid,,40.4168,-3.7038,667,
2024-04-27T08:00:00+00:00,21.75,28.91,17.38,66.82,20,40,Madrid,,40.4168,-3.7038,667,
2024-04-27T09:00:00+00:00,26.24,32.7,17.99,65.72,20,40,Madrid,,40.4168,-3.7038,667,
2024-04-27T10:00:00+00:00,23.37,28.03,16.8,63.37,20,40,Madrid,,40.4168,-3.7038,667,
2024-04-27T11:00:00+00:00,27.25,36.88,15.77,63.54,20,40,Madrid,,40.4168,-3.7038,667,
2024-04-27T12:00:00+00:00,23.76,32.51,15.36,56.6,20,40,Madrid,,40.4168,-3.7038,667,
2024-04-27T13:00:00+00:00,26.29,37.06,13.11,48.79,20,40,Madrid,,40.4168,-3.7038,667,
2024-04-27T14:00:00+00:00,21.05,30.7,11.97,53.76,20,40,Madrid,,40.4168,-3.7038,667,
2024-04-27T15:00:00+00:00,20.01,30.04,10.91,45.2,20,40,Madrid,,40.4168,-3.7038,667,
2024-04-27T16:00:00+00:00,22.74,32.64,12.81,40.19,20,40,Madrid,,40.4168,-3.7038,667,
2024-04-27T17:00:00+00:00,20.41,24.24,11.79,47.83,20,40,Madrid,,40.4168,-3.7038,667,
2024-04-27T18:00:00+00:00,23.15,29.54,10.16,46.95,20,40,Madrid,,40.4168,-3.7038,667,
2024-04-27T19:00:00+00:00,22.55,33.05,10.85,46.68,20,40,Madrid,,40.4168,-3.7038,667,
2024-04-27T20:00:00+00:00,20.75,30.54,12.14,49.32,20,40,Madrid,,40.4168,-3.7038,667,
2024-04-27T21:00:00+00:00,24.96,34.53,13.42,49.03,20,40,Madrid,,40.4168,-3.7038,667,
2024-04-27T22:00:00+00:00,21.16,26.87,12.06,50.24,20,40,Madrid,,40.4168,-3.7038,667,
2024-04-27T23:00:00+00:00,21.44,30.34,15.32,55.43,20,40,Madrid,,40.4168,-3.7038,667,
2024-04-28T00:00:00+00:00,25.98,37.68,15.43,52.52,20,40,Madrid,,40.4168,-3.7038,667,
2024-04-28T01:00:00+00:00,27.58,39.94,15.87,63.36,20,40,Madrid,,40.4168,-3.7038,667,
2024-04-28T02:00:00+00:00,22.88,28.46,16.37,65.87,20,40,Madrid,,40.4168,-3.7038,667,
2024-04-28T03:00:00+00:00,21.7,29.97,17.35,62.81,20,40,Madrid,,40.4168,-3.7038,667,
2024-04-28T04:00:00+00:00,19.77,26.44,17.83,62.62,20,40,Madrid,,40.4168,-3.7038,667,
2024-04-28T05:00:00+00:00,22.03,32.35,17.72,59.5,20,40,Madrid,,40.4168,-3.7038,667,
2024-04-28T06:00:00+00:00,24.34,30.77,19.98,57.41,20,40,Madrid,,40.4168,-3.7038,667,
2024-04-28T07:00:00+00:00,23.29,30.36,17.59,66.52,20,40,Madrid,,40.4168,-3.7038,667,
2024-04-28T08:00:00+00:00,26.04,37.33,17.38,66.6,20,40,Madrid,,40.4168,-3.7038,667,
2024-04-28T09:00:00+00:00,28.85,37.27,17.13,69.92,20,40,Madrid,,40.4168,-3.7038,667,
2024-04-28T10:00:00+00:00,24.65,35.3,18.28,60.81,20,40,Madrid,,40.4168,-3.7038,667,
2024-04-28T11:00:00+00:00,18.56,23.49,15.82,53.62,20,40,Madrid,,40.4168,-3.7038,667,
2024-04-28T12:00:00+00:00,20.06,27.01,16.24,55.95,20,40,Madrid,,40.4168,-3.7038,667,
2024-04-28T13:00:00+00:00,24.19,34.88,13.82,51.02,20,40,Madrid,,40.4168,-3.7038,667,
2024-04-28T14:00:00+00:00,20.67,26.54,13.66,55.23,20,40,Madrid,,40.4168,-3.7038,667,
2024-04-28T15:00:00+00:00,19.59,30.3,10.84,43.77,20,40,Madrid,,40.4168,-3.7038,667,
2024-04-28T16:00:00+00:00,24.41,32.94,11.6,50.21,20,40,Madrid,,40.4168,-3.7038,667,
2024-04-28T17:00:00+00:00,21.89,27.55,11.85,44.62,20,40,Madrid,,40.4168,-3.7038,667,
2024-04-28T18:00:00+00:00,25.77,34.19,11.77,39.37,20,40,Madrid,,40.4168,-3.7038,667,
2024-04-28T19:00:00+00:00,23.65,33.28,9.96,37.58,20,40,Madrid,,40.4168,-3.7038,667,
2024-04-28T20:00:00+00:00,25.71,33.65,11.4,43.57,20,40,Madrid,,40.4168,-3.7038,667,
2024-04-28T21:00:00+00:00,23.89,35.52,12.57,55.55,20,40,Madrid,,40.4168,-3.7038,667,
2024-04-28T22:00:00+00:00,21.45,30.25,13.2,47.98,20,40,Madrid,,40.4168,-3.7038,667,
2024-04-28T23:00:00+00:00,26.98,39.79,13.29,51.14,20,40,Madrid,,40.4168,-3.7038,667,
2024-04-29T00:00:00+00:00,23.35,30.77,15.63,48.33,20,40,Madrid,,40.4168,-3.7038,667,
2024-04-29T01:00:00+00:00,19.84,28.38,16.11,58.1,20,40,Madrid,,40.4168,-3.7038,667,
2024-04-29T02:00:00+00:00,24.35,29.16,15.56,67.62,20,40,Madrid,,40.4168,-3.7038,667,
2024-04-29T03:00:00+00:00,20.43,27.84,18.16,67.23,20,40,Madrid,,40.4168,-3.7038,667,
2024-04-29T04:00:00+00:00,25.75,32.32,18.27,58.98,20,40,Madrid,,40.4168,-3.7038,667,
2024-04-29T05:00:00+00:00,19.81,25.41,19.46,57.97,20,40,Madrid,,40.4168,-3.7038,667,
2024-04-29T06:00:00+00:00,19.18,28.19,17.85,57.06,20,40,Madrid,,40.4168,-3.7038,667,
2024-04-29T07:00:00+00:00,25.68,37.16,19.88,61.54,20,40,Madrid,,40.4168,-3.7038,667,
2024-04-29T08:00:00+00:00,25.98,37.22,19.11,58.42,20,40,Madrid,,40.4168,-3.7038,667,
2024-04-29T09:00:00+00:00,21.52,27.41,19.26,58.38,20,40,Madrid,,40.4168,-3.7038,667,
2024-04-29T10:00:00+00:00,24.02,35.2,16.68,65.33,20,40,Madrid,,40.4168,-3.7038,667,
2024-04-29T11:00:00+00:00,23.12,29.52,16.75,58.16,20,40,Madrid,,40.4168,-3.7038,667,
2024-04-29T12:00:00+00:00,18.77,23.88,14.26,51.28,20,40,Madrid,,40.4168,-3.7038,667,
2024-04-29T13:00:00+00:00,26.84,33.73,15.02,51.42,20,40,Madrid,,40.4168,-3.7038,667,
2024-04-29T14:00:00+00:00,23.17,29.54,11.93,43.15,20,40,Madrid,,40.4168,-3.7038,667,
2024-04-29T15:00:00+00:00,23.71,35.25,11.49,41.82,20,40,Madrid,,40.4168,-3.7038,667,
2024-04-29T16:00:00+00:00,18.81,29.19,10.54,46.59,20,40,Madrid,,40.4168,-3.7038,667,
2024-04-29T17:00:00+00:00,22.18,27.85,12.53,53.26,20,40,Madrid,,40.4168,-3.7038,667,
2024-04-29T18:00:00+00:00,21.79,28.41,12.09,45.9,20,40,Madrid,,40.4168,-3.7038,667,
2024-04-29T19:00:00+00:00,25.04,30.31,10.17,47.43,20,40,Madrid,,40.4168,-3.7038,667,
2024-04-29T20:00:00+00:00,26.93,35.76,11.16,45.69,20,40,Madrid,,40.4168,-3.7038,667,
2024-04-29T21:00:00+00:00,20.13,28.65,13.32,45.16,20,40,Madrid,,40.4168,-3.7038,667,
2024-04-29T22:00:00+00:00,27.8,37.93,13.17,54.7,20,40,Madrid,,40.4168,-3.7038,667,
2024-04-29T23:00:00+00:00,21.55,31.39,13.6,55.43,20,40,Madrid,,40.4168,-3.7038,667,
2024-04-30T00:00:00+00:00,20.38,28.85,13.65,59.0,20,40,Madrid,,40.4168,-3.7038,667,
2024-04-30T01:00:00+00:00,21.72,29.79,15.11,63.38,20,40,Madrid,,40.4168,-3.7038,667,
2024-04-30T02:00:00+00:00,24.12,28.79,16.7,65.65,20,40,Madrid,,40.4168,-3.7038,667,
2024-04-30T03:00:00+00:00,26.57,38.59,17.57,55.59,20,40,Madrid,,40.4168,-3.7038,667,
2024-04-30T04:00:00+00:00,25.61,34.42,18.95,57.95,20,40,Madrid,,40.4168,-3.7038,667,
2024-04-30T05:00:00+00:00,19.12,21.89,18.99,61.79,20,40,Madrid,,40.4168,-3.7038,667,
2024-04-30T06:00:00+00:00,23.62,28.29,18.9,72.98,20,40,Madrid,,40.4168,-3.7038,667,
2024-04-30T07:00:00+00:00,21.82,31.55,20.21,71.14,20,40,Madrid,,40.4168,-3.7038,667,
2024-04-30T08:00:00+00:00,23.47,31.39,19.69,63.66,20,40,Madrid,,40.4168,-3.7038,667,
2024-04-30T09:00:00+00:00,21.82,28.43,18.46,66.23,20,40,Madrid,,40.4168,-3.7038,667,
2024-04-30T10:00:00+00:00,24.14,35.66,18.11,55.12,20,40,Madrid,,40.4168,-3.7038,667,
2024-04-30T11:00:00+00:00,23.99,31.96,16.24,53.13,20,40,Madrid,,40.4168,-3.7038,667,
2024-04-30T12:00:00+00:00,23.07,32.32,13.83,57.66,20,40,Madrid,,40.4168,-3.7038,667,
2024-04-30T13:00:00+00:00,19.83,29.02,14.52,57.54,20,40,Madrid,,40.4168,-3.7038,667,
2024-04-30T14:00:00+00:00,24.5,32.45,13.12,57.18,20,40,Madrid,,40.4168,-3.7038,667,
2024-04-30T15:00:00+00:00,24.85,33.43,11.95,41.72,20,40,Madrid,,40.4168,-3.7038,667,
2024-04-30T16:00:00+00:00,24.68,31.59,12.13,51.65,20,40,Madrid,,40.4168,-3.7038,667,
2024-04-30T17:00:00+00:00,22.23,27.08,11.74,39.5,20,40,Madrid,,40.4168,-3.7038,667,
2024-04-30T18:00:00+00:00,26.53,37.19,12.43,48.13,20,40,Madrid,,40.4168,-3.7038,667,
2024-04-30T19:00:00+00:00,25.13,37.65,10.73,44.01,20,40,Madrid,,40.4168,-3.7038,667,
2024-04-30T20:00:00+00:00,23.53,27.86,13.02,41.78,20,40,Madrid,,40.4168,-3.7038,667,
2024-04-30T21:00:00+00:00,20.98,27.41,13.41,40.93,20,40,Madrid,,40.4168,-3.7038,667,
2024-04-30T22:00:00+00:00,23.57,35.22,11.88,55.88,20,40,Madrid,,40.4168,-3.7038,667,
2024-04-30T23:00:00+00:00,21.42,31.92,12.65,47.23,20,40,Madrid,,40.4168,-3.7038,667,
2024-05-01T00:00:00+00:00,21.66,28.79,19.62,58.44,20,40,Madrid,,40.4168,-3.7038,667,
2024-05-01T01:00:00+00:00,19.42,30.06,20.58,59.11,20,40,Madrid,,40.4168,-3.7038,667,
2024-05-01T02:00:00+00:00,22.46,33.35,21.34,59.12,20,40,Madrid,,40.4168,-3.7038,667,
2024-05-01T03:00:00+00:00,23.49,31.93,23.15,61.04,20,40,Madrid,,40.4168,-3.7038,667,
2024-05-01T04:00:00+00:00,25.62,34.51,22.32,66.0,20,40,Madrid,,40.4168,-3.7038,667,
2024-05-01T05:00:00+00:00,27.98,41.76,24.12,71.73,20,40,Madrid,,40.4168,-3.7038,667,
2024-05-01T06:00:00+00:00,21.81,30.05,23.18,64.45,20,40,Madrid,,40.4168,-3.7038,667,
2024-05-01T07:00:00+00:00,23.23,33.84,24.32,57.68,20,40,Madrid,,40.4168,-3.7038,667,
2024-05-01T08:00:00+00:00,20.69,26.28,24.65,60.65,20,40,Madrid,,40.4168,-3.7038,667,
2024-05-01T09:00:00+00:00,23.07,34.88,21.82,67.0,20,40,Madrid,,40.4168,-3.7038,667,
2024-05-01T10:00:00+00:00,19.46,26.83,21.87,67.26,20,40,Madrid,,40.4168,-3.7038,667,
2024-05-01T11:00:00+00:00,23.82,30.58,21.53,61.59,20,40,Madrid,,40.4168,-3.7038,667,
2024-05-01T12:00:00+00:00,25.59,32.7,19.23,57.19,20,40,Madrid,,40.4168,-3.7038,667,
2024-05-01T13:00:00+00:00,24.85,36.97,20.34,48.62,20,40,Madrid,,40.4168,-3.7038,667,
2024-05-01T14:00:00+00:00,17.31,25.45,18.27,42.73,20,40,Madrid,,40.4168,-3.7038,667,
2024-05-01T15:00:00+00:00,20.25,26.59,18.61,47.8,20,40,Madrid,,40.4168,-3.7038,667,
2024-05-01T16:00:00+00:00,20.63,24.33,17.04,47.55,20,40,Madrid,,40.4168,-3.7038,667,
2024-05-01T17:00:00+00:00,17.08,25.87,15.54,37.42,20,40,Madrid,,40.4168,-3.7038,667,
2024-05-01T18:00:00+00:00,18.17,23.27,14.59,48.78,20,40,Madrid,,40.4168,-3.7038,667,
2024-05-01T19:00:00+00:00,22.62,31.24,14.74,44.85,20,40,Madrid,,40.4168,-3.7038,667,
2024-05-01T20:00:00+00:00,25.83,35.36,17.19,48.0,20,40,Madrid,,40.4168,-3.7038,667,
2024-05-01T21:00:00+00:00,23.25,28.89,17.61,44.13,20,40,Madrid,,40.4168,-3.7038,667,
2024-05-01T22:00:00+00:00,21.9,31.68,17.84,53.19,20,40,Madrid,,40.4168,-3.7038,667,
2024-05-01T23:00:00+00:00,24.28,35.64,19.09,55.42,20,40,Madrid,,40.4168,-3.7038,667,
2024-05-02T00:00:00+00:00,25.73,35.97,18.59,56.28,20,40,Madrid,,40.4168,-3.7038,667,
2024-05-02T01:00:00+00:00,25.1,33.2,20.32,62.68,20,40,Madrid,,40.4168,-3.7038,667,
2024-05-02T02:00:00+00:00,22.35,29.13,20.54,54.28,20,40,Madrid,,40.4168,-3.7038,667,
2024-05-02T03:00:00+00:00,19.74,25.13,21.42,69.55,20,40,Madrid,,40.4168,-3.7038,667,
2024-05-02T04:00:00+00:00,23.66,31.6,22.53,63.26,20,40,Madrid,,40.4168,-3.7038,667,
2024-05-02T05:00:00+00:00,25.69,33.68,23.86,72.19,20,40,Madrid,,40.4168,-3.7038,667,
2024-05-02T06:00:00+00:00,24.2,34.84,24.58,68.4,20,40,Madrid,,40.4168,-3.7038,667,
2024-05-02T07:00:00+00:00,19.89,27.54,23.67,72.51,20,40,Madrid,,40.4168,-3.7038,667,
2024-05-02T08:00:00+00:00,25.46,38.04,24.18,67.88,20,40,Madrid,,40.4168,-3.7038,667,
2024-05-02T09:00:00+00:00,20.65,30.85,24.28,54.97,20,40,Madrid,,40.4168,-3.7038,667,
2024-05-02T10:00:00+00:00,22.06,30.42,22.93,61.01,20,40,Madrid,,40.4168,-3.7038,667,
2024-05-02T11:00:00+00:00,23.31,34.71,22.25,63.36,20,40,Madrid,,40.4168,-3.7038,667,
2024-05-02T12:00:00+00:00,26.43,33.44,20.76,54.75,20,40,Madrid,,40.4168,-3.7038,667,
2024-05-02T13:00:00+00:00,18.83,26.97,19.33,48.73,20,40,Madrid,,40.4168,-3.7038,667,
2024-05-02T14:00:00+00:00,20.3,28.01,16.52,50.37,20,40,Madrid,,40.4168,-3.7038,667,
2024-05-02T15:00:00+00:00,19.83,27.22,16.8,41.21,20,40,Madrid,,40.4168,-3.7038,667,
2024-05-02T16:00:00+00:00,26.11,37.08,15.95,52.28,20,40,Madrid,,40.4168,-3.7038,667,
2024-05-02T17:00:00+00:00,26.23,36.57,16.58,53.0,20,40,Madrid,,40.4168,-3.7038,667,
2024-05-02T18:00:00+00:00,26.71,33.58,15.53,52.07,20,40,Madrid,,40.4168,-3.7038,667,
2024-05-02T19:00:00+00:00,24.12,30.51,17.62,48.13,20,40,Madrid,,40.4168,-3.7038,667,
2024-05-02T20:00:00+00:00,25.09,31.76,15.39,40.07,20,40,Madrid,,40.4168,-3.7038,667,
2024-05-02T21:00:00+00:00,17.34,26.92,18.39,40.89,20,40,Madrid,,40.4168,-3.7038,667,
2024-05-02T22:00:00+00:00,21.67,32.46,17.5,48.78,20,40,Madrid,,40.4168,-3.7038,667,
2024-05-02T23:00:00+00:00,25.54,30.54,18.68,56.16,20,40,Madrid,,40.4168,-3.7038,667,
2024-05-03T00:00:00+00:00,22.46,29.74,19.92,55.83,20,40,Madrid,,40.4168,-3.7038,667,
2024-05-03T01:00:00+00:00,24.98,32.25,20.63,49.99,20,40,Madrid,,40.4168,-3.7038,667,
2024-05-03T02:00:00+00:00,21.87,32.37,21.43,54.8,20,40,Madrid,,40.4168,-3.7038,667,
2024-05-03T03:00:00+00:00,23.03,30.66,23.8,66.13,20,40,Madrid,,40.4168,-3.7038,667,
2024-05-03T04:00:00+00:00,23.08,33.0,22.59,56.5,20,40,Madrid,,40.4168,-3.7038,667,
2024-05-03T05:00:00+00:00,25.32,37.71,23.5,64.09,20,40,Madrid,,40.4168,-3.7038,667,
2024-05-03T06:00:00+00:00,21.53,27.32,23.24,63.74,20,40,Madrid,,40.4168,-3.7038,667,
2024-05-03T07:00:00+00:00,27.04,36.45,23.58,69.37,20,40,Madrid,,40.4168,-3.7038,667,
2024-05-03T08:00:00+00:00,27.24,35.29,24.52,67.9,20,40,Madrid,,40.4168,-3.7038,667,
2024-05-03T09:00:00+00:00,21.95,32.55,23.3,57.68,20,40,Madrid,,40.4168,-3.7038,667,
2024-05-03T10:00:00+00:00,20.06,24.0,22.85,60.67,20,40,Madrid,,40.4168,-3.7038,667,
2024-05-03T11:00:00+00:00,21.96,28.26,19.94,61.92,20,40,Madrid,,40.4168,-3.7038,667,
2024-05-03T12:00:00+00:00,18.63,27.85,19.38,53.89,20,40,Madrid,,40.4168,-3.7038,667,
2024-05-03T13:00:00+00:00,24.24,34.36,18.58,47.28,20,40,Madrid,,40.4168,-3.7038,667,
2024-05-03T14:00:00+00:00,24.22,28.91,18.96,54.83,20,40,Madrid,,40.4168,-3.7038,667,
2024-05-03T15:00:00+00:00,18.81,26.38,17.98,44.6,20,40,Madrid,,40.4168,-3.7038,667,
2024-05-03T16:00:00+00:00,25.77,37.11,16.19,53.82,20,40,Madrid,,40.4168,-3.7038,667,
2024-05-03T17:00:00+00:00,20.06,27.11,14.98,48.82,20,40,Madrid,,40.4168,-3.7038,667,
2024-05-03T18:00:00+00:00,20.97,27.89,16.27,47.37,20,40,Madrid,,40.4168,-3.7038,667,
2024-05-03T19:00:00+00:00,22.13,30.83,15.87,46.62,20,40,Madrid,,40.4168,-3.7038,667,
2024-05-03T20:00:00+00:00,21.6,31.65,15.1,51.88,20,40,Madrid,,40.4168,-3.7038,667,
2024-05-03T21:00:00+00:00,22.01,32.8,15.88,48.99,20,40,Madrid,,40.4168,-3.7038,667,
2024-05-03T22:00:00+00:00,25.22,36.58,17.99,46.11,20,40,Madrid,,40.4168,-3.7038,667,
2024-05-03T23:00:00+00:00,25.64,31.3,17.72,52.77,20,40,Madrid,,40.4168,-3.7038,667,
2024-05-04T00:00:00+00:00,18.54,22.5,19.32,55.72,20,40,Madrid,,40.4168,-3.7038,667,
2024-05-04T01:00:00+00:00,17.89,24.94,20.99,54.78,20,40,Madrid,,40.4168,-3.7038,667,
2024-05-04T02:00:00+00:00,23.37,34.99,22.19,53.91,20,40,Madrid,,40.4168,-3.7038,667,
2024-05-04T03:00:00+00:00,21.21,26.2,23.22,58.37,20,40,Madrid,,40.4168,-3.7038,667,
2024-05-04T04:00:00+00:00,26.61,36.66,22.93,69.7,20,40,Madrid,,40.4168,-3.7038,667,
2024-05-04T05:00:00+00:00,23.32,30.11,23.92,71.71,20,40,Madrid,,40.4168,-3.7038,667,
2024-05-04T06:00:00+00:00,25.37,31.42,24.41,60.72,20,40,Madrid,,40.4168,-3.7038,667,
2024-05-04T07:00:00+00:00,25.5,38.36,22.69,64.7,20,40,Madrid,,40.4168,-3.7038,667,
2024-05-04T08:00:00+00:00,24.07,30.94,23.02,71.01,20,40,Madrid,,40.4168,-3.7038,667,
2024-05-04T09:00:00+00:00,22.31,28.71,24.1,65.5,20,40,Madrid,,40.4168,-3.7038,667,
2024-05-04T10:00:00+00:00,20.34,29.4,21.27,64.91,20,40,Madrid,,40.4168,-3.7038,667,
2024-05-04T11:00:00+00:00,22.63,27.91,19.66,56.98,20,40,Madrid,,40.4168,-3.7038,667,
2024-05-04T12:00:00+00:00,19.14,23.27,19.0,55.09,20,40,Madrid,,40.4168,-3.7038,667,
2024-05-04T13:00:00+00:00,18.93,26.86,18.2,57.61,20,40,Madrid,,40.4168,-3.7038,667,
2024-05-04T14:00:00+00:00,23.71,28.12,18.96,44.03,20,40,Madrid,,40.4168,-3.7038,667,
2024-05-04T15:00:00+00:00,19.32,29.78,17.89,46.86,20,40,Madrid,,40.4168,-3.7038,667,
2024-05-04T16:00:00+00:00,25.68,32.28,17.95,53.53,20,40,Madrid,,40.4168,-3.7038,667,
2024-05-04T17:00:00+00:00,19.11,23.69,15.76,41.33,20,40,Madrid,,40.4168,-3.7038,667,
2024-05-04T18:00:00+00:00,22.58,26.85,16.36,40.5,20,40,Madrid,,40.4168,-3.7038,667,
2024-05-04T19:00:00+00:00,21.64,29.38,17.48,50.61,20,40,Madrid,,40.4168,-3.7038,667,
2024-05-04T20:00:00+00:00,25.14,34.26,15.08,42.03,20,40,Madrid,,40.4168,-3.7038,667,
2024-05-04T21:00:00+00:00,19.56,28.98,17.07,50.43,20,40,Madrid,,40.4168,-3.7038,667,
2024-05-04T22:00:00+00:00,23.69,28.31,16.54,47.2,20,40,Madrid,,40.4168,-3.7038,667,
2024-05-04T23:00:00+00:00,25.51,33.72,18.34,52.42,20,40,Madrid,,40.4168,-3.7038,667,
2024-05-05T00:00:00+00:00,22.51,27.11,20.79,51.75,20,40,Madrid,,40.4168,-3.7038,667,
2024-05-05T01:00:00+00:00,26.6,36.65,20.16,58.73,20,40,Madrid,,40.4168,-3.7038,667,
2024-05-05T02:00:00+00:00,21.05,25.72,21.44,59.33,20,40,Madrid,,40.4168,-3.7038,667,
2024-05-05T03:00:00+00:00,21.64,25.28,24.08,63.0,20,40,Madrid,,40.4168,-3.7038,667,
2024-05-05T04:00:00+00:00,22.84,32.25,23.25,64.26,20,40,Madrid,,40.4168,-3.7038,667,
2024-05-05T05:00:00+00:00,19.17,24.46,23.7,61.99,20,40,Madrid,,40.4168,-3.7038,667,
2024-05-05T06:00:00+00:00,25.57,34.3,24.83,62.68,20,40,Madrid,,40.4168,-3.7038,667,
2024-05-05T07:00:00+00:00,22.08,29.51,23.48,60.27,20,40,Madrid,,40.4168,-3.7038,667,
2024-05-05T08:00:00+00:00,23.21,29.88,24.39,58.89,20,40,Madrid,,40.4168,-3.7038,667,
2024-05-05T09:00:00+00:00,24.19,31.98,21.37,65.43,20,40,Madrid,,40.4168,-3.7038,667,
2024-05-05T10:00:00+00:00,25.53,32.17,21.81,65.06,20,40,Madrid,,40.4168,-3.7038,667,
2024-05-05T11:00:00+00:00,25.03,32.06,19.55,55.73,20,40,Madrid,,40.4168,-3.7038,667,
2024-05-05T12:00:00+00:00,20.29,27.91,19.6,49.8,20,40,Madrid,,40.4168,-3.7038,667,
2024-05-05T13:00:00+00:00,23.49,32.8,19.42,45.37,20,40,Madrid,,40.4168,-3.7038,667,
2024-05-05T14:00:00+00:00,24.85,31.84,18.47,49.09,20,40,Madrid,,40.4168,-3.7038,667,
2024-05-05T15:00:00+00:00,25.35,35.37,17.44,54.67,20,40,Madrid,,40.4168,-3.7038,667,
2024-05-05T16:00:00+00:00,24.44,36.13,17.65,53.17,20,40,Madrid,,40.4168,-3.7038,667,
2024-05-05T17:00:00+00:00,18.67,25.22,17.17,50.83,20,40,Madrid,,40.4168,-3.7038,667,
2024-05-05T18:00:00+00:00,23.05,31.17,15.74,38.06,20,40,Madrid,,40.4168,-3.7038,667,
2024-05-05T19:00:00+00:00,16.48,24.66,17.22,38.31,20,40,Madrid,,40.4168,-3.7038,667,
2024-05-05T20:00:00+00:00,21.66,26.38,17.08,50.65,20,40,Madrid,,40.4168,-3.7038,667,
2024-05-05T21:00:00+00:00,20.2,26.25,17.87,47.73,20,40,Madrid,,40.4168,-3.7038,667,
2024-05-05T22:00:00+00:00,19.54,28.22,18.48,52.15,20,40,Madrid,,40.4168,-3.7038,667,
2024-05-05T23:00:00+00:00,22.54,32.86,19.75,57.42,20,40,Madrid,,40.4168,-3.7038,667,
2024-05-06T00:00:00+00:00,21.65,27.91,21.13,47.74,20,40,Madrid,,40.4168,-3.7038,667,
2024-05-06T01:00:00+00:00,24.07,34.77,22.1,61.35,20,40,Madrid,,40.4168,-3.7038,667,
2024-05-06T02:00:00+00:00,23.5,29.24,22.46,63.19,20,40,Madrid,,40.4168,-3.7038,667,
2024-05-06T03:00:00+00:00,19.37,26.17,22.9,58.27,20,40,Madrid,,40.4168,-3.7038,667,
2024-05-06T04:00:00+00:00,26.64,34.37,23.96,64.78,20,40,Madrid,,40.4168,-3.7038,667,
2024-05-06T05:00:00+00:00,26.38,38.08,24.08,64.62,20,40,Madrid,,40.4168,-3.7038,667,
2024-05-06T06:00:00+00:00,27.28,38.66,25.36,65.78,20,40,Madrid,,40.4168,-3.7038,667,
2024-05-06T07:00:00+00:00,21.76,33.02,25.19,61.14,20,40,Madrid,,40.4168,-3.7038,667,
2024-05-06T08:00:00+00:00,24.92,35.87,23.04,63.67,20,40,Madrid,,40.4168,-3.7038,667,
2024-05-06T09:00:00+00:00,26.17,38.2,22.68,59.52,20,40,Madrid,,40.4168,-3.7038,667,
2024-05-06T10:00:00+00:00,20.82,27.67,23.09,59.26,20,40,Madrid,,40.4168,-3.7038,667,
2024-05-06T11:00:00+00:00,21.34,26.9,20.17,54.81,20,40,Madrid,,40.4168,-3.7038,667,
2024-05-06T12:00:00+00:00,19.82,26.28,20.53,57.39,20,40,Madrid,,40.4168,-3.7038,667,
2024-05-06T13:00:00+00:00,24.82,29.67,19.35,58.36,20,40,Madrid,,40.4168,-3.7038,667,
2024-05-06T14:00:00+00:00,25.84,31.78,16.61,46.38,20,40,Madrid,,40.4168,-3.7038,667,
2024-05-06T15:00:00+00:00,19.11,27.33,18.34,47.97,20,40,Madrid,,40.4168,-3.7038,667,
2024-05-06T16:00:00+00:00,16.94,22.13,17.35,39.86,20,40,Madrid,,40.4168,-3.7038,667,
2024-05-06T17:00:00+00:00,21.98,30.08,17.62,49.99,20,40,Madrid,,40.4168,-3.7038,667,
2024-05-06T18:00:00+00:00,20.03,28.52,16.75,38.86,20,40,Madrid,,40.4168,-3.7038,667,
2024-05-06T19:00:00+00:00,21.27,30.3,17.0,39.61,20,40,Madrid,,40.4168,-3.7038,667,
2024-05-06T20:00:00+00:00,25.63,33.33,17.47,51.61,20,40,Madrid,,40.4168,-3.7038,667,
2024-05-06T21:00:00+00:00,21.5,25.54,16.37,49.35,20,40,Madrid,,40.4168,-3.7038,667,
2024-05-06T22:00:00+00:00,19.04,24.3,17.25,56.0,20,40,Madrid,,40.4168,-3.7038,667,
2024-05-06T23:00:00+00:00,18.58,22.92,19.95,48.93,20,40,Madrid,,40.4168,-3.7038,667,
2024-05-07T00:00:00+00:00,19.74,28.51,19.47,54.38,20,40,Madrid,,40.4168,-3.7038,667,
2024-05-07T01:00:00+00:00,25.69,35.09,21.68,63.01,20,40,Madrid,,40.4168,-3.7038,667,
2024-05-07T02:00:00+00:00,23.29,31.55,21.68,56.03,20,40,Madrid,,40.4168,-3.7038,667,
2024-05-07T03:00:00+00:00,27.75,39.33,23.71,69.63,20,40,Madrid,,40.4168,-3.7038,667,
2024-05-07T04:00:00+00:00,18.61,26.95,24.62,58.73,20,40,Madrid,,40.4168,-3.7038,667,
2024-05-07T05:00:00+00:00,25.36,32.26,23.9,68.38,20,40,Madrid,,40.4168,-3.7038,667,
2024-05-07T06:00:00+00:00,19.61,29.64,22.9,59.16,20,40,Madrid,,40.4168,-3.7038,667,
2024-05-07T07:00:00+00:00,21.75,28.75,23.36,56.72,20,40,Madrid,,40.4168,-3.7038,667,
2024-05-07T08:00:00+00:00,18.99,28.72,23.7,56.0,20,40,Madrid,,40.4168,-3.7038,667,
2024-05-07T09:00:00+00:00,26.96,38.62,21.66,69.53,20,40,Madrid,,40.4168,-3.7038,667,
2024-05-07T10:00:00+00:00,26.05,32.68,20.91,58.48,20,40,Madrid,,40.4168,-3.7038,667,
2024-05-07T11:00:00+00:00,21.78,26.55,20.82,62.95,20,40,Madrid,,40.4168,-3.7038,667,
2024-05-07T12:00:00+00:00,21.47,31.92,21.1,57.45,20,40,Madrid,,40.4168,-3.7038,667,
2024-05-07T13:00:00+00:00,19.83,23.56,19.08,46.84,20,40,Madrid,,40.4168,-3.7038,667,
2024-05-07T14:00:00+00:00,23.71,35.23,17.47,56.25,20,40,Madrid,,40.4168,-3.7038,667,
2024-05-07T15:00:00+00:00,20.5,27.61,16.29,49.09,20,40,Madrid,,40.4168,-3.7038,667,
2024-05-07T16:00:00+00:00,23.13,34.09,15.29,39.99,20,40,Madrid,,40.4168,-3.7038,667,
2024-05-07T17:00:00+00:00,22.82,26.99,15.45,47.52,20,40,Madrid,,40.4168,-3.7038,667,
2024-05-07T18:00:00+00:00,18.0,24.74,15.2,41.57,20,40,Madrid,,40.4168,-3.7038,667,
2024-05-07T19:00:00+00:00,21.71,31.1,16.25,38.95,20,40,Madrid,,40.4168,-3.7038,667,
2024-05-07T20:00:00+00:00,24.38,36.7,16.02,54.28,20,40,Madrid,,40.4168,-3.7038,667,
2024-05-07T21:00:00+00:00,23.31,29.43,17.75,40.34,20,40,Madrid,,40.4168,-3.7038,667,
2024-05-07T22:00:00+00:00,17.13,23.55,18.81,44.31,20,40,Madrid,,40.4168,-3.7038,667,
2024-05-07T23:00:00+00:00,26.27,35.51,20.11,56.6,20,40,Madrid,,40.4168,-3.7038,667,
2024-05-08T00:00:00+00:00,23.13,31.29,19.91,62.46,20,40,Madrid,,40.4168,-3.7038,667,
2024-05-08T01:00:00+00:00,19.83,29.07,20.18,55.31,20,40,Madrid,,40.4168,-3.7038,667,
2024-05-08T02:00:00+00:00,20.74,28.67,20.87,57.41,20,40,Madrid,,40.4168,-3.7038,667,
2024-05-08T03:00:00+00:00,27.0,39.72,23.7,64.09,20,40,Madrid,,40.4168,-3.7038,667,
2024-05-08T04:00:00+00:00,23.61,28.76,23.04,66.29,20,40,Madrid,,40.4168,-3.7038,667,
2024-05-08T05:00:00+00:00,18.39,23.99,24.09,61.36,20,40,Madrid,,40.4168,-3.7038,667,
2024-05-08T06:00:00+00:00,23.79,29.07,23.93,65.41,20,40,Madrid,,40.4168,-3.7038,667,
2024-05-08T07:00:00+00:00,19.23,22.3,24.52,57.32,20,40,Madrid,,40.4168,-3.7038,667,
2024-05-08T08:00:00+00:00,24.22,31.53,22.04,62.02,20,40,Madrid,,40.4168,-3.7038,667,
2024-05-08T09:00:00+00:00,23.97,34.24,23.84,54.73,20,40,Madrid,,40.4168,-3.7038,667,
2024-05-08T10:00:00+00:00,20.97,26.24,22.39,62.39,20,40,Madrid,,40.4168,-3.7038,667,
2024-05-08T11:00:00+00:00,20.87,25.74,20.96,64.58,20,40,Madrid,,40.4168,-3.7038,667,
2024-05-08T12:00:00+00:00,18.4,26.17,21.24,51.77,20,40,Madrid,,40.4168,-3.7038,667,
2024-05-08T13:00:00+00:00,19.36,26.49,19.46,58.47,20,40,Madrid,,40.4168,-3.7038,667,
2024-05-08T14:00:00+00:00,26.99,34.6,19.23,56.47,20,40,Madrid,,40.4168,-3.7038,667,
2024-05-08T15:00:00+00:00,24.04,35.08,18.33,46.88,20,40,Madrid,,40.4168,-3.7038,667,
2024-05-08T16:00:00+00:00,22.62,31.2,15.64,50.36,20,40,Madrid,,40.4168,-3.7038,667,
2024-05-08T17:00:00+00:00,20.16,29.11,17.42,44.56,20,40,Madrid,,40.4168,-3.7038,667,
2024-05-08T18:00:00+00:00,22.16,33.39,14.62,41.17,20,40,Madrid,,40.4168,-3.7038,667,
2024-05-08T19:00:00+00:00,21.75,33.32,16.23,51.63,20,40,Madrid,,40.4168,-3.7038,667,
2024-05-08T20:00:00+00:00,20.79,24.92,17.14,53.26,20,40,Madrid,,40.4168,-3.7038,667,
2024-05-08T21:00:00+00:00,24.72,32.93,16.95,41.24,20,40,Madrid,,40.4168,-3.7038,667,
2024-05-08T22:00:00+00:00,18.73,24.26,19.26,53.12,20,40,Madrid,,40.4168,-3.7038,667,
2024-05-08T23:00:00+00:00,22.48,30.68,17.64,54.12,20,40,Madrid,,40.4168,-3.7038,667,
2024-05-09T00:00:00+00:00,24.88,34.72,20.21,49.12,20,40,Madrid,,40.4168,-3.7038,667,
2024-05-09T01:00:00+00:00,27.44,35.59,20.94,60.76,20,40,Madrid,,40.4168,-3.7038,667,
2024-05-09T02:00:00+00:00,26.4,34.86,21.2,58.6,20,40,Madrid,,40.4168,-3.7038,667,
2024-05-09T03:00:00+00:00,20.85,31.61,24.01,64.25,20,40,Madrid,,40.4168,-3.7038,667,
2024-05-09T04:00:00+00:00,23.43,32.8,22.18,63.73,20,40,Madrid,,40.4168,-3.7038,667,
2024-05-09T05:00:00+00:00,22.03,32.86,23.45,60.57,20,40,Madrid,,40.4168,-3.7038,667,
2024-05-09T06:00:00+00:00,23.32,33.91,24.67,69.73,20,40,Madrid,,40.4168,-3.7038,667,
2024-05-09T07:00:00+00:00,26.46,39.51,23.9,59.04,20,40,Madrid,,40.4168,-3.7038,667,
2024-05-09T08:00:00+00:00,24.21,31.07,23.28,62.16,20,40,Madrid,,40.4168,-3.7038,667,
2024-05-09T09:00:00+00:00,19.7,30.24,24.32,65.8,20,40,Madrid,,40.4168,-3.7038,667,
2024-05-09T10:00:00+00:00,22.38,29.26,21.67,58.9,20,40,Madrid,,40.4168,-3.7038,667,
2024-05-09T11:00:00+00:00,23.83,34.29,21.19,56.11,20,40,Madrid,,40.4168,-3.7038,667,
2024-05-09T12:00:00+00:00,25.33,37.4,21.05,53.48,20,40,Madrid,,40.4168,-3.7038,667,
2024-05-09T13:00:00+00:00,21.1,30.03,19.16,55.82,20,40,Madrid,,40.4168,-3.7038,667,
2024-05-09T14:00:00+00:00,20.11,27.43,17.22,51.74,20,40,Madrid,,40.4168,-3.7038,667,
2024-05-09T15:00:00+00:00,20.13,29.98,18.3,44.83,20,40,Madrid,,40.4168,-3.7038,667,
2024-05-09T16:00:00+00:00,18.75,28.71,15.77,42.72,20,40,Madrid,,40.4168,-3.7038,667,
2024-05-09T17:00:00+00:00,19.94,24.5,16.06,47.13,20,40,Madrid,,40.4168,-3.7038,667,
2024-05-09T18:00:00+00:00,17.42,21.16,14.86,38.8,20,40,Madrid,,40.4168,-3.7038,667,
2024-05-09T19:00:00+00:00,18.43,26.97,16.65,52.46,20,40,Madrid,,40.4168,-3.7038,667,
2024-05-09T20:00:00+00:00,25.26,36.9,16.25,46.97,20,40,Madrid,,40.4168,-3.7038,667,
2024-05-09T21:00:00+00:00,20.93,27.72,16.62,53.72,20,40,Madrid,,40.4168,-3.7038,667,
2024-05-09T22:00:00+00:00,19.06,23.64,19.23,45.04,20,40,Madrid,,40.4168,-3.7038,667,
2024-05-09T23:00:00+00:00,21.92,33.05,18.56,48.81,20,40,Madrid,,40.4168,-3.7038,667,
2024-05-10T00:00:00+00:00,26.51,38.34,21.4,56.86,20,40,Madrid,,40.4168,-3.7038,667,
2024-05-10T01:00:00+00:00,21.58,31.47,22.33,61.93,20,40,Madrid,,40.4168,-3.7038,667,
2024-05-10T02:00:00+00:00,26.66,32.28,22.81,59.97,20,40,Madrid,,40.4168,-3.7038,667,
2024-05-10T03:00:00+00:00,21.02,30.21,22.46,64.9,20,40,Madrid,,40.4168,-3.7038,667,
2024-05-10T04:00:00+00:00,19.75,26.44,23.56,64.56,20,40,Madrid,,40.4168,-3.7038,667,
2024-05-10T05:00:00+00:00,20.1,30.53,24.91,60.37,20,40,Madrid,,40.4168,-3.7038,667,
2024-05-10T06:00:00+00:00,21.85,29.3,23.04,64.24,20,40,Madrid,,40.4168,-3.7038,667,
2024-05-10T07:00:00+00:00,22.89,31.59,24.81,66.53,20,40,Madrid,,40.4168,-3.7038,667,
2024-05-10T08:00:00+00:00,20.54,30.85,21.96,56.21,20,40,Madrid,,40.4168,-3.7038,667,
2024-05-10T09:00:00+00:00,26.74,37.33,23.15,61.04,20,40,Madrid,,40.4168,-3.7038,667,
2024-05-10T10:00:00+00:00,26.16,39.23,23.13,59.18,20,40,Madrid,,40.4168,-3.7038,667,
2024-05-10T11:00:00+00:00,26.36,34.65,21.16,53.37,20,40,Madrid,,40.4168,-3.7038,667,
2024-05-10T12:00:00+00:00,20.38,29.51,20.46,53.47,20,40,Madrid,,40.4168,-3.7038,667,
2024-05-10T13:00:00+00:00,24.5,35.3,18.95,53.19,20,40,Madrid,,40.4168,-3.7038,667,
2024-05-10T14:00:00+00:00,18.66,21.93,18.54,56.63,20,40,Madrid,,40.4168,-3.7038,667,
2024-05-10T15:00:00+00:00,21.77,27.93,17.94,43.78,20,40,Madrid,,40.4168,-3.7038,667,
2024-05-10T16:00:00+00:00,23.76,36.05,17.21,38.89,20,40,Madrid,,40.4168,-3.7038,667,
2024-05-10T17:00:00+00:00,19.47,25.51,16.29,44.34,20,40,Madrid,,40.4168,-3.7038,667,
2024-05-10T18:00:00+00:00,20.47,30.18,15.96,52.13,20,40,Madrid,,40.4168,-3.7038,667,
2024-05-10T19:00:00+00:00,22.66,31.21,16.5,46.95,20,40,Madrid,,40.4168,-3.7038,667,
2024-05-10T20:00:00+00:00,24.03,34.22,15.66,41.98,20,40,Madrid,,40.4168,-3.7038,667,
2024-05-10T21:00:00+00:00,24.6,32.04,17.13,41.01,20,40,Madrid,,40.4168,-3.7038,667,
2024-05-10T22:00:00+00:00,21.74,28.39,16.84,43.91,20,40,Madrid,,40.4168,-3.7038,667,
2024-05-10T23:00:00+00:00,22.66,33.6,17.9,58.24,20,40,Madrid,,40.4168,-3.7038,667,
2024-05-11T00:00:00+00:00,18.86,28.62,21.12,50.77,20,40,Madrid,,40.4168,-3.7038,667,
2024-05-11T01:00:00+00:00,21.5,25.18,19.68,56.88,20,40,Madrid,,40.4168,-3.7038,667,
2024-05-11T02:00:00+00:00,18.31,22.56,20.52,52.15,20,40,Madrid,,40.4168,-3.7038,667,
2024-05-11T03:00:00+00:00,24.27,36.71,24.3,54.21,20,40,Madrid,,40.4168,-3.7038,667,
2024-05-11T04:00:00+00:00,27.8,34.49,22.6,70.96,20,40,Madrid,,40.4168,-3.7038,667,
2024-05-11T05:00:00+00:00,19.12,28.39,23.82,63.44,20,40,Madrid,,40.4168,-3.7038,667,
2024-05-11T06:00:00+00:00,20.56,23.84,22.75,72.06,20,40,Madrid,,40.4168,-3.7038,667,
2024-05-11T07:00:00+00:00,22.06,32.52,24.6,65.99,20,40,Madrid,,40.4168,-3.7038,667,
2024-05-11T08:00:00+00:00,19.79,25.39,24.94,66.58,20,40,Madrid,,40.4168,-3.7038,667,
2024-05-11T09:00:00+00:00,22.51,33.07,21.46,55.2,20,40,Madrid,,40.4168,-3.7038,667,
2024-05-11T10:00:00+00:00,24.12,32.74,21.32,54.84,20,40,Madrid,,40.4168,-3.7038,667,
2024-05-11T11:00:00+00:00,27.45,40.18,21.93,63.01,20,40,Madrid,,40.4168,-3.7038,667,
2024-05-11T12:00:00+00:00,25.13,34.53,21.42,56.85,20,40,Madrid,,40.4168,-3.7038,667,
2024-05-11T13:00:00+00:00,22.76,30.16,19.27,57.74,20,40,Madrid,,40.4168,-3.7038,667,
2024-05-11T14:00:00+00:00,24.14,30.7,18.27,51.94,20,40,Madrid,,40.4168,-3.7038,667,
2024-05-11T15:00:00+00:00,22.25,28.37,16.76,40.26,20,40,Madrid,,40.4168,-3.7038,667,
2024-05-11T16:00:00+00:00,26.02,32.26,15.99,45.43,20,40,Madrid,,40.4168,-3.7038,667,
2024-05-11T17:00:00+00:00,25.62,35.84,15.41,43.04,20,40,Madrid,,40.4168,-3.7038,667,
2024-05-11T18:00:00+00:00,23.86,31.1,17.32,48.07,20,40,Madrid,,40.4168,-3.7038,667,
2024-05-11T19:00:00+00:00,24.63,35.72,16.62,44.89,20,40,Madrid,,40.4168,-3.7038,667,
2024-05-11T20:00:00+00:00,23.17,29.67,16.57,45.04,20,40,Madrid,,40.4168,-3.7038,667,
2024-05-11T21:00:00+00:00,18.18,24.19,18.2,51.49,20,40,Madrid,,40.4168,-3.7038,667,
2024-05-11T22:00:00+00:00,19.73,27.02,19.26,44.81,20,40,Madrid,,40.4168,-3.7038,667,
2024-05-11T23:00:00+00:00,24.06,32.46,20.33,55.6,20,40,Madrid,,40.4168,-3.7038,667,
2024-05-12T00:00:00+00:00,21.98,29.26,19.68,56.47,20,40,Madrid,,40.4168,-3.7038,667,
2024-05-12T01:00:00+00:00,25.63,36.45,21.29,56.08,20,40,Madrid,,40.4168,-3.7038,667,
2024-05-12T02:00:00+00:00,25.2,33.13,22.56,60.09,20,40,Madrid,,40.4168,-3.7038,667,
2024-05-12T03:00:00+00:00,19.65,24.31,23.74,60.29,20,40,Madrid,,40.4168,-3.7038,667,
2024-05-12T04:00:00+00:00,27.78,39.89,22.06,64.7,20,40,Madrid,,40.4168,-3.7038,667,
2024-05-12T05:00:00+00:00,25.38,32.76,22.9,60.07,20,40,Madrid,,40.4168,-3.7038,667,
2024-05-12T06:00:00+00:00,20.71,28.64,25.49,71.84,20,40,Madrid,,40.4168,-3.7038,667,
2024-05-12T07:00:00+00:00,22.79,29.34,24.7,72.61,20,40,Madrid,,40.4168,-3.7038,667,
2024-05-12T08:00:00+00:00,23.19,27.45,23.5,58.67,20,40,Madrid,,40.4168,-3.7038,667,
2024-05-12T09:00:00+00:00,26.97,38.43,22.1,69.91,20,40,Madrid,,40.4168,-3.7038,667,
2024-05-12T10:00:00+00:00,24.77,29.46,22.37,60.5,20,40,Madrid,,40.4168,-3.7038,667,
2024-05-12T11:00:00+00:00,26.14,32.77,21.86,57.24,20,40,Madrid,,40.4168,-3.7038,667,
2024-05-12T12:00:00+00:00,18.49,27.62,19.76,50.54,20,40,Madrid,,40.4168,-3.7038,667,
2024-05-12T13:00:00+00:00,23.59,33.24,17.51,55.95,20,40,Madrid,,40.4168,-3.7038,667,
2024-05-12T14:00:00+00:00,25.42,36.61,18.78,55.88,20,40,Madrid,,40.4168,-3.7038,667,
2024-05-12T15:00:00+00:00,26.95,35.52,17.68,54.54,20,40,Madrid,,40.4168,-3.7038,667,
2024-05-12T16:00:00+00:00,20.1,29.08,15.07,41.54,20,40,Madrid,,40.4168,-3.7038,667,
2024-05-12T17:00:00+00:00,21.73,27.02,15.15,52.37,20,40,Madrid,,40.4168,-3.7038,667,
2024-05-12T18:00:00+00:00,19.41,23.26,16.59,41.74,20,40,Madrid,,40.4168,-3.7038,667,
2024-05-12T19:00:00+00:00,18.91,26.22,14.75,37.78,20,40,Madrid,,40.4168,-3.7038,667,
2024-05-12T20:00:00+00:00,24.34,29.57,16.19,43.16,20,40,Madrid,,40.4168,-3.7038,667,
2024-05-12T21:00:00+00:00,26.06,32.27,16.58,53.22,20,40,Madrid,,40.4168,-3.7038,667,
2024-05-12T22:00:00+00:00,18.68,26.85,16.84,54.37,20,40,Madrid,,40.4168,-3.7038,667,
2024-05-12T23:00:00+00:00,18.87,24.64,19.3,51.92,20,40,Madrid,,40.4168,-3.7038,667,
2024-05-13T00:00:00+00:00,21.64,29.15,20.17,54.06,20,40,Madrid,,40.4168,-3.7038,667,
2024-05-13T01:00:00+00:00,21.43,32.56,21.98,60.76,20,40,Madrid,,40.4168,-3.7038,667,
2024-05-13T02:00:00+00:00,21.82,30.26,22.82,54.33,20,40,Madrid,,40.4168,-3.7038,667,
2024-05-13T03:00:00+00:00,25.29,36.09,24.08,65.82,20,40,Madrid,,40.4168,-3.7038,667,
2024-05-13T04:00:00+00:00,21.13,29.39,24.17,67.21,20,40,Madrid,,40.4168,-3.7038,667,
2024-05-13T05:00:00+00:00,25.47,34.91,23.63,60.74,20,40,Madrid,,40.4168,-3.7038,667,
2024-05-13T06:00:00+00:00,19.61,23.4,22.61,57.2,20,40,Madrid,,40.4168,-3.7038,667,
2024-05-13T07:00:00+00:00,25.45,30.97,25.31,67.23,20,40,Madrid,,40.4168,-3.7038,667,
2024-05-13T08:00:00+00:00,20.84,31.46,22.09,56.4,20,40,Madrid,,40.4168,-3.7038,667,
2024-05-13T09:00:00+00:00,19.59,24.37,23.38,68.98,20,40,Madrid,,40.4168,-3.7038,667,
2024-05-13T10:00:00+00:00,23.98,31.36,22.43,63.44,20,40,Madrid,,40.4168,-3.7038,667,
2024-05-13T11:00:00+00:00,23.92,35.45,22.15,57.03,20,40,Madrid,,40.4168,-3.7038,667,
2024-05-13T12:00:00+00:00,23.29,34.41,21.1,51.97,20,40,Madrid,,40.4168,-3.7038,667,
2024-05-13T13:00:00+00:00,25.42,37.96,17.58,47.13,20,40,Madrid,,40.4168,-3.7038,667,
2024-05-13T14:00:00+00:00,20.62,25.3,17.57,47.65,20,40,Madrid,,40.4168,-3.7038,667,
2024-05-13T15:00:00+00:00,24.54,30.29,15.77,51.33,20,40,Madrid,,40.4168,-3.7038,667,
2024-05-13T16:00:00+00:00,22.94,27.2,15.91,42.31,20,40,Madrid,,40.4168,-3.7038,667,
2024-05-13T17:00:00+00:00,20.55,23.9,16.55,45.28,20,40,Madrid,,40.4168,-3.7038,667,
2024-05-13T18:00:00+00:00,18.36,22.31,14.62,45.77,20,40,Madrid,,40.4168,-3.7038,667,
2024-05-13T19:00:00+00:00,18.54,24.28,17.09,50.81,20,40,Madrid,,40.4168,-3.7038,667,
2024-05-13T20:00:00+00:00,17.26,24.69,15.98,39.2,20,40,Madrid,,40.4168,-3.7038,667,
2024-05-13T21:00:00+00:00,21.57,27.7,15.75,43.03,20,40,Madrid,,40.4168,-3.7038,667,
2024-05-13T22:00:00+00:00,23.12,30.88,17.4,42.65,20,40,Madrid,,40.4168,-3.7038,667,
2024-05-13T23:00:00+00:00,26.98,39.94,18.74,56.35,20,40,Madrid,,40.4168,-3.7038,667,
2024-05-14T00:00:00+00:00,26.36,38.82,20.08,51.82,20,40,Madrid,,40.4168,-3.7038,667,
2024-05-14T01:00:00+00:00,21.51,29.59,20.55,58.97,20,40,Madrid,,40.4168,-3.7038,667,
2024-05-14T02:00:00+00:00,25.32,31.43,23.21,62.93,20,40,Madrid,,40.4168,-3.7038,667,
2024-05-14T03:00:00+00:00,25.1,35.34,22.77,69.54,20,40,Madrid,,40.4168,-3.7038,667,
2024-05-14T04:00:00+00:00,19.65,23.03,23.42,58.17,20,40,Madrid,,40.4168,-3.7038,667,
2024-05-14T05:00:00+00:00,22.79,28.93,23.56,63.31,20,40,Madrid,,40.4168,-3.7038,667,
2024-05-14T06:00:00+00:00,20.93,31.43,22.63,58.22,20,40,Madrid,,40.4168,-3.7038,667,
2024-05-14T07:00:00+00:00,25.06,36.14,24.0,67.46,20,40,Madrid,,40.4168,-3.7038,667,
2024-05-14T08:00:00+00:00,24.14,30.98,24.81,57.69,20,40,Madrid,,40.4168,-3.7038,667,
2024-05-14T09:00:00+00:00,24.62,32.05,23.53,55.38,20,40,Madrid,,40.4168,-3.7038,667,
2024-05-14T10:00:00+00:00,21.52,29.31,22.25,65.86,20,40,Madrid,,40.4168,-3.7038,667,
2024-05-14T11:00:00+00:00,21.72,26.92,22.5,59.65,20,40,Madrid,,40.4168,-3.7038,667,
2024-05-14T12:00:00+00:00,21.85,33.24,21.18,58.55,20,40,Madrid,,40.4168,-3.7038,667,
2024-05-14T13:00:00+00:00,18.21,21.46,18.1,46.03,20,40,Madrid,,40.4168,-3.7038,667,
2024-05-14T14:00:00+00:00,23.81,31.12,18.8,53.63,20,40,Madrid,,40.4168,-3.7038,667,
2024-05-14T15:00:00+00:00,21.12,25.11,16.65,44.19,20,40,Madrid,,40.4168,-3.7038,667,
2024-05-14T16:00:00+00:00,22.63,29.4,15.9,42.61,20,40,Madrid,,40.4168,-3.7038,667,
2024-05-14T17:00:00+00:00,25.71,38.47,15.08,50.88,20,40,Madrid,,40.4168,-3.7038,667,
2024-05-14T18:00:00+00:00,25.0,35.07,17.38,37.86,20,40,Madrid,,40.4168,-3.7038,667,
2024-05-14T19:00:00+00:00,17.53,19.84,17.16,46.34,20,40,Madrid,,40.4168,-3.7038,667,
2024-05-14T20:00:00+00:00,20.3,26.54,17.73,47.04,20,40,Madrid,,40.4168,-3.7038,667,
2024-05-14T21:00:00+00:00,20.88,25.72,15.94,47.84,20,40,Madrid,,40.4168,-3.7038,667,
2024-05-14T22:00:00+00:00,23.54,32.88,18.55,45.36,20,40,Madrid,,40.4168,-3.7038,667,
2024-05-14T23:00:00+00:00,25.86,37.86,18.22,51.73,20,40,Madrid,,40.4168,-3.7038,667,
2024-05-15T00:00:00+00:00,19.01,28.26,18.7,49.19,20,40,Madrid,,40.4168,-3.7038,667,
2024-05-15T01:00:00+00:00,21.81,31.78,21.24,64.8,20,40,Madrid,,40.4168,-3.7038,667,
2024-05-15T02:00:00+00:00,22.39,32.9,21.18,56.02,20,40,Madrid,,40.4168,-3.7038,667,
2024-05-15T03:00:00+00:00,23.99,28.4,22.29,55.6,20,40,Madrid,,40.4168,-3.7038,667,
2024-05-15T04:00:00+00:00,19.36,26.96,24.64,69.44,20,40,Madrid,,40.4168,-3.7038,667,
2024-05-15T05:00:00+00:00,21.49,25.68,25.02,69.32,20,40,Madrid,,40.4168,-3.7038,667,
2024-05-15T06:00:00+00:00,26.12,33.94,23.6,69.81,20,40,Madrid,,40.4168,-3.7038,667,
2024-05-15T07:00:00+00:00,25.99,38.65,22.8,60.68,20,40,Madrid,,40.4168,-3.7038,667,
2024-05-15T08:00:00+00:00,20.75,31.78,22.33,60.13,20,40,Madrid,,40.4168,-3.7038,667,
2024-05-15T09:00:00+00:00,17.64,26.26,23.86,56.6,20,40,Madrid,,40.4168,-3.7038,667,
2024-05-15T10:00:00+00:00,25.63,38.57,21.16,56.88,20,40,Madrid,,40.4168,-3.7038,667,
2024-05-15T11:00:00+00:00,18.92,21.97,20.29,51.98,20,40,Madrid,,40.4168,-3.7038,667,
2024-05-15T12:00:00+00:00,27.54,39.28,20.51,62.66,20,40,Madrid,,40.4168,-3.7038,667,
2024-05-15T13:00:00+00:00,24.99,32.95,19.82,48.9,20,40,Madrid,,40.4168,-3.7038,667,
2024-05-15T14:00:00+00:00,22.98,34.68,17.21,44.98,20,40,Madrid,,40.4168,-3.7038,667,
2024-05-15T15:00:00+00:00,25.29,36.04,17.78,55.01,20,40,Madrid,,40.4168,-3.7038,667,
2024-05-15T16:00:00+00:00,24.53,30.92,16.91,47.54,20,40,Madrid,,40.4168,-3.7038,667,
2024-05-15T17:00:00+00:00,20.5,25.54,15.88,43.37,20,40,Madrid,,40.4168,-3.7038,667,
2024-05-15T18:00:00+00:00,22.03,32.74,16.43,46.29,20,40,Madrid,,40.4168,-3.7038,667,
2024-05-15T19:00:00+00:00,21.67,27.41,16.39,53.34,20,40,Madrid,,40.4168,-3.7038,667,
2024-05-15T20:00:00+00:00,21.35,31.79,17.11,44.99,20,40,Madrid,,40.4168,-3.7038,667,
2024-05-15T21:00:00+00:00,21.66,29.46,18.0,52.01,20,40,Madrid,,40.4168,-3.7038,667,
2024-05-15T22:00:00+00:00,21.34,26.04,18.46,44.2,20,40,Madrid,,40.4168,-3.7038,667,
2024-05-15T23:00:00+00:00,25.64,36.25,19.53,58.22,20,40,Madrid,,40.4168,-3.7038,667,
2024-05-16T00:00:00+00:00,18.23,24.28,20.89,50.92,20,40,Madrid,,40.4168,-3.7038,667,
2024-05-16T01:00:00+00:00,25.35,33.93,19.78,59.36,20,40,Madrid,,40.4168,-3.7038,667,
2024-05-16T02:00:00+00:00,20.94,30.5,21.37,54.31,20,40,Madrid,,40.4168,-3.7038,667,
2024-05-16T03:00:00+00:00,23.06,34.96,24.21,60.72,20,40,Madrid,,40.4168,-3.7038,667,
2024-05-16T04:00:00+00:00,26.1,32.23,23.72,68.72,20,40,Madrid,,40.4168,-3.7038,667,
2024-05-16T05:00:00+00:00,22.2,30.45,23.62,68.61,20,40,Madrid,,40.4168,-3.7038,667,
2024-05-16T06:00:00+00:00,22.79,28.44,23.19,64.4,20,40,Madrid,,40.4168,-3.7038,667,
2024-05-16T07:00:00+00:00,20.93,30.05,25.17,61.63,20,40,Madrid,,40.4168,-3.7038,667,
2024-05-16T08:00:00+00:00,27.28,39.96,24.53,67.21,20,40,Madrid,,40.4168,-3.7038,667,
2024-05-16T09:00:00+00:00,19.58,26.89,23.84,61.86,20,40,Madrid,,40.4168,-3.7038,667,
2024-05-16T10:00:00+00:00,22.24,30.11,22.49,53.42,20,40,Madrid,,40.4168,-3.7038,667,
2024-05-16T11:00:00+00:00,27.19,35.57,21.28,65.04,20,40,Madrid,,40.4168,-3.7038,667,
2024-05-16T12:00:00+00:00,24.44,29.11,20.52,56.34,20,40,Madrid,,40.4168,-3.7038,667,
2024-05-16T13:00:00+00:00,20.27,24.44,17.71,59.78,20,40,Madrid,,40.4168,-3.7038,667,
2024-05-16T14:00:00+00:00,24.84,36.45,17.16,56.0,20,40,Madrid,,40.4168,-3.7038,667,
2024-05-16T15:00:00+00:00,25.46,35.98,16.88,50.17,20,40,Madrid,,40.4168,-3.7038,667,
2024-05-16T16:00:00+00:00,21.69,32.33,16.38,44.73,20,40,Madrid,,40.4168,-3.7038,667,
2024-05-16T17:00:00+00:00,22.76,27.46,16.1,41.2,20,40,Madrid,,40.4168,-3.7038,667,
2024-05-16T18:00:00+00:00,18.34,22.68,15.67,40.55,20,40,Madrid,,40.4168,-3.7038,667,
2024-05-16T19:00:00+00:00,21.39,28.92,15.12,37.92,20,40,Madrid,,40.4168,-3.7038,667,
2024-05-16T20:00:00+00:00,20.05,26.78,16.21,39.11,20,40,Madrid,,40.4168,-3.7038,667,
2024-05-16T21:00:00+00:00,19.86,27.0,18.58,40.22,20,40,Madrid,,40.4168,-3.7038,667,
2024-05-16T22:00:00+00:00,22.54,27.47,18.97,54.14,20,40,Madrid,,40.4168,-3.7038,667,
2024-05-16T23:00:00+00:00,23.62,28.43,17.72,53.08,20,40,Madrid,,40.4168,-3.7038,667,
2024-05-17T00:00:00+00:00,19.61,28.21,20.07,61.85,20,40,Madrid,,40.4168,-3.7038,667,
2024-05-17T01:00:00+00:00,25.04,32.91,21.94,61.77,20,40,Madrid,,40.4168,-3.7038,667,
2024-05-17T02:00:00+00:00,21.17,30.3,23.19,54.02,20,40,Madrid,,40.4168,-3.7038,667,
2024-05-17T03:00:00+00:00,24.2,31.54,22.17,55.76,20,40,Madrid,,40.4168,-3.7038,667,
2024-05-17T04:00:00+00:00,26.65,33.36,23.28,68.64,20,40,Madrid,,40.4168,-3.7038,667,
2024-05-17T05:00:00+00:00,21.67,25.9,22.81,66.63,20,40,Madrid,,40.4168,-3.7038,667,
2024-05-17T06:00:00+00:00,20.76,24.33,24.98,60.92,20,40,Madrid,,40.4168,-3.7038,667,
2024-05-17T07:00:00+00:00,19.44,24.55,24.22,57.58,20,40,Madrid,,40.4168,-3.7038,667,
2024-05-17T08:00:00+00:00,27.39,35.96,23.51,65.17,20,40,Madrid,,40.4168,-3.7038,667,
2024-05-17T09:00:00+00:00,21.49,31.21,22.07,56.29,20,40,Madrid,,40.4168,-3.7038,667,
2024-05-17T10:00:00+00:00,24.75,31.71,22.21,55.15,20,40,Madrid,,40.4168,-3.7038,667,
2024-05-17T11:00:00+00:00,21.46,32.64,22.32,53.56,20,40,Madrid,,40.4168,-3.7038,667,
2024-05-17T12:00:00+00:00,18.25,27.07,19.32,55.12,20,40,Madrid,,40.4168,-3.7038,667,
2024-05-17T13:00:00+00:00,25.92,33.06,17.47,56.04,20,40,Madrid,,40.4168,-3.7038,667,
2024-05-17T14:00:00+00:00,24.19,32.39,17.51,55.11,20,40,Madrid,,40.4168,-3.7038,667,
2024-05-17T15:00:00+00:00,22.15,31.67,16.18,47.96,20,40,Madrid,,40.4168,-3.7038,667,
2024-05-17T16:00:00+00:00,25.8,32.21,16.26,52.57,20,40,Madrid,,40.4168,-3.7038,667,
2024-05-17T17:00:00+00:00,24.66,33.38,15.04,42.58,20,40,Madrid,,40.4168,-3.7038,667,
2024-05-17T18:00:00+00:00,25.34,32.0,15.39,50.49,20,40,Madrid,,40.4168,-3.7038,667,
2024-05-17T19:00:00+00:00,24.72,29.78,15.08,42.17,20,40,Madrid,,40.4168,-3.7038,667,
2024-05-17T20:00:00+00:00,22.63,30.43,18.03,42.31,20,40,Madrid,,40.4168,-3.7038,667,
2024-05-17T21:00:00+00:00,24.86,36.18,16.2,49.86,20,40,Madrid,,40.4168,-3.7038,667,
2024-05-17T22:00:00+00:00,26.17,38.61,17.42,47.7,20,40,Madrid,,40.4168,-3.7038,667,
2024-05-17T23:00:00+00:00,23.1,30.41,19.81,55.24,20,40,Madrid,,40.4168,-3.7038,667,
2024-05-18T00:00:00+00:00,26.21,37.03,18.75,58.6,20,40,Madrid,,40.4168,-3.7038,667,
2024-05-18T01:00:00+00:00,19.15,28.89,21.35,59.67,20,40,Madrid,,40.4168,-3.7038,667,
2024-05-18T02:00:00+00:00,21.15,27.51,23.25,59.78,20,40,Madrid,,40.4168,-3.7038,667,
2024-05-18T03:00:00+00:00,19.13,27.83,21.44,55.03,20,40,Madrid,,40.4168,-3.7038,667,
2024-05-18T04:00:00+00:00,24.8,35.54,22.25,69.2,20,40,Madrid,,40.4168,-3.7038,667,
2024-05-18T05:00:00+00:00,21.31,27.67,23.34,56.96,20,40,Madrid,,40.4168,-3.7038,667,
2024-05-18T06:00:00+00:00,25.18,30.18,23.88,68.37,20,40,Madrid,,40.4168,-3.7038,667,
2024-05-18T07:00:00+00:00,21.58,31.61,24.85,61.0,20,40,Madrid,,40.4168,-3.7038,667,
2024-05-18T08:00:00+00:00,25.74,30.77,23.19,65.37,20,40,Madrid,,40.4168,-3.7038,667,
2024-05-18T09:00:00+00:00,22.05,33.58,22.78,57.89,20,40,Madrid,,40.4168,-3.7038,667,
2024-05-18T10:00:00+00:00,25.14,33.74,21.7,65.04,20,40,Madrid,,40.4168,-3.7038,667,
2024-05-18T11:00:00+00:00,24.31,34.95,22.06,59.09,20,40,Madrid,,40.4168,-3.7038,667,
2024-05-18T12:00:00+00:00,22.17,30.54,19.98,57.43,20,40,Madrid,,40.4168,-3.7038,667,
2024-05-18T13:00:00+00:00,21.39,25.35,18.83,51.35,20,40,Madrid,,40.4168,-3.7038,667,
2024-05-18T14:00:00+00:00,19.21,25.48,16.96,46.29,20,40,Madrid,,40.4168,-3.7038,667,
2024-05-18T15:00:00+00:00,23.15,27.92,17.21,40.75,20,40,Madrid,,40.4168,-3.7038,667,
2024-05-18T16:00:00+00:00,25.57,35.82,15.32,53.79,20,40,Madrid,,40.4168,-3.7038,667,
2024-05-18T17:00:00+00:00,25.53,33.02,16.87,50.43,20,40,Madrid,,40.4168,-3.7038,667,
2024-05-18T18:00:00+00:00,22.56,28.71,17.22,51.47,20,40,Madrid,,40.4168,-3.7038,667,
2024-05-18T19:00:00+00:00,22.12,26.03,16.66,45.4,20,40,Madrid,,40.4168,-3.7038,667,
2024-05-18T20:00:00+00:00,22.83,30.37,15.27,43.89,20,40,Madrid,,40.4168,-3.7038,667,
2024-05-18T21:00:00+00:00,24.99,31.14,17.44,44.1,20,40,Madrid,,40.4168,-3.7038,667,
2024-05-18T22:00:00+00:00,21.93,27.51,17.46,51.07,20,40,Madrid,,40.4168,-3.7038,667,
2024-05-18T23:00:00+00:00,20.81,26.86,20.26,54.71,20,40,Madrid,,40.4168,-3.7038,667,
2024-05-19T00:00:00+00:00,25.34,31.47,19.56,60.0,20,40,Madrid,,40.4168,-3.7038,667,
2024-05-19T01:00:00+00:00,24.44,32.96,21.91,55.84,20,40,Madrid,,40.4168,-3.7038,667,
2024-05-19T02:00:00+00:00,20.8,26.4,21.49,63.53,20,40,Madrid,,40.4168,-3.7038,667,
2024-05-19T03:00:00+00:00,18.88,24.99,23.66,55.86,20,40,Madrid,,40.4168,-3.7038,667,
2024-05-19T04:00:00+00:00,20.54,30.22,24.92,67.59,20,40,Madrid,,40.4168,-3.7038,667,
2024-05-19T05:00:00+00:00,18.45,21.84,24.13,62.16,20,40,Madrid,,40.4168,-3.7038,667,
2024-05-19T06:00:00+00:00,25.43,35.62,23.65,57.88,20,40,Madrid,,40.4168,-3.7038,667,
2024-05-19T07:00:00+00:00,27.6,39.49,24.88,68.02,20,40,Madrid,,40.4168,-3.7038,667,
2024-05-19T08:00:00+00:00,20.63,28.94,23.86,58.74,20,40,Madrid,,40.4168,-3.7038,667,
2024-05-19T09:00:00+00:00,21.32,32.62,22.48,69.26,20,40,Madrid,,40.4168,-3.7038,667,
2024-05-19T10:00:00+00:00,23.38,32.73,20.84,53.7,20,40,Madrid,,40.4168,-3.7038,667,
2024-05-19T11:00:00+00:00,26.52,32.0,19.78,56.93,20,40,Madrid,,40.4168,-3.7038,667,
2024-05-19T12:00:00+00:00,19.82,26.05,21.17,57.11,20,40,Madrid,,40.4168,-3.7038,667,
2024-05-19T13:00:00+00:00,24.43,35.13,18.5,56.4,20,40,Madrid,,40.4168,-3.7038,667,
2024-05-19T14:00:00+00:00,20.67,26.12,16.68,44.48,20,40,Madrid,,40.4168,-3.7038,667,
2024-05-19T15:00:00+00:00,23.58,32.21,17.14,51.85,20,40,Madrid,,40.4168,-3.7038,667,
2024-05-19T16:00:00+00:00,22.3,27.65,15.94,40.1,20,40,Madrid,,40.4168,-3.7038,667,
2024-05-19T17:00:00+00:00,20.01,29.37,17.11,50.7,20,40,Madrid,,40.4168,-3.7038,667,
2024-05-19T18:00:00+00:00,22.44,32.51,17.06,50.02,20,40,Madrid,,40.4168,-3.7038,667,
2024-05-19T19:00:00+00:00,23.62,32.53,16.53,41.02,20,40,Madrid,,40.4168,-3.7038,667,
2024-05-19T20:00:00+00:00,24.6,31.46,15.9,38.72,20,40,Madrid,,40.4168,-3.7038,667,
2024-05-19T21:00:00+00:00,22.72,31.93,16.35,51.95,20,40,Madrid,,40.4168,-3.7038,667,
2024-05-19T22:00:00+00:00,20.93,24.71,18.65,52.44,20,40,Madrid,,40.4168,-3.7038,667,
2024-05-19T23:00:00+00:00,21.57,28.97,20.03,47.05,20,40,Madrid,,40.4168,-3.7038,667,
2024-05-20T00:00:00+00:00,26.94,38.51,19.44,62.27,20,40,Madrid,,40.4168,-3.7038,667,
2024-05-20T01:00:00+00:00,24.33,30.75,19.6,51.12,20,40,Madrid,,40.4168,-3.7038,667,
2024-05-20T02:00:00+00:00,21.44,28.96,21.72,63.72,20,40,Madrid,,40.4168,-3.7038,667,
2024-05-20T03:00:00+00:00,21.27,28.9,23.06,66.68,20,40,Madrid,,40.4168,-3.7038,667,
2024-05-20T04:00:00+00:00,25.18,30.24,22.98,61.94,20,40,Madrid,,40.4168,-3.7038,667,
2024-05-20T05:00:00+00:00,22.79,33.43,25.09,62.64,20,40,Madrid,,40.4168,-3.7038,667,
2024-05-20T06:00:00+00:00,22.89,30.35,25.37,60.66,20,40,Madrid,,40.4168,-3.7038,667,
2024-05-20T07:00:00+00:00,22.64,27.8,25.22,63.64,20,40,Madrid,,40.4168,-3.7038,667,
2024-05-20T08:00:00+00:00,25.94,38.11,22.38,56.89,20,40,Madrid,,40.4168,-3.7038,667,
2024-05-20T09:00:00+00:00,21.23,25.69,22.19,55.26,20,40,Madrid,,40.4168,-3.7038,667,
2024-05-20T10:00:00+00:00,25.74,36.82,21.6,61.17,20,40,Madrid,,40.4168,-3.7038,667,
2024-05-20T11:00:00+00:00,21.44,27.01,20.62,59.22,20,40,Madrid,,40.4168,-3.7038,667,
2024-05-20T12:00:00+00:00,26.51,36.51,20.97,55.86,20,40,Madrid,,40.4168,-3.7038,667,
2024-05-20T13:00:00+00:00,18.58,24.66,18.23,52.14,20,40,Madrid,,40.4168,-3.7038,667,
2024-05-20T14:00:00+00:00,21.36,27.19,17.33,44.38,20,40,Madrid,,40.4168,-3.7038,667,
2024-05-20T15:00:00+00:00,18.51,28.43,16.95,41.12,20,40,Madrid,,40.4168,-3.7038,667,
2024-05-20T16:00:00+00:00,21.06,31.34,16.23,41.02,20,40,Madrid,,40.4168,-3.7038,667,
2024-05-20T17:00:00+00:00,22.09,26.64,17.4,41.54,20,40,Madrid,,40.4168,-3.7038,667,
2024-05-20T18:00:00+00:00,20.57,27.17,15.91,39.34,20,40,Madrid,,40.4168,-3.7038,667,
2024-05-20T19:00:00+00:00,19.46,26.37,17.27,50.09,20,40,Madrid,,40.4168,-3.7038,667,
2024-05-20T20:00:00+00:00,25.36,37.67,16.46,47.94,20,40,Madrid,,40.4168,-3.7038,667,
2024-05-20T21:00:00+00:00,25.07,30.73,15.73,51.58,20,40,Madrid,,40.4168,-3.7038,667,
2024-05-20T22:00:00+00:00,23.61,33.76,17.12,44.48,20,40,Madrid,,40.4168,-3.7038,667,
2024-05-20T23:00:00+00:00,21.76,26.96,19.75,48.83,20,40,Madrid,,40.4168,-3.7038,667,
2024-05-21T00:00:00+00:00,19.28,23.74,18.99,58.72,20,40,Madrid,,40.4168,-3.7038,667,
2024-05-21T01:00:00+00:00,26.05,33.66,22.37,65.18,20,40,Madrid,,40.4168,-3.7038,667,
2024-05-21T02:00:00+00:00,23.4,34.57,22.35,56.23,20,40,Madrid,,40.4168,-3.7038,667,
2024-05-21T03:00:00+00:00,18.74,22.18,23.88,64.77,20,40,Madrid,,40.4168,-3.7038,667,
2024-05-21T04:00:00+00:00,24.47,29.8,24.45,68.24,20,40,Madrid,,40.4168,-3.7038,667,
2024-05-21T05:00:00+00:00,25.07,29.95,22.57,68.2,20,40,Madrid,,40.4168,-3.7038,667,
2024-05-21T06:00:00+00:00,20.36,26.64,25.04,63.64,20,40,Madrid,,40.4168,-3.7038,667,
2024-05-21T07:00:00+00:00,24.0,29.61,23.68,58.88,20,40,Madrid,,40.4168,-3.7038,667,
2024-05-21T08:00:00+00:00,23.28,29.79,24.48,65.78,20,40,Madrid,,40.4168,-3.7038,667,
2024-05-21T09:00:00+00:00,24.77,36.11,22.1,60.03,20,40,Madrid,,40.4168,-3.7038,667,
2024-05-21T10:00:00+00:00,19.78,23.7,21.94,60.02,20,40,Madrid,,40.4168,-3.7038,667,
2024-05-21T11:00:00+00:00,22.89,27.49,21.65,61.39,20,40,Madrid,,40.4168,-3.7038,667,
2024-05-21T12:00:00+00:00,24.74,35.21,18.61,61.79,20,40,Madrid,,40.4168,-3.7038,667,
2024-05-21T13:00:00+00:00,24.99,31.81,18.73,56.97,20,40,Madrid,,40.4168,-3.7038,667,
2024-05-21T14:00:00+00:00,20.09,24.29,18.53,56.95,20,40,Madrid,,40.4168,-3.7038,667,
2024-05-21T15:00:00+00:00,20.06,23.93,17.58,49.43,20,40,Madrid,,40.4168,-3.7038,667,
2024-05-21T16:00:00+00:00,23.26,30.64,17.17,49.72,20,40,Madrid,,40.4168,-3.7038,667,
2024-05-21T17:00:00+00:00,21.21,30.12,16.51,51.45,20,40,Madrid,,40.4168,-3.7038,667,
2024-05-21T18:00:00+00:00,22.98,27.27,15.94,50.96,20,40,Madrid,,40.4168,-3.7038,667,
2024-05-21T19:00:00+00:00,19.06,28.32,15.19,50.22,20,40,Madrid,,40.4168,-3.7038,667,
2024-05-21T20:00:00+00:00,18.61,23.52,17.9,42.12,20,40,Madrid,,40.4168,-3.7038,667,
2024-05-21T21:00:00+00:00,19.59,26.7,17.63,44.29,20,40,Madrid,,40.4168,-3.7038,667,
2024-05-21T22:00:00+00:00,18.3,24.81,18.91,49.78,20,40,Madrid,,40.4168,-3.7038,667,
2024-05-21T23:00:00+00:00,25.74,30.88,18.21,44.95,20,40,Madrid,,40.4168,-3.7038,667,
2024-05-22T00:00:00+00:00,19.86,23.88,18.83,59.82,20,40,Madrid,,40.4168,-3.7038,667,
2024-05-22T01:00:00+00:00,20.31,26.1,20.54,54.68,20,40,Madrid,,40.4168,-3.7038,667,
2024-05-22T02:00:00+00:00,21.97,32.39,22.68,60.45,20,40,Madrid,,40.4168,-3.7038,667,
2024-05-22T03:00:00+00:00,26.99,38.51,22.02,65.38,20,40,Madrid,,40.4168,-3.7038,667,
2024-05-22T04:00:00+00:00,22.17,32.09,22.78,63.35,20,40,Madrid,,40.4168,-3.7038,667,
2024-05-22T05:00:00+00:00,23.9,29.49,22.37,62.08,20,40,Madrid,,40.4168,-3.7038,667,
2024-05-22T06:00:00+00:00,25.02,33.17,24.79,61.98,20,40,Madrid,,40.4168,-3.7038,667,
2024-05-22T07:00:00+00:00,24.85,33.19,22.85,60.8,20,40,Madrid,,40.4168,-3.7038,667,
2024-05-22T08:00:00+00:00,17.88,24.11,21.98,55.84,20,40,Madrid,,40.4168,-3.7038,667,
2024-05-22T09:00:00+00:00,25.24,36.09,23.88,60.36,20,40,Madrid,,40.4168,-3.7038,667,
2024-05-22T10:00:00+00:00,22.22,31.87,20.66,57.99,20,40,Madrid,,40.4168,-3.7038,667,
2024-05-22T11:00:00+00:00,24.07,33.23,19.88,61.54,20,40,Madrid,,40.4168,-3.7038,667,
2024-05-22T12:00:00+00:00,19.95,26.89,21.25,53.3,20,40,Madrid,,40.4168,-3.7038,667,
2024-05-22T13:00:00+00:00,20.11,25.78,19.06,59.01,20,40,Madrid,,40.4168,-3.7038,667,
2024-05-22T14:00:00+00:00,21.29,28.31,18.87,51.01,20,40,Madrid,,40.4168,-3.7038,667,
2024-05-22T15:00:00+00:00,19.65,23.46,16.4,52.35,20,40,Madrid,,40.4168,-3.7038,667,
2024-05-22T16:00:00+00:00,21.27,27.01,16.37,43.83,20,40,Madrid,,40.4168,-3.7038,667,
2024-05-22T17:00:00+00:00,20.95,28.7,15.97,43.81,20,40,Madrid,,40.4168,-3.7038,667,
2024-05-22T18:00:00+00:00,17.94,26.73,14.55,40.27,20,40,Madrid,,40.4168,-3.7038,667,
2024-05-22T19:00:00+00:00,20.96,28.3,15.94,38.2,20,40,Madrid,,40.4168,-3.7038,667,
2024-05-22T20:00:00+00:00,18.07,23.95,16.02,39.29,20,40,Madrid,,40.4168,-3.7038,667,
2024-05-22T21:00:00+00:00,22.13,31.16,18.4,42.17,20,40,Madrid,,40.4168,-3.7038,667,
2024-05-22T22:00:00+00:00,26.14,32.09,17.86,47.89,20,40,Madrid,,40.4168,-3.7038,667,
2024-05-22T23:00:00+00:00,23.5,33.61,20.23,59.0,20,40,Madrid,,40.4168,-3.7038,667,
2024-05-23T00:00:00+00:00,27.07,36.1,19.51,62.85,20,40,Madrid,,40.4168,-3.7038,667,
2024-05-23T01:00:00+00:00,19.13,24.8,20.2,51.56,20,40,Madrid,,40.4168,-3.7038,667,
2024-05-23T02:00:00+00:00,21.49,26.32,21.39,62.03,20,40,Madrid,,40.4168,-3.7038,667,
2024-05-23T03:00:00+00:00,26.73,33.15,23.54,62.7,20,40,Madrid,,40.4168,-3.7038,667,
2024-05-23T04:00:00+00:00,21.93,27.09,24.68,63.8,20,40,Madrid,,40.4168,-3.7038,667,
2024-05-23T05:00:00+00:00,23.47,28.65,22.65,67.35,20,40,Madrid,,40.4168,-3.7038,667,
2024-05-23T06:00:00+00:00,24.34,35.78,24.09,69.53,20,40,Madrid,,40.4168,-3.7038,667,
2024-05-23T07:00:00+00:00,25.94,33.46,23.94,67.72,20,40,Madrid,,40.4168,-3.7038,667,
2024-05-23T08:00:00+00:00,22.89,29.68,23.76,69.72,20,40,Madrid,,40.4168,-3.7038,667,
2024-05-23T09:00:00+00:00,20.64,30.75,23.07,65.75,20,40,Madrid,,40.4168,-3.7038,667,
2024-05-23T10:00:00+00:00,26.73,37.83,21.14,58.47,20,40,Madrid,,40.4168,-3.7038,667,
2024-05-23T11:00:00+00:00,24.73,30.2,22.34,56.86,20,40,Madrid,,40.4168,-3.7038,667,
2024-05-23T12:00:00+00:00,19.05,28.13,20.48,48.76,20,40,Madrid,,40.4168,-3.7038,667,
2024-05-23T13:00:00+00:00,22.76,29.89,19.64,52.47,20,40,Madrid,,40.4168,-3.7038,667,
2024-05-23T14:00:00+00:00,20.76,31.27,17.69,51.04,20,40,Madrid,,40.4168,-3.7038,667,
2024-05-23T15:00:00+00:00,24.24,31.25,17.28,54.41,20,40,Madrid,,40.4168,-3.7038,667,
2024-05-23T16:00:00+00:00,23.73,31.25,16.53,45.59,20,40,Madrid,,40.4168,-3.7038,667,
2024-05-23T17:00:00+00:00,26.94,36.16,16.73,53.25,20,40,Madrid,,40.4168,-3.7038,667,
2024-05-23T18:00:00+00:00,23.08,33.64,16.67,46.82,20,40,Madrid,,40.4168,-3.7038,667,
2024-05-23T19:00:00+00:00,25.33,37.66,15.78,45.86,20,40,Madrid,,40.4168,-3.7038,667,
2024-05-23T20:00:00+00:00,25.43,33.34,15.38,51.85,20,40,Madrid,,40.4168,-3.7038,667,
2024-05-23T21:00:00+00:00,24.56,33.26,16.64,42.54,20,40,Madrid,,40.4168,-3.7038,667,
2024-05-23T22:00:00+00:00,19.26,29.32,18.88,47.69,20,40,Madrid,,40.4168,-3.7038,667,
2024-05-23T23:00:00+00:00,20.53,23.78,19.28,48.42,20,40,Madrid,,40.4168,-3.7038,667,
2024-05-24T00:00:00+00:00,20.56,26.65,19.17,53.34,20,40,Madrid,,40.4168,-3.7038,667,
2024-05-24T01:00:00+00:00,18.59,25.75,20.95,53.5,20,40,Madrid,,40.4168,-3.7038,667,
2024-05-24T02:00:00+00:00,19.53,22.38,22.62,63.12,20,40,Madrid,,40.4168,-3.7038,667,
2024-05-24T03:00:00+00:00,20.85,32.13,23.34,58.7,20,40,Madrid,,40.4168,-3.7038,667,
2024-05-24T04:00:00+00:00,26.26,35.61,24.9,57.47,20,40,Madrid,,40.4168,-3.7038,667,
2024-05-24T05:00:00+00:00,25.93,38.63,24.0,72.6,20,40,Madrid,,40.4168,-3.7038,667,
2024-05-24T06:00:00+00:00,26.17,34.77,25.42,65.43,20,40,Madrid,,40.4168,-3.7038,667,
2024-05-24T07:00:00+00:00,23.57,30.91,23.31,61.34,20,40,Madrid,,40.4168,-3.7038,667,
2024-05-24T08:00:00+00:00,20.9,30.33,22.48,67.38,20,40,Madrid,,40.4168,-3.7038,667,
2024-05-24T09:00:00+00:00,26.96,34.53,22.49,59.26,20,40,Madrid,,40.4168,-3.7038,667,
2024-05-24T10:00:00+00:00,21.44,29.92,20.74,67.21,20,40,Madrid,,40.4168,-3.7038,667,
2024-05-24T11:00:00+00:00,21.99,29.57,20.67,65.03,20,40,Madrid,,40.4168,-3.7038,667,
2024-05-24T12:00:00+00:00,21.85,31.05,21.48,59.09,20,40,Madrid,,40.4168,-3.7038,667,
2024-05-24T13:00:00+00:00,23.63,30.08,18.15,54.57,20,40,Madrid,,40.4168,-3.7038,667,
2024-05-24T14:00:00+00:00,19.22,28.09,19.35,42.49,20,40,Madrid,,40.4168,-3.7038,667,
2024-05-24T15:00:00+00:00,19.35,27.27,18.39,50.69,20,40,Madrid,,40.4168,-3.7038,667,
2024-05-24T16:00:00+00:00,21.2,29.67,15.22,51.19,20,40,Madrid,,40.4168,-3.7038,667,
2024-05-24T17:00:00+00:00,21.02,26.01,17.13,42.18,20,40,Madrid,,40.4168,-3.7038,667,
2024-05-24T18:00:00+00:00,20.59,31.68,15.48,51.42,20,40,Madrid,,40.4168,-3.7038,667,
2024-05-24T19:00:00+00:00,25.57,32.01,16.29,45.61,20,40,Madrid,,40.4168,-3.7038,667,
2024-05-24T20:00:00+00:00,20.87,25.13,17.08,44.66,20,40,Madrid,,40.4168,-3.7038,667,
2024-05-24T21:00:00+00:00,21.34,30.68,16.78,51.83,20,40,Madrid,,40.4168,-3.7038,667,
2024-05-24T22:00:00+00:00,19.29,25.13,19.3,47.8,20,40,Madrid,,40.4168,-3.7038,667,
2024-05-24T23:00:00+00:00,23.2,29.42,17.62,59.11,20,40,Madrid,,40.4168,-3.7038,667,
2024-05-25T00:00:00+00:00,18.4,23.78,20.64,54.28,20,40,Madrid,,40.4168,-3.7038,667,
2024-05-25T01:00:00+00:00,24.19,30.04,19.91,51.38,20,40,Madrid,,40.4168,-3.7038,667,
2024-05-25T02:00:00+00:00,23.66,34.94,22.63,64.75,20,40,Madrid,,40.4168,-3.7038,667,
2024-05-25T03:00:00+00:00,20.0,27.01,21.71,60.76,20,40,Madrid,,40.4168,-3.7038,667,
2024-05-25T04:00:00+00:00,26.58,38.33,22.55,62.08,20,40,Madrid,,40.4168,-3.7038,667,
2024-05-25T05:00:00+00:00,25.19,32.81,22.64,61.75,20,40,Madrid,,40.4168,-3.7038,667,
2024-05-25T06:00:00+00:00,21.2,28.02,24.3,67.5,20,40,Madrid,,40.4168,-3.7038,667,
2024-05-25T07:00:00+00:00,22.15,32.8,24.47,68.67,20,40,Madrid,,40.4168,-3.7038,667,
2024-05-25T08:00:00+00:00,20.69,30.19,22.0,61.37,20,40,Madrid,,40.4168,-3.7038,667,
2024-05-25T09:00:00+00:00,26.11,34.73,21.9,64.26,20,40,Madrid,,40.4168,-3.7038,667,
2024-05-25T10:00:00+00:00,24.88,33.39,21.13,57.18,20,40,Madrid,,40.4168,-3.7038,667,
2024-05-25T11:00:00+00:00,19.69,26.42,20.22,64.53,20,40,Madrid,,40.4168,-3.7038,667,
2024-05-25T12:00:00+00:00,26.99,33.47,19.45,62.54,20,40,Madrid,,40.4168,-3.7038,667,
2024-05-25T13:00:00+00:00,21.63,27.29,18.99,48.44,20,40,Madrid,,40.4168,-3.7038,667,
2024-05-25T14:00:00+00:00,22.73,33.15,16.84,52.98,20,40,Madrid,,40.4168,-3.7038,667,
2024-05-25T15:00:00+00:00,22.44,29.83,16.65,43.72,20,40,Madrid,,40.4168,-3.7038,667,
2024-05-25T16:00:00+00:00,18.97,24.71,17.0,54.27,20,40,Madrid,,40.4168,-3.7038,667,
2024-05-25T17:00:00+00:00,21.0,25.15,15.44,50.91,20,40,Madrid,,40.4168,-3.7038,667,
2024-05-25T18:00:00+00:00,17.34,25.37,15.62,43.08,20,40,Madrid,,40.4168,-3.7038,667,
2024-05-25T19:00:00+00:00,21.79,26.28,15.12,38.08,20,40,Madrid,,40.4168,-3.7038,667,
2024-05-25T20:00:00+00:00,24.17,35.92,17.09,52.9,20,40,Madrid,,40.4168,-3.7038,667,
2024-05-25T21:00:00+00:00,21.76,33.2,17.05,48.49,20,40,Madrid,,40.4168,-3.7038,667,
2024-05-25T22:00:00+00:00,20.57,26.84,18.08,47.79,20,40,Madrid,,40.4168,-3.7038,667,
2024-05-25T23:00:00+00:00,22.2,27.97,20.28,46.18,20,40,Madrid,,40.4168,-3.7038,667,
2024-05-26T00:00:00+00:00,20.32,26.56,19.06,53.55,20,40,Madrid,,40.4168,-3.7038,667,
2024-05-26T01:00:00+00:00,24.98,31.87,20.33,53.22,20,40,Madrid,,40.4168,-3.7038,667,
2024-05-26T02:00:00+00:00,26.52,39.39,22.09,64.77,20,40,Madrid,,40.4168,-3.7038,667,
2024-05-26T03:00:00+00:00,25.36,31.08,22.9,61.21,20,40,Madrid,,40.4168,-3.7038,667,
2024-05-26T04:00:00+00:00,21.46,27.35,23.01,70.2,20,40,Madrid,,40.4168,-3.7038,667,
2024-05-26T05:00:00+00:00,24.48,35.62,24.78,58.76,20,40,Madrid,,40.4168,-3.7038,667,
2024-05-26T06:00:00+00:00,21.0,31.64,23.85,68.86,20,40,Madrid,,40.4168,-3.7038,667,
2024-05-26T07:00:00+00:00,20.58,31.05,24.1,60.22,20,40,Madrid,,40.4168,-3.7038,667,
2024-05-26T08:00:00+00:00,25.78,35.18,23.01,55.81,20,40,Madrid,,40.4168,-3.7038,667,
2024-05-26T09:00:00+00:00,22.64,33.67,24.13,61.97,20,40,Madrid,,40.4168,-3.7038,667,
2024-05-26T10:00:00+00:00,26.31,38.43,20.56,63.7,20,40,Madrid,,40.4168,-3.7038,667,
2024-05-26T11:00:00+00:00,19.61,24.28,22.2,61.74,20,40,Madrid,,40.4168,-3.7038,667,
2024-05-26T12:00:00+00:00,22.95,33.19,19.22,47.3,20,40,Madrid,,40.4168,-3.7038,667,
2024-05-26T13:00:00+00:00,24.43,31.85,20.0,48.33,20,40,Madrid,,40.4168,-3.7038,667,
2024-05-26T14:00:00+00:00,23.36,27.68,17.33,49.26,20,40,Madrid,,40.4168,-3.7038,667,
2024-05-26T15:00:00+00:00,19.87,29.61,16.04,55.86,20,40,Madrid,,40.4168,-3.7038,667,
2024-05-26T16:00:00+00:00,20.11,23.24,17.29,39.95,20,40,Madrid,,40.4168,-3.7038,667,
2024-05-26T17:00:00+00:00,23.6,33.88,15.97,38.33,20,40,Madrid,,40.4168,-3.7038,667,
2024-05-26T18:00:00+00:00,24.84,31.96,14.69,52.08,20,40,Madrid,,40.4168,-3.7038,667,
2024-05-26T19:00:00+00:00,22.44,27.75,14.65,45.18,20,40,Madrid,,40.4168,-3.7038,667,
2024-05-26T20:00:00+00:00,23.6,28.49,16.16,41.0,20,40,Madrid,,40.4168,-3.7038,667,
2024-05-26T21:00:00+00:00,18.71,22.41,17.0,47.75,20,40,Madrid,,40.4168,-3.7038,667,
2024-05-26T22:00:00+00:00,18.73,27.1,16.87,48.12,20,40,Madrid,,40.4168,-3.7038,667,
2024-05-26T23:00:00+00:00,25.57,34.11,20.15,50.72,20,40,Madrid,,40.4168,-3.7038,667,
2024-05-27T00:00:00+00:00,20.43,27.34,19.65,53.92,20,40,Madrid,,40.4168,-3.7038,667,
2024-05-27T01:00:00+00:00,24.36,29.08,21.18,58.12,20,40,Madrid,,40.4168,-3.7038,667,
2024-05-27T02:00:00+00:00,24.98,32.44,21.29,60.24,20,40,Madrid,,40.4168,-3.7038,667,
2024-05-27T03:00:00+00:00,24.28,33.77,22.13,62.58,20,40,Madrid,,40.4168,-3.7038,667,
2024-05-27T04:00:00+00:00,22.94,30.37,24.87,66.93,20,40,Madrid,,40.4168,-3.7038,667,
2024-05-27T05:00:00+00:00,20.15,23.41,22.39,69.78,20,40,Madrid,,40.4168,-3.7038,667,
2024-05-27T06:00:00+00:00,24.94,37.47,23.42,57.3,20,40,Madrid,,40.4168,-3.7038,667,
2024-05-27T07:00:00+00:00,23.79,29.99,23.88,63.44,20,40,Madrid,,40.4168,-3.7038,667,
2024-05-27T08:00:00+00:00,21.82,25.96,24.72,57.22,20,40,Madrid,,40.4168,-3.7038,667,
2024-05-27T09:00:00+00:00,19.7,28.18,23.78,55.83,20,40,Madrid,,40.4168,-3.7038,667,
2024-05-27T10:00:00+00:00,25.11,36.59,21.44,64.14,20,40,Madrid,,40.4168,-3.7038,667,
2024-05-27T11:00:00+00:00,22.24,29.36,21.42,61.74,20,40,Madrid,,40.4168,-3.7038,667,
2024-05-27T12:00:00+00:00,24.75,35.48,20.64,55.38,20,40,Madrid,,40.4168,-3.7038,667,
2024-05-27T13:00:00+00:00,24.05,35.4,19.95,51.87,20,40,Madrid,,40.4168,-3.7038,667,
2024-05-27T14:00:00+00:00,24.08,31.34,19.36,48.28,20,40,Madrid,,40.4168,-3.7038,667,
2024-05-27T15:00:00+00:00,20.1,30.64,17.65,43.67,20,40,Madrid,,40.4168,-3.7038,667,
2024-05-27T16:00:00+00:00,24.19,32.46,15.9,41.09,20,40,Madrid,,40.4168,-3.7038,667,
2024-05-27T17:00:00+00:00,19.38,30.09,16.84,49.69,20,40,Madrid,,40.4168,-3.7038,667,
2024-05-27T18:00:00+00:00,23.51,34.04,16.51,52.87,20,40,Madrid,,40.4168,-3.7038,667,
2024-05-27T19:00:00+00:00,25.79,38.33,15.61,45.98,20,40,Madrid,,40.4168,-3.7038,667,
2024-05-27T20:00:00+00:00,18.34,27.75,17.63,46.3,20,40,Madrid,,40.4168,-3.7038,667,
2024-05-27T21:00:00+00:00,23.62,28.21,17.13,47.87,20,40,Madrid,,40.4168,-3.7038,667,
2024-05-27T22:00:00+00:00,19.49,26.13,19.2,56.33,20,40,Madrid,,40.4168,-3.7038,667,
2024-05-27T23:00:00+00:00,26.04,35.75,19.62,56.22,20,40,Madrid,,40.4168,-3.7038,667,
2024-05-28T00:00:00+00:00,26.1,31.37,18.96,50.98,20,40,Madrid,,40.4168,-3.7038,667,
2024-05-28T01:00:00+00:00,25.56,35.64,21.79,58.19,20,40,Madrid,,40.4168,-3.7038,667,
2024-05-28T02:00:00+00:00,18.33,23.87,22.53,60.05,20,40,Madrid,,40.4168,-3.7038,667,
2024-05-28T03:00:00+00:00,26.05,38.52,23.55,62.14,20,40,Madrid,,40.4168,-3.7038,667,
2024-05-28T04:00:00+00:00,21.92,32.47,24.66,59.57,20,40,Madrid,,40.4168,-3.7038,667,
2024-05-28T05:00:00+00:00,22.2,30.51,25.07,66.67,20,40,Madrid,,40.4168,-3.7038,667,
2024-05-28T06:00:00+00:00,22.84,28.64,25.01,67.9,20,40,Madrid,,40.4168,-3.7038,667,
2024-05-28T07:00:00+00:00,23.64,34.78,23.89,69.98,20,40,Madrid,,40.4168,-3.7038,667,
2024-05-28T08:00:00+00:00,20.48,29.01,22.14,60.18,20,40,Madrid,,40.4168,-3.7038,667,
2024-05-28T09:00:00+00:00,24.22,30.15,23.02,62.25,20,40,Madrid,,40.4168,-3.7038,667,
2024-05-28T10:00:00+00:00,24.79,31.46,20.73,60.76,20,40,Madrid,,40.4168,-3.7038,667,
2024-05-28T11:00:00+00:00,18.24,25.67,21.11,51.53,20,40,Madrid,,40.4168,-3.7038,667,
2024-05-28T12:00:00+00:00,23.33,33.33,21.06,54.76,20,40,Madrid,,40.4168,-3.7038,667,
2024-05-28T13:00:00+00:00,22.68,27.92,20.04,50.43,20,40,Madrid,,40.4168,-3.7038,667,
2024-05-28T14:00:00+00:00,18.91,28.1,16.99,54.95,20,40,Madrid,,40.4168,-3.7038,667,
2024-05-28T15:00:00+00:00,23.47,29.67,16.17,53.94,20,40,Madrid,,40.4168,-3.7038,667,
2024-05-28T16:00:00+00:00,20.39,28.23,15.75,51.02,20,40,Madrid,,40.4168,-3.7038,667,
2024-05-28T17:00:00+00:00,25.45,37.42,14.86,50.28,20,40,Madrid,,40.4168,-3.7038,667,
2024-05-28T18:00:00+00:00,17.85,27.53,14.87,45.31,20,40,Madrid,,40.4168,-3.7038,667,
2024-05-28T19:00:00+00:00,24.2,29.25,16.2,51.96,20,40,Madrid,,40.4168,-3.7038,667,
2024-05-28T20:00:00+00:00,23.78,31.15,17.96,51.22,20,40,Madrid,,40.4168,-3.7038,667,
2024-05-28T21:00:00+00:00,21.48,30.76,17.06,43.05,20,40,Madrid,,40.4168,-3.7038,667,
2024-05-28T22:00:00+00:00,26.18,35.98,18.17,52.34,20,40,Madrid,,40.4168,-3.7038,667,
2024-05-28T23:00:00+00:00,20.4,24.26,18.74,46.19,20,40,Madrid,,40.4168,-3.7038,667,
2024-05-29T00:00:00+00:00,26.43,38.12,21.21,56.91,20,40,Madrid,,40.4168,-3.7038,667,
2024-05-29T01:00:00+00:00,23.47,30.03,21.94,62.51,20,40,Madrid,,40.4168,-3.7038,667,
2024-05-29T02:00:00+00:00,25.9,38.7,20.61,63.02,20,40,Madrid,,40.4168,-3.7038,667,
2024-05-29T03:00:00+00:00,24.57,35.71,22.77,67.4,20,40,Madrid,,40.4168,-3.7038,667,
2024-05-29T04:00:00+00:00,17.84,25.37,23.77,56.21,20,40,Madrid,,40.4168,-3.7038,667,
2024-05-29T05:00:00+00:00,20.2,24.14,24.24,59.7,20,40,Madrid,,40.4168,-3.7038,667,
2024-05-29T06:00:00+00:00,23.64,30.32,22.78,67.25,20,40,Madrid,,40.4168,-3.7038,667,
2024-05-29T07:00:00+00:00,22.63,28.2,22.75,58.58,20,40,Madrid,,40.4168,-3.7038,667,
2024-05-29T08:00:00+00:00,24.92,32.71,23.71,67.35,20,40,Madrid,,40.4168,-3.7038,667,
2024-05-29T09:00:00+00:00,19.0,24.41,22.73,64.21,20,40,Madrid,,40.4168,-3.7038,667,
2024-05-29T10:00:00+00:00,19.77,25.39,23.26,64.08,20,40,Madrid,,40.4168,-3.7038,667,
2024-05-29T11:00:00+00:00,18.29,22.81,22.48,59.64,20,40,Madrid,,40.4168,-3.7038,667,
2024-05-29T12:00:00+00:00,22.16,27.84,20.97,49.35,20,40,Madrid,,40.4168,-3.7038,667,
2024-05-29T13:00:00+00:00,24.19,31.87,18.15,58.56,20,40,Madrid,,40.4168,-3.7038,667,
2024-05-29T14:00:00+00:00,21.7,25.4,18.88,57.83,20,40,Madrid,,40.4168,-3.7038,667,
2024-05-29T15:00:00+00:00,22.17,30.13,17.7,47.47,20,40,Madrid,,40.4168,-3.7038,667,
2024-05-29T16:00:00+00:00,19.61,27.88,16.54,49.74,20,40,Madrid,,40.4168,-3.7038,667,
2024-05-29T17:00:00+00:00,18.5,28.88,17.28,53.29,20,40,Madrid,,40.4168,-3.7038,667,
2024-05-29T18:00:00+00:00,21.19,31.46,15.8,49.08,20,40,Madrid,,40.4168,-3.7038,667,
2024-05-29T19:00:00+00:00,17.21,21.05,16.75,39.99,20,40,Madrid,,40.4168,-3.7038,667,
2024-05-29T20:00:00+00:00,22.77,29.82,15.83,48.52,20,40,Madrid,,40.4168,-3.7038,667,
2024-05-29T21:00:00+00:00,17.77,24.19,16.08,40.45,20,40,Madrid,,40.4168,-3.7038,667,
2024-05-29T22:00:00+00:00,19.7,28.24,17.47,49.97,20,40,Madrid,,40.4168,-3.7038,667,
2024-05-29T23:00:00+00:00,23.06,32.64,17.67,54.55,20,40,Madrid,,40.4168,-3.7038,667,
2024-05-30T00:00:00+00:00,20.61,24.48,19.54,52.95,20,40,Madrid,,40.4168,-3.7038,667,
2024-05-30T01:00:00+00:00,25.1,33.3,21.09,51.17,20,40,Madrid,,40.4168,-3.7038,667,
2024-05-30T02:00:00+00:00,24.14,36.59,21.49,64.58,20,40,Madrid,,40.4168,-3.7038,667,
2024-05-30T03:00:00+00:00,24.67,35.67,21.52,64.62,20,40,Madrid,,40.4168,-3.7038,667,
2024-05-30T04:00:00+00:00,25.44,36.73,21.98,56.37,20,40,Madrid,,40.4168,-3.7038,667,
2024-05-30T05:00:00+00:00,18.57,21.52,24.76,57.51,20,40,Madrid,,40.4168,-3.7038,667,
2024-05-30T06:00:00+00:00,23.17,30.94,25.15,61.93,20,40,Madrid,,40.4168,-3.7038,667,
2024-05-30T07:00:00+00:00,22.87,32.89,23.78,56.93,20,40,Madrid,,40.4168,-3.7038,667,
2024-05-30T08:00:00+00:00,25.5,31.76,23.7,65.83,20,40,Madrid,,40.4168,-3.7038,667,
2024-05-30T09:00:00+00:00,21.17,31.93,22.02,56.29,20,40,Madrid,,40.4168,-3.7038,667,
2024-05-30T10:00:00+00:00,24.32,30.33,21.62,56.13,20,40,Madrid,,40.4168,-3.7038,667,
2024-05-30T11:00:00+00:00,25.5,32.57,19.65,58.64,20,40,Madrid,,40.4168,-3.7038,667,
2024-05-30T12:00:00+00:00,19.54,27.02,21.28,50.09,20,40,Madrid,,40.4168,-3.7038,667,
2024-05-30T13:00:00+00:00,18.64,27.45,18.99,48.76,20,40,Madrid,,40.4168,-3.7038,667,
2024-05-30T14:00:00+00:00,21.0,25.41,19.33,42.73,20,40,Madrid,,40.4168,-3.7038,667,
2024-05-30T15:00:00+00:00,18.43,22.77,16.35,40.61,20,40,Madrid,,40.4168,-3.7038,667,
2024-05-30T16:00:00+00:00,17.22,26.22,17.52,38.44,20,40,Madrid,,40.4168,-3.7038,667,
2024-05-30T17:00:00+00:00,18.64,24.56,17.18,39.27,20,40,Madrid,,40.4168,-3.7038,667,
2024-05-30T18:00:00+00:00,18.56,23.27,16.67,38.11,20,40,Madrid,,40.4168,-3.7038,667,
2024-05-30T19:00:00+00:00,24.64,32.54,15.34,52.24,20,40,Madrid,,40.4168,-3.7038,667,
2024-05-30T20:00:00+00:00,19.57,29.9,15.5,47.06,20,40,Madrid,,40.4168,-3.7038,667,
2024-05-30T21:00:00+00:00,21.54,32.05,17.02,48.21,20,40,Madrid,,40.4168,-3.7038,667,
2024-05-30T22:00:00+00:00,20.74,30.13,18.18,49.42,20,40,Madrid,,40.4168,-3.7038,667,
2024-05-30T23:00:00+00:00,22.47,33.04,17.84,45.61,20,40,Madrid,,40.4168,-3.7038,667,
2024-05-31T00:00:00+00:00,24.86,36.28,20.07,50.22,20,40,Madrid,,40.4168,-3.7038,667,
2024-05-31T01:00:00+00:00,21.61,31.08,21.74,54.14,20,40,Madrid,,40.4168,-3.7038,667,
2024-05-31T02:00:00+00:00,19.87,28.94,21.05,52.93,20,40,Madrid,,40.4168,-3.7038,667,
2024-05-31T03:00:00+00:00,21.65,32.74,24.28,68.48,20,40,Madrid,,40.4168,-3.7038,667,
2024-05-31T04:00:00+00:00,25.41,35.65,23.82,64.07,20,40,Madrid,,40.4168,-3.7038,667,
2024-05-31T05:00:00+00:00,21.0,24.4,24.22,61.79,20,40,Madrid,,40.4168,-3.7038,667,
2024-05-31T06:00:00+00:00,21.18,26.19,23.76,72.74,20,40,Madrid,,40.4168,-3.7038,667,
2024-05-31T07:00:00+00:00,20.24,24.18,23.06,65.49,20,40,Madrid,,40.4168,-3.7038,667,
2024-05-31T08:00:00+00:00,18.91,21.68,24.71,61.07,20,40,Madrid,,40.4168,-3.7038,667,
2024-05-31T09:00:00+00:00,27.55,38.04,22.25,65.88,20,40,Madrid,,40.4168,-3.7038,667,
2024-05-31T10:00:00+00:00,23.52,31.76,22.58,54.3,20,40,Madrid,,40.4168,-3.7038,667,
2024-05-31T11:00:00+00:00,20.31,24.57,21.19,56.42,20,40,Madrid,,40.4168,-3.7038,667,
2024-05-31T12:00:00+00:00,17.77,21.33,19.82,49.4,20,40,Madrid,,40.4168,-3.7038,667,
2024-05-31T13:00:00+00:00,21.2,28.43,20.24,60.31,20,40,Madrid,,40.4168,-3.7038,667,
2024-05-31T14:00:00+00:00,19.18,28.86,17.59,45.22,20,40,Madrid,,40.4168,-3.7038,667,
2024-05-31T15:00:00+00:00,22.07,29.78,15.69,54.54,20,40,Madrid,,40.4168,-3.7038,667,
2024-05-31T16:00:00+00:00,26.36,31.59,16.7,48.1,20,40,Madrid,,40.4168,-3.7038,667,
2024-05-31T17:00:00+00:00,20.86,28.47,15.47,47.38,20,40,Madrid,,40.4168,-3.7038,667,
2024-05-31T18:00:00+00:00,25.2,33.41,17.08,43.25,20,40,Madrid,,40.4168,-3.7038,667,
2024-05-31T19:00:00+00:00,22.56,28.12,16.32,48.2,20,40,Madrid,,40.4168,-3.7038,667,
2024-05-31T20:00:00+00:00,20.18,27.27,17.53,48.6,20,40,Madrid,,40.4168,-3.7038,667,
2024-05-31T21:00:00+00:00,20.04,28.08,17.87,46.46,20,40,Madrid,,40.4168,-3.7038,667,
2024-05-31T22:00:00+00:00,18.52,28.6,18.77,53.51,20,40,Madrid,,40.4168,-3.7038,667,
2024-05-31T23:00:00+00:00,20.0,23.7,17.6,54.43,20,40,Madrid,,40.4168,-3.7038,667,
2024-06-01T00:00:00+00:00,19.04,25.64,25.71,59.81,20,40,Madrid,,40.4168,-3.7038,667,
2024-06-01T01:00:00+00:00,17.28,24.53,26.82,64.86,20,40,Madrid,,40.4168,-3.7038,667,
2024-06-01T02:00:00+00:00,15.44,24.52,28.58,55.2,20,40,Madrid,,40.4168,-3.7038,667,
2024-06-01T03:00:00+00:00,17.13,20.85,28.23,58.64,20,40,Madrid,,40.4168,-3.7038,667,
2024-06-01T04:00:00+00:00,16.52,21.83,30.77,67.47,20,40,Madrid,,40.4168,-3.7038,667,
2024-06-01T05:00:00+00:00,14.28,17.91,28.89,59.9,20,40,Madrid,,40.4168,-3.7038,667,
2024-06-01T06:00:00+00:00,14.59,22.43,31.47,71.63,20,40,Madrid,,40.4168,-3.7038,667,
2024-06-01T07:00:00+00:00,12.74,18.02,28.86,56.92,20,40,Madrid,,40.4168,-3.7038,667,
2024-06-01T08:00:00+00:00,14.91,21.52,27.97,56.14,20,40,Madrid,,40.4168,-3.7038,667,
2024-06-01T09:00:00+00:00,16.89,23.7,29.75,57.83,20,40,Madrid,,40.4168,-3.7038,667,
2024-06-01T10:00:00+00:00,15.27,17.16,29.33,62.21,20,40,Madrid,,40.4168,-3.7038,667,
2024-06-01T11:00:00+00:00,14.55,18.66,27.87,62.27,20,40,Madrid,,40.4168,-3.7038,667,
2024-06-01T12:00:00+00:00,13.88,17.4,27.42,49.52,20,40,Madrid,,40.4168,-3.7038,667,
2024-06-01T13:00:00+00:00,13.63,17.04,25.16,59.4,20,40,Madrid,,40.4168,-3.7038,667,
2024-06-01T14:00:00+00:00,14.62,21.51,23.81,49.26,20,40,Madrid,,40.4168,-3.7038,667,
2024-06-01T15:00:00+00:00,13.78,17.85,22.2,52.89,20,40,Madrid,,40.4168,-3.7038,667,
2024-06-01T16:00:00+00:00,13.02,14.04,21.6,44.78,20,40,Madrid,,40.4168,-3.7038,667,
2024-06-01T17:00:00+00:00,13.79,20.91,22.78,51.48,20,40,Madrid,,40.4168,-3.7038,667,
2024-06-01T18:00:00+00:00,16.84,23.0,20.52,44.72,20,40,Madrid,,40.4168,-3.7038,667,
2024-06-01T19:00:00+00:00,15.38,17.81,21.86,40.88,20,40,Madrid,,40.4168,-3.7038,667,
2024-06-01T20:00:00+00:00,14.67,19.79,22.21,43.58,20,40,Madrid,,40.4168,-3.7038,667,
2024-06-01T21:00:00+00:00,15.76,18.86,21.83,51.49,20,40,Madrid,,40.4168,-3.7038,667,
2024-06-01T22:00:00+00:00,15.21,16.94,23.37,42.53,20,40,Madrid,,40.4168,-3.7038,667,
2024-06-01T23:00:00+00:00,14.43,22.27,25.45,47.76,20,40,Madrid,,40.4168,-3.7038,667,
2024-06-02T00:00:00+00:00,13.11,14.56,27.31,60.87,20,40,Madrid,,40.4168,-3.7038,667,
2024-06-02T01:00:00+00:00,16.46,18.97,26.92,50.14,20,40,Madrid,,40.4168,-3.7038,667,
2024-06-02T02:00:00+00:00,17.21,21.75,28.7,63.39,20,40,Madrid,,40.4168,-3.7038,667,
2024-06-02T03:00:00+00:00,17.64,22.87,29.04,60.47,20,40,Madrid,,40.4168,-3.7038,667,
2024-06-02T04:00:00+00:00,19.27,23.36,29.6,67.07,20,40,Madrid,,40.4168,-3.7038,667,
2024-06-02T05:00:00+00:00,16.52,23.27,31.2,58.37,20,40,Madrid,,40.4168,-3.7038,667,
2024-06-02T06:00:00+00:00,18.14,23.09,28.75,59.48,20,40,Madrid,,40.4168,-3.7038,667,
2024-06-02T07:00:00+00:00,13.27,14.06,29.24,66.51,20,40,Madrid,,40.4168,-3.7038,667,
2024-06-02T08:00:00+00:00,17.26,24.55,29.72,58.04,20,40,Madrid,,40.4168,-3.7038,667,
2024-06-02T09:00:00+00:00,17.2,24.75,28.71,63.1,20,40,Madrid,,40.4168,-3.7038,667,
2024-06-02T10:00:00+00:00,13.66,17.04,28.18,60.22,20,40,Madrid,,40.4168,-3.7038,667,
2024-06-02T11:00:00+00:00,14.56,18.83,27.25,63.89,20,40,Madrid,,40.4168,-3.7038,667,
2024-06-02T12:00:00+00:00,16.71,24.5,24.67,59.8,20,40,Madrid,,40.4168,-3.7038,667,
2024-06-02T13:00:00+00:00,15.4,21.27,25.58,49.35,20,40,Madrid,,40.4168,-3.7038,667,
2024-06-02T14:00:00+00:00,18.06,23.56,24.78,55.05,20,40,Madrid,,40.4168,-3.7038,667,
2024-06-02T15:00:00+00:00,13.75,19.94,22.15,52.81,20,40,Madrid,,40.4168,-3.7038,667,
2024-06-02T16:00:00+00:00,17.69,26.75,21.92,53.87,20,40,Madrid,,40.4168,-3.7038,667,
2024-06-02T17:00:00+00:00,11.43,16.58,22.95,37.6,20,40,Madrid,,40.4168,-3.7038,667,
2024-06-02T18:00:00+00:00,15.47,22.66,22.38,44.52,20,40,Madrid,,40.4168,-3.7038,667,
2024-06-02T19:00:00+00:00,13.61,20.51,23.05,46.29,20,40,Madrid,,40.4168,-3.7038,667,
2024-06-02T20:00:00+00:00,15.34,22.2,22.33,43.91,20,40,Madrid,,40.4168,-3.7038,667,
2024-06-02T21:00:00+00:00,17.05,24.45,23.3,50.43,20,40,Madrid,,40.4168,-3.7038,667,
2024-06-02T22:00:00+00:00,17.53,25.83,23.39,43.37,20,40,Madrid,,40.4168,-3.7038,667,
2024-06-02T23:00:00+00:00,14.32,22.81,26.35,54.3,20,40,Madrid,,40.4168,-3.7038,667,
2024-06-03T00:00:00+00:00,17.02,21.25,26.55,62.56,20,40,Madrid,,40.4168,-3.7038,667,
2024-06-03T01:00:00+00:00,19.26,26.45,26.77,62.94,20,40,Madrid,,40.4168,-3.7038,667,
2024-06-03T02:00:00+00:00,17.98,24.74,27.98,64.84,20,40,Madrid,,40.4168,-3.7038,667,
2024-06-03T03:00:00+00:00,19.13,24.22,29.33,69.48,20,40,Madrid,,40.4168,-3.7038,667,
2024-06-03T04:00:00+00:00,17.17,24.45,28.26,64.74,20,40,Madrid,,40.4168,-3.7038,667,
2024-06-03T05:00:00+00:00,18.37,20.94,31.09,67.47,20,40,Madrid,,40.4168,-3.7038,667,
2024-06-03T06:00:00+00:00,14.35,22.63,29.48,62.91,20,40,Madrid,,40.4168,-3.7038,667,
2024-06-03T07:00:00+00:00,18.85,29.0,30.59,65.47,20,40,Madrid,,40.4168,-3.7038,667,
2024-06-03T08:00:00+00:00,18.61,22.17,28.98,68.05,20,40,Madrid,,40.4168,-3.7038,667,
2024-06-03T09:00:00+00:00,16.69,23.63,27.55,64.9,20,40,Madrid,,40.4168,-3.7038,667,
2024-06-03T10:00:00+00:00,18.6,21.47,29.06,63.25,20,40,Madrid,,40.4168,-3.7038,667,
2024-06-03T11:00:00+00:00,16.3,24.34,27.1,64.47,20,40,Madrid,,40.4168,-3.7038,667,
2024-06-03T12:00:00+00:00,16.23,25.63,26.25,62.66,20,40,Madrid,,40.4168,-3.7038,667,
2024-06-03T13:00:00+00:00,17.93,28.14,24.7,50.49,20,40,Madrid,,40.4168,-3.7038,667,
2024-06-03T14:00:00+00:00,12.38,15.08,24.33,46.57,20,40,Madrid,,40.4168,-3.7038,667,
2024-06-03T15:00:00+00:00,15.9,22.33,22.54,45.69,20,40,Madrid,,40.4168,-3.7038,667,
2024-06-03T16:00:00+00:00,17.7,27.58,23.48,48.06,20,40,Madrid,,40.4168,-3.7038,667,
2024-06-03T17:00:00+00:00,12.7,14.22,21.12,50.15,20,40,Madrid,,40.4168,-3.7038,667,
2024-06-03T18:00:00+00:00,11.73,14.53,22.27,39.0,20,40,Madrid,,40.4168,-3.7038,667,
2024-06-03T19:00:00+00:00,16.65,21.59,22.6,48.56,20,40,Madrid,,40.4168,-3.7038,667,
2024-06-03T20:00:00+00:00,14.11,15.6,21.09,49.6,20,40,Madrid,,40.4168,-3.7038,667,
2024-06-03T21:00:00+00:00,15.08,21.66,22.57,46.58,20,40,Madrid,,40.4168,-3.7038,667,
2024-06-03T22:00:00+00:00,14.82,23.3,24.56,46.38,20,40,Madrid,,40.4168,-3.7038,667,
2024-06-03T23:00:00+00:00,15.89,22.26,25.16,55.14,20,40,Madrid,,40.4168,-3.7038,667,
2024-06-04T00:00:00+00:00,13.24,15.39,27.31,47.76,20,40,Madrid,,40.4168,-3.7038,667,
2024-06-04T01:00:00+00:00,17.32,22.68,25.92,53.93,20,40,Madrid,,40.4168,-3.7038,667,
2024-06-04T02:00:00+00:00,15.92,18.82,27.88,64.16,20,40,Madrid,,40.4168,-3.7038,667,
2024-06-04T03:00:00+00:00,17.88,24.16,29.68,67.18,20,40,Madrid,,40.4168,-3.7038,667,
2024-06-04T04:00:00+00:00,16.84,20.16,28.05,70.18,20,40,Madrid,,40.4168,-3.7038,667,
2024-06-04T05:00:00+00:00,15.92,24.62,29.46,62.49,20,40,Madrid,,40.4168,-3.7038,667,
2024-06-04T06:00:00+00:00,14.76,18.15,29.31,58.14,20,40,Madrid,,40.4168,-3.7038,667,
2024-06-04T07:00:00+00:00,14.13,16.63,30.74,63.27,20,40,Madrid,,40.4168,-3.7038,667,
2024-06-04T08:00:00+00:00,12.93,16.58,30.0,63.91,20,40,Madrid,,40.4168,-3.7038,667,
2024-06-04T09:00:00+00:00,18.07,21.77,29.15,58.93,20,40,Madrid,,40.4168,-3.7038,667,
2024-06-04T10:00:00+00:00,17.26,26.71,27.83,52.61,20,40,Madrid,,40.4168,-3.7038,667,
2024-06-04T11:00:00+00:00,18.08,22.3,27.33,63.28,20,40,Madrid,,40.4168,-3.7038,667,
2024-06-04T12:00:00+00:00,16.3,23.97,26.35,50.38,20,40,Madrid,,40.4168,-3.7038,667,
2024-06-04T13:00:00+00:00,13.87,18.17,26.18,47.69,20,40,Madrid,,40.4168,-3.7038,667,
2024-06-04T14:00:00+00:00,15.98,22.95,24.38,51.92,20,40,Madrid,,40.4168,-3.7038,667,
2024-06-04T15:00:00+00:00,14.04,15.38,22.22,41.38,20,40,Madrid,,40.4168,-3.7038,667,
2024-06-04T16:00:00+00:00,14.67,20.89,21.97,48.95,20,40,Madrid,,40.4168,-3.7038,667,
2024-06-04T17:00:00+00:00,17.17,26.17,21.38,50.41,20,40,Madrid,,40.4168,-3.7038,667,
2024-06-04T18:00:00+00:00,13.71,18.81,22.29,49.64,20,40,Madrid,,40.4168,-3.7038,667,
2024-06-04T19:00:00+00:00,17.16,19.46,22.03,40.88,20,40,Madrid,,40.4168,-3.7038,667,
2024-06-04T20:00:00+00:00,14.08,20.92,23.8,47.5,20,40,Madrid,,40.4168,-3.7038,667,
2024-06-04T21:00:00+00:00,13.52,14.91,22.31,50.45,20,40,Madrid,,40.4168,-3.7038,667,
2024-06-04T22:00:00+00:00,13.11,20.32,22.9,48.44,20,40,Madrid,,40.4168,-3.7038,667,
2024-06-04T23:00:00+00:00,15.96,25.11,26.04,52.97,20,40,Madrid,,40.4168,-3.7038,667,
2024-06-05T00:00:00+00:00,13.16,15.28,27.44,49.17,20,40,Madrid,,40.4168,-3.7038,667,
2024-06-05T01:00:00+00:00,17.87,21.64,26.21,63.9,20,40,Madrid,,40.4168,-3.7038,667,
2024-06-05T02:00:00+00:00,18.08,20.54,27.26,61.99,20,40,Madrid,,40.4168,-3.7038,667,
2024-06-05T03:00:00+00:00,16.47,23.37,30.15,68.35,20,40,Madrid,,40.4168,-3.7038,667,
2024-06-05T04:00:00+00:00,14.68,19.79,30.6,62.19,20,40,Madrid,,40.4168,-3.7038,667,
2024-06-05T05:00:00+00:00,19.09,25.24,28.78,68.35,20,40,Madrid,,40.4168,-3.7038,667,
2024-06-05T06:00:00+00:00,13.47,18.47,29.91,60.82,20,40,Madrid,,40.4168,-3.7038,667,
2024-06-05T07:00:00+00:00,16.99,21.69,30.01,59.08,20,40,Madrid,,40.4168,-3.7038,667,
2024-06-05T08:00:00+00:00,14.88,20.47,29.98,66.57,20,40,Madrid,,40.4168,-3.7038,667,
2024-06-05T09:00:00+00:00,17.26,19.3,29.89,57.97,20,40,Madrid,,40.4168,-3.7038,667,
2024-06-05T10:00:00+00:00,19.08,21.93,26.96,65.08,20,40,Madrid,,40.4168,-3.7038,667,
2024-06-05T11:00:00+00:00,15.19,20.39,25.66,56.56,20,40,Madrid,,40.4168,-3.7038,667,
2024-06-05T12:00:00+00:00,17.4,22.07,26.01,51.82,20,40,Madrid,,40.4168,-3.7038,667,
2024-06-05T13:00:00+00:00,16.32,21.13,24.88,56.72,20,40,Madrid,,40.4168,-3.7038,667,
2024-06-05T14:00:00+00:00,18.59,28.38,23.45,56.37,20,40,Madrid,,40.4168,-3.7038,667,
2024-06-05T15:00:00+00:00,16.37,25.14,23.13,42.44,20,40,Madrid,,40.4168,-3.7038,667,
2024-06-05T16:00:00+00:00,14.14,18.04,23.85,52.35,20,40,Madrid,,40.4168,-3.7038,667,
2024-06-05T17:00:00+00:00,16.51,25.11,21.2,43.31,20,40,Madrid,,40.4168,-3.7038,667,
2024-06-05T18:00:00+00:00,14.11,16.14,21.34,45.62,20,40,Madrid,,40.4168,-3.7038,667,
2024-06-05T19:00:00+00:00,13.49,15.55,20.74,45.25,20,40,Madrid,,40.4168,-3.7038,667,
2024-06-05T20:00:00+00:00,17.18,22.93,21.12,42.28,20,40,Madrid,,40.4168,-3.7038,667,
2024-06-05T21:00:00+00:00,13.99,16.21,22.15,52.33,20,40,Madrid,,40.4168,-3.7038,667,
2024-06-05T22:00:00+00:00,16.49,18.78,23.83,55.07,20,40,Madrid,,40.4168,-3.7038,667,
2024-06-05T23:00:00+00:00,16.74,26.46,23.85,55.49,20,40,Madrid,,40.4168,-3.7038,667,
2024-06-06T00:00:00+00:00,14.28,16.65,25.36,61.87,20,40,Madrid,,40.4168,-3.7038,667,
2024-06-06T01:00:00+00:00,15.74,20.36,27.03,63.26,20,40,Madrid,,40.4168,-3.7038,667,
2024-06-06T02:00:00+00:00,15.09,19.19,28.3,66.24,20,40,Madrid,,40.4168,-3.7038,667,
2024-06-06T03:00:00+00:00,13.91,20.66,29.07,57.76,20,40,Madrid,,40.4168,-3.7038,667,
2024-06-06T04:00:00+00:00,15.56,18.36,28.47,71.04,20,40,Madrid,,40.4168,-3.7038,667,
2024-06-06T05:00:00+00:00,14.25,19.82,30.67,70.96,20,40,Madrid,,40.4168,-3.7038,667,
2024-06-06T06:00:00+00:00,17.44,22.08,30.04,65.57,20,40,Madrid,,40.4168,-3.7038,667,
2024-06-06T07:00:00+00:00,14.38,19.89,30.46,61.56,20,40,Madrid,,40.4168,-3.7038,667,
2024-06-06T08:00:00+00:00,14.9,22.48,30.58,68.58,20,40,Madrid,,40.4168,-3.7038,667,
2024-06-06T09:00:00+00:00,17.71,21.86,29.22,65.02,20,40,Madrid,,40.4168,-3.7038,667,
2024-06-06T10:00:00+00:00,16.93,19.41,29.12,64.73,20,40,Madrid,,40.4168,-3.7038,667,
2024-06-06T11:00:00+00:00,17.33,23.6,25.78,64.28,20,40,Madrid,,40.4168,-3.7038,667,
2024-06-06T12:00:00+00:00,13.27,19.26,26.52,53.92,20,40,Madrid,,40.4168,-3.7038,667,
2024-06-06T13:00:00+00:00,18.5,22.88,23.62,56.84,20,40,Madrid,,40.4168,-3.7038,667,
2024-06-06T14:00:00+00:00,13.69,15.92,24.79,44.44,20,40,Madrid,,40.4168,-3.7038,667,
2024-06-06T15:00:00+00:00,14.89,16.99,23.25,54.54,20,40,Madrid,,40.4168,-3.7038,667,
2024-06-06T16:00:00+00:00,15.04,16.37,21.22,46.01,20,40,Madrid,,40.4168,-3.7038,667,
2024-06-06T17:00:00+00:00,12.32,15.59,21.79,38.65,20,40,Madrid,,40.4168,-3.7038,667,
2024-06-06T18:00:00+00:00,14.66,21.47,21.79,46.87,20,40,Madrid,,40.4168,-3.7038,667,
2024-06-06T19:00:00+00:00,14.98,21.53,22.84,43.86,20,40,Madrid,,40.4168,-3.7038,667,
2024-06-06T20:00:00+00:00,17.37,25.02,21.47,40.44,20,40,Madrid,,40.4168,-3.7038,667,
2024-06-06T21:00:00+00:00,14.08,18.12,22.6,42.29,20,40,Madrid,,40.4168,-3.7038,667,
2024-06-06T22:00:00+00:00,15.83,24.33,23.86,53.81,20,40,Madrid,,40.4168,-3.7038,667,
2024-06-06T23:00:00+00:00,15.17,16.88,26.32,54.75,20,40,Madrid,,40.4168,-3.7038,667,
2024-06-07T00:00:00+00:00,16.63,25.83,26.3,47.81,20,40,Madrid,,40.4168,-3.7038,667,
2024-06-07T01:00:00+00:00,19.11,26.64,26.9,64.75,20,40,Madrid,,40.4168,-3.7038,667,
2024-06-07T02:00:00+00:00,14.48,22.46,26.58,64.44,20,40,Madrid,,40.4168,-3.7038,667,
2024-06-07T03:00:00+00:00,17.54,25.75,28.44,62.2,20,40,Madrid,,40.4168,-3.7038,667,
2024-06-07T04:00:00+00:00,17.49,20.77,28.12,62.0,20,40,Madrid,,40.4168,-3.7038,667,
2024-06-07T05:00:00+00:00,18.55,21.56,29.02,70.29,20,40,Madrid,,40.4168,-3.7038,667,
2024-06-07T06:00:00+00:00,18.48,22.27,30.05,62.72,20,40,Madrid,,40.4168,-3.7038,667,
2024-06-07T07:00:00+00:00,19.5,24.25,28.95,66.04,20,40,Madrid,,40.4168,-3.7038,667,
2024-06-07T08:00:00+00:00,16.17,20.53,29.1,64.73,20,40,Madrid,,40.4168,-3.7038,667,
2024-06-07T09:00:00+00:00,14.28,21.2,29.7,68.99,20,40,Madrid,,40.4168,-3.7038,667,
2024-06-07T10:00:00+00:00,13.29,18.74,29.24,67.37,20,40,Madrid,,40.4168,-3.7038,667,
2024-06-07T11:00:00+00:00,16.37,22.35,26.11,59.82,20,40,Madrid,,40.4168,-3.7038,667,
2024-06-07T12:00:00+00:00,14.74,23.13,27.45,58.25,20,40,Madrid,,40.4168,-3.7038,667,
2024-06-07T13:00:00+00:00,16.18,19.09,24.46,55.29,20,40,Madrid,,40.4168,-3.7038,667,
2024-06-07T14:00:00+00:00,17.74,24.21,24.55,48.1,20,40,Madrid,,40.4168,-3.7038,667,
2024-06-07T15:00:00+00:00,15.52,21.63,24.57,48.39,20,40,Madrid,,40.4168,-3.7038,667,
2024-06-07T16:00:00+00:00,12.33,18.91,23.8,38.56,20,40,Madrid,,40.4168,-3.7038,667,
2024-06-07T17:00:00+00:00,12.47,12.9,20.89,41.07,20,40,Madrid,,40.4168,-3.7038,667,
2024-06-07T18:00:00+00:00,17.63,27.17,21.15,48.1,20,40,Madrid,,40.4168,-3.7038,667,
2024-06-07T19:00:00+00:00,17.33,19.6,20.78,52.32,20,40,Madrid,,40.4168,-3.7038,667,
2024-06-07T20:00:00+00:00,13.28,17.1,23.41,53.32,20,40,Madrid,,40.4168,-3.7038,667,
2024-06-07T21:00:00+00:00,12.68,16.89,24.6,40.76,20,40,Madrid,,40.4168,-3.7038,667,
2024-06-07T22:00:00+00:00,16.8,22.85,23.14,45.88,20,40,Madrid,,40.4168,-3.7038,667,
2024-06-07T23:00:00+00:00,18.28,22.36,25.04,50.39,20,40,Madrid,,40.4168,-3.7038,667,
2024-06-08T00:00:00+00:00,14.38,21.68,25.43,48.74,20,40,Madrid,,40.4168,-3.7038,667,
2024-06-08T01:00:00+00:00,14.04,16.19,27.84,57.62,20,40,Madrid,,40.4168,-3.7038,667,
2024-06-08T02:00:00+00:00,13.29,18.21,26.61,62.45,20,40,Madrid,,40.4168,-3.7038,667,
2024-06-08T03:00:00+00:00,13.57,14.58,29.69,61.49,20,40,Madrid,,40.4168,-3.7038,667,
2024-06-08T04:00:00+00:00,15.31,20.21,30.0,66.07,20,40,Madrid,,40.4168,-3.7038,667,
2024-06-08T05:00:00+00:00,16.35,24.25,28.51,71.9,20,40,Madrid,,40.4168,-3.7038,667,
2024-06-08T06:00:00+00:00,17.23,20.73,28.65,69.94,20,40,Madrid,,40.4168,-3.7038,667,
2024-06-08T07:00:00+00:00,14.81,23.55,29.85,62.53,20,40,Madrid,,40.4168,-3.7038,667,
2024-06-08T08:00:00+00:00,13.68,16.72,29.15,67.94,20,40,Madrid,,40.4168,-3.7038,667,
2024-06-08T09:00:00+00:00,14.15,16.49,28.45,64.74,20,40,Madrid,,40.4168,-3.7038,667,
2024-06-08T10:00:00+00:00,14.85,16.2,27.84,53.33,20,40,Madrid,,40.4168,-3.7038,667,
2024-06-08T11:00:00+00:00,17.44,21.37,27.97,55.55,20,40,Madrid,,40.4168,-3.7038,667,
2024-06-08T12:00:00+00:00,13.1,15.9,24.98,50.73,20,40,Madrid,,40.4168,-3.7038,667,
2024-06-08T13:00:00+00:00,17.33,20.11,25.68,60.29,20,40,Madrid,,40.4168,-3.7038,667,
2024-06-08T14:00:00+00:00,14.06,20.35,24.87,49.87,20,40,Madrid,,40.4168,-3.7038,667,
2024-06-08T15:00:00+00:00,17.0,26.87,24.45,44.24,20,40,Madrid,,40.4168,-3.7038,667,
2024-06-08T16:00:00+00:00,15.19,19.93,21.28,45.12,20,40,Madrid,,40.4168,-3.7038,667,
2024-06-08T17:00:00+00:00,15.55,24.71,22.77,51.38,20,40,Madrid,,40.4168,-3.7038,667,
2024-06-08T18:00:00+00:00,12.9,18.51,20.56,52.62,20,40,Madrid,,40.4168,-3.7038,667,
2024-06-08T19:00:00+00:00,12.14,14.1,21.62,43.18,20,40,Madrid,,40.4168,-3.7038,667,
2024-06-08T20:00:00+00:00,12.55,15.04,23.2,41.29,20,40,Madrid,,40.4168,-3.7038,667,
2024-06-08T21:00:00+00:00,13.52,14.42,22.72,43.89,20,40,Madrid,,40.4168,-3.7038,667,
2024-06-08T22:00:00+00:00,14.43,17.58,23.58,57.4,20,40,Madrid,,40.4168,-3.7038,667,
2024-06-08T23:00:00+00:00,12.07,20.14,26.26,49.51,20,40,Madrid,,40.4168,-3.7038,667,
2024-06-09T00:00:00+00:00,12.19,19.71,26.26,47.09,20,40,Madrid,,40.4168,-3.7038,667,
2024-06-09T01:00:00+00:00,17.4,23.1,26.99,62.86,20,40,Madrid,,40.4168,-3.7038,667,
2024-06-09T02:00:00+00:00,13.93,18.29,27.41,56.07,20,40,Madrid,,40.4168,-3.7038,667,
2024-06-09T03:00:00+00:00,14.19,19.26,29.37,66.28,20,40,Madrid,,40.4168,-3.7038,667,
2024-06-09T04:00:00+00:00,17.91,20.83,28.82,66.66,20,40,Madrid,,40.4168,-3.7038,667,
2024-06-09T05:00:00+00:00,14.45,16.68,31.21,63.84,20,40,Madrid,,40.4168,-3.7038,667,
2024-06-09T06:00:00+00:00,15.91,17.7,28.57,58.54,20,40,Madrid,,40.4168,-3.7038,667,
2024-06-09T07:00:00+00:00,16.04,21.6,30.24,70.81,20,40,Madrid,,40.4168,-3.7038,667,
2024-06-09T08:00:00+00:00,13.6,15.55,29.73,65.68,20,40,Madrid,,40.4168,-3.7038,667,
2024-06-09T09:00:00+00:00,13.32,20.88,28.49,56.14,20,40,Madrid,,40.4168,-3.7038,667,
2024-06-09T10:00:00+00:00,16.04,18.24,26.56,55.89,20,40,Madrid,,40.4168,-3.7038,667,
2024-06-09T11:00:00+00:00,17.68,20.29,27.3,54.03,20,40,Madrid,,40.4168,-3.7038,667,
2024-06-09T12:00:00+00:00,16.37,22.64,25.64,55.37,20,40,Madrid,,40.4168,-3.7038,667,
2024-06-09T13:00:00+00:00,12.75,16.72,23.66,48.49,20,40,Madrid,,40.4168,-3.7038,667,
2024-06-09T14:00:00+00:00,17.32,20.48,24.3,57.27,20,40,Madrid,,40.4168,-3.7038,667,
2024-06-09T15:00:00+00:00,12.73,13.56,22.82,44.29,20,40,Madrid,,40.4168,-3.7038,667,
2024-06-09T16:00:00+00:00,15.26,23.47,23.79,50.39,20,40,Madrid,,40.4168,-3.7038,667,
2024-06-09T17:00:00+00:00,15.7,20.21,21.29,39.05,20,40,Madrid,,40.4168,-3.7038,667,
2024-06-09T18:00:00+00:00,14.35,16.71,23.28,45.48,20,40,Madrid,,40.4168,-3.7038,667,
2024-06-09T19:00:00+00:00,17.11,19.19,22.97,39.1,20,40,Madrid,,40.4168,-3.7038,667,
2024-06-09T20:00:00+00:00,11.54,12.11,23.06,39.12,20,40,Madrid,,40.4168,-3.7038,667,
2024-06-09T21:00:00+00:00,18.32,21.79,22.74,55.33,20,40,Madrid,,40.4168,-3.7038,667,
2024-06-09T22:00:00+00:00,12.91,17.22,25.33,44.0,20,40,Madrid,,40.4168,-3.7038,667,
2024-06-09T23:00:00+00:00,13.0,15.13,26.43,50.73,20,40,Madrid,,40.4168,-3.7038,667,
2024-06-10T00:00:00+00:00,15.91,17.58,26.36,62.12,20,40,Madrid,,40.4168,-3.7038,667,
2024-06-10T01:00:00+00:00,16.87,20.74,27.23,58.37,20,40,Madrid,,40.4168,-3.7038,667,
2024-06-10T02:00:00+00:00,17.69,22.26,27.81,60.15,20,40,Madrid,,40.4168,-3.7038,667,
2024-06-10T03:00:00+00:00,14.36,15.67,28.62,64.98,20,40,Madrid,,40.4168,-3.7038,667,
2024-06-10T04:00:00+00:00,17.22,26.5,29.61,69.89,20,40,Madrid,,40.4168,-3.7038,667,
2024-06-10T05:00:00+00:00,13.75,15.66,31.34,66.98,20,40,Madrid,,40.4168,-3.7038,667,
2024-06-10T06:00:00+00:00,13.7,15.4,28.76,64.6,20,40,Madrid,,40.4168,-3.7038,667,
2024-06-10T07:00:00+00:00,15.26,23.55,28.65,63.89,20,40,Madrid,,40.4168,-3.7038,667,
2024-06-10T08:00:00+00:00,17.79,23.2,29.64,63.87,20,40,Madrid,,40.4168,-3.7038,667,
2024-06-10T09:00:00+00:00,14.78,16.07,29.85,55.97,20,40,Madrid,,40.4168,-3.7038,667,
2024-06-10T10:00:00+00:00,18.31,21.58,27.03,64.14,20,40,Madrid,,40.4168,-3.7038,667,
2024-06-10T11:00:00+00:00,13.58,18.1,26.32,52.06,20,40,Madrid,,40.4168,-3.7038,667,
2024-06-10T12:00:00+00:00,14.15,18.47,26.64,47.48,20,40,Madrid,,40.4168,-3.7038,667,
2024-06-10T13:00:00+00:00,14.92,23.37,26.12,57.33,20,40,Madrid,,40.4168,-3.7038,667,
2024-06-10T14:00:00+00:00,12.41,14.33,23.95,43.61,20,40,Madrid,,40.4168,-3.7038,667,
2024-06-10T15:00:00+00:00,13.8,19.93,22.35,46.82,20,40,Madrid,,40.4168,-3.7038,667,
2024-06-10T16:00:00+00:00,18.15,26.4,21.6,44.54,20,40,Madrid,,40.4168,-3.7038,667,
2024-06-10T17:00:00+00:00,11.38,14.82,22.88,38.99,20,40,Madrid,,40.4168,-3.7038,667,
2024-06-10T18:00:00+00:00,12.64,20.72,22.46,42.53,20,40,Madrid,,40.4168,-3.7038,667,
2024-06-10T19:00:00+00:00,15.07,20.43,22.28,44.59,20,40,Madrid,,40.4168,-3.7038,667,
2024-06-10T20:00:00+00:00,17.77,24.38,23.58,47.96,20,40,Madrid,,40.4168,-3.7038,667,
2024-06-10T21:00:00+00:00,15.02,16.67,24.43,51.27,20,40,Madrid,,40.4168,-3.7038,667,
2024-06-10T22:00:00+00:00,16.33,24.39,23.47,48.46,20,40,Madrid,,40.4168,-3.7038,667,
2024-06-10T23:00:00+00:00,15.27,21.68,24.24,56.42,20,40,Madrid,,40.4168,-3.7038,667,
2024-06-11T00:00:00+00:00,17.43,24.58,27.21,62.03,20,40,Madrid,,40.4168,-3.7038,667,
2024-06-11T01:00:00+00:00,14.65,16.93,26.54,56.51,20,40,Madrid,,40.4168,-3.7038,667,
2024-06-11T02:00:00+00:00,17.28,25.7,27.26,53.27,20,40,Madrid,,40.4168,-3.7038,667,
2024-06-11T03:00:00+00:00,15.59,21.33,28.07,63.98,20,40,Madrid,,40.4168,-3.7038,667,
2024-06-11T04:00:00+00:00,13.28,20.38,28.54,64.98,20,40,Madrid,,40.4168,-3.7038,667,
2024-06-11T05:00:00+00:00,15.1,21.29,28.54,62.33,20,40,Madrid,,40.4168,-3.7038,667,
2024-06-11T06:00:00+00:00,17.91,21.9,30.79,70.75,20,40,Madrid,,40.4168,-3.7038,667,
2024-06-11T07:00:00+00:00,17.33,26.06,28.42,60.33,20,40,Madrid,,40.4168,-3.7038,667,
2024-06-11T08:00:00+00:00,13.37,15.67,30.75,62.66,20,40,Madrid,,40.4168,-3.7038,667,
2024-06-11T09:00:00+00:00,15.36,22.76,28.62,59.89,20,40,Madrid,,40.4168,-3.7038,667,
2024-06-11T10:00:00+00:00,16.32,21.07,27.95,57.71,20,40,Madrid,,40.4168,-3.7038,667,
2024-06-11T11:00:00+00:00,14.02,17.96,28.48,55.96,20,40,Madrid,,40.4168,-3.7038,667,
2024-06-11T12:00:00+00:00,17.27,24.96,26.83,50.31,20,40,Madrid,,40.4168,-3.7038,667,
2024-06-11T13:00:00+00:00,15.45,23.85,25.81,45.92,20,40,Madrid,,40.4168,-3.7038,667,
2024-06-11T14:00:00+00:00,12.63,13.98,22.6,48.79,20,40,Madrid,,40.4168,-3.7038,667,
2024-06-11T15:00:00+00:00,15.5,23.15,22.1,45.06,20,40,Madrid,,40.4168,-3.7038,667,
2024-06-11T16:00:00+00:00,11.67,15.16,22.01,41.37,20,40,Madrid,,40.4168,-3.7038,667,
2024-06-11T17:00:00+00:00,17.11,26.22,21.82,48.26,20,40,Madrid,,40.4168,-3.7038,667,
2024-06-11T18:00:00+00:00,16.52,19.78,20.76,46.07,20,40,Madrid,,40.4168,-3.7038,667,
2024-06-11T19:00:00+00:00,17.97,22.8,20.93,45.21,20,40,Madrid,,40.4168,-3.7038,667,
2024-06-11T20:00:00+00:00,14.15,18.43,22.06,51.5,20,40,Madrid,,40.4168,-3.7038,667,
2024-06-11T21:00:00+00:00,12.1,19.89,23.95,40.94,20,40,Madrid,,40.4168,-3.7038,667,
2024-06-11T22:00:00+00:00,14.14,20.78,25.06,45.15,20,40,Madrid,,40.4168,-3.7038,667,
2024-06-11T23:00:00+00:00,18.36,22.49,24.9,53.06,20,40,Madrid,,40.4168,-3.7038,667,
2024-06-12T00:00:00+00:00,15.01,22.74,27.34,58.6,20,40,Madrid,,40.4168,-3.7038,667,
2024-06-12T01:00:00+00:00,14.83,21.74,25.9,52.47,20,40,Madrid,,40.4168,-3.7038,667,
2024-06-12T02:00:00+00:00,18.33,24.17,28.5,54.01,20,40,Madrid,,40.4168,-3.7038,667,
2024-06-12T03:00:00+00:00,18.67,25.03,27.5,62.46,20,40,Madrid,,40.4168,-3.7038,667,
2024-06-12T04:00:00+00:00,16.52,19.95,28.24,69.53,20,40,Madrid,,40.4168,-3.7038,667,
2024-06-12T05:00:00+00:00,14.26,21.94,30.62,60.38,20,40,Madrid,,40.4168,-3.7038,667,
2024-06-12T06:00:00+00:00,14.33,15.55,30.96,60.54,20,40,Madrid,,40.4168,-3.7038,667,
2024-06-12T07:00:00+00:00,19.24,23.79,30.13,66.71,20,40,Madrid,,40.4168,-3.7038,667,
2024-06-12T08:00:00+00:00,18.19,24.26,29.5,62.75,20,40,Madrid,,40.4168,-3.7038,667,
2024-06-12T09:00:00+00:00,17.98,21.42,28.27,55.41,20,40,Madrid,,40.4168,-3.7038,667,
2024-06-12T10:00:00+00:00,16.43,23.35,29.13,63.1,20,40,Madrid,,40.4168,-3.7038,667,
2024-06-12T11:00:00+00:00,19.27,23.87,26.98,65.28,20,40,Madrid,,40.4168,-3.7038,667,
2024-06-12T12:00:00+00:00,14.69,23.66,25.33,52.91,20,40,Madrid,,40.4168,-3.7038,667,
2024-06-12T13:00:00+00:00,13.58,17.44,24.54,47.6,20,40,Madrid,,40.4168,-3.7038,667,
2024-06-12T14:00:00+00:00,18.16,25.95,25.11,49.82,20,40,Madrid,,40.4168,-3.7038,667,
2024-06-12T15:00:00+00:00,15.2,17.23,22.77,45.9,20,40,Madrid,,40.4168,-3.7038,667,
2024-06-12T16:00:00+00:00,15.18,23.64,22.8,50.58,20,40,Madrid,,40.4168,-3.7038,667,
2024-06-12T17:00:00+00:00,15.18,17.55,22.79,49.65,20,40,Madrid,,40.4168,-3.7038,667,
2024-06-12T18:00:00+00:00,12.32,15.05,22.47,38.83,20,40,Madrid,,40.4168,-3.7038,667,
2024-06-12T19:00:00+00:00,15.33,16.91,20.81,39.26,20,40,Madrid,,40.4168,-3.7038,667,
2024-06-12T20:00:00+00:00,15.73,23.18,23.37,53.67,20,40,Madrid,,40.4168,-3.7038,667,
2024-06-12T21:00:00+00:00,12.94,17.42,22.41,46.31,20,40,Madrid,,40.4168,-3.7038,667,
2024-06-12T22:00:00+00:00,17.23,19.76,24.68,52.73,20,40,Madrid,,40.4168,-3.7038,667,
2024-06-12T23:00:00+00:00,15.35,24.52,26.38,60.29,20,40,Madrid,,40.4168,-3.7038,667,
2024-06-13T00:00:00+00:00,12.15,18.28,26.35,52.42,20,40,Madrid,,40.4168,-3.7038,667,
2024-06-13T01:00:00+00:00,17.49,27.06,26.92,56.04,20,40,Madrid,,40.4168,-3.7038,667,
2024-06-13T02:00:00+00:00,12.74,18.73,28.94,61.05,20,40,Madrid,,40.4168,-3.7038,667,
2024-06-13T03:00:00+00:00,18.84,29.06,30.24,64.11,20,40,Madrid,,40.4168,-3.7038,667,
2024-06-13T04:00:00+00:00,14.22,22.84,29.42,57.72,20,40,Madrid,,40.4168,-3.7038,667,
2024-06-13T05:00:00+00:00,16.88,20.6,29.46,67.35,20,40,Madrid,,40.4168,-3.7038,667,
2024-06-13T06:00:00+00:00,15.28,17.82,28.69,68.55,20,40,Madrid,,40.4168,-3.7038,667,
2024-06-13T07:00:00+00:00,12.54,18.35,30.26,58.85,20,40,Madrid,,40.4168,-3.7038,667,
2024-06-13T08:00:00+00:00,18.1,20.6,29.4,62.85,20,40,Madrid,,40.4168,-3.7038,667,
2024-06-13T09:00:00+00:00,17.99,27.11,29.9,62.32,20,40,Madrid,,40.4168,-3.7038,667,
2024-06-13T10:00:00+00:00,15.9,17.83,28.56,56.96,20,40,Madrid,,40.4168,-3.7038,667,
2024-06-13T11:00:00+00:00,16.78,24.6,26.7,63.05,20,40,Madrid,,40.4168,-3.7038,667,
2024-06-13T12:00:00+00:00,12.93,14.99,26.95,48.38,20,40,Madrid,,40.4168,-3.7038,667,
2024-06-13T13:00:00+00:00,16.16,22.58,26.26,47.39,20,40,Madrid,,40.4168,-3.7038,667,
2024-06-13T14:00:00+00:00,14.27,17.58,24.61,43.64,20,40,Madrid,,40.4168,-3.7038,667,
2024-06-13T15:00:00+00:00,15.56,24.72,22.29,42.09,20,40,Madrid,,40.4168,-3.7038,667,
2024-06-13T16:00:00+00:00,11.47,12.88,21.8,39.63,20,40,Madrid,,40.4168,-3.7038,667,
2024-06-13T17:00:00+00:00,17.84,23.11,22.36,43.87,20,40,Madrid,,40.4168,-3.7038,667,
2024-06-13T18:00:00+00:00,13.43,17.38,21.91,46.42,20,40,Madrid,,40.4168,-3.7038,667,
2024-06-13T19:00:00+00:00,16.48,22.96,21.66,40.49,20,40,Madrid,,40.4168,-3.7038,667,
2024-06-13T20:00:00+00:00,14.76,21.43,22.34,49.17,20,40,Madrid,,40.4168,-3.7038,667,
2024-06-13T21:00:00+00:00,12.66,15.74,22.87,41.54,20,40,Madrid,,40.4168,-3.7038,667,
2024-06-13T22:00:00+00:00,13.11,16.74,22.52,47.5,20,40,Madrid,,40.4168,-3.7038,667,
2024-06-13T23:00:00+00:00,13.58,20.79,23.75,49.87,20,40,Madrid,,40.4168,-3.7038,667,
2024-06-14T00:00:00+00:00,13.54,15.92,26.4,60.04,20,40,Madrid,,40.4168,-3.7038,667,
2024-06-14T01:00:00+00:00,17.68,21.38,27.37,59.0,20,40,Madrid,,40.4168,-3.7038,667,
2024-06-14T02:00:00+00:00,18.45,22.84,27.09,67.47,20,40,Madrid,,40.4168,-3.7038,667,
2024-06-14T03:00:00+00:00,13.32,15.48,28.09,64.41,20,40,Madrid,,40.4168,-3.7038,667,
2024-06-14T04:00:00+00:00,15.54,21.29,29.39,56.7,20,40,Madrid,,40.4168,-3.7038,667,
2024-06-14T05:00:00+00:00,16.95,25.21,30.1,59.52,20,40,Madrid,,40.4168,-3.7038,667,
2024-06-14T06:00:00+00:00,13.47,16.09,29.73,61.39,20,40,Madrid,,40.4168,-3.7038,667,
2024-06-14T07:00:00+00:00,15.76,17.99,28.68,68.13,20,40,Madrid,,40.4168,-3.7038,667,
2024-06-14T08:00:00+00:00,15.08,17.72,29.83,65.41,20,40,Madrid,,40.4168,-3.7038,667,
2024-06-14T09:00:00+00:00,17.29,22.99,30.18,64.86,20,40,Madrid,,40.4168,-3.7038,667,
2024-06-14T10:00:00+00:00,17.58,23.18,28.81,54.91,20,40,Madrid,,40.4168,-3.7038,667,
2024-06-14T11:00:00+00:00,13.39,17.26,26.96,58.05,20,40,Madrid,,40.4168,-3.7038,667,
2024-06-14T12:00:00+00:00,15.27,23.79,26.82,56.22,20,40,Madrid,,40.4168,-3.7038,667,
2024-06-14T13:00:00+00:00,18.83,22.1,25.05,57.1,20,40,Madrid,,40.4168,-3.7038,667,
2024-06-14T14:00:00+00:00,12.25,12.7,25.04,45.65,20,40,Madrid,,40.4168,-3.7038,667,
2024-06-14T15:00:00+00:00,15.93,22.06,23.49,44.62,20,40,Madrid,,40.4168,-3.7038,667,
2024-06-14T16:00:00+00:00,12.06,13.62,23.29,47.55,20,40,Madrid,,40.4168,-3.7038,667,
2024-06-14T17:00:00+00:00,14.17,15.63,20.74,45.57,20,40,Madrid,,40.4168,-3.7038,667,
2024-06-14T18:00:00+00:00,13.02,20.64,23.49,49.08,20,40,Madrid,,40.4168,-3.7038,667,
2024-06-14T19:00:00+00:00,17.03,19.38,21.23,50.48,20,40,Madrid,,40.4168,-3.7038,667,
2024-06-14T20:00:00+00:00,16.89,23.08,23.91,46.73,20,40,Madrid,,40.4168,-3.7038,667,
2024-06-14T21:00:00+00:00,12.49,13.07,21.82,40.33,20,40,Madrid,,40.4168,-3.7038,667,
2024-06-14T22:00:00+00:00,19.11,21.93,22.73,55.29,20,40,Madrid,,40.4168,-3.7038,667,
2024-06-14T23:00:00+00:00,14.05,17.95,25.85,45.68,20,40,Madrid,,40.4168,-3.7038,667,
2024-06-15T00:00:00+00:00,16.63,25.59,24.54,58.08,20,40,Madrid,,40.4168,-3.7038,667,
2024-06-15T01:00:00+00:00,15.02,22.15,27.99,55.75,20,40,Madrid,,40.4168,-3.7038,667,
2024-06-15T02:00:00+00:00,15.81,23.41,27.0,61.39,20,40,Madrid,,40.4168,-3.7038,667,
2024-06-15T03:00:00+00:00,16.62,20.47,29.33,69.92,20,40,Madrid,,40.4168,-3.7038,667,
2024-06-15T04:00:00+00:00,14.36,15.98,30.07,65.37,20,40,Madrid,,40.4168,-3.7038,667,
2024-06-15T05:00:00+00:00,12.94,19.25,31.07,61.02,20,40,Madrid,,40.4168,-3.7038,667,
2024-06-15T06:00:00+00:00,14.3,22.11,31.28,62.31,20,40,Madrid,,40.4168,-3.7038,667,
2024-06-15T07:00:00+00:00,13.99,18.18,28.39,69.46,20,40,Madrid,,40.4168,-3.7038,667,
2024-06-15T08:00:00+00:00,12.66,18.76,28.1,55.75,20,40,Madrid,,40.4168,-3.7038,667,
2024-06-15T09:00:00+00:00,16.24,19.88,29.44,67.88,20,40,Madrid,,40.4168,-3.7038,667,
2024-06-15T10:00:00+00:00,15.18,22.78,27.06,57.02,20,40,Madrid,,40.4168,-3.7038,667,
2024-06-15T11:00:00+00:00,16.23,23.16,26.8,49.65,20,40,Madrid,,40.4168,-3.7038,667,
2024-06-15T12:00:00+00:00,14.47,21.05,25.55,52.55,20,40,Madrid,,40.4168,-3.7038,667,
2024-06-15T13:00:00+00:00,16.36,20.06,25.24,49.44,20,40,Madrid,,40.4168,-3.7038,667,
2024-06-15T14:00:00+00:00,13.84,18.32,24.69,45.25,20,40,Madrid,,40.4168,-3.7038,667,
2024-06-15T15:00:00+00:00,15.81,22.81,24.5,48.59,20,40,Madrid,,40.4168,-3.7038,667,
2024-06-15T16:00:00+00:00,17.16,26.34,22.72,48.3,20,40,Madrid,,40.4168,-3.7038,667,
2024-06-15T17:00:00+00:00,13.68,15.46,21.39,39.21,20,40,Madrid,,40.4168,-3.7038,667,
2024-06-15T18:00:00+00:00,16.23,21.29,22.05,38.7,20,40,Madrid,,40.4168,-3.7038,667,
2024-06-15T19:00:00+00:00,17.55,24.43,21.95,42.27,20,40,Madrid,,40.4168,-3.7038,667,
2024-06-15T20:00:00+00:00,12.77,17.78,23.66,47.9,20,40,Madrid,,40.4168,-3.7038,667,
2024-06-15T21:00:00+00:00,16.76,26.31,22.84,48.85,20,40,Madrid,,40.4168,-3.7038,667,
2024-06-15T22:00:00+00:00,16.89,26.48,23.13,49.54,20,40,Madrid,,40.4168,-3.7038,667,
2024-06-15T23:00:00+00:00,17.43,23.68,23.84,51.86,20,40,Madrid,,40.4168,-3.7038,667,
2024-06-16T00:00:00+00:00,14.26,17.5,26.62,51.05,20,40,Madrid,,40.4168,-3.7038,667,
2024-06-16T01:00:00+00:00,18.1,27.33,25.9,60.74,20,40,Madrid,,40.4168,-3.7038,667,
2024-06-16T02:00:00+00:00,17.51,27.21,29.03,66.06,20,40,Madrid,,40.4168,-3.7038,667,
2024-06-16T03:00:00+00:00,14.18,16.97,29.96,60.21,20,40,Madrid,,40.4168,-3.7038,667,
2024-06-16T04:00:00+00:00,15.69,24.33,28.4,71.35,20,40,Madrid,,40.4168,-3.7038,667,
2024-06-16T05:00:00+00:00,14.45,19.91,28.73,57.44,20,40,Madrid,,40.4168,-3.7038,667,
2024-06-16T06:00:00+00:00,14.82,22.7,29.92,61.3,20,40,Madrid,,40.4168,-3.7038,667,
2024-06-16T07:00:00+00:00,13.56,19.18,31.23,63.23,20,40,Madrid,,40.4168,-3.7038,667,
2024-06-16T08:00:00+00:00,12.67,18.92,30.19,61.42,20,40,Madrid,,40.4168,-3.7038,667,
2024-06-16T09:00:00+00:00,18.45,21.4,27.98,57.6,20,40,Madrid,,40.4168,-3.7038,667,
2024-06-16T10:00:00+00:00,17.38,23.45,28.43,53.01,20,40,Madrid,,40.4168,-3.7038,667,
2024-06-16T11:00:00+00:00,14.56,18.4,28.31,61.08,20,40,Madrid,,40.4168,-3.7038,667,
2024-06-16T12:00:00+00:00,13.5,18.33,24.65,53.19,20,40,Madrid,,40.4168,-3.7038,667,
2024-06-16T13:00:00+00:00,18.1,23.27,24.98,50.55,20,40,Madrid,,40.4168,-3.7038,667,
2024-06-16T14:00:00+00:00,12.33,12.84,24.42,49.53,20,40,Madrid,,40.4168,-3.7038,667,
2024-06-16T15:00:00+00:00,13.85,20.45,23.84,53.45,20,40,Madrid,,40.4168,-3.7038,667,
2024-06-16T16:00:00+00:00,13.15,20.26,22.84,45.85,20,40,Madrid,,40.4168,-3.7038,667,
2024-06-16T17:00:00+00:00,15.99,24.02,22.44,50.71,20,40,Madrid,,40.4168,-3.7038,667,
2024-06-16T18:00:00+00:00,13.14,15.23,21.94,51.61,20,40,Madrid,,40.4168,-3.7038,667,
2024-06-16T19:00:00+00:00,17.35,26.9,21.19,51.04,20,40,Madrid,,40.4168,-3.7038,667,
2024-06-16T20:00:00+00:00,16.07,24.02,23.61,53.0,20,40,Madrid,,40.4168,-3.7038,667,
2024-06-16T21:00:00+00:00,15.62,18.53,23.46,53.36,20,40,Madrid,,40.4168,-3.7038,667,
2024-06-16T22:00:00+00:00,16.96,22.37,24.69,42.05,20,40,Madrid,,40.4168,-3.7038,667,
2024-06-16T23:00:00+00:00,15.47,21.78,26.03,46.72,20,40,Madrid,,40.4168,-3.7038,667,
2024-06-17T00:00:00+00:00,19.37,27.15,25.83,60.84,20,40,Madrid,,40.4168,-3.7038,667,
2024-06-17T01:00:00+00:00,18.91,26.04,28.39,60.84,20,40,Madrid,,40.4168,-3.7038,667,
2024-06-17T02:00:00+00:00,14.8,16.43,26.82,65.75,20,40,Madrid,,40.4168,-3.7038,667,
2024-06-17T03:00:00+00:00,16.85,21.52,27.34,57.2,20,40,Madrid,,40.4168,-3.7038,667,
2024-06-17T04:00:00+00:00,17.78,26.28,29.78,71.52,20,40,Madrid,,40.4168,-3.7038,667,
2024-06-17T05:00:00+00:00,15.65,23.55,31.22,70.82,20,40,Madrid,,40.4168,-3.7038,667,
2024-06-17T06:00:00+00:00,15.4,22.69,29.3,59.06,20,40,Madrid,,40.4168,-3.7038,667,
2024-06-17T07:00:00+00:00,16.79,23.6,28.74,59.25,20,40,Madrid,,40.4168,-3.7038,667,
2024-06-17T08:00:00+00:00,18.16,21.98,30.9,68.46,20,40,Madrid,,40.4168,-3.7038,667,
2024-06-17T09:00:00+00:00,15.36,19.57,28.1,63.98,20,40,Madrid,,40.4168,-3.7038,667,
2024-06-17T10:00:00+00:00,12.95,17.97,27.64,62.09,20,40,Madrid,,40.4168,-3.7038,667,
2024-06-17T11:00:00+00:00,16.67,21.54,26.66,58.02,20,40,Madrid,,40.4168,-3.7038,667,
2024-06-17T12:00:00+00:00,13.05,20.35,26.21,56.34,20,40,Madrid,,40.4168,-3.7038,667,
2024-06-17T13:00:00+00:00,18.69,23.82,23.8,58.29,20,40,Madrid,,40.4168,-3.7038,667,
2024-06-17T14:00:00+00:00,16.12,19.55,23.2,48.49,20,40,Madrid,,40.4168,-3.7038,667,
2024-06-17T15:00:00+00:00,13.98,15.93,24.6,46.05,20,40,Madrid,,40.4168,-3.7038,667,
2024-06-17T16:00:00+00:00,17.91,22.98,23.21,49.42,20,40,Madrid,,40.4168,-3.7038,667,
2024-06-17T17:00:00+00:00,17.9,25.25,22.76,50.37,20,40,Madrid,,40.4168,-3.7038,667,
2024-06-17T18:00:00+00:00,13.03,15.92,22.37,42.59,20,40,Madrid,,40.4168,-3.7038,667,
2024-06-17T19:00:00+00:00,16.33,20.56,21.95,38.35,20,40,Madrid,,40.4168,-3.7038,667,
2024-06-17T20:00:00+00:00,17.31,24.78,22.35,51.19,20,40,Madrid,,40.4168,-3.7038,667,
2024-06-17T21:00:00+00:00,14.04,19.4,22.79,41.8,20,40,Madrid,,40.4168,-3.7038,667,
2024-06-17T22:00:00+00:00,16.11,23.37,24.12,54.54,20,40,Madrid,,40.4168,-3.7038,667,
2024-06-17T23:00:00+00:00,16.78,21.65,23.96,47.77,20,40,Madrid,,40.4168,-3.7038,667,
2024-06-18T00:00:00+00:00,13.93,15.37,27.35,57.64,20,40,Madrid,,40.4168,-3.7038,667,
2024-06-18T01:00:00+00:00,18.55,24.14,27.63,59.38,20,40,Madrid,,40.4168,-3.7038,667,
2024-06-18T02:00:00+00:00,15.81,23.95,28.09,60.52,20,40,Madrid,,40.4168,-3.7038,667,
2024-06-18T03:00:00+00:00,17.71,27.56,30.08,69.76,20,40,Madrid,,40.4168,-3.7038,667,
2024-06-18T04:00:00+00:00,18.28,27.44,28.65,67.13,20,40,Madrid,,40.4168,-3.7038,667,
2024-06-18T05:00:00+00:00,13.33,15.48,31.28,70.09,20,40,Madrid,,40.4168,-3.7038,667,
2024-06-18T06:00:00+00:00,16.86,22.38,29.47,68.32,20,40,Madrid,,40.4168,-3.7038,667,
2024-06-18T07:00:00+00:00,17.25,22.02,31.05,63.28,20,40,Madrid,,40.4168,-3.7038,667,
2024-06-18T08:00:00+00:00,14.34,22.66,30.07,60.02,20,40,Madrid,,40.4168,-3.7038,667,
2024-06-18T09:00:00+00:00,18.53,24.29,28.25,62.66,20,40,Madrid,,40.4168,-3.7038,667,
2024-06-18T10:00:00+00:00,17.36,22.59,28.46,53.31,20,40,Madrid,,40.4168,-3.7038,667,
2024-06-18T11:00:00+00:00,18.3,27.31,25.81,54.68,20,40,Madrid,,40.4168,-3.7038,667,
2024-06-18T12:00:00+00:00,16.39,19.79,27.45,56.6,20,40,Madrid,,40.4168,-3.7038,667,
2024-06-18T13:00:00+00:00,16.77,19.91,25.69,54.04,20,40,Madrid,,40.4168,-3.7038,667,
2024-06-18T14:00:00+00:00,18.32,21.92,24.4,48.31,20,40,Madrid,,40.4168,-3.7038,667,
2024-06-18T15:00:00+00:00,12.65,15.39,24.18,48.9,20,40,Madrid,,40.4168,-3.7038,667,
2024-06-18T16:00:00+00:00,14.46,19.06,21.96,38.96,20,40,Madrid,,40.4168,-3.7038,667,
2024-06-18T17:00:00+00:00,15.21,24.32,23.12,53.32,20,40,Madrid,,40.4168,-3.7038,667,
2024-06-18T18:00:00+00:00,18.23,22.1,21.77,49.68,20,40,Madrid,,40.4168,-3.7038,667,
2024-06-18T19:00:00+00:00,15.96,20.56,23.53,50.0,20,40,Madrid,,40.4168,-3.7038,667,
2024-06-18T20:00:00+00:00,16.6,18.42,22.29,40.09,20,40,Madrid,,40.4168,-3.7038,667,
2024-06-18T21:00:00+00:00,17.7,21.86,24.57,46.62,20,40,Madrid,,40.4168,-3.7038,667,
2024-06-18T22:00:00+00:00,15.7,21.19,24.3,57.77,20,40,Madrid,,40.4168,-3.7038,667,
2024-06-18T23:00:00+00:00,14.73,21.47,26.29,45.53,20,40,Madrid,,40.4168,-3.7038,667,
2024-06-19T00:00:00+00:00,18.67,21.65,26.44,56.93,20,40,Madrid,,40.4168,-3.7038,667,
2024-06-19T01:00:00+00:00,15.24,17.96,26.91,53.15,20,40,Madrid,,40.4168,-3.7038,667,
2024-06-19T02:00:00+00:00,19.1,29.43,27.65,64.58,20,40,Madrid,,40.4168,-3.7038,667,
2024-06-19T03:00:00+00:00,17.41,22.89,27.43,60.87,20,40,Madrid,,40.4168,-3.7038,667,
2024-06-19T04:00:00+00:00,15.45,23.59,28.13,57.85,20,40,Madrid,,40.4168,-3.7038,667,
2024-06-19T05:00:00+00:00,16.42,25.17,28.67,58.24,20,40,Madrid,,40.4168,-3.7038,667,
2024-06-19T06:00:00+00:00,15.66,18.39,31.26,67.24,20,40,Madrid,,40.4168,-3.7038,667,
2024-06-19T07:00:00+00:00,19.39,25.29,30.53,72.65,20,40,Madrid,,40.4168,-3.7038,667,
2024-06-19T08:00:00+00:00,18.85,23.74,29.73,71.42,20,40,Madrid,,40.4168,-3.7038,667,
2024-06-19T09:00:00+00:00,18.84,23.87,28.52,67.37,20,40,Madrid,,40.4168,-3.7038,667,
2024-06-19T10:00:00+00:00,18.5,23.88,27.88,65.7,20,40,Madrid,,40.4168,-3.7038,667,
2024-06-19T11:00:00+00:00,14.18,21.33,26.99,63.12,20,40,Madrid,,40.4168,-3.7038,667,
2024-06-19T12:00:00+00:00,14.22,18.92,25.29,61.25,20,40,Madrid,,40.4168,-3.7038,667,
2024-06-19T13:00:00+00:00,15.28,19.79,25.05,50.98,20,40,Madrid,,40.4168,-3.7038,667,
2024-06-19T14:00:00+00:00,14.77,15.97,25.15,45.01,20,40,Madrid,,40.4168,-3.7038,667,
2024-06-19T15:00:00+00:00,12.97,21.35,22.89,50.72,20,40,Madrid,,40.4168,-3.7038,667,
2024-06-19T16:00:00+00:00,17.65,25.97,21.52,38.44,20,40,Madrid,,40.4168,-3.7038,667,
2024-06-19T17:00:00+00:00,13.11,17.82,21.79,51.69,20,40,Madrid,,40.4168,-3.7038,667,
2024-06-19T18:00:00+00:00,16.44,22.63,21.64,38.29,20,40,Madrid,,40.4168,-3.7038,667,
2024-06-19T19:00:00+00:00,14.73,18.13,21.92,50.73,20,40,Madrid,,40.4168,-3.7038,667,
2024-06-19T20:00:00+00:00,13.0,16.02,22.11,46.15,20,40,Madrid,,40.4168,-3.7038,667,
2024-06-19T21:00:00+00:00,12.29,17.6,22.04,40.96,20,40,Madrid,,40.4168,-3.7038,667,
2024-06-19T22:00:00+00:00,16.69,23.48,24.78,57.23,20,40,Madrid,,40.4168,-3.7038,667,
2024-06-19T23:00:00+00:00,17.14,24.18,25.19,46.46,20,40,Madrid,,40.4168,-3.7038,667,
2024-06-20T00:00:00+00:00,15.04,21.37,27.42,60.59,20,40,Madrid,,40.4168,-3.7038,667,
2024-06-20T01:00:00+00:00,14.38,19.78,28.02,53.93,20,40,Madrid,,40.4168,-3.7038,667,
2024-06-20T02:00:00+00:00,16.61,20.67,27.96,65.14,20,40,Madrid,,40.4168,-3.7038,667,
2024-06-20T03:00:00+00:00,15.88,24.18,28.86,60.63,20,40,Madrid,,40.4168,-3.7038,667,
2024-06-20T04:00:00+00:00,18.23,22.24,30.01,71.54,20,40,Madrid,,40.4168,-3.7038,667,
2024-06-20T05:00:00+00:00,19.12,24.9,30.16,67.9,20,40,Madrid,,40.4168,-3.7038,667,
2024-06-20T06:00:00+00:00,15.23,19.2,30.6,71.33,20,40,Madrid,,40.4168,-3.7038,667,
2024-06-20T07:00:00+00:00,15.16,22.87,30.15,65.63,20,40,Madrid,,40.4168,-3.7038,667,
2024-06-20T08:00:00+00:00,16.55,21.17,29.71,64.67,20,40,Madrid,,40.4168,-3.7038,667,
2024-06-20T09:00:00+00:00,16.56,23.04,28.7,68.93,20,40,Madrid,,40.4168,-3.7038,667,
2024-06-20T10:00:00+00:00,15.07,23.56,27.12,54.63,20,40,Madrid,,40.4168,-3.7038,667,
2024-06-20T11:00:00+00:00,17.09,20.21,26.95,59.92,20,40,Madrid,,40.4168,-3.7038,667,
2024-06-20T12:00:00+00:00,14.17,21.24,25.19,62.68,20,40,Madrid,,40.4168,-3.7038,667,
2024-06-20T13:00:00+00:00,13.37,14.5,26.41,56.47,20,40,Madrid,,40.4168,-3.7038,667,
2024-06-20T14:00:00+00:00,17.96,25.86,23.18,44.66,20,40,Madrid,,40.4168,-3.7038,667,
2024-06-20T15:00:00+00:00,12.12,16.9,23.62,43.15,20,40,Madrid,,40.4168,-3.7038,667,
2024-06-20T16:00:00+00:00,16.29,25.75,21.78,45.45,20,40,Madrid,,40.4168,-3.7038,667,
2024-06-20T17:00:00+00:00,11.84,15.85,22.24,41.89,20,40,Madrid,,40.4168,-3.7038,667,
2024-06-20T18:00:00+00:00,17.69,21.29,20.72,39.41,20,40,Madrid,,40.4168,-3.7038,667,
2024-06-20T19:00:00+00:00,11.87,15.37,21.52,40.23,20,40,Madrid,,40.4168,-3.7038,667,
2024-06-20T20:00:00+00:00,14.08,17.39,21.3,54.31,20,40,Madrid,,40.4168,-3.7038,667,
2024-06-20T21:00:00+00:00,13.16,15.2,22.71,53.05,20,40,Madrid,,40.4168,-3.7038,667,
2024-06-20T22:00:00+00:00,15.3,18.98,22.58,51.11,20,40,Madrid,,40.4168,-3.7038,667,
2024-06-20T23:00:00+00:00,15.48,22.93,26.09,53.74,20,40,Madrid,,40.4168,-3.7038,667,
2024-06-21T00:00:00+00:00,16.87,25.39,27.14,58.99,20,40,Madrid,,40.4168,-3.7038,667,
2024-06-21T01:00:00+00:00,13.96,18.92,27.72,58.84,20,40,Madrid,,40.4168,-3.7038,667,
2024-06-21T02:00:00+00:00,18.28,28.36,28.08,64.42,20,40,Madrid,,40.4168,-3.7038,667,
2024-06-21T03:00:00+00:00,16.45,23.51,29.87,60.81,20,40,Madrid,,40.4168,-3.7038,667,
2024-06-21T04:00:00+00:00,12.98,20.21,30.78,58.36,20,40,Madrid,,40.4168,-3.7038,667,
2024-06-21T05:00:00+00:00,16.39,20.68,28.69,69.68,20,40,Madrid,,40.4168,-3.7038,667,
2024-06-21T06:00:00+00:00,14.47,22.16,30.84,69.04,20,40,Madrid,,40.4168,-3.7038,667,
2024-06-21T07:00:00+00:00,15.88,18.89,29.31,58.1,20,40,Madrid,,40.4168,-3.7038,667,
2024-06-21T08:00:00+00:00,14.25,22.42,28.75,56.15,20,40,Madrid,,40.4168,-3.7038,667,
2024-06-21T09:00:00+00:00,13.89,17.73,29.44,66.79,20,40,Madrid,,40.4168,-3.7038,667,
2024-06-21T10:00:00+00:00,13.86,20.83,28.8,67.65,20,40,Madrid,,40.4168,-3.7038,667,
2024-06-21T11:00:00+00:00,16.89,22.74,25.64,51.02,20,40,Madrid,,40.4168,-3.7038,667,
2024-06-21T12:00:00+00:00,14.97,18.38,25.98,54.39,20,40,Madrid,,40.4168,-3.7038,667,
2024-06-21T13:00:00+00:00,13.07,21.47,25.09,54.03,20,40,Madrid,,40.4168,-3.7038,667,
2024-06-21T14:00:00+00:00,18.08,22.54,23.58,55.7,20,40,Madrid,,40.4168,-3.7038,667,
2024-06-21T15:00:00+00:00,14.98,17.89,21.99,51.44,20,40,Madrid,,40.4168,-3.7038,667,
2024-06-21T16:00:00+00:00,15.08,20.76,21.13,46.58,20,40,Madrid,,40.4168,-3.7038,667,
2024-06-21T17:00:00+00:00,14.6,21.6,22.19,51.81,20,40,Madrid,,40.4168,-3.7038,667,
2024-06-21T18:00:00+00:00,14.39,19.58,21.31,50.56,20,40,Madrid,,40.4168,-3.7038,667,
2024-06-21T19:00:00+00:00,12.08,19.73,21.65,44.71,20,40,Madrid,,40.4168,-3.7038,667,
2024-06-21T20:00:00+00:00,15.94,22.78,23.81,50.41,20,40,Madrid,,40.4168,-3.7038,667,
2024-06-21T21:00:00+00:00,13.0,19.79,24.1,48.81,20,40,Madrid,,40.4168,-3.7038,667,
2024-06-21T22:00:00+00:00,14.88,17.31,24.6,47.96,20,40,Madrid,,40.4168,-3.7038,667,
2024-06-21T23:00:00+00:00,13.71,16.9,24.8,51.14,20,40,Madrid,,40.4168,-3.7038,667,
2024-06-22T00:00:00+00:00,17.64,27.13,26.23,58.47,20,40,Madrid,,40.4168,-3.7038,667,
2024-06-22T01:00:00+00:00,18.42,21.08,26.81,63.84,20,40,Madrid,,40.4168,-3.7038,667,
2024-06-22T02:00:00+00:00,16.88,19.78,26.76,59.66,20,40,Madrid,,40.4168,-3.7038,667,
2024-06-22T03:00:00+00:00,16.63,24.85,29.02,62.17,20,40,Madrid,,40.4168,-3.7038,667,
2024-06-22T04:00:00+00:00,17.37,25.38,30.45,67.45,20,40,Madrid,,40.4168,-3.7038,667,
2024-06-22T05:00:00+00:00,15.95,18.11,28.62,72.36,20,40,Madrid,,40.4168,-3.7038,667,
2024-06-22T06:00:00+00:00,18.24,24.54,30.65,72.65,20,40,Madrid,,40.4168,-3.7038,667,
2024-06-22T07:00:00+00:00,15.63,18.11,29.74,56.95,20,40,Madrid,,40.4168,-3.7038,667,
2024-06-22T08:00:00+00:00,19.33,24.07,29.21,67.12,20,40,Madrid,,40.4168,-3.7038,667,
2024-06-22T09:00:00+00:00,15.39,22.04,29.92,54.89,20,40,Madrid,,40.4168,-3.7038,667,
2024-06-22T10:00:00+00:00,15.33,23.93,28.96,56.96,20,40,Madrid,,40.4168,-3.7038,667,
2024-06-22T11:00:00+00:00,18.14,28.14,26.78,65.4,20,40,Madrid,,40.4168,-3.7038,667,
2024-06-22T12:00:00+00:00,16.98,25.58,26.65,53.98,20,40,Madrid,,40.4168,-3.7038,667,
2024-06-22T13:00:00+00:00,18.27,26.15,23.79,59.61,20,40,Madrid,,40.4168,-3.7038,667,
2024-06-22T14:00:00+00:00,17.78,20.05,24.84,52.24,20,40,Madrid,,40.4168,-3.7038,667,
2024-06-22T15:00:00+00:00,14.99,20.39,22.23,41.07,20,40,Madrid,,40.4168,-3.7038,667,
2024-06-22T16:00:00+00:00,14.26,23.01,22.75,40.91,20,40,Madrid,,40.4168,-3.7038,667,
2024-06-22T17:00:00+00:00,14.38,21.53,21.99,46.79,20,40,Madrid,,40.4168,-3.7038,667,
2024-06-22T18:00:00+00:00,12.81,13.8,22.38,51.96,20,40,Madrid,,40.4168,-3.7038,667,
2024-06-22T19:00:00+00:00,14.22,18.86,21.31,46.46,20,40,Madrid,,40.4168,-3.7038,667,
2024-06-22T20:00:00+00:00,17.78,20.5,21.37,47.16,20,40,Madrid,,40.4168,-3.7038,667,
2024-06-22T21:00:00+00:00,13.32,21.23,24.29,45.52,20,40,Madrid,,40.4168,-3.7038,667,
2024-06-22T22:00:00+00:00,12.8,14.31,23.42,45.92,20,40,Madrid,,40.4168,-3.7038,667,
2024-06-22T23:00:00+00:00,16.61,23.02,26.3,52.98,20,40,Madrid,,40.4168,-3.7038,667,
2024-06-23T00:00:00+00:00,13.49,20.55,24.9,50.33,20,40,Madrid,,40.4168,-3.7038,667,
2024-06-23T01:00:00+00:00,13.44,19.94,27.59,51.45,20,40,Madrid,,40.4168,-3.7038,667,
2024-06-23T02:00:00+00:00,19.61,25.42,26.61,67.03,20,40,Madrid,,40.4168,-3.7038,667,
2024-06-23T03:00:00+00:00,17.96,27.12,30.02,56.61,20,40,Madrid,,40.4168,-3.7038,667,
2024-06-23T04:00:00+00:00,13.74,20.57,30.89,70.18,20,40,Madrid,,40.4168,-3.7038,667,
2024-06-23T05:00:00+00:00,13.39,15.47,30.84,60.57,20,40,Madrid,,40.4168,-3.7038,667,
2024-06-23T06:00:00+00:00,15.01,20.57,29.44,60.81,20,40,Madrid,,40.4168,-3.7038,667,
2024-06-23T07:00:00+00:00,17.17,26.54,30.63,63.4,20,40,Madrid,,40.4168,-3.7038,667,
2024-06-23T08:00:00+00:00,16.22,21.3,29.58,56.06,20,40,Madrid,,40.4168,-3.7038,667,
2024-06-23T09:00:00+00:00,15.72,21.28,28.63,61.77,20,40,Madrid,,40.4168,-3.7038,667,
2024-06-23T10:00:00+00:00,12.78,19.44,29.28,61.25,20,40,Madrid,,40.4168,-3.7038,667,
2024-06-23T11:00:00+00:00,17.16,20.9,26.2,54.94,20,40,Madrid,,40.4168,-3.7038,667,
2024-06-23T12:00:00+00:00,15.51,22.04,26.17,55.62,20,40,Madrid,,40.4168,-3.7038,667,
2024-06-23T13:00:00+00:00,13.55,17.68,24.03,46.36,20,40,Madrid,,40.4168,-3.7038,667,
2024-06-23T14:00:00+00:00,14.62,20.19,22.87,53.04,20,40,Madrid,,40.4168,-3.7038,667,
2024-06-23T15:00:00+00:00,17.29,24.12,24.58,53.38,20,40,Madrid,,40.4168,-3.7038,667,
2024-06-23T16:00:00+00:00,16.24,20.01,21.44,54.1,20,40,Madrid,,40.4168,-3.7038,667,
2024-06-23T17:00:00+00:00,17.7,27.76,22.26,38.93,20,40,Madrid,,40.4168,-3.7038,667,
2024-06-23T18:00:00+00:00,16.91,25.7,20.97,40.18,20,40,Madrid,,40.4168,-3.7038,667,
2024-06-23T19:00:00+00:00,16.82,25.92,21.91,49.34,20,40,Madrid,,40.4168,-3.7038,667,
2024-06-23T20:00:00+00:00,15.15,19.01,22.75,52.07,20,40,Madrid,,40.4168,-3.7038,667,
2024-06-23T21:00:00+00:00,16.03,19.59,24.64,53.02,20,40,Madrid,,40.4168,-3.7038,667,
2024-06-23T22:00:00+00:00,15.4,21.32,22.56,47.41,20,40,Madrid,,40.4168,-3.7038,667,
2024-06-23T23:00:00+00:00,17.66,24.33,25.63,44.86,20,40,Madrid,,40.4168,-3.7038,667,
2024-06-24T00:00:00+00:00,13.85,14.78,25.56,56.39,20,40,Madrid,,40.4168,-3.7038,667,
2024-06-24T01:00:00+00:00,17.5,25.26,26.8,54.77,20,40,Madrid,,40.4168,-3.7038,667,
2024-06-24T02:00:00+00:00,19.29,23.15,27.99,65.24,20,40,Madrid,,40.4168,-3.7038,667,
2024-06-24T03:00:00+00:00,14.94,23.29,29.39,57.72,20,40,Madrid,,40.4168,-3.7038,667,
2024-06-24T04:00:00+00:00,18.41,26.67,30.19,70.19,20,40,Madrid,,40.4168,-3.7038,667,
2024-06-24T05:00:00+00:00,18.0,27.1,30.38,70.59,20,40,Madrid,,40.4168,-3.7038,667,
2024-06-24T06:00:00+00:00,13.82,16.38,30.46,70.33,20,40,Madrid,,40.4168,-3.7038,667,
2024-06-24T07:00:00+00:00,13.41,15.79,31.08,66.1,20,40,Madrid,,40.4168,-3.7038,667,
2024-06-24T08:00:00+00:00,18.09,21.99,29.99,68.51,20,40,Madrid,,40.4168,-3.7038,667,
2024-06-24T09:00:00+00:00,15.46,22.05,29.72,68.52,20,40,Madrid,,40.4168,-3.7038,667,
2024-06-24T10:00:00+00:00,17.27,23.55,27.45,56.89,20,40,Madrid,,40.4168,-3.7038,667,
2024-06-24T11:00:00+00:00,13.33,16.46,26.95,51.63,20,40,Madrid,,40.4168,-3.7038,667,
2024-06-24T12:00:00+00:00,12.78,15.26,26.71,48.09,20,40,Madrid,,40.4168,-3.7038,667,
2024-06-24T13:00:00+00:00,17.02,24.24,25.87,49.08,20,40,Madrid,,40.4168,-3.7038,667,
2024-06-24T14:00:00+00:00,15.25,19.24,24.16,43.46,20,40,Madrid,,40.4168,-3.7038,667,
2024-06-24T15:00:00+00:00,13.75,15.64,23.68,46.19,20,40,Madrid,,40.4168,-3.7038,667,
2024-06-24T16:00:00+00:00,15.69,17.83,22.68,45.46,20,40,Madrid,,40.4168,-3.7038,667,
2024-06-24T17:00:00+00:00,17.02,22.95,21.72,44.65,20,40,Madrid,,40.4168,-3.7038,667,
2024-06-24T18:00:00+00:00,14.43,22.92,21.21,48.8,20,40,Madrid,,40.4168,-3.7038,667,
2024-06-24T19:00:00+00:00,14.08,22.14,22.99,48.9,20,40,Madrid,,40.4168,-3.7038,667,
2024-06-24T20:00:00+00:00,14.69,22.89,21.41,44.5,20,40,Madrid,,40.4168,-3.7038,667,
2024-06-24T21:00:00+00:00,16.99,19.33,21.93,47.84,20,40,Madrid,,40.4168,-3.7038,667,
2024-06-24T22:00:00+00:00,16.57,21.27,25.3,55.85,20,40,Madrid,,40.4168,-3.7038,667,
2024-06-24T23:00:00+00:00,17.6,23.62,25.31,57.11,20,40,Madrid,,40.4168,-3.7038,667,
2024-06-25T00:00:00+00:00,15.3,22.77,26.66,55.79,20,40,Madrid,,40.4168,-3.7038,667,
2024-06-25T01:00:00+00:00,15.38,23.36,25.64,63.12,20,40,Madrid,,40.4168,-3.7038,667,
2024-06-25T02:00:00+00:00,12.36,20.06,29.16,54.04,20,40,Madrid,,40.4168,-3.7038,667,
2024-06-25T03:00:00+00:00,17.9,22.35,28.38,64.42,20,40,Madrid,,40.4168,-3.7038,667,
2024-06-25T04:00:00+00:00,16.98,25.16,29.92,60.16,20,40,Madrid,,40.4168,-3.7038,667,
2024-06-25T05:00:00+00:00,19.53,28.19,29.65,68.59,20,40,Madrid,,40.4168,-3.7038,667,
2024-06-25T06:00:00+00:00,16.94,22.73,29.23,64.96,20,40,Madrid,,40.4168,-3.7038,667,
2024-06-25T07:00:00+00:00,12.97,14.32,31.07,67.08,20,40,Madrid,,40.4168,-3.7038,667,
2024-06-25T08:00:00+00:00,16.05,21.65,28.64,62.24,20,40,Madrid,,40.4168,-3.7038,667,
2024-06-25T09:00:00+00:00,15.4,24.73,28.28,64.29,20,40,Madrid,,40.4168,-3.7038,667,
2024-06-25T10:00:00+00:00,11.87,15.54,28.9,52.88,20,40,Madrid,,40.4168,-3.7038,667,
2024-06-25T11:00:00+00:00,12.4,17.08,26.5,53.88,20,40,Madrid,,40.4168,-3.7038,667,
2024-06-25T12:00:00+00:00,13.77,16.01,27.26,55.75,20,40,Madrid,,40.4168,-3.7038,667,
2024-06-25T13:00:00+00:00,15.39,23.5,24.93,46.87,20,40,Madrid,,40.4168,-3.7038,667,
2024-06-25T14:00:00+00:00,14.63,16.65,23.49,51.28,20,40,Madrid,,40.4168,-3.7038,667,
2024-06-25T15:00:00+00:00,13.89,19.88,21.81,48.39,20,40,Madrid,,40.4168,-3.7038,667,
2024-06-25T16:00:00+00:00,15.69,23.28,21.74,48.53,20,40,Madrid,,40.4168,-3.7038,667,
2024-06-25T17:00:00+00:00,13.22,19.34,20.7,50.41,20,40,Madrid,,40.4168,-3.7038,667,
2024-06-25T18:00:00+00:00,15.67,18.68,21.8,42.47,20,40,Madrid,,40.4168,-3.7038,667,
2024-06-25T19:00:00+00:00,15.17,21.26,21.87,44.95,20,40,Madrid,,40.4168,-3.7038,667,
2024-06-25T20:00:00+00:00,15.89,24.8,23.39,44.98,20,40,Madrid,,40.4168,-3.7038,667,
2024-06-25T21:00:00+00:00,13.14,18.99,23.79,47.1,20,40,Madrid,,40.4168,-3.7038,667,
2024-06-25T22:00:00+00:00,13.26,18.08,25.27,57.48,20,40,Madrid,,40.4168,-3.7038,667,
2024-06-25T23:00:00+00:00,19.26,29.44,24.46,59.29,20,40,Madrid,,40.4168,-3.7038,667,
2024-06-26T00:00:00+00:00,18.24,28.5,25.82,59.22,20,40,Madrid,,40.4168,-3.7038,667,
2024-06-26T01:00:00+00:00,16.92,22.92,27.15,63.73,20,40,Madrid,,40.4168,-3.7038,667,
2024-06-26T02:00:00+00:00,15.79,23.93,29.36,61.52,20,40,Madrid,,40.4168,-3.7038,667,
2024-06-26T03:00:00+00:00,14.94,23.11,28.42,55.25,20,40,Madrid,,40.4168,-3.7038,667,
2024-06-26T04:00:00+00:00,18.45,21.87,28.18,71.4,20,40,Madrid,,40.4168,-3.7038,667,
2024-06-26T05:00:00+00:00,12.91,14.36,29.67,57.38,20,40,Madrid,,40.4168,-3.7038,667,
2024-06-26T06:00:00+00:00,13.31,15.06,30.7,67.07,20,40,Madrid,,40.4168,-3.7038,667,
2024-06-26T07:00:00+00:00,17.55,21.11,29.37,62.63,20,40,Madrid,,40.4168,-3.7038,667,
2024-06-26T08:00:00+00:00,18.91,25.93,30.66,63.69,20,40,Madrid,,40.4168,-3.7038,667,
2024-06-26T09:00:00+00:00,15.26,24.41,28.99,66.21,20,40,Madrid,,40.4168,-3.7038,667,
2024-06-26T10:00:00+00:00,13.6,17.61,28.42,61.26,20,40,Madrid,,40.4168,-3.7038,667,
2024-06-26T11:00:00+00:00,15.59,24.41,27.12,64.7,20,40,Madrid,,40.4168,-3.7038,667,
2024-06-26T12:00:00+00:00,14.88,20.37,27.0,48.6,20,40,Madrid,,40.4168,-3.7038,667,
2024-06-26T13:00:00+00:00,14.52,16.58,25.35,57.36,20,40,Madrid,,40.4168,-3.7038,667,
2024-06-26T14:00:00+00:00,14.45,22.58,23.81,49.84,20,40,Madrid,,40.4168,-3.7038,667,
2024-06-26T15:00:00+00:00,16.04,21.72,24.56,55.55,20,40,Madrid,,40.4168,-3.7038,667,
2024-06-26T16:00:00+00:00,17.6,22.79,22.46,48.02,20,40,Madrid,,40.4168,-3.7038,667,
2024-06-26T17:00:00+00:00,14.8,21.92,22.51,37.96,20,40,Madrid,,40.4168,-3.7038,667,
2024-06-26T18:00:00+00:00,15.33,19.13,23.4,38.14,20,40,Madrid,,40.4168,-3.7038,667,
2024-06-26T19:00:00+00:00,13.48,21.71,21.7,38.43,20,40,Madrid,,40.4168,-3.7038,667,
2024-06-26T20:00:00+00:00,17.66,25.78,23.76,50.05,20,40,Madrid,,40.4168,-3.7038,667,
2024-06-26T21:00:00+00:00,17.29,23.83,22.92,41.21,20,40,Madrid,,40.4168,-3.7038,667,
2024-06-26T22:00:00+00:00,18.51,24.91,24.1,51.75,20,40,Madrid,,40.4168,-3.7038,667,
2024-06-26T23:00:00+00:00,17.49,21.94,25.04,52.41,20,40,Madrid,,40.4168,-3.7038,667,
2024-06-27T00:00:00+00:00,15.82,24.05,24.6,59.1,20,40,Madrid,,40.4168,-3.7038,667,
2024-06-27T01:00:00+00:00,12.56,19.42,26.09,55.12,20,40,Madrid,,40.4168,-3.7038,667,
2024-06-27T02:00:00+00:00,17.68,23.21,29.11,53.95,20,40,Madrid,,40.4168,-3.7038,667,
2024-06-27T03:00:00+00:00,19.58,26.62,27.68,69.15,20,40,Madrid,,40.4168,-3.7038,667,
2024-06-27T04:00:00+00:00,17.45,26.68,30.44,60.78,20,40,Madrid,,40.4168,-3.7038,667,
2024-06-27T05:00:00+00:00,16.46,20.84,30.64,66.67,20,40,Madrid,,40.4168,-3.7038,667,
2024-06-27T06:00:00+00:00,17.52,24.62,30.06,69.02,20,40,Madrid,,40.4168,-3.7038,667,
2024-06-27T07:00:00+00:00,13.04,19.19,28.77,62.77,20,40,Madrid,,40.4168,-3.7038,667,
2024-06-27T08:00:00+00:00,14.44,22.14,29.17,56.94,20,40,Madrid,,40.4168,-3.7038,667,
2024-06-27T09:00:00+00:00,17.24,20.88,29.15,63.82,20,40,Madrid,,40.4168,-3.7038,667,
2024-06-27T10:00:00+00:00,14.91,20.9,26.82,59.76,20,40,Madrid,,40.4168,-3.7038,667,
2024-06-27T11:00:00+00:00,13.35,20.22,28.09,49.63,20,40,Madrid,,40.4168,-3.7038,667,
2024-06-27T12:00:00+00:00,14.94,17.2,26.23,53.52,20,40,Madrid,,40.4168,-3.7038,667,
2024-06-27T13:00:00+00:00,12.07,14.85,25.78,50.42,20,40,Madrid,,40.4168,-3.7038,667,
2024-06-27T14:00:00+00:00,17.09,21.03,23.22,43.18,20,40,Madrid,,40.4168,-3.7038,667,
2024-06-27T15:00:00+00:00,16.96,22.54,22.78,46.08,20,40,Madrid,,40.4168,-3.7038,667,
2024-06-27T16:00:00+00:00,11.92,15.31,23.04,46.26,20,40,Madrid,,40.4168,-3.7038,667,
2024-06-27T17:00:00+00:00,16.26,19.58,21.07,52.38,20,40,Madrid,,40.4168,-3.7038,667,
2024-06-27T18:00:00+00:00,16.73,21.99,20.85,43.03,20,40,Madrid,,40.4168,-3.7038,667,
2024-06-27T19:00:00+00:00,14.04,21.06,22.91,43.08,20,40,Madrid,,40.4168,-3.7038,667,
2024-06-27T20:00:00+00:00,16.76,25.18,23.69,42.19,20,40,Madrid,,40.4168,-3.7038,667,
2024-06-27T21:00:00+00:00,17.39,21.63,24.22,44.74,20,40,Madrid,,40.4168,-3.7038,667,
2024-06-27T22:00:00+00:00,15.21,18.63,24.21,57.42,20,40,Madrid,,40.4168,-3.7038,667,
2024-06-27T23:00:00+00:00,16.0,23.06,24.32,49.04,20,40,Madrid,,40.4168,-3.7038,667,
2024-06-28T00:00:00+00:00,17.21,21.42,25.66,51.23,20,40,Madrid,,40.4168,-3.7038,667,
2024-06-28T01:00:00+00:00,15.67,21.72,28.31,52.34,20,40,Madrid,,40.4168,-3.7038,667,
2024-06-28T02:00:00+00:00,15.67,19.96,28.81,65.99,20,40,Madrid,,40.4168,-3.7038,667,
2024-06-28T03:00:00+00:00,16.25,19.14,27.34,66.23,20,40,Madrid,,40.4168,-3.7038,667,
2024-06-28T04:00:00+00:00,15.19,20.88,29.59,63.9,20,40,Madrid,,40.4168,-3.7038,667,
2024-06-28T05:00:00+00:00,17.81,27.2,29.64,60.36,20,40,Madrid,,40.4168,-3.7038,667,
2024-06-28T06:00:00+00:00,14.45,19.34,30.15,66.11,20,40,Madrid,,40.4168,-3.7038,667,
2024-06-28T07:00:00+00:00,14.31,19.29,30.91,58.08,20,40,Madrid,,40.4168,-3.7038,667,
2024-06-28T08:00:00+00:00,14.15,16.89,28.95,57.29,20,40,Madrid,,40.4168,-3.7038,667,
2024-06-28T09:00:00+00:00,15.67,21.85,28.85,59.61,20,40,Madrid,,40.4168,-3.7038,667,
2024-06-28T10:00:00+00:00,17.19,24.91,26.53,55.67,20,40,Madrid,,40.4168,-3.7038,667,
2024-06-28T11:00:00+00:00,17.69,27.46,27.96,61.36,20,40,Madrid,,40.4168,-3.7038,667,
2024-06-28T12:00:00+00:00,17.84,26.08,26.08,52.38,20,40,Madrid,,40.4168,-3.7038,667,
2024-06-28T13:00:00+00:00,18.1,22.05,26.02,53.99,20,40,Madrid,,40.4168,-3.7038,667,
2024-06-28T14:00:00+00:00,17.24,24.87,23.18,50.41,20,40,Madrid,,40.4168,-3.7038,667,
2024-06-28T15:00:00+00:00,13.21,17.73,22.53,46.69,20,40,Madrid,,40.4168,-3.7038,667,
2024-06-28T16:00:00+00:00,17.37,22.88,22.24,49.4,20,40,Madrid,,40.4168,-3.7038,667,
2024-06-28T17:00:00+00:00,13.76,18.85,23.52,51.24,20,40,Madrid,,40.4168,-3.7038,667,
2024-06-28T18:00:00+00:00,13.18,15.81,22.46,51.09,20,40,Madrid,,40.4168,-3.7038,667,
2024-06-28T19:00:00+00:00,17.83,28.04,21.96,41.11,20,40,Madrid,,40.4168,-3.7038,667,
2024-06-28T20:00:00+00:00,13.79,20.45,21.71,50.86,20,40,Madrid,,40.4168,-3.7038,667,
2024-06-28T21:00:00+00:00,12.83,21.14,23.67,42.38,20,40,Madrid,,40.4168,-3.7038,667,
2024-06-28T22:00:00+00:00,13.2,20.29,23.53,55.61,20,40,Madrid,,40.4168,-3.7038,667,
2024-06-28T23:00:00+00:00,14.66,20.35,26.2,58.4,20,40,Madrid,,40.4168,-3.7038,667,
2024-06-29T00:00:00+00:00,15.22,22.84,25.42,58.49,20,40,Madrid,,40.4168,-3.7038,667,
2024-06-29T01:00:00+00:00,15.45,17.5,27.92,49.62,20,40,Madrid,,40.4168,-3.7038,667,
2024-06-29T02:00:00+00:00,13.13,18.56,28.37,53.67,20,40,Madrid,,40.4168,-3.7038,667,
2024-06-29T03:00:00+00:00,15.74,17.28,28.56,62.64,20,40,Madrid,,40.4168,-3.7038,667,
2024-06-29T04:00:00+00:00,15.36,21.75,28.42,63.4,20,40,Madrid,,40.4168,-3.7038,667,
2024-06-29T05:00:00+00:00,18.09,21.0,29.12,58.69,20,40,Madrid,,40.4168,-3.7038,667,
2024-06-29T06:00:00+00:00,17.94,22.94,30.26,69.82,20,40,Madrid,,40.4168,-3.7038,667,
2024-06-29T07:00:00+00:00,15.05,16.96,31.13,68.89,20,40,Madrid,,40.4168,-3.7038,667,
2024-06-29T08:00:00+00:00,17.83,24.09,29.12,70.88,20,40,Madrid,,40.4168,-3.7038,667,
2024-06-29T09:00:00+00:00,15.09,18.13,27.42,63.42,20,40,Madrid,,40.4168,-3.7038,667,
2024-06-29T10:00:00+00:00,16.64,24.92,29.21,52.6,20,40,Madrid,,40.4168,-3.7038,667,
2024-06-29T11:00:00+00:00,14.27,22.04,27.53,63.34,20,40,Madrid,,40.4168,-3.7038,667,
2024-06-29T12:00:00+00:00,18.05,22.92,27.22,60.25,20,40,Madrid,,40.4168,-3.7038,667,
2024-06-29T13:00:00+00:00,14.49,20.49,25.32,50.22,20,40,Madrid,,40.4168,-3.7038,667,
2024-06-29T14:00:00+00:00,16.0,21.0,24.31,49.87,20,40,Madrid,,40.4168,-3.7038,667,
2024-06-29T15:00:00+00:00,12.62,20.36,24.25,53.99,20,40,Madrid,,40.4168,-3.7038,667,
2024-06-29T16:00:00+00:00,15.81,17.49,23.97,38.61,20,40,Madrid,,40.4168,-3.7038,667,
2024-06-29T17:00:00+00:00,12.29,20.54,21.82,45.1,20,40,Madrid,,40.4168,-3.7038,667,
2024-06-29T18:00:00+00:00,17.04,23.86,23.33,43.79,20,40,Madrid,,40.4168,-3.7038,667,
2024-06-29T19:00:00+00:00,17.89,27.28,23.63,43.59,20,40,Madrid,,40.4168,-3.7038,667,
2024-06-29T20:00:00+00:00,17.44,25.43,23.39,39.59,20,40,Madrid,,40.4168,-3.7038,667,
2024-06-29T21:00:00+00:00,12.17,14.3,23.7,39.94,20,40,Madrid,,40.4168,-3.7038,667,
2024-06-29T22:00:00+00:00,17.34,21.78,25.12,52.78,20,40,Madrid,,40.4168,-3.7038,667,
2024-06-29T23:00:00+00:00,12.56,17.34,25.07,51.22,20,40,Madrid,,40.4168,-3.7038,667,
2024-06-30T00:00:00+00:00,14.65,20.39,25.11,56.02,20,40,Madrid,,40.4168,-3.7038,667,
2024-06-30T01:00:00+00:00,16.38,18.22,26.39,60.23,20,40,Madrid,,40.4168,-3.7038,667,
2024-06-30T02:00:00+00:00,14.47,23.42,27.32,60.73,20,40,Madrid,,40.4168,-3.7038,667,
2024-06-30T03:00:00+00:00,15.54,19.68,28.45,64.77,20,40,Madrid,,40.4168,-3.7038,667,
2024-06-30T04:00:00+00:00,16.26,23.9,29.07,58.97,20,40,Madrid,,40.4168,-3.7038,667,
2024-06-30T05:00:00+00:00,17.6,24.78,30.81,72.1,20,40,Madrid,,40.4168,-3.7038,667,
2024-06-30T06:00:00+00:00,14.28,21.47,29.09,57.41,20,40,Madrid,,40.4168,-3.7038,667,
2024-06-30T07:00:00+00:00,18.81,25.7,29.26,60.7,20,40,Madrid,,40.4168,-3.7038,667,
2024-06-30T08:00:00+00:00,15.81,20.19,29.88,60.45,20,40,Madrid,,40.4168,-3.7038,667,
2024-06-30T09:00:00+00:00,19.81,26.84,27.42,69.36,20,40,Madrid,,40.4168,-3.7038,667,
2024-06-30T10:00:00+00:00,14.13,15.76,29.08,59.69,20,40,Madrid,,40.4168,-3.7038,667,
2024-06-30T11:00:00+00:00,17.44,27.24,28.49,52.25,20,40,Madrid,,40.4168,-3.7038,667,
2024-06-30T12:00:00+00:00,14.09,16.36,27.15,49.27,20,40,Madrid,,40.4168,-3.7038,667,
2024-06-30T13:00:00+00:00,14.23,21.77,24.86,56.14,20,40,Madrid,,40.4168,-3.7038,667,
2024-06-30T14:00:00+00:00,17.36,24.72,24.33,47.5,20,40,Madrid,,40.4168,-3.7038,667,
2024-06-30T15:00:00+00:00,15.68,20.42,23.68,52.76,20,40,Madrid,,40.4168,-3.7038,667,
2024-06-30T16:00:00+00:00,14.67,15.88,21.33,43.78,20,40,Madrid,,40.4168,-3.7038,667,
2024-06-30T17:00:00+00:00,13.45,14.6,21.79,53.02,20,40,Madrid,,40.4168,-3.7038,667,
2024-06-30T18:00:00+00:00,16.85,25.86,21.33,52.77,20,40,Madrid,,40.4168,-3.7038,667,
2024-06-30T19:00:00+00:00,17.58,21.66,23.32,44.17,20,40,Madrid,,40.4168,-3.7038,667,
2024-06-30T20:00:00+00:00,13.7,16.64,23.99,51.85,20,40,Madrid,,40.4168,-3.7038,667,
2024-06-30T21:00:00+00:00,12.64,16.83,22.37,49.39,20,40,Madrid,,40.4168,-3.7038,667,
2024-06-30T22:00:00+00:00,16.5,21.71,23.98,51.71,20,40,Madrid,,40.4168,-3.7038,667,
2024-06-30T23:00:00+00:00,12.43,18.05,25.2,52.92,20,40,Madrid,,40.4168,-3.7038,667,
2024-07-01T00:00:00+00:00,11.81,19.69,30.94,54.96,20,40,Madrid,,40.4168,-3.7038,667,
2024-07-01T01:00:00+00:00,17.82,27.63,33.04,58.54,20,40,Madrid,,40.4168,-3.7038,667,
2024-07-01T02:00:00+00:00,18.34,28.63,32.24,61.02,20,40,Madrid,,40.4168,-3.7038,667,
2024-07-01T03:00:00+00:00,12.49,19.18,35.12,65.65,20,40,Madrid,,40.4168,-3.7038,667,
2024-07-01T04:00:00+00:00,17.19,20.19,33.61,71.48,20,40,Madrid,,40.4168,-3.7038,667,
2024-07-01T05:00:00+00:00,16.18,24.77,35.8,57.08,20,40,Madrid,,40.4168,-3.7038,667,
2024-07-01T06:00:00+00:00,14.26,18.01,34.69,69.05,20,40,Madrid,,40.4168,-3.7038,667,
2024-07-01T07:00:00+00:00,17.44,20.2,35.95,63.23,20,40,Madrid,,40.4168,-3.7038,667,
2024-07-01T08:00:00+00:00,16.81,23.9,35.17,63.38,20,40,Madrid,,40.4168,-3.7038,667,
2024-07-01T09:00:00+00:00,17.45,22.88,34.35,57.36,20,40,Madrid,,40.4168,-3.7038,667,
2024-07-01T10:00:00+00:00,14.34,21.92,33.53,62.68,20,40,Madrid,,40.4168,-3.7038,667,
2024-07-01T11:00:00+00:00,15.09,23.01,31.12,50.56,20,40,Madrid,,40.4168,-3.7038,667,
2024-07-01T12:00:00+00:00,12.0,13.73,32.22,54.24,20,40,Madrid,,40.4168,-3.7038,667,
2024-07-01T13:00:00+00:00,16.97,22.95,29.87,47.21,20,40,Madrid,,40.4168,-3.7038,667,
2024-07-01T14:00:00+00:00,16.01,24.17,29.76,49.69,20,40,Madrid,,40.4168,-3.7038,667,
2024-07-01T15:00:00+00:00,12.28,18.39,28.7,40.85,20,40,Madrid,,40.4168,-3.7038,667,
2024-07-01T16:00:00+00:00,16.91,23.57,28.32,44.41,20,40,Madrid,,40.4168,-3.7038,667,
2024-07-01T17:00:00+00:00,14.62,19.32,27.95,50.45,20,40,Madrid,,40.4168,-3.7038,667,
2024-07-01T18:00:00+00:00,16.16,18.57,27.31,43.87,20,40,Madrid,,40.4168,-3.7038,667,
2024-07-01T19:00:00+00:00,11.43,18.86,27.54,45.81,20,40,Madrid,,40.4168,-3.7038,667,
2024-07-01T20:00:00+00:00,14.29,17.59,27.89,40.04,20,40,Madrid,,40.4168,-3.7038,667,
2024-07-01T21:00:00+00:00,17.22,20.4,28.83,45.15,20,40,Madrid,,40.4168,-3.7038,667,
2024-07-01T22:00:00+00:00,15.29,22.08,27.82,54.63,20,40,Madrid,,40.4168,-3.7038,667,
2024-07-01T23:00:00+00:00,12.06,12.52,31.01,57.46,20,40,Madrid,,40.4168,-3.7038,667,
2024-07-02T00:00:00+00:00,16.5,19.76,30.5,47.15,20,40,Madrid,,40.4168,-3.7038,667,
2024-07-02T01:00:00+00:00,16.52,24.72,32.48,63.55,20,40,Madrid,,40.4168,-3.7038,667,
2024-07-02T02:00:00+00:00,12.68,20.84,32.68,65.6,20,40,Madrid,,40.4168,-3.7038,667,
2024-07-02T03:00:00+00:00,17.44,23.41,33.74,63.48,20,40,Madrid,,40.4168,-3.7038,667,
2024-07-02T04:00:00+00:00,18.79,22.72,33.09,69.82,20,40,Madrid,,40.4168,-3.7038,667,
2024-07-02T05:00:00+00:00,15.38,17.39,34.16,68.26,20,40,Madrid,,40.4168,-3.7038,667,
2024-07-02T06:00:00+00:00,14.99,17.56,34.01,69.43,20,40,Madrid,,40.4168,-3.7038,667,
2024-07-02T07:00:00+00:00,17.9,27.88,33.41,68.7,20,40,Madrid,,40.4168,-3.7038,667,
2024-07-02T08:00:00+00:00,11.86,12.19,35.77,60.15,20,40,Madrid,,40.4168,-3.7038,667,
2024-07-02T09:00:00+00:00,17.57,20.45,34.51,67.98,20,40,Madrid,,40.4168,-3.7038,667,
2024-07-02T10:00:00+00:00,14.26,16.94,32.45,67.75,20,40,Madrid,,40.4168,-3.7038,667,
2024-07-02T11:00:00+00:00,12.18,17.79,33.19,53.19,20,40,Madrid,,40.4168,-3.7038,667,
2024-07-02T12:00:00+00:00,11.74,19.45,30.11,48.52,20,40,Madrid,,40.4168,-3.7038,667,
2024-07-02T13:00:00+00:00,15.44,19.52,29.35,54.84,20,40,Madrid,,40.4168,-3.7038,667,
2024-07-02T14:00:00+00:00,14.6,18.06,27.56,47.16,20,40,Madrid,,40.4168,-3.7038,667,
2024-07-02T15:00:00+00:00,15.22,21.12,28.06,48.22,20,40,Madrid,,40.4168,-3.7038,667,
2024-07-02T16:00:00+00:00,18.22,25.46,27.12,54.06,20,40,Madrid,,40.4168,-3.7038,667,
2024-07-02T17:00:00+00:00,17.52,20.51,27.1,49.16,20,40,Madrid,,40.4168,-3.7038,667,
2024-07-02T18:00:00+00:00,15.89,24.77,28.26,43.7,20,40,Madrid,,40.4168,-3.7038,667,
2024-07-02T19:00:00+00:00,16.56,25.45,27.29,52.9,20,40,Madrid,,40.4168,-3.7038,667,
2024-07-02T20:00:00+00:00,13.07,21.12,28.7,45.38,20,40,Madrid,,40.4168,-3.7038,667,
2024-07-02T21:00:00+00:00,15.01,21.69,28.25,44.9,20,40,Madrid,,40.4168,-3.7038,667,
2024-07-02T22:00:00+00:00,11.76,17.9,30.43,44.44,20,40,Madrid,,40.4168,-3.7038,667,
2024-07-02T23:00:00+00:00,16.24,21.54,28.84,57.31,20,40,Madrid,,40.4168,-3.7038,667,
2024-07-03T00:00:00+00:00,12.81,13.78,31.53,62.17,20,40,Madrid,,40.4168,-3.7038,667,
2024-07-03T01:00:00+00:00,12.76,17.66,32.14,56.22,20,40,Madrid,,40.4168,-3.7038,667,
2024-07-03T02:00:00+00:00,15.47,22.76,31.6,64.65,20,40,Madrid,,40.4168,-3.7038,667,
2024-07-03T03:00:00+00:00,13.56,21.12,32.67,58.29,20,40,Madrid,,40.4168,-3.7038,667,
2024-07-03T04:00:00+00:00,17.27,20.39,33.73,67.01,20,40,Madrid,,40.4168,-3.7038,667,
2024-07-03T05:00:00+00:00,19.11,23.49,34.5,71.08,20,40,Madrid,,40.4168,-3.7038,667,
2024-07-03T06:00:00+00:00,16.65,22.18,34.78,69.73,20,40,Madrid,,40.4168,-3.7038,667,
2024-07-03T07:00:00+00:00,14.67,16.73,34.69,68.65,20,40,Madrid,,40.4168,-3.7038,667,
2024-07-03T08:00:00+00:00,13.89,21.36,35.34,70.32,20,40,Madrid,,40.4168,-3.7038,667,
2024-07-03T09:00:00+00:00,16.06,19.27,32.42,63.02,20,40,Madrid,,40.4168,-3.7038,667,
2024-07-03T10:00:00+00:00,12.06,16.91,32.25,59.17,20,40,Madrid,,40.4168,-3.7038,667,
2024-07-03T11:00:00+00:00,13.82,21.45,30.76,62.47,20,40,Madrid,,40.4168,-3.7038,667,
2024-07-03T12:00:00+00:00,17.75,25.94,30.78,50.57,20,40,Madrid,,40.4168,-3.7038,667,
2024-07-03T13:00:00+00:00,16.29,18.98,30.97,51.04,20,40,Madrid,,40.4168,-3.7038,667,
2024-07-03T14:00:00+00:00,16.47,20.65,29.08,54.84,20,40,Madrid,,40.4168,-3.7038,667,
2024-07-03T15:00:00+00:00,15.55,23.32,29.61,52.99,20,40,Madrid,,40.4168,-3.7038,667,
2024-07-03T16:00:00+00:00,14.55,23.53,28.25,52.85,20,40,Madrid,,40.4168,-3.7038,667,
2024-07-03T17:00:00+00:00,12.04,17.45,27.28,48.95,20,40,Madrid,,40.4168,-3.7038,667,
2024-07-03T18:00:00+00:00,12.25,14.49,27.95,52.44,20,40,Madrid,,40.4168,-3.7038,667,
2024-07-03T19:00:00+00:00,16.47,22.31,28.32,39.79,20,40,Madrid,,40.4168,-3.7038,667,
2024-07-03T20:00:00+00:00,12.29,15.15,27.81,46.11,20,40,Madrid,,40.4168,-3.7038,667,
2024-07-03T21:00:00+00:00,17.85,21.58,28.59,54.01,20,40,Madrid,,40.4168,-3.7038,667,
2024-07-03T22:00:00+00:00,11.96,20.07,30.02,48.69,20,40,Madrid,,40.4168,-3.7038,667,
2024-07-03T23:00:00+00:00,16.32,22.67,30.92,46.82,20,40,Madrid,,40.4168,-3.7038,667,
2024-07-04T00:00:00+00:00,11.29,13.88,31.38,49.96,20,40,Madrid,,40.4168,-3.7038,667,
2024-07-04T01:00:00+00:00,16.28,21.13,31.12,53.49,20,40,Madrid,,40.4168,-3.7038,667,
2024-07-04T02:00:00+00:00,12.51,14.36,31.83,52.43,20,40,Madrid,,40.4168,-3.7038,667,
2024-07-04T03:00:00+00:00,13.32,15.02,35.11,56.07,20,40,Madrid,,40.4168,-3.7038,667,
2024-07-04T04:00:00+00:00,15.02,18.75,35.29,65.13,20,40,Madrid,,40.4168,-3.7038,667,
2024-07-04T05:00:00+00:00,15.49,20.16,35.32,72.64,20,40,Madrid,,40.4168,-3.7038,667,
2024-07-04T06:00:00+00:00,15.26,20.12,34.18,58.68,20,40,Madrid,,40.4168,-3.7038,667,
2024-07-04T07:00:00+00:00,16.86,22.21,35.93,69.59,20,40,Madrid,,40.4168,-3.7038,667,
2024-07-04T08:00:00+00:00,18.05,25.61,33.52,63.54,20,40,Madrid,,40.4168,-3.7038,667,
2024-07-04T09:00:00+00:00,13.88,17.62,35.19,55.51,20,40,Madrid,,40.4168,-3.7038,667,
2024-07-04T10:00:00+00:00,17.19,21.67,34.22,58.77,20,40,Madrid,,40.4168,-3.7038,667,
2024-07-04T11:00:00+00:00,12.59,20.93,30.62,54.65,20,40,Madrid,,40.4168,-3.7038,667,
2024-07-04T12:00:00+00:00,16.8,19.58,30.82,56.15,20,40,Madrid,,40.4168,-3.7038,667,
2024-07-04T13:00:00+00:00,14.71,16.87,29.79,60.04,20,40,Madrid,,40.4168,-3.7038,667,
2024-07-04T14:00:00+00:00,16.25,21.56,27.57,54.6,20,40,Madrid,,40.4168,-3.7038,667,
2024-07-04T15:00:00+00:00,16.73,25.07,28.89,41.09,20,40,Madrid,,40.4168,-3.7038,667,
2024-07-04T16:00:00+00:00,18.14,23.32,27.58,53.39,20,40,Madrid,,40.4168,-3.7038,667,
2024-07-04T17:00:00+00:00,16.4,22.43,25.9,48.04,20,40,Madrid,,40.4168,-3.7038,667,
2024-07-04T18:00:00+00:00,11.37,14.59,26.48,39.72,20,40,Madrid,,40.4168,-3.7038,667,
2024-07-04T19:00:00+00:00,14.12,22.3,26.98,41.96,20,40,Madrid,,40.4168,-3.7038,667,
2024-07-04T20:00:00+00:00,13.74,16.9,28.94,47.07,20,40,Madrid,,40.4168,-3.7038,667,
2024-07-04T21:00:00+00:00,17.21,26.31,29.43,55.03,20,40,Madrid,,40.4168,-3.7038,667,
2024-07-04T22:00:00+00:00,12.09,13.34,29.79,51.49,20,40,Madrid,,40.4168,-3.7038,667,
2024-07-04T23:00:00+00:00,16.31,20.88,31.26,54.06,20,40,Madrid,,40.4168,-3.7038,667,
2024-07-05T00:00:00+00:00,17.74,22.75,30.61,59.45,20,40,Madrid,,40.4168,-3.7038,667,
2024-07-05T01:00:00+00:00,13.39,15.13,32.16,61.52,20,40,Madrid,,40.4168,-3.7038,667,
2024-07-05T02:00:00+00:00,12.89,14.0,33.29,57.36,20,40,Madrid,,40.4168,-3.7038,667,
2024-07-05T03:00:00+00:00,17.98,21.24,35.08,67.87,20,40,Madrid,,40.4168,-3.7038,667,
2024-07-05T04:00:00+00:00,13.41,19.45,33.44,67.28,20,40,Madrid,,40.4168,-3.7038,667,
2024-07-05T05:00:00+00:00,14.48,22.2,36.29,69.51,20,40,Madrid,,40.4168,-3.7038,667,
2024-07-05T06:00:00+00:00,11.82,12.55,36.18,59.78,20,40,Madrid,,40.4168,-3.7038,667,
2024-07-05T07:00:00+00:00,12.01,15.54,34.95,59.98,20,40,Madrid,,40.4168,-3.7038,667,
2024-07-05T08:00:00+00:00,15.73,23.35,34.04,69.01,20,40,Madrid,,40.4168,-3.7038,667,
2024-07-05T09:00:00+00:00,17.38,23.33,33.56,63.54,20,40,Madrid,,40.4168,-3.7038,667,
2024-07-05T10:00:00+00:00,12.56,19.44,33.52,54.0,20,40,Madrid,,40.4168,-3.7038,667,
2024-07-05T11:00:00+00:00,14.38,22.93,30.93,54.53,20,40,Madrid,,40.4168,-3.7038,667,
2024-07-05T12:00:00+00:00,18.63,28.3,31.83,61.84,20,40,Madrid,,40.4168,-3.7038,667,
2024-07-05T13:00:00+00:00,15.24,17.95,30.03,46.54,20,40,Madrid,,40.4168,-3.7038,667,
2024-07-05T14:00:00+00:00,14.34,15.42,28.28,50.93,20,40,Madrid,,40.4168,-3.7038,667,
2024-07-05T15:00:00+00:00,15.1,17.37,29.41,48.84,20,40,Madrid,,40.4168,-3.7038,667,
2024-07-05T16:00:00+00:00,17.24,21.13,28.09,54.26,20,40,Madrid,,40.4168,-3.7038,667,
2024-07-05T17:00:00+00:00,17.7,19.94,28.63,47.51,20,40,Madrid,,40.4168,-3.7038,667,
2024-07-05T18:00:00+00:00,17.43,26.99,28.06,44.43,20,40,Madrid,,40.4168,-3.7038,667,
2024-07-05T19:00:00+00:00,13.88,20.39,27.25,51.58,20,40,Madrid,,40.4168,-3.7038,667,
2024-07-05T20:00:00+00:00,14.62,16.49,28.42,46.5,20,40,Madrid,,40.4168,-3.7038,667,
2024-07-05T21:00:00+00:00,14.92,18.95,28.76,52.71,20,40,Madrid,,40.4168,-3.7038,667,
2024-07-05T22:00:00+00:00,16.39,22.78,28.86,55.97,20,40,Madrid,,40.4168,-3.7038,667,
2024-07-05T23:00:00+00:00,11.58,18.27,30.5,45.66,20,40,Madrid,,40.4168,-3.7038,667,
2024-07-06T00:00:00+00:00,14.18,21.67,31.03,52.23,20,40,Madrid,,40.4168,-3.7038,667,
2024-07-06T01:00:00+00:00,11.94,18.41,32.16,50.66,20,40,Madrid,,40.4168,-3.7038,667,
2024-07-06T02:00:00+00:00,13.76,15.8,34.02,52.26,20,40,Madrid,,40.4168,-3.7038,667,
2024-07-06T03:00:00+00:00,12.31,14.26,33.05,55.05,20,40,Madrid,,40.4168,-3.7038,667,
2024-07-06T04:00:00+00:00,17.85,24.45,33.22,64.71,20,40,Madrid,,40.4168,-3.7038,667,
2024-07-06T05:00:00+00:00,13.06,20.45,35.14,66.63,20,40,Madrid,,40.4168,-3.7038,667,
2024-07-06T06:00:00+00:00,13.45,17.16,35.7,67.53,20,40,Madrid,,40.4168,-3.7038,667,
2024-07-06T07:00:00+00:00,12.25,14.68,35.81,57.44,20,40,Madrid,,40.4168,-3.7038,667,
2024-07-06T08:00:00+00:00,18.14,24.07,33.28,71.42,20,40,Madrid,,40.4168,-3.7038,667,
2024-07-06T09:00:00+00:00,16.58,19.13,33.78,54.49,20,40,Madrid,,40.4168,-3.7038,667,
2024-07-06T10:00:00+00:00,17.77,23.93,33.89,56.44,20,40,Madrid,,40.4168,-3.7038,667,
2024-07-06T11:00:00+00:00,17.46,23.63,32.21,64.72,20,40,Madrid,,40.4168,-3.7038,667,
2024-07-06T12:00:00+00:00,13.54,16.25,29.6,57.27,20,40,Madrid,,40.4168,-3.7038,667,
2024-07-06T13:00:00+00:00,17.38,25.52,30.32,48.81,20,40,Madrid,,40.4168,-3.7038,667,
2024-07-06T14:00:00+00:00,16.76,25.29,29.37,56.07,20,40,Madrid,,40.4168,-3.7038,667,
2024-07-06T15:00:00+00:00,13.74,19.75,28.08,54.6,20,40,Madrid,,40.4168,-3.7038,667,
2024-07-06T16:00:00+00:00,11.8,17.46,27.17,46.5,20,40,Madrid,,40.4168,-3.7038,667,
2024-07-06T17:00:00+00:00,13.66,15.36,27.0,44.58,20,40,Madrid,,40.4168,-3.7038,667,
2024-07-06T18:00:00+00:00,18.36,24.42,26.52,52.44,20,40,Madrid,,40.4168,-3.7038,667,
2024-07-06T19:00:00+00:00,16.26,20.15,26.77,52.91,20,40,Madrid,,40.4168,-3.7038,667,
2024-07-06T20:00:00+00:00,16.01,23.81,26.06,40.63,20,40,Madrid,,40.4168,-3.7038,667,
2024-07-06T21:00:00+00:00,14.34,22.86,29.12,40.06,20,40,Madrid,,40.4168,-3.7038,667,
2024-07-06T22:00:00+00:00,16.74,18.61,27.54,47.41,20,40,Madrid,,40.4168,-3.7038,667,
2024-07-06T23:00:00+00:00,15.0,22.13,31.29,45.24,20,40,Madrid,,40.4168,-3.7038,667,
2024-07-07T00:00:00+00:00,17.05,23.98,32.08,50.51,20,40,Madrid,,40.4168,-3.7038,667,
2024-07-07T01:00:00+00:00,12.3,14.65,32.3,50.89,20,40,Madrid,,40.4168,-3.7038,667,
2024-07-07T02:00:00+00:00,17.78,20.89,32.42,58.8,20,40,Madrid,,40.4168,-3.7038,667,
2024-07-07T03:00:00+00:00,16.01,21.2,33.27,58.26,20,40,Madrid,,40.4168,-3.7038,667,
2024-07-07T04:00:00+00:00,15.59,18.32,34.41,69.33,20,40,Madrid,,40.4168,-3.7038,667,
2024-07-07T05:00:00+00:00,14.49,18.6,34.37,57.69,20,40,Madrid,,40.4168,-3.7038,667,
2024-07-07T06:00:00+00:00,18.11,21.1,35.0,69.12,20,40,Madrid,,40.4168,-3.7038,667,
2024-07-07T07:00:00+00:00,14.73,18.58,35.28,69.47,20,40,Madrid,,40.4168,-3.7038,667,
2024-07-07T08:00:00+00:00,14.23,17.11,32.99,62.74,20,40,Madrid,,40.4168,-3.7038,667,
2024-07-07T09:00:00+00:00,16.06,19.89,35.06,64.75,20,40,Madrid,,40.4168,-3.7038,667,
2024-07-07T10:00:00+00:00,13.77,18.1,33.09,67.96,20,40,Madrid,,40.4168,-3.7038,667,
2024-07-07T11:00:00+00:00,17.05,23.16,30.79,65.2,20,40,Madrid,,40.4168,-3.7038,667,
2024-07-07T12:00:00+00:00,11.97,13.67,30.88,55.14,20,40,Madrid,,40.4168,-3.7038,667,
2024-07-07T13:00:00+00:00,16.29,24.97,29.65,49.92,20,40,Madrid,,40.4168,-3.7038,667,
2024-07-07T14:00:00+00:00,15.74,17.43,27.76,49.43,20,40,Madrid,,40.4168,-3.7038,667,
2024-07-07T15:00:00+00:00,13.72,20.35,26.83,50.03,20,40,Madrid,,40.4168,-3.7038,667,
2024-07-07T16:00:00+00:00,12.37,16.39,27.43,52.66,20,40,Madrid,,40.4168,-3.7038,667,
2024-07-07T17:00:00+00:00,16.75,19.37,26.76,50.57,20,40,Madrid,,40.4168,-3.7038,667,
2024-07-07T18:00:00+00:00,12.57,17.69,26.31,37.42,20,40,Madrid,,40.4168,-3.7038,667,
2024-07-07T19:00:00+00:00,16.69,25.66,25.81,48.41,20,40,Madrid,,40.4168,-3.7038,667,
2024-07-07T20:00:00+00:00,15.2,16.59,28.82,42.65,20,40,Madrid,,40.4168,-3.7038,667,
2024-07-07T21:00:00+00:00,13.32,14.81,28.41,51.16,20,40,Madrid,,40.4168,-3.7038,667,
2024-07-07T22:00:00+00:00,16.14,25.23,28.38,49.24,20,40,Madrid,,40.4168,-3.7038,667,
2024-07-07T23:00:00+00:00,17.44,20.52,31.34,54.47,20,40,Madrid,,40.4168,-3.7038,667,
2024-07-08T00:00:00+00:00,14.37,20.15,31.12,54.07,20,40,Madrid,,40.4168,-3.7038,667,
2024-07-08T01:00:00+00:00,11.97,16.89,33.27,50.08,20,40,Madrid,,40.4168,-3.7038,667,
2024-07-08T02:00:00+00:00,16.16,18.83,33.59,64.57,20,40,Madrid,,40.4168,-3.7038,667,
2024-07-08T03:00:00+00:00,15.57,17.37,35.22,60.67,20,40,Madrid,,40.4168,-3.7038,667,
2024-07-08T04:00:00+00:00,17.31,21.64,34.77,70.64,20,40,Madrid,,40.4168,-3.7038,667,
2024-07-08T05:00:00+00:00,13.29,21.28,36.11,61.08,20,40,Madrid,,40.4168,-3.7038,667,
2024-07-08T06:00:00+00:00,12.6,16.03,34.53,62.74,20,40,Madrid,,40.4168,-3.7038,667,
2024-07-08T07:00:00+00:00,15.42,17.56,35.65,61.12,20,40,Madrid,,40.4168,-3.7038,667,
2024-07-08T08:00:00+00:00,16.69,24.01,33.26,65.95,20,40,Madrid,,40.4168,-3.7038,667,
2024-07-08T09:00:00+00:00,14.71,20.66,33.49,64.7,20,40,Madrid,,40.4168,-3.7038,667,
2024-07-08T10:00:00+00:00,15.48,18.16,34.08,53.84,20,40,Madrid,,40.4168,-3.7038,667,
2024-07-08T11:00:00+00:00,15.28,24.3,30.86,51.05,20,40,Madrid,,40.4168,-3.7038,667,
2024-07-08T12:00:00+00:00,17.24,25.86,31.49,59.32,20,40,Madrid,,40.4168,-3.7038,667,
2024-07-08T13:00:00+00:00,12.38,15.12,31.09,58.08,20,40,Madrid,,40.4168,-3.7038,667,
2024-07-08T14:00:00+00:00,15.83,19.73,27.88,51.02,20,40,Madrid,,40.4168,-3.7038,667,
2024-07-08T15:00:00+00:00,17.45,20.31,28.86,47.35,20,40,Madrid,,40.4168,-3.7038,667,
2024-07-08T16:00:00+00:00,16.94,24.63,26.57,54.12,20,40,Madrid,,40.4168,-3.7038,667,
2024-07-08T17:00:00+00:00,17.04,23.1,26.67,41.52,20,40,Madrid,,40.4168,-3.7038,667,
2024-07-08T18:00:00+00:00,13.38,17.28,26.7,45.68,20,40,Madrid,,40.4168,-3.7038,667,
2024-07-08T19:00:00+00:00,16.95,23.94,28.38,49.83,20,40,Madrid,,40.4168,-3.7038,667,
2024-07-08T20:00:00+00:00,12.74,18.64,28.46,42.61,20,40,Madrid,,40.4168,-3.7038,667,
2024-07-08T21:00:00+00:00,12.39,17.26,26.77,40.17,20,40,Madrid,,40.4168,-3.7038,667,
2024-07-08T22:00:00+00:00,14.54,16.71,29.74,57.12,20,40,Madrid,,40.4168,-3.7038,667,
2024-07-08T23:00:00+00:00,15.2,19.2,30.96,54.08,20,40,Madrid,,40.4168,-3.7038,667,
2024-07-09T00:00:00+00:00,12.86,21.12,30.75,47.94,20,40,Madrid,,40.4168,-3.7038,667,
2024-07-09T01:00:00+00:00,13.6,17.96,32.04,63.07,20,40,Madrid,,40.4168,-3.7038,667,
2024-07-09T02:00:00+00:00,13.49,21.04,33.52,63.47,20,40,Madrid,,40.4168,-3.7038,667,
2024-07-09T03:00:00+00:00,16.96,24.83,33.43,69.24,20,40,Madrid,,40.4168,-3.7038,667,
2024-07-09T04:00:00+00:00,16.92,24.18,35.68,57.29,20,40,Madrid,,40.4168,-3.7038,667,
2024-07-09T05:00:00+00:00,16.94,19.72,33.57,63.41,20,40,Madrid,,40.4168,-3.7038,667,
2024-07-09T06:00:00+00:00,16.36,18.11,34.0,71.18,20,40,Madrid,,40.4168,-3.7038,667,
2024-07-09T07:00:00+00:00,12.03,16.7,35.42,58.99,20,40,Madrid,,40.4168,-3.7038,667,
2024-07-09T08:00:00+00:00,12.95,14.21,35.69,63.55,20,40,Madrid,,40.4168,-3.7038,667,
2024-07-09T09:00:00+00:00,14.4,21.36,34.03,60.0,20,40,Madrid,,40.4168,-3.7038,667,
2024-07-09T10:00:00+00:00,16.09,23.7,33.95,66.53,20,40,Madrid,,40.4168,-3.7038,667,
2024-07-09T11:00:00+00:00,15.54,19.59,33.22,49.75,20,40,Madrid,,40.4168,-3.7038,667,
2024-07-09T12:00:00+00:00,15.63,20.5,30.49,53.14,20,40,Madrid,,40.4168,-3.7038,667,
2024-07-09T13:00:00+00:00,15.65,23.87,31.13,56.62,20,40,Madrid,,40.4168,-3.7038,667,
2024-07-09T14:00:00+00:00,18.17,24.15,30.43,57.38,20,40,Madrid,,40.4168,-3.7038,667,
2024-07-09T15:00:00+00:00,16.51,24.45,29.2,55.38,20,40,Madrid,,40.4168,-3.7038,667,
2024-07-09T16:00:00+00:00,16.44,19.34,28.88,43.97,20,40,Madrid,,40.4168,-3.7038,667,
2024-07-09T17:00:00+00:00,14.35,15.59,27.24,51.38,20,40,Madrid,,40.4168,-3.7038,667,
2024-07-09T18:00:00+00:00,13.76,21.13,27.24,43.35,20,40,Madrid,,40.4168,-3.7038,667,
2024-07-09T19:00:00+00:00,18.56,24.09,25.81,52.31,20,40,Madrid,,40.4168,-3.7038,667,
2024-07-09T20:00:00+00:00,14.57,21.15,28.15,48.06,20,40,Madrid,,40.4168,-3.7038,667,
2024-07-09T21:00:00+00:00,13.64,19.2,26.93,44.91,20,40,Madrid,,40.4168,-3.7038,667,
2024-07-09T22:00:00+00:00,16.68,26.17,30.01,52.18,20,40,Madrid,,40.4168,-3.7038,667,
2024-07-09T23:00:00+00:00,12.23,19.47,29.47,45.74,20,40,Madrid,,40.4168,-3.7038,667,
2024-07-10T00:00:00+00:00,15.28,19.66,30.88,57.25,20,40,Madrid,,40.4168,-3.7038,667,
2024-07-10T01:00:00+00:00,15.77,20.67,31.29,54.6,20,40,Madrid,,40.4168,-3.7038,667,
2024-07-10T02:00:00+00:00,13.39,16.69,31.65,55.82,20,40,Madrid,,40.4168,-3.7038,667,
2024-07-10T03:00:00+00:00,15.66,18.79,33.54,66.22,20,40,Madrid,,40.4168,-3.7038,667,
2024-07-10T04:00:00+00:00,16.27,22.56,33.2,64.83,20,40,Madrid,,40.4168,-3.7038,667,
2024-07-10T05:00:00+00:00,19.1,27.21,35.14,69.52,20,40,Madrid,,40.4168,-3.7038,667,
2024-07-10T06:00:00+00:00,16.22,22.31,36.33,58.46,20,40,Madrid,,40.4168,-3.7038,667,
2024-07-10T07:00:00+00:00,15.33,19.12,34.23,63.59,20,40,Madrid,,40.4168,-3.7038,667,
2024-07-10T08:00:00+00:00,13.71,20.96,35.18,62.82,20,40,Madrid,,40.4168,-3.7038,667,
2024-07-10T09:00:00+00:00,14.84,18.38,35.01,62.83,20,40,Madrid,,40.4168,-3.7038,667,
2024-07-10T10:00:00+00:00,17.75,25.78,33.05,59.09,20,40,Madrid,,40.4168,-3.7038,667,
2024-07-10T11:00:00+00:00,15.73,23.4,30.58,60.01,20,40,Madrid,,40.4168,-3.7038,667,
2024-07-10T12:00:00+00:00,13.38,21.42,30.51,49.1,20,40,Madrid,,40.4168,-3.7038,667,
2024-07-10T13:00:00+00:00,16.66,24.05,30.22,51.24,20,40,Madrid,,40.4168,-3.7038,667,
2024-07-10T14:00:00+00:00,11.65,17.84,30.23,51.32,20,40,Madrid,,40.4168,-3.7038,667,
2024-07-10T15:00:00+00:00,14.21,20.04,28.16,45.82,20,40,Madrid,,40.4168,-3.7038,667,
2024-07-10T16:00:00+00:00,15.38,24.64,28.94,53.98,20,40,Madrid,,40.4168,-3.7038,667,
2024-07-10T17:00:00+00:00,15.29,19.42,28.54,41.18,20,40,Madrid,,40.4168,-3.7038,667,
2024-07-10T18:00:00+00:00,14.94,17.8,26.58,41.44,20,40,Madrid,,40.4168,-3.7038,667,
2024-07-10T19:00:00+00:00,14.68,17.1,27.79,39.55,20,40,Madrid,,40.4168,-3.7038,667,
2024-07-10T20:00:00+00:00,13.61,14.88,27.88,50.22,20,40,Madrid,,40.4168,-3.7038,667,
2024-07-10T21:00:00+00:00,16.04,24.25,27.71,52.75,20,40,Madrid,,40.4168,-3.7038,667,
2024-07-10T22:00:00+00:00,13.55,15.31,28.82,56.04,20,40,Madrid,,40.4168,-3.7038,667,
2024-07-10T23:00:00+00:00,14.71,22.15,30.0,56.6,20,40,Madrid,,40.4168,-3.7038,667,
2024-07-11T00:00:00+00:00,16.86,19.33,32.1,58.8,20,40,Madrid,,40.4168,-3.7038,667,
2024-07-11T01:00:00+00:00,12.75,16.88,32.62,62.77,20,40,Madrid,,40.4168,-3.7038,667,
2024-07-11T02:00:00+00:00,12.66,17.93,31.58,59.28,20,40,Madrid,,40.4168,-3.7038,667,
2024-07-11T03:00:00+00:00,13.89,15.17,34.16,63.41,20,40,Madrid,,40.4168,-3.7038,667,
2024-07-11T04:00:00+00:00,15.72,23.36,34.24,69.33,20,40,Madrid,,40.4168,-3.7038,667,
2024-07-11T05:00:00+00:00,14.8,17.28,36.04,69.98,20,40,Madrid,,40.4168,-3.7038,667,
2024-07-11T06:00:00+00:00,14.74,16.33,33.8,57.93,20,40,Madrid,,40.4168,-3.7038,667,
2024-07-11T07:00:00+00:00,15.76,17.91,33.63,67.75,20,40,Madrid,,40.4168,-3.7038,667,
2024-07-11T08:00:00+00:00,14.52,21.49,33.68,62.39,20,40,Madrid,,40.4168,-3.7038,667,
2024-07-11T09:00:00+00:00,14.69,20.28,33.5,62.53,20,40,Madrid,,40.4168,-3.7038,667,
2024-07-11T10:00:00+00:00,15.89,19.18,34.27,62.42,20,40,Madrid,,40.4168,-3.7038,667,
2024-07-11T11:00:00+00:00,16.48,23.07,31.82,62.57,20,40,Madrid,,40.4168,-3.7038,667,
2024-07-11T12:00:00+00:00,18.0,26.4,30.91,60.47,20,40,Madrid,,40.4168,-3.7038,667,
2024-07-11T13:00:00+00:00,14.43,17.27,29.44,46.7,20,40,Madrid,,40.4168,-3.7038,667,
2024-07-11T14:00:00+00:00,11.57,18.09,27.53,47.84,20,40,Madrid,,40.4168,-3.7038,667,
2024-07-11T15:00:00+00:00,13.53,14.54,28.47,46.15,20,40,Madrid,,40.4168,-3.7038,667,
2024-07-11T16:00:00+00:00,15.91,25.22,28.28,53.07,20,40,Madrid,,40.4168,-3.7038,667,
2024-07-11T17:00:00+00:00,16.88,20.48,28.47,50.21,20,40,Madrid,,40.4168,-3.7038,667,
2024-07-11T18:00:00+00:00,11.5,11.53,27.92,43.26,20,40,Madrid,,40.4168,-3.7038,667,
2024-07-11T19:00:00+00:00,15.33,24.57,26.24,46.35,20,40,Madrid,,40.4168,-3.7038,667,
2024-07-11T20:00:00+00:00,16.97,24.13,27.67,53.54,20,40,Madrid,,40.4168,-3.7038,667,
2024-07-11T21:00:00+00:00,11.79,12.39,29.22,51.27,20,40,Madrid,,40.4168,-3.7038,667,
2024-07-11T22:00:00+00:00,13.59,16.46,28.79,43.73,20,40,Madrid,,40.4168,-3.7038,667,
2024-07-11T23:00:00+00:00,13.84,22.29,30.29,48.09,20,40,Madrid,,40.4168,-3.7038,667,
2024-07-12T00:00:00+00:00,14.34,18.32,31.62,48.11,20,40,Madrid,,40.4168,-3.7038,667,
2024-07-12T01:00:00+00:00,13.54,16.45,32.55,52.43,20,40,Madrid,,40.4168,-3.7038,667,
2024-07-12T02:00:00+00:00,15.18,20.64,31.5,54.23,20,40,Madrid,,40.4168,-3.7038,667,
2024-07-12T03:00:00+00:00,17.51,23.21,34.74,54.59,20,40,Madrid,,40.4168,-3.7038,667,
2024-07-12T04:00:00+00:00,16.82,23.01,34.51,58.46,20,40,Madrid,,40.4168,-3.7038,667,
2024-07-12T05:00:00+00:00,18.41,25.12,34.84,68.62,20,40,Madrid,,40.4168,-3.7038,667,
2024-07-12T06:00:00+00:00,19.31,28.05,35.08,72.0,20,40,Madrid,,40.4168,-3.7038,667,
2024-07-12T07:00:00+00:00,17.15,23.56,34.42,62.33,20,40,Madrid,,40.4168,-3.7038,667,
2024-07-12T08:00:00+00:00,15.71,19.24,35.86,65.14,20,40,Madrid,,40.4168,-3.7038,667,
2024-07-12T09:00:00+00:00,16.65,25.05,35.25,69.43,20,40,Madrid,,40.4168,-3.7038,667,
2024-07-12T10:00:00+00:00,14.4,20.68,33.83,67.04,20,40,Madrid,,40.4168,-3.7038,667,
2024-07-12T11:00:00+00:00,12.43,18.4,31.23,51.39,20,40,Madrid,,40.4168,-3.7038,667,
2024-07-12T12:00:00+00:00,13.42,21.89,32.14,49.14,20,40,Madrid,,40.4168,-3.7038,667,
2024-07-12T13:00:00+00:00,16.73,24.23,31.0,54.75,20,40,Madrid,,40.4168,-3.7038,667,
2024-07-12T14:00:00+00:00,11.58,18.74,29.31,50.21,20,40,Madrid,,40.4168,-3.7038,667,
2024-07-12T15:00:00+00:00,12.0,13.46,29.07,42.43,20,40,Madrid,,40.4168,-3.7038,667,
2024-07-12T16:00:00+00:00,11.83,12.39,28.89,44.38,20,40,Madrid,,40.4168,-3.7038,667,
2024-07-12T17:00:00+00:00,14.18,16.32,28.47,40.48,20,40,Madrid,,40.4168,-3.7038,667,
2024-07-12T18:00:00+00:00,15.83,24.58,26.14,49.08,20,40,Madrid,,40.4168,-3.7038,667,
2024-07-12T19:00:00+00:00,11.83,13.07,26.64,45.22,20,40,Madrid,,40.4168,-3.7038,667,
2024-07-12T20:00:00+00:00,16.0,19.56,27.86,49.79,20,40,Madrid,,40.4168,-3.7038,667,
2024-07-12T21:00:00+00:00,13.28,21.59,28.29,42.74,20,40,Madrid,,40.4168,-3.7038,667,
2024-07-12T22:00:00+00:00,16.98,24.51,30.05,50.53,20,40,Madrid,,40.4168,-3.7038,667,
2024-07-12T23:00:00+00:00,12.74,15.33,29.9,57.77,20,40,Madrid,,40.4168,-3.7038,667,
2024-07-13T00:00:00+00:00,13.95,18.59,32.31,51.94,20,40,Madrid,,40.4168,-3.7038,667,
2024-07-13T01:00:00+00:00,15.75,19.8,31.55,55.93,20,40,Madrid,,40.4168,-3.7038,667,
2024-07-13T02:00:00+00:00,14.79,22.22,32.53,67.66,20,40,Madrid,,40.4168,-3.7038,667,
2024-07-13T03:00:00+00:00,16.02,18.01,33.59,55.79,20,40,Madrid,,40.4168,-3.7038,667,
2024-07-13T04:00:00+00:00,15.28,22.14,35.63,65.96,20,40,Madrid,,40.4168,-3.7038,667,
2024-07-13T05:00:00+00:00,11.94,16.66,35.52,62.04,20,40,Madrid,,40.4168,-3.7038,667,
2024-07-13T06:00:00+00:00,18.69,29.18,34.78,68.95,20,40,Madrid,,40.4168,-3.7038,667,
2024-07-13T07:00:00+00:00,14.31,22.83,35.66,66.31,20,40,Madrid,,40.4168,-3.7038,667,
2024-07-13T08:00:00+00:00,18.0,23.91,33.09,59.63,20,40,Madrid,,40.4168,-3.7038,667,
2024-07-13T09:00:00+00:00,12.05,13.77,32.6,58.97,20,40,Madrid,,40.4168,-3.7038,667,
2024-07-13T10:00:00+00:00,17.73,20.43,32.33,66.58,20,40,Madrid,,40.4168,-3.7038,667,
2024-07-13T11:00:00+00:00,15.86,22.94,30.58,63.34,20,40,Madrid,,40.4168,-3.7038,667,
2024-07-13T12:00:00+00:00,13.02,14.87,30.83,50.17,20,40,Madrid,,40.4168,-3.7038,667,
2024-07-13T13:00:00+00:00,17.2,21.13,31.35,46.41,20,40,Madrid,,40.4168,-3.7038,667,
2024-07-13T14:00:00+00:00,17.82,26.27,29.68,49.94,20,40,Madrid,,40.4168,-3.7038,667,
2024-07-13T15:00:00+00:00,13.23,15.67,28.24,44.9,20,40,Madrid,,40.4168,-3.7038,667,
2024-07-13T16:00:00+00:00,14.27,17.04,26.46,46.91,20,40,Madrid,,40.4168,-3.7038,667,
2024-07-13T17:00:00+00:00,15.2,21.89,26.47,38.65,20,40,Madrid,,40.4168,-3.7038,667,
2024-07-13T18:00:00+00:00,14.68,18.17,28.31,52.08,20,40,Madrid,,40.4168,-3.7038,667,
2024-07-13T19:00:00+00:00,13.21,16.63,27.95,44.34,20,40,Madrid,,40.4168,-3.7038,667,
2024-07-13T20:00:00+00:00,10.92,16.27,28.35,40.23,20,40,Madrid,,40.4168,-3.7038,667,
2024-07-13T21:00:00+00:00,14.45,21.96,28.55,46.97,20,40,Madrid,,40.4168,-3.7038,667,
2024-07-13T22:00:00+00:00,16.24,21.45,28.39,42.66,20,40,Madrid,,40.4168,-3.7038,667,
2024-07-13T23:00:00+00:00,13.29,21.82,31.09,49.43,20,40,Madrid,,40.4168,-3.7038,667,
2024-07-14T00:00:00+00:00,17.34,23.86,31.81,54.73,20,40,Madrid,,40.4168,-3.7038,667,
2024-07-14T01:00:00+00:00,16.45,22.41,31.78,61.18,20,40,Madrid,,40.4168,-3.7038,667,
2024-07-14T02:00:00+00:00,16.67,19.35,33.26,67.16,20,40,Madrid,,40.4168,-3.7038,667,
2024-07-14T03:00:00+00:00,18.48,22.04,32.96,61.86,20,40,Madrid,,40.4168,-3.7038,667,
2024-07-14T04:00:00+00:00,18.19,21.38,33.47,59.45,20,40,Madrid,,40.4168,-3.7038,667,
2024-07-14T05:00:00+00:00,16.65,26.28,35.03,57.99,20,40,Madrid,,40.4168,-3.7038,667,
2024-07-14T06:00:00+00:00,12.5,16.89,35.2,63.71,20,40,Madrid,,40.4168,-3.7038,667,
2024-07-14T07:00:00+00:00,14.7,19.83,35.1,68.09,20,40,Madrid,,40.4168,-3.7038,667,
2024-07-14T08:00:00+00:00,12.82,19.55,33.49,66.17,20,40,Madrid,,40.4168,-3.7038,667,
2024-07-14T09:00:00+00:00,12.72,14.43,33.57,59.67,20,40,Madrid,,40.4168,-3.7038,667,
2024-07-14T10:00:00+00:00,18.42,22.17,32.42,62.81,20,40,Madrid,,40.4168,-3.7038,667,
2024-07-14T11:00:00+00:00,13.7,21.59,32.26,56.25,20,40,Madrid,,40.4168,-3.7038,667,
2024-07-14T12:00:00+00:00,13.43,19.45,31.07,48.99,20,40,Madrid,,40.4168,-3.7038,667,
2024-07-14T13:00:00+00:00,16.16,22.38,31.1,51.56,20,40,Madrid,,40.4168,-3.7038,667,
2024-07-14T14:00:00+00:00,15.44,18.18,28.47,53.98,20,40,Madrid,,40.4168,-3.7038,667,
2024-07-14T15:00:00+00:00,13.21,21.27,27.54,52.38,20,40,Madrid,,40.4168,-3.7038,667,
2024-07-14T16:00:00+00:00,15.48,24.75,26.75,53.72,20,40,Madrid,,40.4168,-3.7038,667,
2024-07-14T17:00:00+00:00,16.74,21.7,25.65,39.35,20,40,Madrid,,40.4168,-3.7038,667,
2024-07-14T18:00:00+00:00,16.05,21.77,26.32,50.57,20,40,Madrid,,40.4168,-3.7038,667,
2024-07-14T19:00:00+00:00,12.02,17.63,26.61,38.83,20,40,Madrid,,40.4168,-3.7038,667,
2024-07-14T20:00:00+00:00,17.78,20.37,26.76,48.8,20,40,Madrid,,40.4168,-3.7038,667,
2024-07-14T21:00:00+00:00,16.47,24.29,28.05,50.0,20,40,Madrid,,40.4168,-3.7038,667,
2024-07-14T22:00:00+00:00,15.72,21.99,30.21,46.22,20,40,Madrid,,40.4168,-3.7038,667,
2024-07-14T23:00:00+00:00,11.5,17.18,30.26,47.07,20,40,Madrid,,40.4168,-3.7038,667,
2024-07-15T00:00:00+00:00,14.15,20.59,30.97,54.65,20,40,Madrid,,40.4168,-3.7038,667,
2024-07-15T01:00:00+00:00,17.42,22.89,30.64,53.06,20,40,Madrid,,40.4168,-3.7038,667,
2024-07-15T02:00:00+00:00,12.79,16.07,34.23,64.98,20,40,Madrid,,40.4168,-3.7038,667,
2024-07-15T03:00:00+00:00,13.89,17.58,33.99,57.46,20,40,Madrid,,40.4168,-3.7038,667,
2024-07-15T04:00:00+00:00,12.36,16.82,33.72,56.86,20,40,Madrid,,40.4168,-3.7038,667,
2024-07-15T05:00:00+00:00,13.94,20.76,34.14,70.68,20,40,Madrid,,40.4168,-3.7038,667,
2024-07-15T06:00:00+00:00,17.08,23.41,36.13,63.58,20,40,Madrid,,40.4168,-3.7038,667,
2024-07-15T07:00:00+00:00,15.96,22.62,35.35,71.12,20,40,Madrid,,40.4168,-3.7038,667,
2024-07-15T08:00:00+00:00,15.61,18.71,34.85,56.34,20,40,Madrid,,40.4168,-3.7038,667,
2024-07-15T09:00:00+00:00,16.07,22.43,35.01,56.31,20,40,Madrid,,40.4168,-3.7038,667,
2024-07-15T10:00:00+00:00,18.07,20.67,33.57,66.38,20,40,Madrid,,40.4168,-3.7038,667,
2024-07-15T11:00:00+00:00,14.89,21.87,32.89,55.69,20,40,Madrid,,40.4168,-3.7038,667,
2024-07-15T12:00:00+00:00,15.42,19.8,31.67,49.26,20,40,Madrid,,40.4168,-3.7038,667,
2024-07-15T13:00:00+00:00,12.87,15.68,30.89,50.56,20,40,Madrid,,40.4168,-3.7038,667,
2024-07-15T14:00:00+00:00,15.08,19.71,27.57,55.06,20,40,Madrid,,40.4168,-3.7038,667,
2024-07-15T15:00:00+00:00,13.24,21.75,29.63,44.76,20,40,Madrid,,40.4168,-3.7038,667,
2024-07-15T16:00:00+00:00,14.76,18.24,26.94,41.67,20,40,Madrid,,40.4168,-3.7038,667,
2024-07-15T17:00:00+00:00,11.32,13.27,26.03,37.42,20,40,Madrid,,40.4168,-3.7038,667,
2024-07-15T18:00:00+00:00,15.36,20.54,27.25,37.1,20,40,Madrid,,40.4168,-3.7038,667,
2024-07-15T19:00:00+00:00,17.37,20.81,26.38,48.22,20,40,Madrid,,40.4168,-3.7038,667,
2024-07-15T20:00:00+00:00,15.57,17.67,28.12,42.19,20,40,Madrid,,40.4168,-3.7038,667,
2024-07-15T21:00:00+00:00,13.89,21.93,26.89,41.33,20,40,Madrid,,40.4168,-3.7038,667,
2024-07-15T22:00:00+00:00,17.38,25.34,27.86,49.48,20,40,Madrid,,40.4168,-3.7038,667,
2024-07-15T23:00:00+00:00,12.92,18.72,28.62,59.34,20,40,Madrid,,40.4168,-3.7038,667,
2024-07-16T00:00:00+00:00,16.74,24.79,29.74,58.1,20,40,Madrid,,40.4168,-3.7038,667,
2024-07-16T01:00:00+00:00,14.14,15.77,32.82,50.82,20,40,Madrid,,40.4168,-3.7038,667,
2024-07-16T02:00:00+00:00,14.27,19.63,34.46,62.28,20,40,Madrid,,40.4168,-3.7038,667,
2024-07-16T03:00:00+00:00,13.53,20.24,32.49,62.27,20,40,Madrid,,40.4168,-3.7038,667,
2024-07-16T04:00:00+00:00,12.37,15.65,35.77,62.98,20,40,Madrid,,40.4168,-3.7038,667,
2024-07-16T05:00:00+00:00,18.13,21.32,35.7,63.66,20,40,Madrid,,40.4168,-3.7038,667,
2024-07-16T06:00:00+00:00,16.34,23.79,34.65,58.55,20,40,Madrid,,40.4168,-3.7038,667,
2024-07-16T07:00:00+00:00,17.89,25.9,33.9,70.34,20,40,Madrid,,40.4168,-3.7038,667,
2024-07-16T08:00:00+00:00,12.13,12.68,35.53,55.99,20,40,Madrid,,40.4168,-3.7038,667,
2024-07-16T09:00:00+00:00,13.55,22.16,34.64,56.17,20,40,Madrid,,40.4168,-3.7038,667,
2024-07-16T10:00:00+00:00,16.67,22.06,31.57,56.38,20,40,Madrid,,40.4168,-3.7038,667,
2024-07-16T11:00:00+00:00,13.77,20.24,32.7,59.57,20,40,Madrid,,40.4168,-3.7038,667,
2024-07-16T12:00:00+00:00,18.2,22.68,31.85,61.36,20,40,Madrid,,40.4168,-3.7038,667,
2024-07-16T13:00:00+00:00,17.92,25.34,31.46,59.0,20,40,Madrid,,40.4168,-3.7038,667,
2024-07-16T14:00:00+00:00,17.24,24.64,27.53,53.69,20,40,Madrid,,40.4168,-3.7038,667,
2024-07-16T15:00:00+00:00,14.63,16.48,26.88,42.43,20,40,Madrid,,40.4168,-3.7038,667,
2024-07-16T16:00:00+00:00,12.72,18.62,28.83,41.42,20,40,Madrid,,40.4168,-3.7038,667,
2024-07-16T17:00:00+00:00,17.33,26.25,26.47,45.42,20,40,Madrid,,40.4168,-3.7038,667,
2024-07-16T18:00:00+00:00,13.93,17.83,27.55,41.11,20,40,Madrid,,40.4168,-3.7038,667,
2024-07-16T19:00:00+00:00,11.63,19.46,25.79,37.81,20,40,Madrid,,40.4168,-3.7038,667,
2024-07-16T20:00:00+00:00,15.88,20.12,29.0,43.27,20,40,Madrid,,40.4168,-3.7038,667,
2024-07-16T21:00:00+00:00,11.3,18.49,28.2,42.73,20,40,Madrid,,40.4168,-3.7038,667,
2024-07-16T22:00:00+00:00,12.96,15.96,29.49,48.8,20,40,Madrid,,40.4168,-3.7038,667,
2024-07-16T23:00:00+00:00,13.59,14.68,29.7,49.49,20,40,Madrid,,40.4168,-3.7038,667,
2024-07-17T00:00:00+00:00,12.5,16.9,29.84,60.48,20,40,Madrid,,40.4168,-3.7038,667,
2024-07-17T01:00:00+00:00,11.78,18.75,33.26,54.23,20,40,Madrid,,40.4168,-3.7038,667,
2024-07-17T02:00:00+00:00,17.0,23.44,34.23,67.01,20,40,Madrid,,40.4168,-3.7038,667,
2024-07-17T03:00:00+00:00,14.75,22.63,34.52,55.87,20,40,Madrid,,40.4168,-3.7038,667,
2024-07-17T04:00:00+00:00,17.91,22.03,35.46,69.06,20,40,Madrid,,40.4168,-3.7038,667,
2024-07-17T05:00:00+00:00,14.12,21.84,35.83,63.38,20,40,Madrid,,40.4168,-3.7038,667,
2024-07-17T06:00:00+00:00,14.4,18.32,35.14,68.3,20,40,Madrid,,40.4168,-3.7038,667,
2024-07-17T07:00:00+00:00,15.99,21.2,36.13,59.07,20,40,Madrid,,40.4168,-3.7038,667,
2024-07-17T08:00:00+00:00,14.15,20.92,33.42,56.53,20,40,Madrid,,40.4168,-3.7038,667,
2024-07-17T09:00:00+00:00,12.88,16.22,33.67,58.97,20,40,Madrid,,40.4168,-3.7038,667,
2024-07-17T10:00:00+00:00,14.57,17.5,34.09,64.5,20,40,Madrid,,40.4168,-3.7038,667,
2024-07-17T11:00:00+00:00,17.34,23.61,31.11,49.89,20,40,Madrid,,40.4168,-3.7038,667,
2024-07-17T12:00:00+00:00,12.91,20.15,31.69,61.14,20,40,Madrid,,40.4168,-3.7038,667,
2024-07-17T13:00:00+00:00,18.1,28.4,30.15,58.66,20,40,Madrid,,40.4168,-3.7038,667,
2024-07-17T14:00:00+00:00,12.75,14.55,28.37,53.97,20,40,Madrid,,40.4168,-3.7038,667,
2024-07-17T15:00:00+00:00,15.07,22.31,27.4,40.21,20,40,Madrid,,40.4168,-3.7038,667,
2024-07-17T16:00:00+00:00,17.26,26.82,28.44,42.75,20,40,Madrid,,40.4168,-3.7038,667,
2024-07-17T17:00:00+00:00,14.36,22.85,27.03,47.69,20,40,Madrid,,40.4168,-3.7038,667,
2024-07-17T18:00:00+00:00,15.68,22.23,25.86,44.11,20,40,Madrid,,40.4168,-3.7038,667,
2024-07-17T19:00:00+00:00,13.9,22.22,26.19,53.2,20,40,Madrid,,40.4168,-3.7038,667,
2024-07-17T20:00:00+00:00,14.98,17.44,28.08,51.89,20,40,Madrid,,40.4168,-3.7038,667,
2024-07-17T21:00:00+00:00,11.38,17.36,28.35,41.91,20,40,Madrid,,40.4168,-3.7038,667,
2024-07-17T22:00:00+00:00,14.28,19.0,29.86,50.75,20,40,Madrid,,40.4168,-3.7038,667,
2024-07-17T23:00:00+00:00,12.96,17.09,29.31,48.57,20,40,Madrid,,40.4168,-3.7038,667,
2024-07-18T00:00:00+00:00,17.2,21.3,30.7,59.11,20,40,Madrid,,40.4168,-3.7038,667,
2024-07-18T01:00:00+00:00,13.42,17.73,32.65,61.96,20,40,Madrid,,40.4168,-3.7038,667,
2024-07-18T02:00:00+00:00,13.31,14.3,33.54,60.84,20,40,Madrid,,40.4168,-3.7038,667,
2024-07-18T03:00:00+00:00,12.64,15.26,33.68,57.49,20,40,Madrid,,40.4168,-3.7038,667,
2024-07-18T04:00:00+00:00,18.38,23.92,34.19,64.99,20,40,Madrid,,40.4168,-3.7038,667,
2024-07-18T05:00:00+00:00,13.85,20.39,34.53,58.2,20,40,Madrid,,40.4168,-3.7038,667,
2024-07-18T06:00:00+00:00,16.0,19.67,35.93,59.68,20,40,Madrid,,40.4168,-3.7038,667,
2024-07-18T07:00:00+00:00,16.42,22.55,34.66,61.57,20,40,Madrid,,40.4168,-3.7038,667,
2024-07-18T08:00:00+00:00,14.15,17.77,34.59,67.72,20,40,Madrid,,40.4168,-3.7038,667,
2024-07-18T09:00:00+00:00,17.95,25.54,35.26,60.79,20,40,Madrid,,40.4168,-3.7038,667,
2024-07-18T10:00:00+00:00,17.25,22.08,33.1,58.8,20,40,Madrid,,40.4168,-3.7038,667,
2024-07-18T11:00:00+00:00,18.02,26.05,31.65,56.07,20,40,Madrid,,40.4168,-3.7038,667,
2024-07-18T12:00:00+00:00,15.53,24.12,30.52,55.23,20,40,Madrid,,40.4168,-3.7038,667,
2024-07-18T13:00:00+00:00,16.98,26.83,29.39,56.23,20,40,Madrid,,40.4168,-3.7038,667,
2024-07-18T14:00:00+00:00,13.53,19.54,29.08,44.04,20,40,Madrid,,40.4168,-3.7038,667,
2024-07-18T15:00:00+00:00,15.46,19.27,27.05,42.99,20,40,Madrid,,40.4168,-3.7038,667,
2024-07-18T16:00:00+00:00,12.72,19.52,28.69,45.96,20,40,Madrid,,40.4168,-3.7038,667,
2024-07-18T17:00:00+00:00,12.84,15.83,27.56,45.72,20,40,Madrid,,40.4168,-3.7038,667,
2024-07-18T18:00:00+00:00,11.06,15.25,27.4,37.0,20,40,Madrid,,40.4168,-3.7038,667,
2024-07-18T19:00:00+00:00,15.26,22.52,26.47,38.84,20,40,Madrid,,40.4168,-3.7038,667,
2024-07-18T20:00:00+00:00,14.92,16.5,28.03,51.53,20,40,Madrid,,40.4168,-3.7038,667,
2024-07-18T21:00:00+00:00,13.05,13.77,27.19,46.81,20,40,Madrid,,40.4168,-3.7038,667,
2024-07-18T22:00:00+00:00,17.8,23.99,28.43,54.84,20,40,Madrid,,40.4168,-3.7038,667,
2024-07-18T23:00:00+00:00,12.06,16.91,28.53,53.2,20,40,Madrid,,40.4168,-3.7038,667,
2024-07-19T00:00:00+00:00,11.47,17.74,30.51,47.51,20,40,Madrid,,40.4168,-3.7038,667,
2024-07-19T01:00:00+00:00,14.73,18.37,30.76,54.98,20,40,Madrid,,40.4168,-3.7038,667,
2024-07-19T02:00:00+00:00,16.89,23.36,31.95,63.56,20,40,Madrid,,40.4168,-3.7038,667,
2024-07-19T03:00:00+00:00,15.63,22.26,33.18,58.32,20,40,Madrid,,40.4168,-3.7038,667,
2024-07-19T04:00:00+00:00,17.19,20.04,33.08,57.93,20,40,Madrid,,40.4168,-3.7038,667,
2024-07-19T05:00:00+00:00,17.41,26.23,34.7,64.81,20,40,Madrid,,40.4168,-3.7038,667,
2024-07-19T06:00:00+00:00,14.64,16.73,33.97,61.69,20,40,Madrid,,40.4168,-3.7038,667,
2024-07-19T07:00:00+00:00,15.8,18.55,36.34,60.97,20,40,Madrid,,40.4168,-3.7038,667,
2024-07-19T08:00:00+00:00,14.14,19.37,35.69,60.65,20,40,Madrid,,40.4168,-3.7038,667,
2024-07-19T09:00:00+00:00,14.62,20.37,33.02,57.37,20,40,Madrid,,40.4168,-3.7038,667,
2024-07-19T10:00:00+00:00,15.76,22.71,33.1,60.92,20,40,Madrid,,40.4168,-3.7038,667,
2024-07-19T11:00:00+00:00,16.77,22.86,30.7,64.52,20,40,Madrid,,40.4168,-3.7038,667,
2024-07-19T12:00:00+00:00,17.18,27.12,30.15,52.79,20,40,Madrid,,40.4168,-3.7038,667,
2024-07-19T13:00:00+00:00,16.57,19.11,30.54,54.39,20,40,Madrid,,40.4168,-3.7038,667,
2024-07-19T14:00:00+00:00,17.32,25.57,29.28,52.36,20,40,Madrid,,40.4168,-3.7038,667,
2024-07-19T15:00:00+00:00,15.01,23.81,28.15,48.09,20,40,Madrid,,40.4168,-3.7038,667,
2024-07-19T16:00:00+00:00,16.12,22.93,26.59,42.91,20,40,Madrid,,40.4168,-3.7038,667,
2024-07-19T17:00:00+00:00,13.25,20.0,26.99,51.33,20,40,Madrid,,40.4168,-3.7038,667,
2024-07-19T18:00:00+00:00,14.82,18.21,27.94,52.31,20,40,Madrid,,40.4168,-3.7038,667,
2024-07-19T19:00:00+00:00,15.61,22.36,27.34,50.35,20,40,Madrid,,40.4168,-3.7038,667,
2024-07-19T20:00:00+00:00,12.05,16.22,26.13,44.86,20,40,Madrid,,40.4168,-3.7038,667,
2024-07-19T21:00:00+00:00,14.45,16.72,27.89,41.66,20,40,Madrid,,40.4168,-3.7038,667,
2024-07-19T22:00:00+00:00,13.82,19.65,27.99,53.9,20,40,Madrid,,40.4168,-3.7038,667,
2024-07-19T23:00:00+00:00,17.41,26.53,29.51,48.27,20,40,Madrid,,40.4168,-3.7038,667,
2024-07-20T00:00:00+00:00,13.58,19.63,30.72,52.03,20,40,Madrid,,40.4168,-3.7038,667,
2024-07-20T01:00:00+00:00,13.12,14.37,31.41,65.55,20,40,Madrid,,40.4168,-3.7038,667,
2024-07-20T02:00:00+00:00,17.55,21.24,32.41,66.85,20,40,Madrid,,40.4168,-3.7038,667,
2024-07-20T03:00:00+00:00,17.94,21.55,33.28,56.22,20,40,Madrid,,40.4168,-3.7038,667,
2024-07-20T04:00:00+00:00,14.96,19.94,35.16,61.63,20,40,Madrid,,40.4168,-3.7038,667,
2024-07-20T05:00:00+00:00,12.88,15.27,35.93,71.75,20,40,Madrid,,40.4168,-3.7038,667,
2024-07-20T06:00:00+00:00,13.35,14.31,35.36,64.46,20,40,Madrid,,40.4168,-3.7038,667,
2024-07-20T07:00:00+00:00,17.97,20.43,35.48,65.82,20,40,Madrid,,40.4168,-3.7038,667,
2024-07-20T08:00:00+00:00,16.6,23.46,35.4,65.54,20,40,Madrid,,40.4168,-3.7038,667,
2024-07-20T09:00:00+00:00,15.63,22.37,34.1,65.26,20,40,Madrid,,40.4168,-3.7038,667,
2024-07-20T10:00:00+00:00,15.39,21.52,34.49,64.62,20,40,Madrid,,40.4168,-3.7038,667,
2024-07-20T11:00:00+00:00,16.98,21.18,33.13,54.22,20,40,Madrid,,40.4168,-3.7038,667,
2024-07-20T12:00:00+00:00,15.06,21.24,32.2,60.36,20,40,Madrid,,40.4168,-3.7038,667,
2024-07-20T13:00:00+00:00,13.69,15.94,30.34,50.68,20,40,Madrid,,40.4168,-3.7038,667,
2024-07-20T14:00:00+00:00,14.5,20.36,30.17,43.57,20,40,Madrid,,40.4168,-3.7038,667,
2024-07-20T15:00:00+00:00,16.28,19.28,26.83,54.31,20,40,Madrid,,40.4168,-3.7038,667,
2024-07-20T16:00:00+00:00,16.4,21.59,26.28,39.71,20,40,Madrid,,40.4168,-3.7038,667,
2024-07-20T17:00:00+00:00,15.84,20.75,28.61,44.96,20,40,Madrid,,40.4168,-3.7038,667,
2024-07-20T18:00:00+00:00,15.46,24.52,26.95,52.85,20,40,Madrid,,40.4168,-3.7038,667,
2024-07-20T19:00:00+00:00,16.87,26.13,25.73,52.68,20,40,Madrid,,40.4168,-3.7038,667,
2024-07-20T20:00:00+00:00,16.67,18.68,26.93,43.71,20,40,Madrid,,40.4168,-3.7038,667,
2024-07-20T21:00:00+00:00,16.72,21.82,26.99,55.15,20,40,Madrid,,40.4168,-3.7038,667,
2024-07-20T22:00:00+00:00,12.39,19.07,29.18,55.95,20,40,Madrid,,40.4168,-3.7038,667,
2024-07-20T23:00:00+00:00,17.36,21.87,30.7,51.23,20,40,Madrid,,40.4168,-3.7038,667,
2024-07-21T00:00:00+00:00,14.47,19.44,29.73,50.28,20,40,Madrid,,40.4168,-3.7038,667,
2024-07-21T01:00:00+00:00,12.6,13.75,33.01,61.42,20,40,Madrid,,40.4168,-3.7038,667,
2024-07-21T02:00:00+00:00,15.43,21.67,32.81,55.85,20,40,Madrid,,40.4168,-3.7038,667,
2024-07-21T03:00:00+00:00,18.2,24.38,34.05,59.25,20,40,Madrid,,40.4168,-3.7038,667,
2024-07-21T04:00:00+00:00,13.81,21.71,34.06,58.49,20,40,Madrid,,40.4168,-3.7038,667,
2024-07-21T05:00:00+00:00,16.41,21.99,35.78,70.98,20,40,Madrid,,40.4168,-3.7038,667,
2024-07-21T06:00:00+00:00,13.44,16.67,35.14,69.89,20,40,Madrid,,40.4168,-3.7038,667,
2024-07-21T07:00:00+00:00,14.43,23.27,33.5,69.81,20,40,Madrid,,40.4168,-3.7038,667,
2024-07-21T08:00:00+00:00,14.77,20.06,33.62,55.92,20,40,Madrid,,40.4168,-3.7038,667,
2024-07-21T09:00:00+00:00,14.18,22.41,33.93,62.45,20,40,Madrid,,40.4168,-3.7038,667,
2024-07-21T10:00:00+00:00,15.15,23.06,32.98,52.51,20,40,Madrid,,40.4168,-3.7038,667,
2024-07-21T11:00:00+00:00,16.45,22.2,33.5,65.34,20,40,Madrid,,40.4168,-3.7038,667,
2024-07-21T12:00:00+00:00,15.0,20.74,29.74,47.4,20,40,Madrid,,40.4168,-3.7038,667,
2024-07-21T13:00:00+00:00,14.22,20.51,30.81,49.14,20,40,Madrid,,40.4168,-3.7038,667,
2024-07-21T14:00:00+00:00,12.08,12.9,27.61,42.94,20,40,Madrid,,40.4168,-3.7038,667,
2024-07-21T15:00:00+00:00,16.58,25.36,29.58,49.22,20,40,Madrid,,40.4168,-3.7038,667,
2024-07-21T16:00:00+00:00,15.06,20.49,28.08,52.67,20,40,Madrid,,40.4168,-3.7038,667,
2024-07-21T17:00:00+00:00,14.27,17.53,28.41,44.41,20,40,Madrid,,40.4168,-3.7038,667,
2024-07-21T18:00:00+00:00,17.21,22.18,26.64,41.1,20,40,Madrid,,40.4168,-3.7038,667,
2024-07-21T19:00:00+00:00,11.76,15.25,25.81,42.96,20,40,Madrid,,40.4168,-3.7038,667,
2024-07-21T20:00:00+00:00,16.42,25.75,26.1,50.77,20,40,Madrid,,40.4168,-3.7038,667,
2024-07-21T21:00:00+00:00,15.71,18.34,28.02,51.95,20,40,Madrid,,40.4168,-3.7038,667,
2024-07-21T22:00:00+00:00,11.35,15.09,29.46,43.16,20,40,Madrid,,40.4168,-3.7038,667,
2024-07-21T23:00:00+00:00,12.22,16.9,30.19,50.28,20,40,Madrid,,40.4168,-3.7038,667,
2024-07-22T00:00:00+00:00,17.49,20.11,29.52,49.21,20,40,Madrid,,40.4168,-3.7038,667,
2024-07-22T01:00:00+00:00,15.98,21.71,32.57,64.76,20,40,Madrid,,40.4168,-3.7038,667,
2024-07-22T02:00:00+00:00,13.03,19.02,33.36,52.59,20,40,Madrid,,40.4168,-3.7038,667,
2024-07-22T03:00:00+00:00,12.69,18.67,32.8,57.16,20,40,Madrid,,40.4168,-3.7038,667,
2024-07-22T04:00:00+00:00,15.4,16.86,34.28,62.41,20,40,Madrid,,40.4168,-3.7038,667,
2024-07-22T05:00:00+00:00,17.77,21.76,33.56,59.15,20,40,Madrid,,40.4168,-3.7038,667,
2024-07-22T06:00:00+00:00,18.14,25.37,34.39,67.24,20,40,Madrid,,40.4168,-3.7038,667,
2024-07-22T07:00:00+00:00,14.27,19.77,33.87,64.27,20,40,Madrid,,40.4168,-3.7038,667,
2024-07-22T08:00:00+00:00,13.71,18.07,34.66,70.71,20,40,Madrid,,40.4168,-3.7038,667,
2024-07-22T09:00:00+00:00,14.73,21.88,35.27,61.82,20,40,Madrid,,40.4168,-3.7038,667,
2024-07-22T10:00:00+00:00,14.91,21.71,32.48,66.14,20,40,Madrid,,40.4168,-3.7038,667,
2024-07-22T11:00:00+00:00,12.97,14.68,32.57,50.35,20,40,Madrid,,40.4168,-3.7038,667,
2024-07-22T12:00:00+00:00,17.05,22.61,29.87,58.38,20,40,Madrid,,40.4168,-3.7038,667,
2024-07-22T13:00:00+00:00,11.19,16.63,29.58,44.75,20,40,Madrid,,40.4168,-3.7038,667,
2024-07-22T14:00:00+00:00,17.11,26.93,29.88,57.77,20,40,Madrid,,40.4168,-3.7038,667,
2024-07-22T15:00:00+00:00,16.82,25.35,27.63,52.3,20,40,Madrid,,40.4168,-3.7038,667,
2024-07-22T16:00:00+00:00,14.76,20.66,27.35,47.63,20,40,Madrid,,40.4168,-3.7038,667,
2024-07-22T17:00:00+00:00,17.07,22.4,27.69,42.85,20,40,Madrid,,40.4168,-3.7038,667,
2024-07-22T18:00:00+00:00,13.58,19.85,26.52,52.53,20,40,Madrid,,40.4168,-3.7038,667,
2024-07-22T19:00:00+00:00,14.98,23.0,26.28,45.03,20,40,Madrid,,40.4168,-3.7038,667,
2024-07-22T20:00:00+00:00,16.95,25.91,28.96,48.84,20,40,Madrid,,40.4168,-3.7038,667,
2024-07-22T21:00:00+00:00,11.02,17.69,28.81,42.41,20,40,Madrid,,40.4168,-3.7038,667,
2024-07-22T22:00:00+00:00,15.87,18.91,30.18,46.99,20,40,Madrid,,40.4168,-3.7038,667,
2024-07-22T23:00:00+00:00,15.44,16.93,30.5,56.29,20,40,Madrid,,40.4168,-3.7038,667,
2024-07-23T00:00:00+00:00,18.24,27.41,30.15,61.21,20,40,Madrid,,40.4168,-3.7038,667,
2024-07-23T01:00:00+00:00,14.99,16.64,31.73,62.68,20,40,Madrid,,40.4168,-3.7038,667,
2024-07-23T02:00:00+00:00,16.78,22.26,34.07,60.02,20,40,Madrid,,40.4168,-3.7038,667,
2024-07-23T03:00:00+00:00,14.11,22.54,32.44,57.24,20,40,Madrid,,40.4168,-3.7038,667,
2024-07-23T04:00:00+00:00,13.86,19.77,33.51,71.15,20,40,Madrid,,40.4168,-3.7038,667,
2024-07-23T05:00:00+00:00,18.61,27.89,35.48,69.44,20,40,Madrid,,40.4168,-3.7038,667,
2024-07-23T06:00:00+00:00,17.66,26.03,35.2,63.08,20,40,Madrid,,40.4168,-3.7038,667,
2024-07-23T07:00:00+00:00,17.61,22.71,33.89,63.39,20,40,Madrid,,40.4168,-3.7038,667,
2024-07-23T08:00:00+00:00,13.01,16.23,33.94,67.28,20,40,Madrid,,40.4168,-3.7038,667,
2024-07-23T09:00:00+00:00,16.85,22.65,35.31,56.13,20,40,Madrid,,40.4168,-3.7038,667,
2024-07-23T10:00:00+00:00,15.68,19.04,31.73,61.93,20,40,Madrid,,40.4168,-3.7038,667,
2024-07-23T11:00:00+00:00,17.22,25.44,32.62,64.18,20,40,Madrid,,40.4168,-3.7038,667,
2024-07-23T12:00:00+00:00,17.37,25.4,30.01,58.94,20,40,Madrid,,40.4168,-3.7038,667,
2024-07-23T13:00:00+00:00,14.47,18.72,30.94,58.97,20,40,Madrid,,40.4168,-3.7038,667,
2024-07-23T14:00:00+00:00,13.13,16.46,27.99,57.22,20,40,Madrid,,40.4168,-3.7038,667,
2024-07-23T15:00:00+00:00,15.3,18.42,27.59,54.59,20,40,Madrid,,40.4168,-3.7038,667,
2024-07-23T16:00:00+00:00,12.17,16.77,28.84,40.35,20,40,Madrid,,40.4168,-3.7038,667,
2024-07-23T17:00:00+00:00,13.88,18.58,26.89,52.88,20,40,Madrid,,40.4168,-3.7038,667,
2024-07-23T18:00:00+00:00,12.01,15.17,26.3,41.1,20,40,Madrid,,40.4168,-3.7038,667,
2024-07-23T19:00:00+00:00,14.85,16.25,27.28,38.36,20,40,Madrid,,40.4168,-3.7038,667,
2024-07-23T20:00:00+00:00,11.27,18.22,27.29,38.74,20,40,Madrid,,40.4168,-3.7038,667,
2024-07-23T21:00:00+00:00,14.21,22.93,27.58,48.4,20,40,Madrid,,40.4168,-3.7038,667,
2024-07-23T22:00:00+00:00,14.97,23.39,29.86,52.56,20,40,Madrid,,40.4168,-3.7038,667,
2024-07-23T23:00:00+00:00,13.92,22.61,28.71,44.52,20,40,Madrid,,40.4168,-3.7038,667,
2024-07-24T00:00:00+00:00,18.41,27.87,31.09,58.11,20,40,Madrid,,40.4168,-3.7038,667,
2024-07-24T01:00:00+00:00,15.84,25.15,31.33,60.39,20,40,Madrid,,40.4168,-3.7038,667,
2024-07-24T02:00:00+00:00,16.13,19.58,32.76,57.33,20,40,Madrid,,40.4168,-3.7038,667,
2024-07-24T03:00:00+00:00,19.07,24.98,33.56,68.5,20,40,Madrid,,40.4168,-3.7038,667,
2024-07-24T04:00:00+00:00,16.97,23.06,35.55,65.35,20,40,Madrid,,40.4168,-3.7038,667,
2024-07-24T05:00:00+00:00,17.74,27.6,34.6,72.41,20,40,Madrid,,40.4168,-3.7038,667,
2024-07-24T06:00:00+00:00,13.76,15.45,35.23,58.47,20,40,Madrid,,40.4168,-3.7038,667,
2024-07-24T07:00:00+00:00,14.18,18.63,35.9,71.79,20,40,Madrid,,40.4168,-3.7038,667,
2024-07-24T08:00:00+00:00,17.53,20.22,34.8,71.6,20,40,Madrid,,40.4168,-3.7038,667,
2024-07-24T09:00:00+00:00,16.86,21.79,34.43,62.55,20,40,Madrid,,40.4168,-3.7038,667,
2024-07-24T10:00:00+00:00,15.48,23.57,34.0,60.45,20,40,Madrid,,40.4168,-3.7038,667,
2024-07-24T11:00:00+00:00,16.71,20.49,30.73,61.4,20,40,Madrid,,40.4168,-3.7038,667,
2024-07-24T12:00:00+00:00,16.92,22.5,31.67,53.32,20,40,Madrid,,40.4168,-3.7038,667,
2024-07-24T13:00:00+00:00,12.09,13.36,30.6,56.33,20,40,Madrid,,40.4168,-3.7038,667,
2024-07-24T14:00:00+00:00,12.38,19.96,29.64,50.74,20,40,Madrid,,40.4168,-3.7038,667,
2024-07-24T15:00:00+00:00,14.61,19.78,27.87,40.18,20,40,Madrid,,40.4168,-3.7038,667,
2024-07-24T16:00:00+00:00,13.03,14.51,27.35,47.58,20,40,Madrid,,40.4168,-3.7038,667,
2024-07-24T17:00:00+00:00,16.21,23.72,28.09,44.51,20,40,Madrid,,40.4168,-3.7038,667,
2024-07-24T18:00:00+00:00,13.21,16.2,26.6,38.56,20,40,Madrid,,40.4168,-3.7038,667,
2024-07-24T19:00:00+00:00,13.0,21.5,27.89,44.04,20,40,Madrid,,40.4168,-3.7038,667,
2024-07-24T20:00:00+00:00,12.43,15.8,28.77,41.96,20,40,Madrid,,40.4168,-3.7038,667,
2024-07-24T21:00:00+00:00,14.2,16.07,28.67,43.95,20,40,Madrid,,40.4168,-3.7038,667,
2024-07-24T22:00:00+00:00,16.35,19.37,27.52,48.16,20,40,Madrid,,40.4168,-3.7038,667,
2024-07-24T23:00:00+00:00,13.24,20.86,30.69,48.3,20,40,Madrid,,40.4168,-3.7038,667,
2024-07-25T00:00:00+00:00,13.22,20.82,31.69,53.91,20,40,Madrid,,40.4168,-3.7038,667,
2024-07-25T01:00:00+00:00,16.44,22.14,30.54,53.45,20,40,Madrid,,40.4168,-3.7038,667,
2024-07-25T02:00:00+00:00,13.91,18.59,33.07,53.87,20,40,Madrid,,40.4168,-3.7038,667,
2024-07-25T03:00:00+00:00,17.25,19.33,34.5,60.29,20,40,Madrid,,40.4168,-3.7038,667,
2024-07-25T04:00:00+00:00,18.16,20.8,33.01,69.25,20,40,Madrid,,40.4168,-3.7038,667,
2024-07-25T05:00:00+00:00,14.03,16.67,35.05,58.56,20,40,Madrid,,40.4168,-3.7038,667,
2024-07-25T06:00:00+00:00,16.91,24.78,34.12,67.77,20,40,Madrid,,40.4168,-3.7038,667,
2024-07-25T07:00:00+00:00,18.6,26.65,36.14,71.51,20,40,Madrid,,40.4168,-3.7038,667,
2024-07-25T08:00:00+00:00,16.95,25.51,33.11,58.06,20,40,Madrid,,40.4168,-3.7038,667,
2024-07-25T09:00:00+00:00,13.94,22.75,35.32,68.93,20,40,Madrid,,40.4168,-3.7038,667,
2024-07-25T10:00:00+00:00,13.59,16.48,33.11,55.03,20,40,Madrid,,40.4168,-3.7038,667,
2024-07-25T11:00:00+00:00,12.92,13.53,31.48,56.42,20,40,Madrid,,40.4168,-3.7038,667,
2024-07-25T12:00:00+00:00,15.36,20.77,30.26,57.95,20,40,Madrid,,40.4168,-3.7038,667,
2024-07-25T13:00:00+00:00,12.13,12.69,28.81,50.99,20,40,Madrid,,40.4168,-3.7038,667,
2024-07-25T14:00:00+00:00,14.28,22.44,28.42,44.0,20,40,Madrid,,40.4168,-3.7038,667,
2024-07-25T15:00:00+00:00,16.55,18.91,28.25,47.36,20,40,Madrid,,40.4168,-3.7038,667,
2024-07-25T16:00:00+00:00,12.09,12.55,28.07,45.36,20,40,Madrid,,40.4168,-3.7038,667,
2024-07-25T17:00:00+00:00,12.77,14.77,28.41,37.83,20,40,Madrid,,40.4168,-3.7038,667,
2024-07-25T18:00:00+00:00,17.46,20.25,27.33,46.67,20,40,Madrid,,40.4168,-3.7038,667,
2024-07-25T19:00:00+00:00,16.65,23.94,26.05,41.27,20,40,Madrid,,40.4168,-3.7038,667,
2024-07-25T20:00:00+00:00,13.44,18.51,26.64,52.29,20,40,Madrid,,40.4168,-3.7038,667,
2024-07-25T21:00:00+00:00,14.32,19.43,29.12,48.68,20,40,Madrid,,40.4168,-3.7038,667,
2024-07-25T22:00:00+00:00,16.44,24.69,28.48,42.31,20,40,Madrid,,40.4168,-3.7038,667,
2024-07-25T23:00:00+00:00,16.05,21.92,30.34,52.93,20,40,Madrid,,40.4168,-3.7038,667,
2024-07-26T00:00:00+00:00,11.83,15.33,30.72,49.46,20,40,Madrid,,40.4168,-3.7038,667,
2024-07-26T01:00:00+00:00,13.95,15.91,33.45,55.64,20,40,Madrid,,40.4168,-3.7038,667,
2024-07-26T02:00:00+00:00,12.41,19.76,33.75,63.21,20,40,Madrid,,40.4168,-3.7038,667,
2024-07-26T03:00:00+00:00,16.97,19.2,34.24,69.88,20,40,Madrid,,40.4168,-3.7038,667,
2024-07-26T04:00:00+00:00,14.84,23.06,35.61,67.22,20,40,Madrid,,40.4168,-3.7038,667,
2024-07-26T05:00:00+00:00,13.08,16.48,35.73,65.99,20,40,Madrid,,40.4168,-3.7038,667,
2024-07-26T06:00:00+00:00,14.78,23.19,36.15,61.92,20,40,Madrid,,40.4168,-3.7038,667,
2024-07-26T07:00:00+00:00,18.32,25.96,34.78,71.5,20,40,Madrid,,40.4168,-3.7038,667,
2024-07-26T08:00:00+00:00,14.89,21.44,33.56,56.32,20,40,Madrid,,40.4168,-3.7038,667,
2024-07-26T09:00:00+00:00,14.75,19.38,33.06,68.1,20,40,Madrid,,40.4168,-3.7038,667,
2024-07-26T10:00:00+00:00,17.82,22.64,33.63,63.73,20,40,Madrid,,40.4168,-3.7038,667,
2024-07-26T11:00:00+00:00,15.54,19.25,32.02,63.86,20,40,Madrid,,40.4168,-3.7038,667,
2024-07-26T12:00:00+00:00,18.68,24.13,30.18,59.13,20,40,Madrid,,40.4168,-3.7038,667,
2024-07-26T13:00:00+00:00,12.82,20.34,30.2,49.19,20,40,Madrid,,40.4168,-3.7038,667,
2024-07-26T14:00:00+00:00,12.35,13.62,29.49,57.06,20,40,Madrid,,40.4168,-3.7038,667,
2024-07-26T15:00:00+00:00,17.01,23.31,27.97,47.93,20,40,Madrid,,40.4168,-3.7038,667,
2024-07-26T16:00:00+00:00,16.58,26.36,27.82,51.35,20,40,Madrid,,40.4168,-3.7038,667,
2024-07-26T17:00:00+00:00,15.89,19.93,28.0,44.6,20,40,Madrid,,40.4168,-3.7038,667,
2024-07-26T18:00:00+00:00,14.15,20.36,26.27,51.56,20,40,Madrid,,40.4168,-3.7038,667,
2024-07-26T19:00:00+00:00,17.12,24.67,26.3,46.45,20,40,Madrid,,40.4168,-3.7038,667,
2024-07-26T20:00:00+00:00,16.88,18.82,26.13,51.57,20,40,Madrid,,40.4168,-3.7038,667,
2024-07-26T21:00:00+00:00,12.58,20.89,27.37,44.7,20,40,Madrid,,40.4168,-3.7038,667,
2024-07-26T22:00:00+00:00,15.62,21.87,28.47,48.3,20,40,Madrid,,40.4168,-3.7038,667,
2024-07-26T23:00:00+00:00,16.52,18.61,28.94,49.6,20,40,Madrid,,40.4168,-3.7038,667,
2024-07-27T00:00:00+00:00,14.61,22.92,29.98,54.42,20,40,Madrid,,40.4168,-3.7038,667,
2024-07-27T01:00:00+00:00,11.49,18.5,31.71,50.42,20,40,Madrid,,40.4168,-3.7038,667,
2024-07-27T02:00:00+00:00,16.34,19.08,34.07,60.06,20,40,Madrid,,40.4168,-3.7038,667,
2024-07-27T03:00:00+00:00,12.46,14.63,32.65,61.63,20,40,Madrid,,40.4168,-3.7038,667,
2024-07-27T04:00:00+00:00,16.93,20.24,33.39,60.85,20,40,Madrid,,40.4168,-3.7038,667,
2024-07-27T05:00:00+00:00,15.97,24.91,35.26,62.51,20,40,Madrid,,40.4168,-3.7038,667,
2024-07-27T06:00:00+00:00,17.58,26.5,34.09,61.66,20,40,Madrid,,40.4168,-3.7038,667,
2024-07-27T07:00:00+00:00,12.52,19.92,34.87,65.85,20,40,Madrid,,40.4168,-3.7038,667,
2024-07-27T08:00:00+00:00,14.7,16.85,35.33,71.48,20,40,Madrid,,40.4168,-3.7038,667,
2024-07-27T09:00:00+00:00,15.64,18.53,33.77,66.78,20,40,Madrid,,40.4168,-3.7038,667,
2024-07-27T10:00:00+00:00,17.74,27.57,32.49,58.42,20,40,Madrid,,40.4168,-3.7038,667,
2024-07-27T11:00:00+00:00,13.6,18.49,33.43,58.92,20,40,Madrid,,40.4168,-3.7038,667,
2024-07-27T12:00:00+00:00,15.9,24.46,29.92,62.1,20,40,Madrid,,40.4168,-3.7038,667,
2024-07-27T13:00:00+00:00,11.24,15.68,29.41,46.72,20,40,Madrid,,40.4168,-3.7038,667,
2024-07-27T14:00:00+00:00,16.39,19.72,28.53,54.18,20,40,Madrid,,40.4168,-3.7038,667,
2024-07-27T15:00:00+00:00,16.29,20.35,26.9,51.44,20,40,Madrid,,40.4168,-3.7038,667,
2024-07-27T16:00:00+00:00,13.1,20.82,27.87,40.25,20,40,Madrid,,40.4168,-3.7038,667,
2024-07-27T17:00:00+00:00,15.42,22.3,26.36,44.78,20,40,Madrid,,40.4168,-3.7038,667,
2024-07-27T18:00:00+00:00,16.8,25.69,27.1,37.83,20,40,Madrid,,40.4168,-3.7038,667,
2024-07-27T19:00:00+00:00,15.32,20.9,26.92,48.32,20,40,Madrid,,40.4168,-3.7038,667,
2024-07-27T20:00:00+00:00,12.47,20.44,28.94,40.86,20,40,Madrid,,40.4168,-3.7038,667,
2024-07-27T21:00:00+00:00,17.27,26.55,28.18,50.16,20,40,Madrid,,40.4168,-3.7038,667,
2024-07-27T22:00:00+00:00,15.7,21.29,28.39,49.38,20,40,Madrid,,40.4168,-3.7038,667,
2024-07-27T23:00:00+00:00,14.55,22.66,28.96,49.81,20,40,Madrid,,40.4168,-3.7038,667,
2024-07-28T00:00:00+00:00,12.78,21.19,31.66,48.29,20,40,Madrid,,40.4168,-3.7038,667,
2024-07-28T01:00:00+00:00,15.92,24.92,32.87,52.05,20,40,Madrid,,40.4168,-3.7038,667,
2024-07-28T02:00:00+00:00,16.1,24.35,31.92,58.16,20,40,Madrid,,40.4168,-3.7038,667,
2024-07-28T03:00:00+00:00,12.19,18.8,32.92,54.74,20,40,Madrid,,40.4168,-3.7038,667,
2024-07-28T04:00:00+00:00,15.19,23.61,33.7,58.19,20,40,Madrid,,40.4168,-3.7038,667,
2024-07-28T05:00:00+00:00,12.78,16.76,33.52,63.48,20,40,Madrid,,40.4168,-3.7038,667,
2024-07-28T06:00:00+00:00,18.47,21.89,33.89,66.14,20,40,Madrid,,40.4168,-3.7038,667,
2024-07-28T07:00:00+00:00,14.58,22.28,35.76,68.8,20,40,Madrid,,40.4168,-3.7038,667,
2024-07-28T08:00:00+00:00,18.55,21.22,33.48,66.06,20,40,Madrid,,40.4168,-3.7038,667,
2024-07-28T09:00:00+00:00,15.44,22.19,35.17,67.98,20,40,Madrid,,40.4168,-3.7038,667,
2024-07-28T10:00:00+00:00,16.54,25.44,32.2,66.99,20,40,Madrid,,40.4168,-3.7038,667,
2024-07-28T11:00:00+00:00,13.38,19.36,31.27,53.47,20,40,Madrid,,40.4168,-3.7038,667,
2024-07-28T12:00:00+00:00,17.59,20.7,30.53,54.72,20,40,Madrid,,40.4168,-3.7038,667,
2024-07-28T13:00:00+00:00,14.17,19.06,28.61,55.14,20,40,Madrid,,40.4168,-3.7038,667,
2024-07-28T14:00:00+00:00,16.61,26.28,28.03,44.39,20,40,Madrid,,40.4168,-3.7038,667,
2024-07-28T15:00:00+00:00,14.62,16.87,27.09,54.58,20,40,Madrid,,40.4168,-3.7038,667,
2024-07-28T16:00:00+00:00,15.53,22.41,27.31,38.53,20,40,Madrid,,40.4168,-3.7038,667,
2024-07-28T17:00:00+00:00,16.06,25.25,28.39,41.86,20,40,Madrid,,40.4168,-3.7038,667,
2024-07-28T18:00:00+00:00,13.86,20.56,28.2,51.11,20,40,Madrid,,40.4168,-3.7038,667,
2024-07-28T19:00:00+00:00,12.9,15.48,26.91,43.06,20,40,Madrid,,40.4168,-3.7038,667,
2024-07-28T20:00:00+00:00,12.0,14.74,27.48,39.39,20,40,Madrid,,40.4168,-3.7038,667,
2024-07-28T21:00:00+00:00,14.69,21.55,27.62,46.94,20,40,Madrid,,40.4168,-3.7038,667,
2024-07-28T22:00:00+00:00,13.53,17.46,29.5,49.15,20,40,Madrid,,40.4168,-3.7038,667,
2024-07-28T23:00:00+00:00,12.84,19.69,29.27,55.83,20,40,Madrid,,40.4168,-3.7038,667,
2024-07-29T00:00:00+00:00,12.52,17.64,30.08,50.77,20,40,Madrid,,40.4168,-3.7038,667,
2024-07-29T01:00:00+00:00,17.01,22.95,30.57,59.74,20,40,Madrid,,40.4168,-3.7038,667,
2024-07-29T02:00:00+00:00,18.52,26.51,32.27,65.51,20,40,Madrid,,40.4168,-3.7038,667,
2024-07-29T03:00:00+00:00,18.31,21.76,34.74,63.69,20,40,Madrid,,40.4168,-3.7038,667,
2024-07-29T04:00:00+00:00,15.6,20.21,33.59,65.09,20,40,Madrid,,40.4168,-3.7038,667,
2024-07-29T05:00:00+00:00,16.67,23.11,35.68,69.9,20,40,Madrid,,40.4168,-3.7038,667,
2024-07-29T06:00:00+00:00,17.22,20.49,36.12,66.44,20,40,Madrid,,40.4168,-3.7038,667,
2024-07-29T07:00:00+00:00,12.28,14.98,35.72,61.21,20,40,Madrid,,40.4168,-3.7038,667,
2024-07-29T08:00:00+00:00,16.74,19.54,34.47,70.02,20,40,Madrid,,40.4168,-3.7038,667,
2024-07-29T09:00:00+00:00,11.98,14.49,32.77,55.08,20,40,Madrid,,40.4168,-3.7038,667,
2024-07-29T10:00:00+00:00,16.58,22.67,32.83,67.17,20,40,Madrid,,40.4168,-3.7038,667,
2024-07-29T11:00:00+00:00,17.26,25.69,31.9,52.4,20,40,Madrid,,40.4168,-3.7038,667,
2024-07-29T12:00:00+00:00,17.08,25.46,30.22,56.45,20,40,Madrid,,40.4168,-3.7038,667,
2024-07-29T13:00:00+00:00,16.58,24.9,29.67,59.76,20,40,Madrid,,40.4168,-3.7038,667,
2024-07-29T14:00:00+00:00,11.86,14.23,28.71,47.3,20,40,Madrid,,40.4168,-3.7038,667,
2024-07-29T15:00:00+00:00,13.08,20.83,28.12,40.79,20,40,Madrid,,40.4168,-3.7038,667,
2024-07-29T16:00:00+00:00,14.66,21.4,27.78,46.94,20,40,Madrid,,40.4168,-3.7038,667,
2024-07-29T17:00:00+00:00,15.89,23.14,25.69,47.95,20,40,Madrid,,40.4168,-3.7038,667,
2024-07-29T18:00:00+00:00,15.34,17.54,28.49,43.47,20,40,Madrid,,40.4168,-3.7038,667,
2024-07-29T19:00:00+00:00,15.59,18.99,28.38,50.31,20,40,Madrid,,40.4168,-3.7038,667,
2024-07-29T20:00:00+00:00,14.61,23.59,26.52,40.84,20,40,Madrid,,40.4168,-3.7038,667,
2024-07-29T21:00:00+00:00,12.94,16.58,27.51,49.92,20,40,Madrid,,40.4168,-3.7038,667,
2024-07-29T22:00:00+00:00,12.23,15.53,29.22,44.36,20,40,Madrid,,40.4168,-3.7038,667,
2024-07-29T23:00:00+00:00,16.91,19.48,30.52,53.83,20,40,Madrid,,40.4168,-3.7038,667,
2024-07-30T00:00:00+00:00,14.84,23.15,29.68,60.82,20,40,Madrid,,40.4168,-3.7038,667,
2024-07-30T01:00:00+00:00,17.28,21.06,33.25,56.77,20,40,Madrid,,40.4168,-3.7038,667,
2024-07-30T02:00:00+00:00,16.45,24.03,33.78,58.16,20,40,Madrid,,40.4168,-3.7038,667,
2024-07-30T03:00:00+00:00,16.56,18.76,35.19,55.9,20,40,Madrid,,40.4168,-3.7038,667,
2024-07-30T04:00:00+00:00,16.58,18.52,35.37,69.48,20,40,Madrid,,40.4168,-3.7038,667,
2024-07-30T05:00:00+00:00,15.71,24.44,34.91,72.28,20,40,Madrid,,40.4168,-3.7038,667,
2024-07-30T06:00:00+00:00,13.71,20.21,35.49,59.84,20,40,Madrid,,40.4168,-3.7038,667,
2024-07-30T07:00:00+00:00,14.73,22.33,34.0,63.59,20,40,Madrid,,40.4168,-3.7038,667,
2024-07-30T08:00:00+00:00,18.43,26.44,35.04,62.94,20,40,Madrid,,40.4168,-3.7038,667,
2024-07-30T09:00:00+00:00,13.36,19.36,33.9,56.18,20,40,Madrid,,40.4168,-3.7038,667,
2024-07-30T10:00:00+00:00,12.86,13.7,32.36,62.86,20,40,Madrid,,40.4168,-3.7038,667,
2024-07-30T11:00:00+00:00,13.62,15.16,30.56,53.96,20,40,Madrid,,40.4168,-3.7038,667,
2024-07-30T12:00:00+00:00,11.74,17.75,30.43,49.17,20,40,Madrid,,40.4168,-3.7038,667,
2024-07-30T13:00:00+00:00,13.93,15.05,29.72,51.93,20,40,Madrid,,40.4168,-3.7038,667,
2024-07-30T14:00:00+00:00,17.02,24.74,30.12,50.74,20,40,Madrid,,40.4168,-3.7038,667,
2024-07-30T15:00:00+00:00,15.61,20.94,28.06,55.89,20,40,Madrid,,40.4168,-3.7038,667,
2024-07-30T16:00:00+00:00,12.71,18.2,26.78,43.59,20,40,Madrid,,40.4168,-3.7038,667,
2024-07-30T17:00:00+00:00,12.6,13.24,26.47,40.82,20,40,Madrid,,40.4168,-3.7038,667,
2024-07-30T18:00:00+00:00,13.04,18.54,27.42,45.09,20,40,Madrid,,40.4168,-3.7038,667,
2024-07-30T19:00:00+00:00,11.27,12.66,25.72,39.13,20,40,Madrid,,40.4168,-3.7038,667,
2024-07-30T20:00:00+00:00,12.31,18.16,28.59,43.84,20,40,Madrid,,40.4168,-3.7038,667,
2024-07-30T21:00:00+00:00,12.02,17.01,27.35,52.17,20,40,Madrid,,40.4168,-3.7038,667,
2024-07-30T22:00:00+00:00,18.1,27.33,28.96,55.43,20,40,Madrid,,40.4168,-3.7038,667,
2024-07-30T23:00:00+00:00,17.31,26.67,30.42,58.2,20,40,Madrid,,40.4168,-3.7038,667,
2024-07-31T00:00:00+00:00,17.6,26.54,31.27,57.95,20,40,Madrid,,40.4168,-3.7038,667,
2024-07-31T01:00:00+00:00,12.25,17.16,32.19,56.78,20,40,Madrid,,40.4168,-3.7038,667,
2024-07-31T02:00:00+00:00,18.35,22.04,33.02,65.63,20,40,Madrid,,40.4168,-3.7038,667,
2024-07-31T03:00:00+00:00,16.88,22.08,33.89,60.27,20,40,Madrid,,40.4168,-3.7038,667,
2024-07-31T04:00:00+00:00,16.55,25.62,35.6,60.86,20,40,Madrid,,40.4168,-3.7038,667,
2024-07-31T05:00:00+00:00,13.38,18.17,34.65,68.13,20,40,Madrid,,40.4168,-3.7038,667,
2024-07-31T06:00:00+00:00,13.83,15.72,36.5,59.97,20,40,Madrid,,40.4168,-3.7038,667,
2024-07-31T07:00:00+00:00,13.11,18.92,33.76,70.74,20,40,Madrid,,40.4168,-3.7038,667,
2024-07-31T08:00:00+00:00,15.5,17.22,35.57,57.65,20,40,Madrid,,40.4168,-3.7038,667,
2024-07-31T09:00:00+00:00,14.08,18.89,34.7,57.78,20,40,Madrid,,40.4168,-3.7038,667,
2024-07-31T10:00:00+00:00,13.53,19.92,32.41,62.3,20,40,Madrid,,40.4168,-3.7038,667,
2024-07-31T11:00:00+00:00,18.34,26.09,32.2,62.83,20,40,Madrid,,40.4168,-3.7038,667,
2024-07-31T12:00:00+00:00,15.96,24.79,30.62,55.04,20,40,Madrid,,40.4168,-3.7038,667,
2024-07-31T13:00:00+00:00,16.06,18.45,29.47,49.34,20,40,Madrid,,40.4168,-3.7038,667,
2024-07-31T14:00:00+00:00,15.24,17.48,27.82,50.48,20,40,Madrid,,40.4168,-3.7038,667,
2024-07-31T15:00:00+00:00,14.16,16.05,28.2,45.34,20,40,Madrid,,40.4168,-3.7038,667,
2024-07-31T16:00:00+00:00,16.09,18.28,28.51,39.96,20,40,Madrid,,40.4168,-3.7038,667,
2024-07-31T17:00:00+00:00,13.3,17.25,26.63,40.86,20,40,Madrid,,40.4168,-3.7038,667,
2024-07-31T18:00:00+00:00,15.67,22.04,25.88,42.47,20,40,Madrid,,40.4168,-3.7038,667,
2024-07-31T19:00:00+00:00,13.94,18.97,27.26,48.73,20,40,Madrid,,40.4168,-3.7038,667,
2024-07-31T20:00:00+00:00,17.37,25.12,26.43,42.11,20,40,Madrid,,40.4168,-3.7038,667,
2024-07-31T21:00:00+00:00,15.88,23.23,29.19,49.47,20,40,Madrid,,40.4168,-3.7038,667,
2024-07-31T22:00:00+00:00,14.94,21.58,29.28,51.79,20,40,Madrid,,40.4168,-3.7038,667,
2024-07-31T23:00:00+00:00,12.58,13.51,31.21,57.63,20,40,Madrid,,40.4168,-3.7038,667,
2024-08-01T00:00:00+00:00,14.8,22.64,29.26,48.38,20,40,Madrid,,40.4168,-3.7038,667,
2024-08-01T01:00:00+00:00,15.72,20.99,30.72,57.43,20,40,Madrid,,40.4168,-3.7038,667,
2024-08-01T02:00:00+00:00,18.06,26.44,33.08,62.89,20,40,Madrid,,40.4168,-3.7038,667,
2024-08-01T03:00:00+00:00,16.41,20.88,32.84,63.57,20,40,Madrid,,40.4168,-3.7038,667,
2024-08-01T04:00:00+00:00,17.99,25.97,33.44,62.43,20,40,Madrid,,40.4168,-3.7038,667,
2024-08-01T05:00:00+00:00,16.01,23.3,34.04,64.82,20,40,Madrid,,40.4168,-3.7038,667,
2024-08-01T06:00:00+00:00,15.32,18.76,32.8,70.68,20,40,Madrid,,40.4168,-3.7038,667,
2024-08-01T07:00:00+00:00,15.9,23.46,32.79,58.01,20,40,Madrid,,40.4168,-3.7038,667,
2024-08-01T08:00:00+00:00,14.33,21.41,34.39,56.58,20,40,Madrid,,40.4168,-3.7038,667,
2024-08-01T09:00:00+00:00,12.67,18.25,33.51,58.87,20,40,Madrid,,40.4168,-3.7038,667,
2024-08-01T10:00:00+00:00,13.03,17.26,31.94,53.83,20,40,Madrid,,40.4168,-3.7038,667,
2024-08-01T11:00:00+00:00,17.67,26.59,30.63,52.89,20,40,Madrid,,40.4168,-3.7038,667,
2024-08-01T12:00:00+00:00,13.33,16.62,28.81,54.24,20,40,Madrid,,40.4168,-3.7038,667,
2024-08-01T13:00:00+00:00,16.72,22.8,29.82,54.73,20,40,Madrid,,40.4168,-3.7038,667,
2024-08-01T14:00:00+00:00,16.77,25.96,28.96,51.14,20,40,Madrid,,40.4168,-3.7038,667,
2024-08-01T15:00:00+00:00,14.46,15.87,27.51,43.8,20,40,Madrid,,40.4168,-3.7038,667,
2024-08-01T16:00:00+00:00,13.96,18.08,27.3,49.78,20,40,Madrid,,40.4168,-3.7038,667,
2024-08-01T17:00:00+00:00,17.11,22.56,25.98,38.62,20,40,Madrid,,40.4168,-3.7038,667,
2024-08-01T18:00:00+00:00,12.54,13.45,26.82,38.79,20,40,Madrid,,40.4168,-3.7038,667,
2024-08-01T19:00:00+00:00,16.16,23.59,26.73,42.52,20,40,Madrid,,40.4168,-3.7038,667,
2024-08-01T20:00:00+00:00,12.07,13.67,25.58,48.38,20,40,Madrid,,40.4168,-3.7038,667,
2024-08-01T21:00:00+00:00,13.62,21.13,28.09,51.88,20,40,Madrid,,40.4168,-3.7038,667,
2024-08-01T22:00:00+00:00,12.34,16.17,27.73,48.67,20,40,Madrid,,40.4168,-3.7038,667,
2024-08-01T23:00:00+00:00,13.65,19.64,30.18,55.17,20,40,Madrid,,40.4168,-3.7038,667,
2024-08-02T00:00:00+00:00,11.39,12.12,30.56,48.9,20,40,Madrid,,40.4168,-3.7038,667,
2024-08-02T01:00:00+00:00,14.56,16.75,30.54,64.68,20,40,Madrid,,40.4168,-3.7038,667,
2024-08-02T02:00:00+00:00,16.45,19.91,30.58,64.08,20,40,Madrid,,40.4168,-3.7038,667,
2024-08-02T03:00:00+00:00,16.22,21.49,32.53,63.03,20,40,Madrid,,40.4168,-3.7038,667,
2024-08-02T04:00:00+00:00,15.0,19.09,34.35,66.44,20,40,Madrid,,40.4168,-3.7038,667,
2024-08-02T05:00:00+00:00,12.83,14.16,34.98,63.46,20,40,Madrid,,40.4168,-3.7038,667,
2024-08-02T06:00:00+00:00,16.51,24.34,34.46,70.56,20,40,Madrid,,40.4168,-3.7038,667,
2024-08-02T07:00:00+00:00,14.77,19.0,34.4,59.44,20,40,Madrid,,40.4168,-3.7038,667,
2024-08-02T08:00:00+00:00,11.97,19.56,32.37,56.59,20,40,Madrid,,40.4168,-3.7038,667,
2024-08-02T09:00:00+00:00,18.28,23.79,32.87,60.33,20,40,Madrid,,40.4168,-3.7038,667,
2024-08-02T10:00:00+00:00,18.09,22.11,31.48,59.92,20,40,Madrid,,40.4168,-3.7038,667,
2024-08-02T11:00:00+00:00,13.05,14.79,32.08,51.16,20,40,Madrid,,40.4168,-3.7038,667,
2024-08-02T12:00:00+00:00,12.89,17.23,29.3,52.67,20,40,Madrid,,40.4168,-3.7038,667,
2024-08-02T13:00:00+00:00,11.83,13.47,28.14,51.38,20,40,Madrid,,40.4168,-3.7038,667,
2024-08-02T14:00:00+00:00,14.9,18.98,29.27,53.64,20,40,Madrid,,40.4168,-3.7038,667,
2024-08-02T15:00:00+00:00,16.55,25.03,26.54,44.55,20,40,Madrid,,40.4168,-3.7038,667,
2024-08-02T16:00:00+00:00,13.67,21.15,27.51,45.15,20,40,Madrid,,40.4168,-3.7038,667,
2024-08-02T17:00:00+00:00,12.08,13.37,27.45,38.25,20,40,Madrid,,40.4168,-3.7038,667,
2024-08-02T18:00:00+00:00,13.87,21.78,26.1,45.62,20,40,Madrid,,40.4168,-3.7038,667,
2024-08-02T19:00:00+00:00,13.75,21.65,25.45,44.2,20,40,Madrid,,40.4168,-3.7038,667,
2024-08-02T20:00:00+00:00,13.43,14.88,27.7,50.28,20,40,Madrid,,40.4168,-3.7038,667,
2024-08-02T21:00:00+00:00,18.3,20.74,26.13,50.34,20,40,Madrid,,40.4168,-3.7038,667,
2024-08-02T22:00:00+00:00,17.98,27.48,26.72,57.97,20,40,Madrid,,40.4168,-3.7038,667,
2024-08-02T23:00:00+00:00,14.73,16.14,28.15,53.24,20,40,Madrid,,40.4168,-3.7038,667,
2024-08-03T00:00:00+00:00,14.67,17.37,31.0,51.12,20,40,Madrid,,40.4168,-3.7038,667,
2024-08-03T01:00:00+00:00,13.66,16.7,30.32,58.04,20,40,Madrid,,40.4168,-3.7038,667,
2024-08-03T02:00:00+00:00,16.54,23.43,30.9,65.44,20,40,Madrid,,40.4168,-3.7038,667,
2024-08-03T03:00:00+00:00,17.27,22.5,33.53,68.1,20,40,Madrid,,40.4168,-3.7038,667,
2024-08-03T04:00:00+00:00,15.22,20.39,34.58,68.13,20,40,Madrid,,40.4168,-3.7038,667,
2024-08-03T05:00:00+00:00,15.82,20.62,32.67,65.33,20,40,Madrid,,40.4168,-3.7038,667,
2024-08-03T06:00:00+00:00,12.87,21.22,34.47,67.36,20,40,Madrid,,40.4168,-3.7038,667,
2024-08-03T07:00:00+00:00,17.68,24.43,34.95,71.7,20,40,Madrid,,40.4168,-3.7038,667,
2024-08-03T08:00:00+00:00,19.14,23.32,33.01,68.9,20,40,Madrid,,40.4168,-3.7038,667,
2024-08-03T09:00:00+00:00,14.47,20.3,33.45,64.14,20,40,Madrid,,40.4168,-3.7038,667,
2024-08-03T10:00:00+00:00,14.35,20.7,33.36,57.57,20,40,Madrid,,40.4168,-3.7038,667,
2024-08-03T11:00:00+00:00,12.92,16.93,31.32,52.56,20,40,Madrid,,40.4168,-3.7038,667,
2024-08-03T12:00:00+00:00,12.68,14.85,30.43,56.79,20,40,Madrid,,40.4168,-3.7038,667,
2024-08-03T13:00:00+00:00,15.58,18.13,30.08,51.14,20,40,Madrid,,40.4168,-3.7038,667,
2024-08-03T14:00:00+00:00,11.96,15.74,27.71,50.45,20,40,Madrid,,40.4168,-3.7038,667,
2024-08-03T15:00:00+00:00,15.87,22.51,25.84,53.62,20,40,Madrid,,40.4168,-3.7038,667,
2024-08-03T16:00:00+00:00,15.57,23.88,26.29,43.48,20,40,Madrid,,40.4168,-3.7038,667,
2024-08-03T17:00:00+00:00,13.16,16.38,26.13,45.97,20,40,Madrid,,40.4168,-3.7038,667,
2024-08-03T18:00:00+00:00,12.83,15.36,24.74,38.06,20,40,Madrid,,40.4168,-3.7038,667,
2024-08-03T19:00:00+00:00,14.91,17.32,25.94,41.72,20,40,Madrid,,40.4168,-3.7038,667,
2024-08-03T20:00:00+00:00,12.87,17.22,26.52,38.67,20,40,Madrid,,40.4168,-3.7038,667,
2024-08-03T21:00:00+00:00,13.1,17.74,28.0,42.04,20,40,Madrid,,40.4168,-3.7038,667,
2024-08-03T22:00:00+00:00,14.45,19.92,27.79,55.04,20,40,Madrid,,40.4168,-3.7038,667,
2024-08-03T23:00:00+00:00,18.05,21.21,29.36,54.07,20,40,Madrid,,40.4168,-3.7038,667,
2024-08-04T00:00:00+00:00,12.63,20.78,29.35,60.68,20,40,Madrid,,40.4168,-3.7038,667,
2024-08-04T01:00:00+00:00,14.21,21.19,30.96,50.1,20,40,Madrid,,40.4168,-3.7038,667,
2024-08-04T02:00:00+00:00,16.99,19.43,31.15,54.32,20,40,Madrid,,40.4168,-3.7038,667,
2024-08-04T03:00:00+00:00,12.99,13.72,33.28,59.17,20,40,Madrid,,40.4168,-3.7038,667,
2024-08-04T04:00:00+00:00,18.23,26.09,32.87,62.44,20,40,Madrid,,40.4168,-3.7038,667,
2024-08-04T05:00:00+00:00,13.43,21.89,33.88,64.54,20,40,Madrid,,40.4168,-3.7038,667,
2024-08-04T06:00:00+00:00,13.3,17.22,35.27,58.5,20,40,Madrid,,40.4168,-3.7038,667,
2024-08-04T07:00:00+00:00,18.05,21.54,32.88,58.37,20,40,Madrid,,40.4168,-3.7038,667,
2024-08-04T08:00:00+00:00,15.5,20.66,32.64,71.48,20,40,Madrid,,40.4168,-3.7038,667,
2024-08-04T09:00:00+00:00,17.65,26.19,32.95,60.46,20,40,Madrid,,40.4168,-3.7038,667,
2024-08-04T10:00:00+00:00,13.75,21.97,33.46,61.87,20,40,Madrid,,40.4168,-3.7038,667,
2024-08-04T11:00:00+00:00,17.19,24.33,31.37,52.61,20,40,Madrid,,40.4168,-3.7038,667,
2024-08-04T12:00:00+00:00,16.57,25.19,29.75,57.45,20,40,Madrid,,40.4168,-3.7038,667,
2024-08-04T13:00:00+00:00,15.28,17.96,28.72,51.67,20,40,Madrid,,40.4168,-3.7038,667,
2024-08-04T14:00:00+00:00,13.36,14.38,28.0,56.28,20,40,Madrid,,40.4168,-3.7038,667,
2024-08-04T15:00:00+00:00,16.37,19.2,26.92,40.41,20,40,Madrid,,40.4168,-3.7038,667,
2024-08-04T16:00:00+00:00,15.31,18.74,25.59,43.08,20,40,Madrid,,40.4168,-3.7038,667,
2024-08-04T17:00:00+00:00,12.39,14.93,26.94,50.38,20,40,Madrid,,40.4168,-3.7038,667,
2024-08-04T18:00:00+00:00,12.92,16.06,26.41,52.65,20,40,Madrid,,40.4168,-3.7038,667,
2024-08-04T19:00:00+00:00,16.3,22.38,27.5,37.52,20,40,Madrid,,40.4168,-3.7038,667,
2024-08-04T20:00:00+00:00,15.88,21.71,27.23,43.29,20,40,Madrid,,40.4168,-3.7038,667,
2024-08-04T21:00:00+00:00,14.38,19.95,28.6,45.3,20,40,Madrid,,40.4168,-3.7038,667,
2024-08-04T22:00:00+00:00,18.12,27.16,26.9,57.22,20,40,Madrid,,40.4168,-3.7038,667,
2024-08-04T23:00:00+00:00,13.48,20.29,27.72,56.82,20,40,Madrid,,40.4168,-3.7038,667,
2024-08-05T00:00:00+00:00,13.69,15.05,31.07,59.06,20,40,Madrid,,40.4168,-3.7038,667,
2024-08-05T01:00:00+00:00,13.39,15.71,30.15,50.76,20,40,Madrid,,40.4168,-3.7038,667,
2024-08-05T02:00:00+00:00,17.98,27.04,31.23,58.68,20,40,Madrid,,40.4168,-3.7038,667,
2024-08-05T03:00:00+00:00,14.18,16.77,32.1,55.77,20,40,Madrid,,40.4168,-3.7038,667,
2024-08-05T04:00:00+00:00,17.35,25.79,33.79,63.45,20,40,Madrid,,40.4168,-3.7038,667,
2024-08-05T05:00:00+00:00,13.63,21.02,35.1,60.74,20,40,Madrid,,40.4168,-3.7038,667,
2024-08-05T06:00:00+00:00,15.3,23.16,34.87,68.46,20,40,Madrid,,40.4168,-3.7038,667,
2024-08-05T07:00:00+00:00,15.72,23.69,33.53,71.78,20,40,Madrid,,40.4168,-3.7038,667,
2024-08-05T08:00:00+00:00,16.93,23.0,32.92,62.35,20,40,Madrid,,40.4168,-3.7038,667,
2024-08-05T09:00:00+00:00,16.02,19.42,33.54,68.36,20,40,Madrid,,40.4168,-3.7038,667,
2024-08-05T10:00:00+00:00,14.01,22.4,33.11,57.04,20,40,Madrid,,40.4168,-3.7038,667,
2024-08-05T11:00:00+00:00,17.31,21.93,30.41,62.21,20,40,Madrid,,40.4168,-3.7038,667,
2024-08-05T12:00:00+00:00,16.67,25.74,30.03,48.2,20,40,Madrid,,40.4168,-3.7038,667,
2024-08-05T13:00:00+00:00,16.77,25.3,29.83,57.44,20,40,Madrid,,40.4168,-3.7038,667,
2024-08-05T14:00:00+00:00,12.89,17.86,27.95,50.22,20,40,Madrid,,40.4168,-3.7038,667,
2024-08-05T15:00:00+00:00,17.65,26.72,27.13,53.13,20,40,Madrid,,40.4168,-3.7038,667,
2024-08-05T16:00:00+00:00,15.85,17.57,27.88,52.47,20,40,Madrid,,40.4168,-3.7038,667,
2024-08-05T17:00:00+00:00,17.94,22.88,25.15,45.28,20,40,Madrid,,40.4168,-3.7038,667,
2024-08-05T18:00:00+00:00,16.45,19.46,26.06,44.87,20,40,Madrid,,40.4168,-3.7038,667,
2024-08-05T19:00:00+00:00,12.42,17.23,25.8,37.61,20,40,Madrid,,40.4168,-3.7038,667,
2024-08-05T20:00:00+00:00,12.34,14.27,25.84,43.46,20,40,Madrid,,40.4168,-3.7038,667,
2024-08-05T21:00:00+00:00,17.92,26.67,28.56,54.71,20,40,Madrid,,40.4168,-3.7038,667,
2024-08-05T22:00:00+00:00,16.46,24.73,27.48,55.72,20,40,Madrid,,40.4168,-3.7038,667,
2024-08-05T23:00:00+00:00,12.1,15.63,28.56,49.26,20,40,Madrid,,40.4168,-3.7038,667,
2024-08-06T00:00:00+00:00,17.25,20.36,29.58,51.69,20,40,Madrid,,40.4168,-3.7038,667,
2024-08-06T01:00:00+00:00,15.91,18.53,32.13,62.33,20,40,Madrid,,40.4168,-3.7038,667,
2024-08-06T02:00:00+00:00,15.97,19.05,32.58,55.05,20,40,Madrid,,40.4168,-3.7038,667,
2024-08-06T03:00:00+00:00,12.48,13.92,34.3,65.36,20,40,Madrid,,40.4168,-3.7038,667,
2024-08-06T04:00:00+00:00,15.86,25.02,33.94,65.85,20,40,Madrid,,40.4168,-3.7038,667,
2024-08-06T05:00:00+00:00,13.59,18.79,34.63,62.31,20,40,Madrid,,40.4168,-3.7038,667,
2024-08-06T06:00:00+00:00,15.6,18.9,33.26,62.85,20,40,Madrid,,40.4168,-3.7038,667,
2024-08-06T07:00:00+00:00,17.26,23.61,32.6,64.05,20,40,Madrid,,40.4168,-3.7038,667,
2024-08-06T08:00:00+00:00,16.62,25.86,34.28,70.75,20,40,Madrid,,40.4168,-3.7038,667,
2024-08-06T09:00:00+00:00,16.57,24.97,33.4,55.91,20,40,Madrid,,40.4168,-3.7038,667,
2024-08-06T10:00:00+00:00,17.86,20.21,32.02,63.87,20,40,Madrid,,40.4168,-3.7038,667,
2024-08-06T11:00:00+00:00,14.83,16.04,30.56,55.24,20,40,Madrid,,40.4168,-3.7038,667,
2024-08-06T12:00:00+00:00,14.93,18.7,30.12,62.89,20,40,Madrid,,40.4168,-3.7038,667,
2024-08-06T13:00:00+00:00,12.67,14.32,29.98,48.42,20,40,Madrid,,40.4168,-3.7038,667,
2024-08-06T14:00:00+00:00,17.01,25.01,27.62,50.78,20,40,Madrid,,40.4168,-3.7038,667,
2024-08-06T15:00:00+00:00,16.79,22.52,26.25,42.98,20,40,Madrid,,40.4168,-3.7038,667,
2024-08-06T16:00:00+00:00,12.12,15.53,27.38,48.38,20,40,Madrid,,40.4168,-3.7038,667,
2024-08-06T17:00:00+00:00,13.81,20.28,27.07,40.34,20,40,Madrid,,40.4168,-3.7038,667,
2024-08-06T18:00:00+00:00,16.24,19.12,25.72,43.17,20,40,Madrid,,40.4168,-3.7038,667,
2024-08-06T19:00:00+00:00,12.27,16.86,27.31,43.15,20,40,Madrid,,40.4168,-3.7038,667,
2024-08-06T20:00:00+00:00,16.18,25.64,25.81,41.09,20,40,Madrid,,40.4168,-3.7038,667,
2024-08-06T21:00:00+00:00,15.96,21.47,26.94,55.0,20,40,Madrid,,40.4168,-3.7038,667,
2024-08-06T22:00:00+00:00,13.59,17.38,28.38,44.55,20,40,Madrid,,40.4168,-3.7038,667,
2024-08-06T23:00:00+00:00,14.15,20.19,29.55,52.94,20,40,Madrid,,40.4168,-3.7038,667,
2024-08-07T00:00:00+00:00,12.74,16.85,30.13,59.14,20,40,Madrid,,40.4168,-3.7038,667,
2024-08-07T01:00:00+00:00,14.01,17.54,29.73,60.64,20,40,Madrid,,40.4168,-3.7038,667,
2024-08-07T02:00:00+00:00,13.18,16.1,33.31,66.35,20,40,Madrid,,40.4168,-3.7038,667,
2024-08-07T03:00:00+00:00,17.97,27.77,32.01,54.13,20,40,Madrid,,40.4168,-3.7038,667,
2024-08-07T04:00:00+00:00,15.17,17.46,33.45,63.96,20,40,Madrid,,40.4168,-3.7038,667,
2024-08-07T05:00:00+00:00,14.23,18.86,34.2,62.37,20,40,Madrid,,40.4168,-3.7038,667,
2024-08-07T06:00:00+00:00,17.74,21.95,33.97,63.51,20,40,Madrid,,40.4168,-3.7038,667,
2024-08-07T07:00:00+00:00,13.99,16.08,34.3,68.32,20,40,Madrid,,40.4168,-3.7038,667,
2024-08-07T08:00:00+00:00,18.36,28.35,34.47,63.58,20,40,Madrid,,40.4168,-3.7038,667,
2024-08-07T09:00:00+00:00,15.11,23.67,31.71,68.74,20,40,Madrid,,40.4168,-3.7038,667,
2024-08-07T10:00:00+00:00,18.63,21.48,32.85,61.83,20,40,Madrid,,40.4168,-3.7038,667,
2024-08-07T11:00:00+00:00,14.94,21.84,29.91,54.99,20,40,Madrid,,40.4168,-3.7038,667,
2024-08-07T12:00:00+00:00,15.09,22.59,30.51,57.6,20,40,Madrid,,40.4168,-3.7038,667,
2024-08-07T13:00:00+00:00,18.24,22.89,28.83,55.33,20,40,Madrid,,40.4168,-3.7038,667,
2024-08-07T14:00:00+00:00,16.04,22.91,29.09,57.53,20,40,Madrid,,40.4168,-3.7038,667,
2024-08-07T15:00:00+00:00,13.94,21.24,27.07,45.08,20,40,Madrid,,40.4168,-3.7038,667,
2024-08-07T16:00:00+00:00,16.76,24.05,25.87,43.75,20,40,Madrid,,40.4168,-3.7038,667,
2024-08-07T17:00:00+00:00,14.89,23.05,24.92,37.9,20,40,Madrid,,40.4168,-3.7038,667,
2024-08-07T18:00:00+00:00,11.9,19.21,25.38,47.72,20,40,Madrid,,40.4168,-3.7038,667,
2024-08-07T19:00:00+00:00,12.55,16.67,26.32,49.57,20,40,Madrid,,40.4168,-3.7038,667,
2024-08-07T20:00:00+00:00,11.42,12.84,25.49,43.79,20,40,Madrid,,40.4168,-3.7038,667,
2024-08-07T21:00:00+00:00,16.38,20.63,28.64,48.29,20,40,Madrid,,40.4168,-3.7038,667,
2024-08-07T22:00:00+00:00,15.95,17.54,27.06,43.29,20,40,Madrid,,40.4168,-3.7038,667,
2024-08-07T23:00:00+00:00,14.07,17.56,27.73,48.65,20,40,Madrid,,40.4168,-3.7038,667,
2024-08-08T00:00:00+00:00,17.42,20.21,29.8,60.23,20,40,Madrid,,40.4168,-3.7038,667,
2024-08-08T01:00:00+00:00,17.76,22.71,31.78,64.19,20,40,Madrid,,40.4168,-3.7038,667,
2024-08-08T02:00:00+00:00,17.93,27.39,32.9,60.81,20,40,Madrid,,40.4168,-3.7038,667,
2024-08-08T03:00:00+00:00,14.38,22.15,31.56,58.66,20,40,Madrid,,40.4168,-3.7038,667,
2024-08-08T04:00:00+00:00,14.96,18.95,33.78,71.48,20,40,Madrid,,40.4168,-3.7038,667,
2024-08-08T05:00:00+00:00,12.53,16.21,34.03,66.21,20,40,Madrid,,40.4168,-3.7038,667,
2024-08-08T06:00:00+00:00,12.63,14.53,34.01,62.23,20,40,Madrid,,40.4168,-3.7038,667,
2024-08-08T07:00:00+00:00,16.85,22.85,34.03,65.07,20,40,Madrid,,40.4168,-3.7038,667,
2024-08-08T08:00:00+00:00,18.71,22.91,33.07,67.25,20,40,Madrid,,40.4168,-3.7038,667,
2024-08-08T09:00:00+00:00,12.62,14.92,32.78,61.95,20,40,Madrid,,40.4168,-3.7038,667,
2024-08-08T10:00:00+00:00,14.22,18.07,31.12,67.11,20,40,Madrid,,40.4168,-3.7038,667,
2024-08-08T11:00:00+00:00,13.1,18.35,30.15,50.13,20,40,Madrid,,40.4168,-3.7038,667,
2024-08-08T12:00:00+00:00,13.66,22.36,31.45,58.61,20,40,Madrid,,40.4168,-3.7038,667,
2024-08-08T13:00:00+00:00,18.81,25.7,28.26,59.09,20,40,Madrid,,40.4168,-3.7038,667,
2024-08-08T14:00:00+00:00,12.48,16.65,28.5,54.66,20,40,Madrid,,40.4168,-3.7038,667,
2024-08-08T15:00:00+00:00,13.34,21.76,27.33,51.99,20,40,Madrid,,40.4168,-3.7038,667,
2024-08-08T16:00:00+00:00,15.87,19.19,27.99,53.17,20,40,Madrid,,40.4168,-3.7038,667,
2024-08-08T17:00:00+00:00,13.92,17.39,26.14,47.58,20,40,Madrid,,40.4168,-3.7038,667,
2024-08-08T18:00:00+00:00,14.47,21.34,25.57,50.47,20,40,Madrid,,40.4168,-3.7038,667,
2024-08-08T19:00:00+00:00,15.56,18.84,26.37,42.97,20,40,Madrid,,40.4168,-3.7038,667,
2024-08-08T20:00:00+00:00,11.46,18.85,27.64,47.03,20,40,Madrid,,40.4168,-3.7038,667,
2024-08-08T21:00:00+00:00,14.66,23.19,26.39,52.63,20,40,Madrid,,40.4168,-3.7038,667,
2024-08-08T22:00:00+00:00,12.58,18.56,27.51,52.45,20,40,Madrid,,40.4168,-3.7038,667,
2024-08-08T23:00:00+00:00,12.82,17.62,28.03,53.53,20,40,Madrid,,40.4168,-3.7038,667,
2024-08-09T00:00:00+00:00,15.82,17.97,30.58,49.9,20,40,Madrid,,40.4168,-3.7038,667,
2024-08-09T01:00:00+00:00,14.69,18.5,31.22,65.54,20,40,Madrid,,40.4168,-3.7038,667,
2024-08-09T02:00:00+00:00,14.5,22.54,31.04,58.12,20,40,Madrid,,40.4168,-3.7038,667,
2024-08-09T03:00:00+00:00,12.98,19.62,33.75,63.21,20,40,Madrid,,40.4168,-3.7038,667,
2024-08-09T04:00:00+00:00,17.34,23.3,33.46,61.34,20,40,Madrid,,40.4168,-3.7038,667,
2024-08-09T05:00:00+00:00,13.46,22.01,34.22,59.02,20,40,Madrid,,40.4168,-3.7038,667,
2024-08-09T06:00:00+00:00,13.7,16.96,33.78,68.6,20,40,Madrid,,40.4168,-3.7038,667,
2024-08-09T07:00:00+00:00,14.27,17.42,33.79,69.95,20,40,Madrid,,40.4168,-3.7038,667,
2024-08-09T08:00:00+00:00,13.93,16.76,33.51,65.67,20,40,Madrid,,40.4168,-3.7038,667,
2024-08-09T09:00:00+00:00,18.06,27.16,32.41,60.18,20,40,Madrid,,40.4168,-3.7038,667,
2024-08-09T10:00:00+00:00,12.32,13.09,33.33,62.42,20,40,Madrid,,40.4168,-3.7038,667,
2024-08-09T11:00:00+00:00,16.89,20.16,31.88,55.55,20,40,Madrid,,40.4168,-3.7038,667,
2024-08-09T12:00:00+00:00,17.87,20.13,28.89,49.89,20,40,Madrid,,40.4168,-3.7038,667,
2024-08-09T13:00:00+00:00,18.4,23.31,30.05,57.83,20,40,Madrid,,40.4168,-3.7038,667,
2024-08-09T14:00:00+00:00,15.98,25.02,27.38,58.0,20,40,Madrid,,40.4168,-3.7038,667,
2024-08-09T15:00:00+00:00,14.32,21.36,28.01,55.71,20,40,Madrid,,40.4168,-3.7038,667,
2024-08-09T16:00:00+00:00,14.7,18.4,27.1,46.74,20,40,Madrid,,40.4168,-3.7038,667,
2024-08-09T17:00:00+00:00,13.15,14.68,26.81,52.38,20,40,Madrid,,40.4168,-3.7038,667,
2024-08-09T18:00:00+00:00,14.2,17.71,24.52,41.77,20,40,Madrid,,40.4168,-3.7038,667,
2024-08-09T19:00:00+00:00,14.85,21.34,24.91,50.74,20,40,Madrid,,40.4168,-3.7038,667,
2024-08-09T20:00:00+00:00,17.02,26.46,25.14,51.89,20,40,Madrid,,40.4168,-3.7038,667,
2024-08-09T21:00:00+00:00,11.48,17.57,25.73,41.5,20,40,Madrid,,40.4168,-3.7038,667,
2024-08-09T22:00:00+00:00,17.84,27.88,26.57,57.15,20,40,Madrid,,40.4168,-3.7038,667,
2024-08-09T23:00:00+00:00,17.71,23.64,27.99,53.7,20,40,Madrid,,40.4168,-3.7038,667,
2024-08-10T00:00:00+00:00,16.41,25.54,28.82,59.77,20,40,Madrid,,40.4168,-3.7038,667,
2024-08-10T01:00:00+00:00,13.5,15.92,29.78,55.81,20,40,Madrid,,40.4168,-3.7038,667,
2024-08-10T02:00:00+00:00,15.81,19.19,33.36,64.1,20,40,Madrid,,40.4168,-3.7038,667,
2024-08-10T03:00:00+00:00,17.08,25.02,32.55,63.21,20,40,Madrid,,40.4168,-3.7038,667,
2024-08-10T04:00:00+00:00,18.55,28.65,34.81,65.72,20,40,Madrid,,40.4168,-3.7038,667,
2024-08-10T05:00:00+00:00,15.03,23.92,34.97,65.13,20,40,Madrid,,40.4168,-3.7038,667,
2024-08-10T06:00:00+00:00,16.31,18.65,35.33,62.16,20,40,Madrid,,40.4168,-3.7038,667,
2024-08-10T07:00:00+00:00,13.67,17.39,33.71,58.58,20,40,Madrid,,40.4168,-3.7038,667,
2024-08-10T08:00:00+00:00,17.16,23.39,32.0,62.39,20,40,Madrid,,40.4168,-3.7038,667,
2024-08-10T09:00:00+00:00,17.39,22.43,34.04,64.19,20,40,Madrid,,40.4168,-3.7038,667,
2024-08-10T10:00:00+00:00,17.56,26.25,30.54,64.24,20,40,Madrid,,40.4168,-3.7038,667,
2024-08-10T11:00:00+00:00,18.78,22.87,30.48,62.93,20,40,Madrid,,40.4168,-3.7038,667,
2024-08-10T12:00:00+00:00,16.07,20.7,29.9,62.94,20,40,Madrid,,40.4168,-3.7038,667,
2024-08-10T13:00:00+00:00,13.83,20.42,28.31,47.0,20,40,Madrid,,40.4168,-3.7038,667,
2024-08-10T14:00:00+00:00,13.32,21.91,27.62,53.74,20,40,Madrid,,40.4168,-3.7038,667,
2024-08-10T15:00:00+00:00,18.15,21.31,26.25,54.64,20,40,Madrid,,40.4168,-3.7038,667,
2024-08-10T16:00:00+00:00,13.14,15.77,25.89,40.27,20,40,Madrid,,40.4168,-3.7038,667,
2024-08-10T17:00:00+00:00,12.77,13.46,25.18,48.69,20,40,Madrid,,40.4168,-3.7038,667,
2024-08-10T18:00:00+00:00,17.65,20.98,26.15,46.48,20,40,Madrid,,40.4168,-3.7038,667,
2024-08-10T19:00:00+00:00,11.57,17.73,26.07,43.62,20,40,Madrid,,40.4168,-3.7038,667,
2024-08-10T20:00:00+00:00,12.63,20.33,25.97,53.79,20,40,Madrid,,40.4168,-3.7038,667,
2024-08-10T21:00:00+00:00,13.54,15.56,26.08,47.62,20,40,Madrid,,40.4168,-3.7038,667,
2024-08-10T22:00:00+00:00,15.38,20.9,26.99,47.58,20,40,Madrid,,40.4168,-3.7038,667,
2024-08-10T23:00:00+00:00,15.68,21.01,30.32,53.43,20,40,Madrid,,40.4168,-3.7038,667,
2024-08-11T00:00:00+00:00,16.24,18.55,31.06,56.4,20,40,Madrid,,40.4168,-3.7038,667,
2024-08-11T01:00:00+00:00,17.29,24.83,31.41,58.79,20,40,Madrid,,40.4168,-3.7038,667,
2024-08-11T02:00:00+00:00,16.51,23.93,33.38,65.97,20,40,Madrid,,40.4168,-3.7038,667,
2024-08-11T03:00:00+00:00,16.21,25.44,33.16,58.58,20,40,Madrid,,40.4168,-3.7038,667,
2024-08-11T04:00:00+00:00,13.36,18.33,34.67,62.58,20,40,Madrid,,40.4168,-3.7038,667,
2024-08-11T05:00:00+00:00,15.19,23.23,33.94,62.79,20,40,Madrid,,40.4168,-3.7038,667,
2024-08-11T06:00:00+00:00,12.12,12.9,34.52,60.28,20,40,Madrid,,40.4168,-3.7038,667,
2024-08-11T07:00:00+00:00,13.38,17.73,33.53,59.57,20,40,Madrid,,40.4168,-3.7038,667,
2024-08-11T08:00:00+00:00,13.6,21.42,34.67,59.12,20,40,Madrid,,40.4168,-3.7038,667,
2024-08-11T09:00:00+00:00,16.15,17.81,34.23,63.51,20,40,Madrid,,40.4168,-3.7038,667,
2024-08-11T10:00:00+00:00,12.62,19.36,30.89,54.51,20,40,Madrid,,40.4168,-3.7038,667,
2024-08-11T11:00:00+00:00,17.18,22.79,31.72,58.42,20,40,Madrid,,40.4168,-3.7038,667,
2024-08-11T12:00:00+00:00,17.41,24.7,31.1,54.2,20,40,Madrid,,40.4168,-3.7038,667,
2024-08-11T13:00:00+00:00,14.74,22.69,30.1,53.77,20,40,Madrid,,40.4168,-3.7038,667,
2024-08-11T14:00:00+00:00,13.07,16.27,26.94,55.06,20,40,Madrid,,40.4168,-3.7038,667,
2024-08-11T15:00:00+00:00,12.35,19.73,25.79,49.59,20,40,Madrid,,40.4168,-3.7038,667,
2024-08-11T16:00:00+00:00,12.59,17.59,26.29,40.77,20,40,Madrid,,40.4168,-3.7038,667,
2024-08-11T17:00:00+00:00,13.55,18.7,25.82,52.36,20,40,Madrid,,40.4168,-3.7038,667,
2024-08-11T18:00:00+00:00,14.9,23.93,25.32,45.97,20,40,Madrid,,40.4168,-3.7038,667,
2024-08-11T19:00:00+00:00,14.07,17.72,26.83,37.88,20,40,Madrid,,40.4168,-3.7038,667,
2024-08-11T20:00:00+00:00,17.53,27.48,26.53,45.35,20,40,Madrid,,40.4168,-3.7038,667,
2024-08-11T21:00:00+00:00,16.92,23.55,26.76,50.63,20,40,Madrid,,40.4168,-3.7038,667,
2024-08-11T22:00:00+00:00,17.55,26.34,26.97,45.0,20,40,Madrid,,40.4168,-3.7038,667,
2024-08-11T23:00:00+00:00,14.15,16.34,28.02,50.53,20,40,Madrid,,40.4168,-3.7038,667,
2024-08-12T00:00:00+00:00,15.22,18.55,30.37,49.8,20,40,Madrid,,40.4168,-3.7038,667,
2024-08-12T01:00:00+00:00,17.42,23.5,31.97,60.21,20,40,Madrid,,40.4168,-3.7038,667,
2024-08-12T02:00:00+00:00,15.12,19.39,31.43,63.74,20,40,Madrid,,40.4168,-3.7038,667,
2024-08-12T03:00:00+00:00,13.75,19.99,34.14,62.72,20,40,Madrid,,40.4168,-3.7038,667,
2024-08-12T04:00:00+00:00,16.02,23.24,34.38,60.49,20,40,Madrid,,40.4168,-3.7038,667,
2024-08-12T05:00:00+00:00,12.54,17.48,35.16,59.16,20,40,Madrid,,40.4168,-3.7038,667,
2024-08-12T06:00:00+00:00,13.36,15.44,33.99,60.33,20,40,Madrid,,40.4168,-3.7038,667,
2024-08-12T07:00:00+00:00,16.0,22.95,32.78,61.9,20,40,Madrid,,40.4168,-3.7038,667,
2024-08-12T08:00:00+00:00,14.6,23.05,33.24,59.15,20,40,Madrid,,40.4168,-3.7038,667,
2024-08-12T09:00:00+00:00,14.16,18.59,31.46,63.0,20,40,Madrid,,40.4168,-3.7038,667,
2024-08-12T10:00:00+00:00,16.36,22.67,31.93,55.82,20,40,Madrid,,40.4168,-3.7038,667,
2024-08-12T11:00:00+00:00,12.14,17.01,30.67,49.88,20,40,Madrid,,40.4168,-3.7038,667,
2024-08-12T12:00:00+00:00,17.51,24.42,29.73,53.97,20,40,Madrid,,40.4168,-3.7038,667,
2024-08-12T13:00:00+00:00,11.48,15.29,28.7,48.33,20,40,Madrid,,40.4168,-3.7038,667,
2024-08-12T14:00:00+00:00,13.33,21.41,27.52,43.23,20,40,Madrid,,40.4168,-3.7038,667,
2024-08-12T15:00:00+00:00,15.47,23.15,28.54,47.56,20,40,Madrid,,40.4168,-3.7038,667,
2024-08-12T16:00:00+00:00,16.3,19.85,26.52,43.32,20,40,Madrid,,40.4168,-3.7038,667,
2024-08-12T17:00:00+00:00,13.43,21.26,24.65,53.19,20,40,Madrid,,40.4168,-3.7038,667,
2024-08-12T18:00:00+00:00,12.67,18.96,25.55,50.77,20,40,Madrid,,40.4168,-3.7038,667,
2024-08-12T19:00:00+00:00,15.04,18.25,26.57,42.27,20,40,Madrid,,40.4168,-3.7038,667,
2024-08-12T20:00:00+00:00,13.28,16.95,25.53,50.63,20,40,Madrid,,40.4168,-3.7038,667,
2024-08-12T21:00:00+00:00,15.79,22.36,27.56,55.08,20,40,Madrid,,40.4168,-3.7038,667,
2024-08-12T22:00:00+00:00,13.74,20.33,26.86,47.08,20,40,Madrid,,40.4168,-3.7038,667,
2024-08-12T23:00:00+00:00,14.66,22.82,29.53,60.39,20,40,Madrid,,40.4168,-3.7038,667,
2024-08-13T00:00:00+00:00,18.35,28.38,31.5,61.62,20,40,Madrid,,40.4168,-3.7038,667,
2024-08-13T01:00:00+00:00,13.59,22.21,30.95,64.9,20,40,Madrid,,40.4168,-3.7038,667,
2024-08-13T02:00:00+00:00,18.28,28.53,31.78,58.08,20,40,Madrid,,40.4168,-3.7038,667,
2024-08-13T03:00:00+00:00,12.16,13.19,31.63,56.36,20,40,Madrid,,40.4168,-3.7038,667,
2024-08-13T04:00:00+00:00,13.74,20.11,33.34,57.27,20,40,Madrid,,40.4168,-3.7038,667,
2024-08-13T05:00:00+00:00,12.71,16.63,35.08,64.01,20,40,Madrid,,40.4168,-3.7038,667,
2024-08-13T06:00:00+00:00,13.65,15.65,32.73,69.82,20,40,Madrid,,40.4168,-3.7038,667,
2024-08-13T07:00:00+00:00,16.5,20.62,33.46,58.8,20,40,Madrid,,40.4168,-3.7038,667,
2024-08-13T08:00:00+00:00,16.22,20.36,34.6,56.69,20,40,Madrid,,40.4168,-3.7038,667,
2024-08-13T09:00:00+00:00,18.97,22.2,34.06,68.98,20,40,Madrid,,40.4168,-3.7038,667,
2024-08-13T10:00:00+00:00,14.89,22.65,32.89,61.71,20,40,Madrid,,40.4168,-3.7038,667,
2024-08-13T11:00:00+00:00,11.52,16.61,31.03,52.07,20,40,Madrid,,40.4168,-3.7038,667,
2024-08-13T12:00:00+00:00,16.53,24.77,29.45,50.93,20,40,Madrid,,40.4168,-3.7038,667,
2024-08-13T13:00:00+00:00,14.21,20.35,29.74,51.54,20,40,Madrid,,40.4168,-3.7038,667,
2024-08-13T14:00:00+00:00,16.87,22.82,28.69,56.34,20,40,Madrid,,40.4168,-3.7038,667,
2024-08-13T15:00:00+00:00,14.68,20.9,27.27,45.03,20,40,Madrid,,40.4168,-3.7038,667,
2024-08-13T16:00:00+00:00,16.98,21.0,25.82,39.44,20,40,Madrid,,40.4168,-3.7038,667,
2024-08-13T17:00:00+00:00,11.53,11.81,26.42,42.61,20,40,Madrid,,40.4168,-3.7038,667,
2024-08-13T18:00:00+00:00,14.63,17.93,26.51,50.14,20,40,Madrid,,40.4168,-3.7038,667,
2024-08-13T19:00:00+00:00,15.19,19.26,24.76,39.48,20,40,Madrid,,40.4168,-3.7038,667,
2024-08-13T20:00:00+00:00,17.58,20.87,27.22,54.02,20,40,Madrid,,40.4168,-3.7038,667,
2024-08-13T21:00:00+00:00,14.9,19.43,28.24,50.33,20,40,Madrid,,40.4168,-3.7038,667,
2024-08-13T22:00:00+00:00,12.73,15.52,27.21,56.61,20,40,Madrid,,40.4168,-3.7038,667,
2024-08-13T23:00:00+00:00,14.0,15.4,27.85,51.82,20,40,Madrid,,40.4168,-3.7038,667,
2024-08-14T00:00:00+00:00,14.17,18.97,30.7,57.39,20,40,Madrid,,40.4168,-3.7038,667,
2024-08-14T01:00:00+00:00,16.36,23.64,29.79,64.79,20,40,Madrid,,40.4168,-3.7038,667,
2024-08-14T02:00:00+00:00,18.06,24.16,32.49,63.65,20,40,Madrid,,40.4168,-3.7038,667,
2024-08-14T03:00:00+00:00,16.74,18.68,34.22,56.65,20,40,Madrid,,40.4168,-3.7038,667,
2024-08-14T04:00:00+00:00,17.32,19.73,32.17,59.25,20,40,Madrid,,40.4168,-3.7038,667,
2024-08-14T05:00:00+00:00,13.65,19.33,32.46,57.27,20,40,Madrid,,40.4168,-3.7038,667,
2024-08-14T06:00:00+00:00,17.09,26.42,34.31,59.84,20,40,Madrid,,40.4168,-3.7038,667,
2024-08-14T07:00:00+00:00,17.92,24.44,34.59,59.57,20,40,Madrid,,40.4168,-3.7038,667,
2024-08-14T08:00:00+00:00,14.49,15.93,34.87,68.34,20,40,Madrid,,40.4168,-3.7038,667,
2024-08-14T09:00:00+00:00,16.6,20.22,32.49,66.06,20,40,Madrid,,40.4168,-3.7038,667,
2024-08-14T10:00:00+00:00,16.94,24.66,33.05,56.21,20,40,Madrid,,40.4168,-3.7038,667,
2024-08-14T11:00:00+00:00,13.75,16.79,30.19,52.5,20,40,Madrid,,40.4168,-3.7038,667,
2024-08-14T12:00:00+00:00,15.33,21.82,29.94,61.81,20,40,Madrid,,40.4168,-3.7038,667,
2024-08-14T13:00:00+00:00,11.57,18.98,29.86,49.27,20,40,Madrid,,40.4168,-3.7038,667,
2024-08-14T14:00:00+00:00,16.45,18.39,28.23,56.64,20,40,Madrid,,40.4168,-3.7038,667,
2024-08-14T15:00:00+00:00,13.85,21.54,26.69,46.11,20,40,Madrid,,40.4168,-3.7038,667,
2024-08-14T16:00:00+00:00,11.78,12.52,25.15,43.76,20,40,Madrid,,40.4168,-3.7038,667,
2024-08-14T17:00:00+00:00,13.15,19.12,26.91,53.25,20,40,Madrid,,40.4168,-3.7038,667,
2024-08-14T18:00:00+00:00,13.75,17.89,25.88,42.4,20,40,Madrid,,40.4168,-3.7038,667,
2024-08-14T19:00:00+00:00,18.24,23.5,26.75,52.3,20,40,Madrid,,40.4168,-3.7038,667,
2024-08-14T20:00:00+00:00,16.55,23.76,27.37,54.19,20,40,Madrid,,40.4168,-3.7038,667,
2024-08-14T21:00:00+00:00,12.16,16.62,28.33,43.11,20,40,Madrid,,40.4168,-3.7038,667,
2024-08-14T22:00:00+00:00,12.2,14.92,27.43,49.9,20,40,Madrid,,40.4168,-3.7038,667,
2024-08-14T23:00:00+00:00,16.56,23.4,28.2,55.71,20,40,Madrid,,40.4168,-3.7038,667,
2024-08-15T00:00:00+00:00,14.8,21.92,28.78,55.65,20,40,Madrid,,40.4168,-3.7038,667,
2024-08-15T01:00:00+00:00,13.07,16.19,31.33,62.1,20,40,Madrid,,40.4168,-3.7038,667,
2024-08-15T02:00:00+00:00,17.17,26.16,31.85,55.21,20,40,Madrid,,40.4168,-3.7038,667,
2024-08-15T03:00:00+00:00,16.53,22.95,31.8,62.06,20,40,Madrid,,40.4168,-3.7038,667,
2024-08-15T04:00:00+00:00,15.71,23.18,34.17,60.45,20,40,Madrid,,40.4168,-3.7038,667,
2024-08-15T05:00:00+00:00,14.42,21.71,34.66,60.08,20,40,Madrid,,40.4168,-3.7038,667,
2024-08-15T06:00:00+00:00,13.01,14.95,32.86,64.19,20,40,Madrid,,40.4168,-3.7038,667,
2024-08-15T07:00:00+00:00,17.48,20.3,34.57,68.6,20,40,Madrid,,40.4168,-3.7038,667,
2024-08-15T08:00:00+00:00,11.84,17.46,33.67,56.2,20,40,Madrid,,40.4168,-3.7038,667,
2024-08-15T09:00:00+00:00,15.18,21.98,32.02,65.49,20,40,Madrid,,40.4168,-3.7038,667,
2024-08-15T10:00:00+00:00,17.9,25.02,32.3,56.5,20,40,Madrid,,40.4168,-3.7038,667,
2024-08-15T11:00:00+00:00,14.08,17.42,29.6,57.56,20,40,Madrid,,40.4168,-3.7038,667,
2024-08-15T12:00:00+00:00,17.25,25.4,29.61,61.18,20,40,Madrid,,40.4168,-3.7038,667,
2024-08-15T13:00:00+00:00,14.18,22.59,28.46,49.94,20,40,Madrid,,40.4168,-3.7038,667,
2024-08-15T14:00:00+00:00,14.53,18.69,29.02,55.7,20,40,Madrid,,40.4168,-3.7038,667,
2024-08-15T15:00:00+00:00,12.8,17.41,26.66,44.94,20,40,Madrid,,40.4168,-3.7038,667,
2024-08-15T16:00:00+00:00,17.87,24.7,26.73,46.36,20,40,Madrid,,40.4168,-3.7038,667,
2024-08-15T17:00:00+00:00,12.41,12.96,25.8,48.56,20,40,Madrid,,40.4168,-3.7038,667,
2024-08-15T18:00:00+00:00,16.61,19.27,26.12,46.47,20,40,Madrid,,40.4168,-3.7038,667,
2024-08-15T19:00:00+00:00,15.75,18.39,26.07,45.19,20,40,Madrid,,40.4168,-3.7038,667,
2024-08-15T20:00:00+00:00,13.88,19.66,26.93,42.28,20,40,Madrid,,40.4168,-3.7038,667,
2024-08-15T21:00:00+00:00,13.68,16.1,25.85,40.34,20,40,Madrid,,40.4168,-3.7038,667,
2024-08-15T22:00:00+00:00,16.88,25.45,28.72,57.13,20,40,Madrid,,40.4168,-3.7038,667,
2024-08-15T23:00:00+00:00,13.52,16.76,28.85,51.42,20,40,Madrid,,40.4168,-3.7038,667,
2024-08-16T00:00:00+00:00,13.46,14.81,31.07,57.37,20,40,Madrid,,40.4168,-3.7038,667,
2024-08-16T01:00:00+00:00,17.08,23.58,31.28,50.09,20,40,Madrid,,40.4168,-3.7038,667,
2024-08-16T02:00:00+00:00,13.78,17.22,31.7,67.87,20,40,Madrid,,40.4168,-3.7038,667,
2024-08-16T03:00:00+00:00,14.43,19.36,32.82,59.5,20,40,Madrid,,40.4168,-3.7038,667,
2024-08-16T04:00:00+00:00,13.27,21.79,34.26,70.04,20,40,Madrid,,40.4168,-3.7038,667,
2024-08-16T05:00:00+00:00,17.29,24.54,35.24,61.21,20,40,Madrid,,40.4168,-3.7038,667,
2024-08-16T06:00:00+00:00,16.36,25.94,33.08,68.41,20,40,Madrid,,40.4168,-3.7038,667,
2024-08-16T07:00:00+00:00,16.72,25.03,34.57,72.56,20,40,Madrid,,40.4168,-3.7038,667,
2024-08-16T08:00:00+00:00,16.99,26.91,34.46,59.52,20,40,Madrid,,40.4168,-3.7038,667,
2024-08-16T09:00:00+00:00,15.26,17.57,34.01,66.57,20,40,Madrid,,40.4168,-3.7038,667,
2024-08-16T10:00:00+00:00,15.68,23.94,32.54,53.41,20,40,Madrid,,40.4168,-3.7038,667,
2024-08-16T11:00:00+00:00,14.0,15.37,29.96,64.58,20,40,Madrid,,40.4168,-3.7038,667,
2024-08-16T12:00:00+00:00,12.66,20.1,29.6,48.59,20,40,Madrid,,40.4168,-3.7038,667,
2024-08-16T13:00:00+00:00,12.01,17.71,29.57,53.21,20,40,Madrid,,40.4168,-3.7038,667,
2024-08-16T14:00:00+00:00,17.22,24.25,28.19,46.52,20,40,Madrid,,40.4168,-3.7038,667,
2024-08-16T15:00:00+00:00,14.05,17.52,26.23,44.63,20,40,Madrid,,40.4168,-3.7038,667,
2024-08-16T16:00:00+00:00,14.68,16.76,26.73,42.21,20,40,Madrid,,40.4168,-3.7038,667,
2024-08-16T17:00:00+00:00,14.57,23.37,26.71,50.05,20,40,Madrid,,40.4168,-3.7038,667,
2024-08-16T18:00:00+00:00,15.1,22.74,26.36,46.9,20,40,Madrid,,40.4168,-3.7038,667,
2024-08-16T19:00:00+00:00,13.48,14.71,26.85,44.78,20,40,Madrid,,40.4168,-3.7038,667,
2024-08-16T20:00:00+00:00,17.8,26.1,26.83,47.67,20,40,Madrid,,40.4168,-3.7038,667,
2024-08-16T21:00:00+00:00,15.57,18.18,27.45,54.05,20,40,Madrid,,40.4168,-3.7038,667,
2024-08-16T22:00:00+00:00,15.39,19.63,28.65,48.33,20,40,Madrid,,40.4168,-3.7038,667,
2024-08-16T23:00:00+00:00,15.55,23.3,27.73,57.13,20,40,Madrid,,40.4168,-3.7038,667,
2024-08-17T00:00:00+00:00,16.17,21.71,29.97,52.62,20,40,Madrid,,40.4168,-3.7038,667,
2024-08-17T01:00:00+00:00,16.48,21.49,30.18,50.97,20,40,Madrid,,40.4168,-3.7038,667,
2024-08-17T02:00:00+00:00,13.68,20.05,33.28,66.02,20,40,Madrid,,40.4168,-3.7038,667,
2024-08-17T03:00:00+00:00,14.73,17.7,33.55,65.99,20,40,Madrid,,40.4168,-3.7038,667,
2024-08-17T04:00:00+00:00,15.98,22.12,32.07,61.22,20,40,Madrid,,40.4168,-3.7038,667,
2024-08-17T05:00:00+00:00,18.01,20.93,33.11,63.85,20,40,Madrid,,40.4168,-3.7038,667,
2024-08-17T06:00:00+00:00,15.9,25.45,33.08,72.17,20,40,Madrid,,40.4168,-3.7038,667,
2024-08-17T07:00:00+00:00,13.35,15.7,32.93,59.94,20,40,Madrid,,40.4168,-3.7038,667,
2024-08-17T08:00:00+00:00,16.37,19.95,33.64,64.25,20,40,Madrid,,40.4168,-3.7038,667,
2024-08-17T09:00:00+00:00,15.19,24.1,31.59,65.26,20,40,Madrid,,40.4168,-3.7038,667,
2024-08-17T10:00:00+00:00,13.59,16.37,32.65,60.29,20,40,Madrid,,40.4168,-3.7038,667,
2024-08-17T11:00:00+00:00,12.07,13.71,31.91,55.22,20,40,Madrid,,40.4168,-3.7038,667,
2024-08-17T12:00:00+00:00,18.46,27.02,28.98,56.07,20,40,Madrid,,40.4168,-3.7038,667,
2024-08-17T13:00:00+00:00,16.44,21.29,28.59,48.13,20,40,Madrid,,40.4168,-3.7038,667,
2024-08-17T14:00:00+00:00,13.27,16.21,28.84,45.37,20,40,Madrid,,40.4168,-3.7038,667,
2024-08-17T15:00:00+00:00,14.63,21.93,27.02,47.4,20,40,Madrid,,40.4168,-3.7038,667,
2024-08-17T16:00:00+00:00,18.56,21.12,25.75,52.31,20,40,Madrid,,40.4168,-3.7038,667,
2024-08-17T17:00:00+00:00,16.25,18.42,27.26,42.66,20,40,Madrid,,40.4168,-3.7038,667,
2024-08-17T18:00:00+00:00,17.96,22.93,25.5,47.07,20,40,Madrid,,40.4168,-3.7038,667,
2024-08-17T19:00:00+00:00,12.78,19.9,24.96,53.24,20,40,Madrid,,40.4168,-3.7038,667,
2024-08-17T20:00:00+00:00,14.56,22.7,25.63,47.79,20,40,Madrid,,40.4168,-3.7038,667,
2024-08-17T21:00:00+00:00,12.64,14.61,26.32,47.05,20,40,Madrid,,40.4168,-3.7038,667,
2024-08-17T22:00:00+00:00,13.35,18.25,29.07,57.79,20,40,Madrid,,40.4168,-3.7038,667,
2024-08-17T23:00:00+00:00,11.7,17.9,29.15,50.48,20,40,Madrid,,40.4168,-3.7038,667,
2024-08-18T00:00:00+00:00,16.14,18.9,28.56,60.7,20,40,Madrid,,40.4168,-3.7038,667,
2024-08-18T01:00:00+00:00,17.3,24.18,30.82,57.46,20,40,Madrid,,40.4168,-3.7038,667,
2024-08-18T02:00:00+00:00,14.1,15.35,31.57,57.73,20,40,Madrid,,40.4168,-3.7038,667,
2024-08-18T03:00:00+00:00,17.14,26.09,33.77,60.76,20,40,Madrid,,40.4168,-3.7038,667,
2024-08-18T04:00:00+00:00,13.22,17.52,34.58,61.73,20,40,Madrid,,40.4168,-3.7038,667,
2024-08-18T05:00:00+00:00,17.16,19.67,32.84,69.73,20,40,Madrid,,40.4168,-3.7038,667,
2024-08-18T06:00:00+00:00,17.85,25.24,34.91,71.99,20,40,Madrid,,40.4168,-3.7038,667,
2024-08-18T07:00:00+00:00,12.01,14.87,33.3,58.16,20,40,Madrid,,40.4168,-3.7038,667,
2024-08-18T08:00:00+00:00,13.52,18.3,32.51,56.45,20,40,Madrid,,40.4168,-3.7038,667,
2024-08-18T09:00:00+00:00,13.87,18.62,33.22,58.39,20,40,Madrid,,40.4168,-3.7038,667,
2024-08-18T10:00:00+00:00,14.54,16.21,31.94,59.6,20,40,Madrid,,40.4168,-3.7038,667,
2024-08-18T11:00:00+00:00,12.98,15.43,32.12,64.49,20,40,Madrid,,40.4168,-3.7038,667,
2024-08-18T12:00:00+00:00,13.7,15.67,29.68,61.97,20,40,Madrid,,40.4168,-3.7038,667,
2024-08-18T13:00:00+00:00,17.51,22.28,29.04,45.64,20,40,Madrid,,40.4168,-3.7038,667,
2024-08-18T14:00:00+00:00,13.35,21.21,27.72,50.21,20,40,Madrid,,40.4168,-3.7038,667,
2024-08-18T15:00:00+00:00,12.92,20.37,27.22,48.57,20,40,Madrid,,40.4168,-3.7038,667,
2024-08-18T16:00:00+00:00,14.01,16.6,25.88,50.42,20,40,Madrid,,40.4168,-3.7038,667,
2024-08-18T17:00:00+00:00,11.56,14.14,25.29,44.04,20,40,Madrid,,40.4168,-3.7038,667,
2024-08-18T18:00:00+00:00,13.25,18.62,25.92,49.55,20,40,Madrid,,40.4168,-3.7038,667,
2024-08-18T19:00:00+00:00,14.39,16.25,26.1,47.34,20,40,Madrid,,40.4168,-3.7038,667,
2024-08-18T20:00:00+00:00,14.52,22.99,27.55,42.25,20,40,Madrid,,40.4168,-3.7038,667,
2024-08-18T21:00:00+00:00,14.71,18.32,27.29,45.61,20,40,Madrid,,40.4168,-3.7038,667,
2024-08-18T22:00:00+00:00,15.06,16.5,26.61,47.15,20,40,Madrid,,40.4168,-3.7038,667,
2024-08-18T23:00:00+00:00,15.46,22.64,28.03,52.8,20,40,Madrid,,40.4168,-3.7038,667,
2024-08-19T00:00:00+00:00,14.42,16.72,30.46,51.27,20,40,Madrid,,40.4168,-3.7038,667,
2024-08-19T01:00:00+00:00,15.74,24.0,31.36,49.96,20,40,Madrid,,40.4168,-3.7038,667,
2024-08-19T02:00:00+00:00,19.12,26.44,31.48,65.85,20,40,Madrid,,40.4168,-3.7038,667,
2024-08-19T03:00:00+00:00,17.53,23.24,33.39,60.32,20,40,Madrid,,40.4168,-3.7038,667,
2024-08-19T04:00:00+00:00,13.99,21.93,33.31,64.11,20,40,Madrid,,40.4168,-3.7038,667,
2024-08-19T05:00:00+00:00,13.79,18.22,33.38,68.0,20,40,Madrid,,40.4168,-3.7038,667,
2024-08-19T06:00:00+00:00,17.58,27.44,32.75,64.59,20,40,Madrid,,40.4168,-3.7038,667,
2024-08-19T07:00:00+00:00,15.38,24.64,32.91,65.45,20,40,Madrid,,40.4168,-3.7038,667,
2024-08-19T08:00:00+00:00,17.19,24.06,34.39,61.41,20,40,Madrid,,40.4168,-3.7038,667,
2024-08-19T09:00:00+00:00,13.54,19.3,34.15,59.0,20,40,Madrid,,40.4168,-3.7038,667,
2024-08-19T10:00:00+00:00,12.55,12.98,31.38,57.62,20,40,Madrid,,40.4168,-3.7038,667,
2024-08-19T11:00:00+00:00,12.32,18.67,32.07,54.08,20,40,Madrid,,40.4168,-3.7038,667,
2024-08-19T12:00:00+00:00,16.76,24.93,29.76,58.95,20,40,Madrid,,40.4168,-3.7038,667,
2024-08-19T13:00:00+00:00,13.92,16.29,28.8,51.36,20,40,Madrid,,40.4168,-3.7038,667,
2024-08-19T14:00:00+00:00,18.42,24.87,28.96,55.99,20,40,Madrid,,40.4168,-3.7038,667,
2024-08-19T15:00:00+00:00,17.13,26.28,26.37,55.85,20,40,Madrid,,40.4168,-3.7038,667,
2024-08-19T16:00:00+00:00,16.15,24.11,26.15,48.76,20,40,Madrid,,40.4168,-3.7038,667,
2024-08-19T17:00:00+00:00,15.62,22.23,25.6,46.69,20,40,Madrid,,40.4168,-3.7038,667,
2024-08-19T18:00:00+00:00,15.25,19.83,26.1,48.58,20,40,Madrid,,40.4168,-3.7038,667,
2024-08-19T19:00:00+00:00,14.52,20.44,24.94,52.47,20,40,Madrid,,40.4168,-3.7038,667,
2024-08-19T20:00:00+00:00,12.05,16.47,25.17,39.18,20,40,Madrid,,40.4168,-3.7038,667,
2024-08-19T21:00:00+00:00,15.31,24.56,26.42,48.42,20,40,Madrid,,40.4168,-3.7038,667,
2024-08-19T22:00:00+00:00,13.42,19.47,28.36,46.73,20,40,Madrid,,40.4168,-3.7038,667,
2024-08-19T23:00:00+00:00,12.45,20.08,27.52,48.11,20,40,Madrid,,40.4168,-3.7038,667,
2024-08-20T00:00:00+00:00,15.17,18.37,28.73,53.85,20,40,Madrid,,40.4168,-3.7038,667,
2024-08-20T01:00:00+00:00,17.95,25.94,30.55,54.84,20,40,Madrid,,40.4168,-3.7038,667,
2024-08-20T02:00:00+00:00,16.95,19.98,31.3,63.37,20,40,Madrid,,40.4168,-3.7038,667,
2024-08-20T03:00:00+00:00,13.26,19.63,31.5,55.7,20,40,Madrid,,40.4168,-3.7038,667,
2024-08-20T04:00:00+00:00,15.88,19.43,32.57,57.47,20,40,Madrid,,40.4168,-3.7038,667,
2024-08-20T05:00:00+00:00,16.47,19.08,32.55,57.81,20,40,Madrid,,40.4168,-3.7038,667,
2024-08-20T06:00:00+00:00,13.81,19.49,35.12,58.76,20,40,Madrid,,40.4168,-3.7038,667,
2024-08-20T07:00:00+00:00,14.83,18.82,34.91,60.41,20,40,Madrid,,40.4168,-3.7038,667,
2024-08-20T08:00:00+00:00,14.55,22.76,34.4,56.04,20,40,Madrid,,40.4168,-3.7038,667,
2024-08-20T09:00:00+00:00,15.05,18.28,31.78,56.35,20,40,Madrid,,40.4168,-3.7038,667,
2024-08-20T10:00:00+00:00,17.94,27.54,31.71,67.86,20,40,Madrid,,40.4168,-3.7038,667,
2024-08-20T11:00:00+00:00,14.88,17.17,30.56,57.54,20,40,Madrid,,40.4168,-3.7038,667,
2024-08-20T12:00:00+00:00,17.57,24.73,29.67,54.46,20,40,Madrid,,40.4168,-3.7038,667,
2024-08-20T13:00:00+00:00,14.72,19.85,30.23,58.24,20,40,Madrid,,40.4168,-3.7038,667,
2024-08-20T14:00:00+00:00,14.32,22.22,28.29,44.06,20,40,Madrid,,40.4168,-3.7038,667,
2024-08-20T15:00:00+00:00,17.11,21.78,27.7,46.09,20,40,Madrid,,40.4168,-3.7038,667,
2024-08-20T16:00:00+00:00,14.56,17.29,26.09,53.66,20,40,Madrid,,40.4168,-3.7038,667,
2024-08-20T17:00:00+00:00,15.36,20.7,27.08,40.59,20,40,Madrid,,40.4168,-3.7038,667,
2024-08-20T18:00:00+00:00,14.55,21.07,26.05,52.12,20,40,Madrid,,40.4168,-3.7038,667,
2024-08-20T19:00:00+00:00,15.23,22.27,26.97,46.79,20,40,Madrid,,40.4168,-3.7038,667,
2024-08-20T20:00:00+00:00,16.33,24.07,26.38,49.29,20,40,Madrid,,40.4168,-3.7038,667,
2024-08-20T21:00:00+00:00,13.4,21.95,26.18,41.46,20,40,Madrid,,40.4168,-3.7038,667,
2024-08-20T22:00:00+00:00,12.34,20.14,27.1,47.9,20,40,Madrid,,40.4168,-3.7038,667,
2024-08-20T23:00:00+00:00,17.21,25.02,28.62,44.95,20,40,Madrid,,40.4168,-3.7038,667,
2024-08-21T00:00:00+00:00,17.84,20.09,28.82,54.99,20,40,Madrid,,40.4168,-3.7038,667,
2024-08-21T01:00:00+00:00,15.87,23.09,32.11,59.83,20,40,Madrid,,40.4168,-3.7038,667,
2024-08-21T02:00:00+00:00,14.65,18.22,32.05,67.86,20,40,Madrid,,40.4168,-3.7038,667,
2024-08-21T03:00:00+00:00,16.82,21.86,33.1,56.7,20,40,Madrid,,40.4168,-3.7038,667,
2024-08-21T04:00:00+00:00,13.28,18.43,33.26,59.08,20,40,Madrid,,40.4168,-3.7038,667,
2024-08-21T05:00:00+00:00,15.1,18.35,32.54,66.68,20,40,Madrid,,40.4168,-3.7038,667,
2024-08-21T06:00:00+00:00,14.03,18.67,32.81,58.61,20,40,Madrid,,40.4168,-3.7038,667,
2024-08-21T07:00:00+00:00,13.6,15.06,32.96,65.1,20,40,Madrid,,40.4168,-3.7038,667,
2024-08-21T08:00:00+00:00,16.43,20.47,33.67,62.41,20,40,Madrid,,40.4168,-3.7038,667,
2024-08-21T09:00:00+00:00,15.55,21.66,34.03,60.49,20,40,Madrid,,40.4168,-3.7038,667,
2024-08-21T10:00:00+00:00,18.43,26.66,31.88,61.97,20,40,Madrid,,40.4168,-3.7038,667,
2024-08-21T11:00:00+00:00,16.24,21.22,31.55,61.04,20,40,Madrid,,40.4168,-3.7038,667,
2024-08-21T12:00:00+00:00,15.28,24.03,30.67,47.62,20,40,Madrid,,40.4168,-3.7038,667,
2024-08-21T13:00:00+00:00,17.78,27.46,27.69,58.2,20,40,Madrid,,40.4168,-3.7038,667,
2024-08-21T14:00:00+00:00,17.24,23.22,27.1,51.14,20,40,Madrid,,40.4168,-3.7038,667,
2024-08-21T15:00:00+00:00,12.03,19.97,28.61,48.42,20,40,Madrid,,40.4168,-3.7038,667,
2024-08-21T16:00:00+00:00,12.03,13.33,27.77,38.63,20,40,Madrid,,40.4168,-3.7038,667,
2024-08-21T17:00:00+00:00,16.31,22.38,27.2,42.52,20,40,Madrid,,40.4168,-3.7038,667,
2024-08-21T18:00:00+00:00,15.03,16.47,26.52,49.13,20,40,Madrid,,40.4168,-3.7038,667,
2024-08-21T19:00:00+00:00,14.04,22.15,27.09,52.48,20,40,Madrid,,40.4168,-3.7038,667,
2024-08-21T20:00:00+00:00,15.84,22.05,27.49,48.99,20,40,Madrid,,40.4168,-3.7038,667,
2024-08-21T21:00:00+00:00,16.48,25.23,25.95,41.88,20,40,Madrid,,40.4168,-3.7038,667,
2024-08-21T22:00:00+00:00,17.24,19.68,29.13,57.45,20,40,Madrid,,40.4168,-3.7038,667,
2024-08-21T23:00:00+00:00,13.05,13.69,30.09,56.7,20,40,Madrid,,40.4168,-3.7038,667,
2024-08-22T00:00:00+00:00,13.86,16.0,29.37,56.65,20,40,Madrid,,40.4168,-3.7038,667,
2024-08-22T01:00:00+00:00,16.51,22.1,32.28,62.63,20,40,Madrid,,40.4168,-3.7038,667,
2024-08-22T02:00:00+00:00,16.98,24.07,30.78,63.53,20,40,Madrid,,40.4168,-3.7038,667,
2024-08-22T03:00:00+00:00,18.29,24.1,32.8,60.61,20,40,Madrid,,40.4168,-3.7038,667,
2024-08-22T04:00:00+00:00,13.55,19.56,32.4,63.71,20,40,Madrid,,40.4168,-3.7038,667,
2024-08-22T05:00:00+00:00,15.59,23.75,33.16,60.83,20,40,Madrid,,40.4168,-3.7038,667,
2024-08-22T06:00:00+00:00,15.99,21.31,34.42,71.74,20,40,Madrid,,40.4168,-3.7038,667,
2024-08-22T07:00:00+00:00,13.1,15.34,32.51,65.0,20,40,Madrid,,40.4168,-3.7038,667,
2024-08-22T08:00:00+00:00,15.47,21.15,33.58,61.65,20,40,Madrid,,40.4168,-3.7038,667,
2024-08-22T09:00:00+00:00,16.31,22.77,33.54,67.04,20,40,Madrid,,40.4168,-3.7038,667,
2024-08-22T10:00:00+00:00,18.92,28.55,32.12,65.56,20,40,Madrid,,40.4168,-3.7038,667,
2024-08-22T11:00:00+00:00,14.92,16.33,32.15,54.9,20,40,Madrid,,40.4168,-3.7038,667,
2024-08-22T12:00:00+00:00,18.36,25.59,28.51,54.09,20,40,Madrid,,40.4168,-3.7038,667,
2024-08-22T13:00:00+00:00,17.05,25.5,27.53,54.78,20,40,Madrid,,40.4168,-3.7038,667,
2024-08-22T14:00:00+00:00,18.53,24.23,26.78,55.86,20,40,Madrid,,40.4168,-3.7038,667,
2024-08-22T15:00:00+00:00,11.9,15.03,27.76,41.77,20,40,Madrid,,40.4168,-3.7038,667,
2024-08-22T16:00:00+00:00,11.5,18.95,27.08,45.61,20,40,Madrid,,40.4168,-3.7038,667,
2024-08-22T17:00:00+00:00,11.95,18.47,26.95,40.12,20,40,Madrid,,40.4168,-3.7038,667,
2024-08-22T18:00:00+00:00,16.3,18.72,27.38,41.78,20,40,Madrid,,40.4168,-3.7038,667,
2024-08-22T19:00:00+00:00,13.13,14.25,26.31,51.71,20,40,Madrid,,40.4168,-3.7038,667,
2024-08-22T20:00:00+00:00,13.46,19.46,25.46,41.91,20,40,Madrid,,40.4168,-3.7038,667,
2024-08-22T21:00:00+00:00,13.43,17.41,25.98,45.46,20,40,Madrid,,40.4168,-3.7038,667,
2024-08-22T22:00:00+00:00,17.02,19.01,29.41,43.59,20,40,Madrid,,40.4168,-3.7038,667,
2024-08-22T23:00:00+00:00,14.6,17.71,27.55,58.36,20,40,Madrid,,40.4168,-3.7038,667,
2024-08-23T00:00:00+00:00,15.62,23.55,28.88,49.23,20,40,Madrid,,40.4168,-3.7038,667,
2024-08-23T01:00:00+00:00,17.25,23.04,32.52,62.41,20,40,Madrid,,40.4168,-3.7038,667,
2024-08-23T02:00:00+00:00,16.24,22.8,31.88,55.62,20,40,Madrid,,40.4168,-3.7038,667,
2024-08-23T03:00:00+00:00,15.53,22.48,31.95,68.44,20,40,Madrid,,40.4168,-3.7038,667,
2024-08-23T04:00:00+00:00,15.11,17.58,32.84,62.59,20,40,Madrid,,40.4168,-3.7038,667,
2024-08-23T05:00:00+00:00,15.42,20.46,32.83,72.34,20,40,Madrid,,40.4168,-3.7038,667,
2024-08-23T06:00:00+00:00,13.18,21.41,35.03,63.93,20,40,Madrid,,40.4168,-3.7038,667,
2024-08-23T07:00:00+00:00,13.84,18.88,34.39,71.94,20,40,Madrid,,40.4168,-3.7038,667,
2024-08-23T08:00:00+00:00,13.67,18.14,32.85,61.7,20,40,Madrid,,40.4168,-3.7038,667,
2024-08-23T09:00:00+00:00,14.94,16.52,33.66,58.24,20,40,Madrid,,40.4168,-3.7038,667,
2024-08-23T10:00:00+00:00,12.34,14.11,33.31,60.79,20,40,Madrid,,40.4168,-3.7038,667,
2024-08-23T11:00:00+00:00,14.89,19.03,31.44,49.79,20,40,Madrid,,40.4168,-3.7038,667,
2024-08-23T12:00:00+00:00,18.75,27.94,30.03,62.45,20,40,Madrid,,40.4168,-3.7038,667,
2024-08-23T13:00:00+00:00,16.48,25.06,30.14,45.46,20,40,Madrid,,40.4168,-3.7038,667,
2024-08-23T14:00:00+00:00,13.42,15.58,27.95,44.1,20,40,Madrid,,40.4168,-3.7038,667,
2024-08-23T15:00:00+00:00,13.75,17.38,26.88,44.07,20,40,Madrid,,40.4168,-3.7038,667,
2024-08-23T16:00:00+00:00,16.24,22.63,27.37,38.42,20,40,Madrid,,40.4168,-3.7038,667,
2024-08-23T17:00:00+00:00,12.64,20.18,26.84,52.29,20,40,Madrid,,40.4168,-3.7038,667,
2024-08-23T18:00:00+00:00,16.5,22.93,24.76,49.61,20,40,Madrid,,40.4168,-3.7038,667,
2024-08-23T19:00:00+00:00,14.09,22.61,25.54,37.79,20,40,Madrid,,40.4168,-3.7038,667,
2024-08-23T20:00:00+00:00,12.78,13.85,25.77,38.73,20,40,Madrid,,40.4168,-3.7038,667,
2024-08-23T21:00:00+00:00,13.97,19.44,27.43,48.01,20,40,Madrid,,40.4168,-3.7038,667,
2024-08-23T22:00:00+00:00,16.6,19.56,28.7,50.76,20,40,Madrid,,40.4168,-3.7038,667,
2024-08-23T23:00:00+00:00,14.37,17.84,28.64,44.69,20,40,Madrid,,40.4168,-3.7038,667,
2024-08-24T00:00:00+00:00,12.25,14.86,29.72,50.81,20,40,Madrid,,40.4168,-3.7038,667,
2024-08-24T01:00:00+00:00,14.17,18.69,32.45,64.25,20,40,Madrid,,40.4168,-3.7038,667,
2024-08-24T02:00:00+00:00,16.53,20.06,32.46,66.26,20,40,Madrid,,40.4168,-3.7038,667,
2024-08-24T03:00:00+00:00,17.89,26.56,31.54,67.39,20,40,Madrid,,40.4168,-3.7038,667,
2024-08-24T04:00:00+00:00,15.88,22.2,33.85,62.75,20,40,Madrid,,40.4168,-3.7038,667,
2024-08-24T05:00:00+00:00,14.06,16.64,33.26,60.12,20,40,Madrid,,40.4168,-3.7038,667,
2024-08-24T06:00:00+00:00,13.74,20.64,34.77,70.49,20,40,Madrid,,40.4168,-3.7038,667,
2024-08-24T07:00:00+00:00,13.31,15.43,32.71,58.54,20,40,Madrid,,40.4168,-3.7038,667,
2024-08-24T08:00:00+00:00,12.62,19.02,34.14,64.82,20,40,Madrid,,40.4168,-3.7038,667,
2024-08-24T09:00:00+00:00,16.16,24.78,32.83,61.77,20,40,Madrid,,40.4168,-3.7038,667,
2024-08-24T10:00:00+00:00,13.03,21.47,30.97,56.7,20,40,Madrid,,40.4168,-3.7038,667,
2024-08-24T11:00:00+00:00,18.04,24.57,31.06,61.56,20,40,Madrid,,40.4168,-3.7038,667,
2024-08-24T12:00:00+00:00,12.65,17.15,29.7,48.95,20,40,Madrid,,40.4168,-3.7038,667,
2024-08-24T13:00:00+00:00,15.46,21.92,29.95,58.49,20,40,Madrid,,40.4168,-3.7038,667,
2024-08-24T14:00:00+00:00,17.33,21.98,28.38,49.68,20,40,Madrid,,40.4168,-3.7038,667,
2024-08-24T15:00:00+00:00,13.18,17.06,28.63,43.09,20,40,Madrid,,40.4168,-3.7038,667,
2024-08-24T16:00:00+00:00,12.7,15.1,27.03,50.81,20,40,Madrid,,40.4168,-3.7038,667,
2024-08-24T17:00:00+00:00,13.04,15.0,25.21,40.68,20,40,Madrid,,40.4168,-3.7038,667,
2024-08-24T18:00:00+00:00,17.1,23.28,26.0,42.34,20,40,Madrid,,40.4168,-3.7038,667,
2024-08-24T19:00:00+00:00,18.08,25.51,26.04,48.22,20,40,Madrid,,40.4168,-3.7038,667,
2024-08-24T20:00:00+00:00,17.38,26.39,26.5,42.3,20,40,Madrid,,40.4168,-3.7038,667,
2024-08-24T21:00:00+00:00,15.38,22.52,27.9,43.35,20,40,Madrid,,40.4168,-3.7038,667,
2024-08-24T22:00:00+00:00,15.53,21.7,29.25,54.82,20,40,Madrid,,40.4168,-3.7038,667,
2024-08-24T23:00:00+00:00,16.95,19.52,29.67,56.18,20,40,Madrid,,40.4168,-3.7038,667,
2024-08-25T00:00:00+00:00,12.19,17.52,30.97,56.72,20,40,Madrid,,40.4168,-3.7038,667,
2024-08-25T01:00:00+00:00,15.66,20.18,31.09,60.58,20,40,Madrid,,40.4168,-3.7038,667,
2024-08-25T02:00:00+00:00,13.18,14.13,32.61,59.72,20,40,Madrid,,40.4168,-3.7038,667,
2024-08-25T03:00:00+00:00,17.83,23.36,32.03,67.34,20,40,Madrid,,40.4168,-3.7038,667,
2024-08-25T04:00:00+00:00,16.73,18.99,32.07,64.23,20,40,Madrid,,40.4168,-3.7038,667,
2024-08-25T05:00:00+00:00,12.85,20.8,33.17,61.33,20,40,Madrid,,40.4168,-3.7038,667,
2024-08-25T06:00:00+00:00,15.91,20.81,33.02,59.37,20,40,Madrid,,40.4168,-3.7038,667,
2024-08-25T07:00:00+00:00,17.86,26.24,32.66,69.44,20,40,Madrid,,40.4168,-3.7038,667,
2024-08-25T08:00:00+00:00,14.97,18.17,33.77,70.27,20,40,Madrid,,40.4168,-3.7038,667,
2024-08-25T09:00:00+00:00,12.99,18.22,32.97,66.57,20,40,Madrid,,40.4168,-3.7038,667,
2024-08-25T10:00:00+00:00,16.38,18.85,32.06,64.47,20,40,Madrid,,40.4168,-3.7038,667,
2024-08-25T11:00:00+00:00,18.69,24.57,32.53,63.02,20,40,Madrid,,40.4168,-3.7038,667,
2024-08-25T12:00:00+00:00,12.92,18.73,31.26,53.07,20,40,Madrid,,40.4168,-3.7038,667,
2024-08-25T13:00:00+00:00,13.15,17.23,27.81,54.34,20,40,Madrid,,40.4168,-3.7038,667,
2024-08-25T14:00:00+00:00,15.44,23.34,27.5,42.47,20,40,Madrid,,40.4168,-3.7038,667,
2024-08-25T15:00:00+00:00,13.73,22.01,25.68,48.45,20,40,Madrid,,40.4168,-3.7038,667,
2024-08-25T16:00:00+00:00,13.44,19.21,25.44,38.71,20,40,Madrid,,40.4168,-3.7038,667,
2024-08-25T17:00:00+00:00,17.2,27.07,27.07,39.78,20,40,Madrid,,40.4168,-3.7038,667,
2024-08-25T18:00:00+00:00,12.81,13.44,26.25,37.62,20,40,Madrid,,40.4168,-3.7038,667,
2024-08-25T19:00:00+00:00,14.73,20.83,25.96,52.08,20,40,Madrid,,40.4168,-3.7038,667,
2024-08-25T20:00:00+00:00,14.24,17.09,27.04,38.74,20,40,Madrid,,40.4168,-3.7038,667,
2024-08-25T21:00:00+00:00,13.91,19.75,26.45,49.18,20,40,Madrid,,40.4168,-3.7038,667,
2024-08-25T22:00:00+00:00,15.79,20.82,28.55,49.39,20,40,Madrid,,40.4168,-3.7038,667,
2024-08-25T23:00:00+00:00,15.87,25.34,29.91,53.31,20,40,Madrid,,40.4168,-3.7038,667,
2024-08-26T00:00:00+00:00,14.55,22.44,30.51,59.68,20,40,Madrid,,40.4168,-3.7038,667,
2024-08-26T01:00:00+00:00,15.22,19.72,32.4,62.82,20,40,Madrid,,40.4168,-3.7038,667,
2024-08-26T02:00:00+00:00,12.41,18.97,30.65,54.79,20,40,Madrid,,40.4168,-3.7038,667,
2024-08-26T03:00:00+00:00,13.22,19.58,31.56,62.74,20,40,Madrid,,40.4168,-3.7038,667,
2024-08-26T04:00:00+00:00,17.04,21.2,32.18,57.02,20,40,Madrid,,40.4168,-3.7038,667,
2024-08-26T05:00:00+00:00,13.27,14.36,33.1,61.5,20,40,Madrid,,40.4168,-3.7038,667,
2024-08-26T06:00:00+00:00,13.7,20.57,34.16,70.73,20,40,Madrid,,40.4168,-3.7038,667,
2024-08-26T07:00:00+00:00,14.27,18.85,34.1,59.95,20,40,Madrid,,40.4168,-3.7038,667,
2024-08-26T08:00:00+00:00,15.0,23.99,32.75,70.66,20,40,Madrid,,40.4168,-3.7038,667,
2024-08-26T09:00:00+00:00,18.25,27.15,31.46,61.29,20,40,Madrid,,40.4168,-3.7038,667,
2024-08-26T10:00:00+00:00,18.09,24.73,30.67,67.15,20,40,Madrid,,40.4168,-3.7038,667,
2024-08-26T11:00:00+00:00,15.21,18.7,32.27,57.12,20,40,Madrid,,40.4168,-3.7038,667,
2024-08-26T12:00:00+00:00,12.15,14.11,30.95,47.78,20,40,Madrid,,40.4168,-3.7038,667,
2024-08-26T13:00:00+00:00,16.88,19.7,28.45,45.11,20,40,Madrid,,40.4168,-3.7038,667,
2024-08-26T14:00:00+00:00,11.53,12.24,28.7,47.67,20,40,Madrid,,40.4168,-3.7038,667,
2024-08-26T15:00:00+00:00,14.57,22.88,28.0,45.21,20,40,Madrid,,40.4168,-3.7038,667,
2024-08-26T16:00:00+00:00,13.18,18.44,27.38,48.83,20,40,Madrid,,40.4168,-3.7038,667,
2024-08-26T17:00:00+00:00,16.26,20.05,25.81,41.09,20,40,Madrid,,40.4168,-3.7038,667,
2024-08-26T18:00:00+00:00,15.85,17.87,26.78,44.0,20,40,Madrid,,40.4168,-3.7038,667,
2024-08-26T19:00:00+00:00,15.84,19.42,24.98,39.43,20,40,Madrid,,40.4168,-3.7038,667,
2024-08-26T20:00:00+00:00,16.68,22.28,25.41,43.3,20,40,Madrid,,40.4168,-3.7038,667,
2024-08-26T21:00:00+00:00,15.68,22.43,27.35,50.21,20,40,Madrid,,40.4168,-3.7038,667,
2024-08-26T22:00:00+00:00,16.38,21.29,26.72,49.35,20,40,Madrid,,40.4168,-3.7038,667,
2024-08-26T23:00:00+00:00,11.55,14.13,27.76,45.43,20,40,Madrid,,40.4168,-3.7038,667,
2024-08-27T00:00:00+00:00,15.44,24.62,29.7,49.06,20,40,Madrid,,40.4168,-3.7038,667,
2024-08-27T01:00:00+00:00,14.25,21.93,30.5,62.73,20,40,Madrid,,40.4168,-3.7038,667,
2024-08-27T02:00:00+00:00,12.73,17.51,32.12,64.14,20,40,Madrid,,40.4168,-3.7038,667,
2024-08-27T03:00:00+00:00,13.58,14.71,32.5,61.46,20,40,Madrid,,40.4168,-3.7038,667,
2024-08-27T04:00:00+00:00,12.79,14.83,32.46,60.69,20,40,Madrid,,40.4168,-3.7038,667,
2024-08-27T05:00:00+00:00,13.02,16.44,34.28,64.91,20,40,Madrid,,40.4168,-3.7038,667,
2024-08-27T06:00:00+00:00,13.61,17.52,33.97,62.11,20,40,Madrid,,40.4168,-3.7038,667,
2024-08-27T07:00:00+00:00,12.85,16.2,33.03,63.19,20,40,Madrid,,40.4168,-3.7038,667,
2024-08-27T08:00:00+00:00,18.72,26.19,33.88,65.13,20,40,Madrid,,40.4168,-3.7038,667,
2024-08-27T09:00:00+00:00,16.15,25.7,31.41,61.05,20,40,Madrid,,40.4168,-3.7038,667,
2024-08-27T10:00:00+00:00,17.35,22.15,30.98,60.56,20,40,Madrid,,40.4168,-3.7038,667,
2024-08-27T11:00:00+00:00,17.11,22.47,32.06,55.33,20,40,Madrid,,40.4168,-3.7038,667,
2024-08-27T12:00:00+00:00,12.87,17.82,30.77,60.86,20,40,Madrid,,40.4168,-3.7038,667,
2024-08-27T13:00:00+00:00,12.44,14.55,29.45,49.44,20,40,Madrid,,40.4168,-3.7038,667,
2024-08-27T14:00:00+00:00,13.43,19.7,27.06,50.19,20,40,Madrid,,40.4168,-3.7038,667,
2024-08-27T15:00:00+00:00,16.97,25.01,25.97,48.44,20,40,Madrid,,40.4168,-3.7038,667,
2024-08-27T16:00:00+00:00,15.93,18.38,26.81,41.43,20,40,Madrid,,40.4168,-3.7038,667,
2024-08-27T17:00:00+00:00,17.65,20.02,26.58,49.89,20,40,Madrid,,40.4168,-3.7038,667,
2024-08-27T18:00:00+00:00,14.03,18.54,24.88,43.68,20,40,Madrid,,40.4168,-3.7038,667,
2024-08-27T19:00:00+00:00,15.9,18.58,25.2,41.3,20,40,Madrid,,40.4168,-3.7038,667,
2024-08-27T20:00:00+00:00,13.54,21.53,26.14,52.36,20,40,Madrid,,40.4168,-3.7038,667,
2024-08-27T21:00:00+00:00,16.53,23.8,28.03,47.01,20,40,Madrid,,40.4168,-3.7038,667,
2024-08-27T22:00:00+00:00,17.53,26.54,28.37,47.55,20,40,Madrid,,40.4168,-3.7038,667,
2024-08-27T23:00:00+00:00,12.03,12.56,29.93,49.88,20,40,Madrid,,40.4168,-3.7038,667,
2024-08-28T00:00:00+00:00,18.54,26.86,28.91,62.33,20,40,Madrid,,40.4168,-3.7038,667,
2024-08-28T01:00:00+00:00,16.36,18.48,32.09,52.04,20,40,Madrid,,40.4168,-3.7038,667,
2024-08-28T02:00:00+00:00,16.14,18.96,32.75,54.37,20,40,Madrid,,40.4168,-3.7038,667,
2024-08-28T03:00:00+00:00,18.83,25.15,33.09,68.93,20,40,Madrid,,40.4168,-3.7038,667,
2024-08-28T04:00:00+00:00,14.01,21.91,34.27,63.64,20,40,Madrid,,40.4168,-3.7038,667,
2024-08-28T05:00:00+00:00,14.09,21.87,33.28,71.56,20,40,Madrid,,40.4168,-3.7038,667,
2024-08-28T06:00:00+00:00,13.61,20.64,34.72,64.68,20,40,Madrid,,40.4168,-3.7038,667,
2024-08-28T07:00:00+00:00,16.08,21.29,32.75,57.55,20,40,Madrid,,40.4168,-3.7038,667,
2024-08-28T08:00:00+00:00,16.47,23.51,33.6,67.11,20,40,Madrid,,40.4168,-3.7038,667,
2024-08-28T09:00:00+00:00,12.5,18.97,33.69,54.8,20,40,Madrid,,40.4168,-3.7038,667,
2024-08-28T10:00:00+00:00,11.53,14.36,32.38,53.8,20,40,Madrid,,40.4168,-3.7038,667,
2024-08-28T11:00:00+00:00,16.33,22.81,32.26,53.02,20,40,Madrid,,40.4168,-3.7038,667,
2024-08-28T12:00:00+00:00,12.75,17.88,30.72,58.51,20,40,Madrid,,40.4168,-3.7038,667,
2024-08-28T13:00:00+00:00,17.92,23.65,28.44,50.81,20,40,Madrid,,40.4168,-3.7038,667,
2024-08-28T14:00:00+00:00,11.49,13.97,27.49,47.17,20,40,Madrid,,40.4168,-3.7038,667,
2024-08-28T15:00:00+00:00,13.03,18.28,28.01,40.76,20,40,Madrid,,40.4168,-3.7038,667,
2024-08-28T16:00:00+00:00,14.15,21.63,25.73,43.14,20,40,Madrid,,40.4168,-3.7038,667,
2024-08-28T17:00:00+00:00,13.52,18.43,25.79,44.82,20,40,Madrid,,40.4168,-3.7038,667,
2024-08-28T18:00:00+00:00,10.88,12.25,26.98,39.43,20,40,Madrid,,40.4168,-3.7038,667,
2024-08-28T19:00:00+00:00,13.48,14.63,24.72,49.0,20,40,Madrid,,40.4168,-3.7038,667,
2024-08-28T20:00:00+00:00,15.59,21.53,27.06,46.97,20,40,Madrid,,40.4168,-3.7038,667,
2024-08-28T21:00:00+00:00,12.18,19.43,26.98,46.02,20,40,Madrid,,40.4168,-3.7038,667,
2024-08-28T22:00:00+00:00,12.58,13.69,26.55,45.75,20,40,Madrid,,40.4168,-3.7038,667,
2024-08-28T23:00:00+00:00,15.45,17.63,27.59,44.79,20,40,Madrid,,40.4168,-3.7038,667,
2024-08-29T00:00:00+00:00,13.48,21.46,30.47,50.29,20,40,Madrid,,40.4168,-3.7038,667,
2024-08-29T01:00:00+00:00,15.72,17.53,31.43,50.54,20,40,Madrid,,40.4168,-3.7038,667,
2024-08-29T02:00:00+00:00,16.56,23.37,33.26,65.02,20,40,Madrid,,40.4168,-3.7038,667,
2024-08-29T03:00:00+00:00,15.01,20.73,34.13,56.16,20,40,Madrid,,40.4168,-3.7038,667,
2024-08-29T04:00:00+00:00,12.47,17.54,33.16,63.03,20,40,Madrid,,40.4168,-3.7038,667,
2024-08-29T05:00:00+00:00,16.25,20.29,33.99,61.64,20,40,Madrid,,40.4168,-3.7038,667,
2024-08-29T06:00:00+00:00,16.65,23.52,34.93,58.38,20,40,Madrid,,40.4168,-3.7038,667,
2024-08-29T07:00:00+00:00,17.34,20.42,34.16,63.86,20,40,Madrid,,40.4168,-3.7038,667,
2024-08-29T08:00:00+00:00,15.67,22.01,34.29,63.05,20,40,Madrid,,40.4168,-3.7038,667,
2024-08-29T09:00:00+00:00,17.22,25.23,33.27,59.55,20,40,Madrid,,40.4168,-3.7038,667,
2024-08-29T10:00:00+00:00,15.69,20.9,32.32,53.71,20,40,Madrid,,40.4168,-3.7038,667,
2024-08-29T11:00:00+00:00,17.28,27.05,31.71,57.18,20,40,Madrid,,40.4168,-3.7038,667,
2024-08-29T12:00:00+00:00,13.71,17.87,30.36,55.73,20,40,Madrid,,40.4168,-3.7038,667,
2024-08-29T13:00:00+00:00,14.96,21.59,27.95,45.13,20,40,Madrid,,40.4168,-3.7038,667,
2024-08-29T14:00:00+00:00,11.97,17.28,27.17,48.18,20,40,Madrid,,40.4168,-3.7038,667,
2024-08-29T15:00:00+00:00,16.56,18.38,28.45,52.53,20,40,Madrid,,40.4168,-3.7038,667,
2024-08-29T16:00:00+00:00,12.39,16.24,25.16,48.89,20,40,Madrid,,40.4168,-3.7038,667,
2024-08-29T17:00:00+00:00,16.37,23.43,25.39,50.85,20,40,Madrid,,40.4168,-3.7038,667,
2024-08-29T18:00:00+00:00,14.37,21.79,24.91,50.27,20,40,Madrid,,40.4168,-3.7038,667,
2024-08-29T19:00:00+00:00,12.24,15.49,27.25,48.77,20,40,Madrid,,40.4168,-3.7038,667,
2024-08-29T20:00:00+00:00,15.45,23.75,26.56,50.3,20,40,Madrid,,40.4168,-3.7038,667,
2024-08-29T21:00:00+00:00,11.72,16.02,26.76,48.63,20,40,Madrid,,40.4168,-3.7038,667,
2024-08-29T22:00:00+00:00,12.75,14.91,27.5,46.99,20,40,Madrid,,40.4168,-3.7038,667,
2024-08-29T23:00:00+00:00,17.45,22.76,28.18,50.75,20,40,Madrid,,40.4168,-3.7038,667,
2024-08-30T00:00:00+00:00,13.26,15.61,29.85,50.13,20,40,Madrid,,40.4168,-3.7038,667,
2024-08-30T01:00:00+00:00,15.38,22.39,30.26,58.97,20,40,Madrid,,40.4168,-3.7038,667,
2024-08-30T02:00:00+00:00,11.91,16.38,32.44,56.6,20,40,Madrid,,40.4168,-3.7038,667,
2024-08-30T03:00:00+00:00,14.99,17.66,33.11,64.01,20,40,Madrid,,40.4168,-3.7038,667,
2024-08-30T04:00:00+00:00,12.83,17.08,32.9,65.25,20,40,Madrid,,40.4168,-3.7038,667,
2024-08-30T05:00:00+00:00,13.91,18.01,34.15,70.07,20,40,Madrid,,40.4168,-3.7038,667,
2024-08-30T06:00:00+00:00,14.93,21.14,32.96,60.96,20,40,Madrid,,40.4168,-3.7038,667,
2024-08-30T07:00:00+00:00,13.53,15.3,34.99,62.43,20,40,Madrid,,40.4168,-3.7038,667,
2024-08-30T08:00:00+00:00,14.75,17.15,33.97,59.75,20,40,Madrid,,40.4168,-3.7038,667,
2024-08-30T09:00:00+00:00,17.86,27.59,31.97,67.67,20,40,Madrid,,40.4168,-3.7038,667,
2024-08-30T10:00:00+00:00,12.34,13.6,33.04,55.57,20,40,Madrid,,40.4168,-3.7038,667,
2024-08-30T11:00:00+00:00,15.89,21.25,32.06,50.82,20,40,Madrid,,40.4168,-3.7038,667,
2024-08-30T12:00:00+00:00,17.54,22.46,31.34,55.67,20,40,Madrid,,40.4168,-3.7038,667,
2024-08-30T13:00:00+00:00,15.06,23.84,28.64,58.88,20,40,Madrid,,40.4168,-3.7038,667,
2024-08-30T14:00:00+00:00,13.88,17.61,29.5,45.01,20,40,Madrid,,40.4168,-3.7038,667,
2024-08-30T15:00:00+00:00,16.73,19.86,26.06,49.94,20,40,Madrid,,40.4168,-3.7038,667,
2024-08-30T16:00:00+00:00,17.68,25.42,26.57,51.57,20,40,Madrid,,40.4168,-3.7038,667,
2024-08-30T17:00:00+00:00,17.61,26.56,27.55,47.6,20,40,Madrid,,40.4168,-3.7038,667,
2024-08-30T18:00:00+00:00,17.62,26.32,26.78,48.42,20,40,Madrid,,40.4168,-3.7038,667,
2024-08-30T19:00:00+00:00,11.72,12.48,24.94,44.75,20,40,Madrid,,40.4168,-3.7038,667,
2024-08-30T20:00:00+00:00,15.59,20.77,26.35,38.82,20,40,Madrid,,40.4168,-3.7038,667,
2024-08-30T21:00:00+00:00,15.89,19.62,26.57,46.54,20,40,Madrid,,40.4168,-3.7038,667,
2024-08-30T22:00:00+00:00,13.36,14.42,26.67,44.2,20,40,Madrid,,40.4168,-3.7038,667,
2024-08-30T23:00:00+00:00,11.72,19.77,27.77,49.07,20,40,Madrid,,40.4168,-3.7038,667,
2024-08-31T00:00:00+00:00,11.64,18.41,30.9,53.19,20,40,Madrid,,40.4168,-3.7038,667,
2024-08-31T01:00:00+00:00,12.95,16.99,30.55,62.38,20,40,Madrid,,40.4168,-3.7038,667,
2024-08-31T02:00:00+00:00,16.01,23.95,33.38,60.09,20,40,Madrid,,40.4168,-3.7038,667,
2024-08-31T03:00:00+00:00,15.18,24.04,34.21,60.6,20,40,Madrid,,40.4168,-3.7038,667,
2024-08-31T04:00:00+00:00,13.93,22.22,32.27,58.8,20,40,Madrid,,40.4168,-3.7038,667,
2024-08-31T05:00:00+00:00,17.14,25.26,32.55,61.06,20,40,Madrid,,40.4168,-3.7038,667,
2024-08-31T06:00:00+00:00,13.99,18.86,34.48,64.35,20,40,Madrid,,40.4168,-3.7038,667,
2024-08-31T07:00:00+00:00,18.68,28.75,34.11,68.04,20,40,Madrid,,40.4168,-3.7038,667,
2024-08-31T08:00:00+00:00,17.49,27.0,33.68,57.44,20,40,Madrid,,40.4168,-3.7038,667,
2024-08-31T09:00:00+00:00,14.66,17.67,32.1,60.38,20,40,Madrid,,40.4168,-3.7038,667,
2024-08-31T10:00:00+00:00,18.46,21.45,33.14,63.29,20,40,Madrid,,40.4168,-3.7038,667,
2024-08-31T11:00:00+00:00,13.12,21.21,32.48,54.01,20,40,Madrid,,40.4168,-3.7038,667,
2024-08-31T12:00:00+00:00,12.83,15.46,30.05,48.45,20,40,Madrid,,40.4168,-3.7038,667,
2024-08-31T13:00:00+00:00,12.4,13.08,30.34,58.03,20,40,Madrid,,40.4168,-3.7038,667,
2024-08-31T14:00:00+00:00,12.33,18.72,29.11,51.4,20,40,Madrid,,40.4168,-3.7038,667,
2024-08-31T15:00:00+00:00,16.31,23.43,26.99,52.71,20,40,Madrid,,40.4168,-3.7038,667,
2024-08-31T16:00:00+00:00,15.11,22.22,27.02,51.11,20,40,Madrid,,40.4168,-3.7038,667,
2024-08-31T17:00:00+00:00,16.52,23.21,26.98,43.96,20,40,Madrid,,40.4168,-3.7038,667,
2024-08-31T18:00:00+00:00,17.19,23.52,26.37,51.04,20,40,Madrid,,40.4168,-3.7038,667,
2024-08-31T19:00:00+00:00,12.33,14.16,26.12,44.46,20,40,Madrid,,40.4168,-3.7038,667,
2024-08-31T20:00:00+00:00,11.88,16.55,25.62,39.07,20,40,Madrid,,40.4168,-3.7038,667,
2024-08-31T21:00:00+00:00,13.87,17.78,25.91,55.27,20,40,Madrid,,40.4168,-3.7038,667,
2024-08-31T22:00:00+00:00,15.56,18.85,28.07,45.57,20,40,Madrid,,40.4168,-3.7038,667,
2024-08-31T23:00:00+00:00,17.84,21.76,27.99,51.02,20,40,Madrid,,40.4168,-3.7038,667,
2024-09-01T00:00:00+00:00,22.75,26.87,25.27,57.66,20,40,Madrid,,40.4168,-3.7038,667,
2024-09-01T01:00:00+00:00,17.01,21.79,25.81,60.98,20,40,Madrid,,40.4168,-3.7038,667,
2024-09-01T02:00:00+00:00,18.64,21.95,26.35,65.63,20,40,Madrid,,40.4168,-3.7038,667,
2024-09-01T03:00:00+00:00,22.85,33.41,29.28,61.54,20,40,Madrid,,40.4168,-3.7038,667,
2024-09-01T04:00:00+00:00,19.44,23.62,28.14,63.73,20,40,Madrid,,40.4168,-3.7038,667,
2024-09-01T05:00:00+00:00,24.25,36.06,28.36,70.69,20,40,Madrid,,40.4168,-3.7038,667,
2024-09-01T06:00:00+00:00,23.02,32.85,28.18,71.17,20,40,Madrid,,40.4168,-3.7038,667,
2024-09-01T07:00:00+00:00,18.21,27.15,29.91,56.94,20,40,Madrid,,40.4168,-3.7038,667,
2024-09-01T08:00:00+00:00,19.06,28.94,26.99,58.56,20,40,Madrid,,40.4168,-3.7038,667,
2024-09-01T09:00:00+00:00,18.41,27.7,28.59,69.56,20,40,Madrid,,40.4168,-3.7038,667,
2024-09-01T10:00:00+00:00,21.93,26.96,27.06,63.45,20,40,Madrid,,40.4168,-3.7038,667,
2024-09-01T11:00:00+00:00,18.76,24.61,25.36,61.17,20,40,Madrid,,40.4168,-3.7038,667,
2024-09-01T12:00:00+00:00,16.02,23.55,23.96,49.12,20,40,Madrid,,40.4168,-3.7038,667,
2024-09-01T13:00:00+00:00,21.1,31.15,22.78,53.19,20,40,Madrid,,40.4168,-3.7038,667,
2024-09-01T14:00:00+00:00,17.95,24.97,21.87,48.34,20,40,Madrid,,40.4168,-3.7038,667,
2024-09-01T15:00:00+00:00,20.44,30.01,21.51,40.53,20,40,Madrid,,40.4168,-3.7038,667,
2024-09-01T16:00:00+00:00,14.49,22.9,23.0,41.33,20,40,Madrid,,40.4168,-3.7038,667,
2024-09-01T17:00:00+00:00,22.55,28.51,20.75,46.89,20,40,Madrid,,40.4168,-3.7038,667,
2024-09-01T18:00:00+00:00,16.48,20.72,21.89,49.36,20,40,Madrid,,40.4168,-3.7038,667,
2024-09-01T19:00:00+00:00,17.17,24.06,21.65,37.88,20,40,Madrid,,40.4168,-3.7038,667,
2024-09-01T20:00:00+00:00,22.18,29.4,22.72,40.68,20,40,Madrid,,40.4168,-3.7038,667,
2024-09-01T21:00:00+00:00,17.05,24.02,21.27,45.37,20,40,Madrid,,40.4168,-3.7038,667,
2024-09-01T22:00:00+00:00,21.44,32.43,22.51,52.41,20,40,Madrid,,40.4168,-3.7038,667,
2024-09-01T23:00:00+00:00,16.57,22.93,23.64,46.11,20,40,Madrid,,40.4168,-3.7038,667,
2024-09-02T00:00:00+00:00,18.47,24.0,23.67,53.56,20,40,Madrid,,40.4168,-3.7038,667,
2024-09-02T01:00:00+00:00,19.66,28.12,26.96,57.68,20,40,Madrid,,40.4168,-3.7038,667,
2024-09-02T02:00:00+00:00,22.54,33.61,28.46,52.39,20,40,Madrid,,40.4168,-3.7038,667,
2024-09-02T03:00:00+00:00,16.89,23.73,26.61,55.9,20,40,Madrid,,40.4168,-3.7038,667,
2024-09-02T04:00:00+00:00,18.44,24.56,26.99,60.58,20,40,Madrid,,40.4168,-3.7038,667,
2024-09-02T05:00:00+00:00,18.61,25.77,29.65,70.52,20,40,Madrid,,40.4168,-3.7038,667,
2024-09-02T06:00:00+00:00,20.27,26.3,30.12,57.9,20,40,Madrid,,40.4168,-3.7038,667,
2024-09-02T07:00:00+00:00,24.04,35.26,29.14,68.68,20,40,Madrid,,40.4168,-3.7038,667,
2024-09-02T08:00:00+00:00,20.26,27.18,28.37,64.47,20,40,Madrid,,40.4168,-3.7038,667,
2024-09-02T09:00:00+00:00,23.48,33.62,27.38,66.66,20,40,Madrid,,40.4168,-3.7038,667,
2024-09-02T10:00:00+00:00,17.87,27.11,28.39,61.75,20,40,Madrid,,40.4168,-3.7038,667,
2024-09-02T11:00:00+00:00,19.52,25.7,27.2,60.03,20,40,Madrid,,40.4168,-3.7038,667,
2024-09-02T12:00:00+00:00,22.04,30.38,23.55,62.83,20,40,Madrid,,40.4168,-3.7038,667,
2024-09-02T13:00:00+00:00,23.11,27.46,22.99,53.14,20,40,Madrid,,40.4168,-3.7038,667,
2024-09-02T14:00:00+00:00,19.79,24.7,21.55,45.85,20,40,Madrid,,40.4168,-3.7038,667,
2024-09-02T15:00:00+00:00,18.28,24.69,20.93,42.71,20,40,Madrid,,40.4168,-3.7038,667,
2024-09-02T16:00:00+00:00,19.65,22.61,22.18,51.37,20,40,Madrid,,40.4168,-3.7038,667,
2024-09-02T17:00:00+00:00,19.5,24.03,22.59,40.63,20,40,Madrid,,40.4168,-3.7038,667,
2024-09-02T18:00:00+00:00,16.22,23.68,21.31,47.36,20,40,Madrid,,40.4168,-3.7038,667,
2024-09-02T19:00:00+00:00,16.87,24.78,21.76,43.91,20,40,Madrid,,40.4168,-3.7038,667,
2024-09-02T20:00:00+00:00,19.05,24.44,20.47,50.21,20,40,Madrid,,40.4168,-3.7038,667,
2024-09-02T21:00:00+00:00,22.57,28.82,23.09,53.53,20,40,Madrid,,40.4168,-3.7038,667,
2024-09-02T22:00:00+00:00,21.64,27.34,22.41,47.52,20,40,Madrid,,40.4168,-3.7038,667,
2024-09-02T23:00:00+00:00,20.04,25.54,24.81,52.0,20,40,Madrid,,40.4168,-3.7038,667,
2024-09-03T00:00:00+00:00,23.86,32.87,25.91,60.86,20,40,Madrid,,40.4168,-3.7038,667,
2024-09-03T01:00:00+00:00,20.95,31.83,25.66,56.73,20,40,Madrid,,40.4168,-3.7038,667,
2024-09-03T02:00:00+00:00,17.76,26.25,26.48,57.33,20,40,Madrid,,40.4168,-3.7038,667,
2024-09-03T03:00:00+00:00,15.8,19.26,29.15,58.53,20,40,Madrid,,40.4168,-3.7038,667,
2024-09-03T04:00:00+00:00,19.88,27.51,29.02,66.28,20,40,Madrid,,40.4168,-3.7038,667,
2024-09-03T05:00:00+00:00,20.0,28.83,29.7,66.8,20,40,Madrid,,40.4168,-3.7038,667,
2024-09-03T06:00:00+00:00,23.67,31.59,27.53,70.85,20,40,Madrid,,40.4168,-3.7038,667,
2024-09-03T07:00:00+00:00,18.86,26.66,29.83,61.01,20,40,Madrid,,40.4168,-3.7038,667,
2024-09-03T08:00:00+00:00,20.76,31.08,27.29,69.51,20,40,Madrid,,40.4168,-3.7038,667,
2024-09-03T09:00:00+00:00,18.77,21.45,28.82,65.61,20,40,Madrid,,40.4168,-3.7038,667,
2024-09-03T10:00:00+00:00,15.87,21.27,27.66,59.41,20,40,Madrid,,40.4168,-3.7038,667,
2024-09-03T11:00:00+00:00,19.57,27.71,24.57,50.0,20,40,Madrid,,40.4168,-3.7038,667,
2024-09-03T12:00:00+00:00,15.97,24.03,26.12,57.06,20,40,Madrid,,40.4168,-3.7038,667,
2024-09-03T13:00:00+00:00,19.7,30.34,24.07,49.74,20,40,Madrid,,40.4168,-3.7038,667,
2024-09-03T14:00:00+00:00,17.38,23.51,24.02,48.61,20,40,Madrid,,40.4168,-3.7038,667,
2024-09-03T15:00:00+00:00,15.45,17.93,21.39,40.12,20,40,Madrid,,40.4168,-3.7038,667,
2024-09-03T16:00:00+00:00,23.78,35.25,21.05,53.78,20,40,Madrid,,40.4168,-3.7038,667,
2024-09-03T17:00:00+00:00,21.39,27.27,21.42,47.1,20,40,Madrid,,40.4168,-3.7038,667,
2024-09-03T18:00:00+00:00,19.2,24.86,20.67,45.01,20,40,Madrid,,40.4168,-3.7038,667,
2024-09-03T19:00:00+00:00,18.12,21.1,21.1,51.02,20,40,Madrid,,40.4168,-3.7038,667,
2024-09-03T20:00:00+00:00,16.68,18.52,20.64,40.14,20,40,Madrid,,40.4168,-3.7038,667,
2024-09-03T21:00:00+00:00,18.27,22.49,21.24,41.85,20,40,Madrid,,40.4168,-3.7038,667,
2024-09-03T22:00:00+00:00,18.28,23.98,22.96,57.49,20,40,Madrid,,40.4168,-3.7038,667,
2024-09-03T23:00:00+00:00,21.19,29.65,23.86,59.4,20,40,Madrid,,40.4168,-3.7038,667,
2024-09-04T00:00:00+00:00,17.47,24.38,25.01,58.0,20,40,Madrid,,40.4168,-3.7038,667,
2024-09-04T01:00:00+00:00,16.25,21.2,26.26,49.62,20,40,Madrid,,40.4168,-3.7038,667,
2024-09-04T02:00:00+00:00,22.04,32.36,28.2,52.18,20,40,Madrid,,40.4168,-3.7038,667,
2024-09-04T03:00:00+00:00,16.87,22.91,29.02,59.43,20,40,Madrid,,40.4168,-3.7038,667,
2024-09-04T04:00:00+00:00,21.65,30.62,28.59,66.32,20,40,Madrid,,40.4168,-3.7038,667,
2024-09-04T05:00:00+00:00,19.83,30.65,28.32,60.53,20,40,Madrid,,40.4168,-3.7038,667,
2024-09-04T06:00:00+00:00,20.0,29.79,29.79,59.37,20,40,Madrid,,40.4168,-3.7038,667,
2024-09-04T07:00:00+00:00,22.32,29.5,27.6,60.66,20,40,Madrid,,40.4168,-3.7038,667,
2024-09-04T08:00:00+00:00,17.36,25.78,28.46,67.52,20,40,Madrid,,40.4168,-3.7038,667,
2024-09-04T09:00:00+00:00,24.32,31.53,26.46,67.62,20,40,Madrid,,40.4168,-3.7038,667,
2024-09-04T10:00:00+00:00,16.63,20.79,25.6,57.71,20,40,Madrid,,40.4168,-3.7038,667,
2024-09-04T11:00:00+00:00,22.14,27.29,27.53,63.73,20,40,Madrid,,40.4168,-3.7038,667,
2024-09-04T12:00:00+00:00,16.0,22.09,23.71,48.33,20,40,Madrid,,40.4168,-3.7038,667,
2024-09-04T13:00:00+00:00,16.19,22.3,24.53,57.45,20,40,Madrid,,40.4168,-3.7038,667,
2024-09-04T14:00:00+00:00,18.51,23.33,22.35,57.11,20,40,Madrid,,40.4168,-3.7038,667,
2024-09-04T15:00:00+00:00,22.09,31.5,23.32,41.72,20,40,Madrid,,40.4168,-3.7038,667,
2024-09-04T16:00:00+00:00,18.82,26.87,20.46,46.15,20,40,Madrid,,40.4168,-3.7038,667,
2024-09-04T17:00:00+00:00,15.05,19.71,20.75,44.25,20,40,Madrid,,40.4168,-3.7038,667,
2024-09-04T18:00:00+00:00,20.7,27.82,21.34,43.05,20,40,Madrid,,40.4168,-3.7038,667,
2024-09-04T19:00:00+00:00,20.18,28.27,20.62,47.09,20,40,Madrid,,40.4168,-3.7038,667,
2024-09-04T20:00:00+00:00,24.02,28.63,20.47,53.47,20,40,Madrid,,40.4168,-3.7038,667,
2024-09-04T21:00:00+00:00,19.82,25.15,23.16,52.71,20,40,Madrid,,40.4168,-3.7038,667,
2024-09-04T22:00:00+00:00,20.13,23.72,23.83,47.39,20,40,Madrid,,40.4168,-3.7038,667,
2024-09-04T23:00:00+00:00,18.93,24.83,23.66,45.91,20,40,Madrid,,40.4168,-3.7038,667,
2024-09-05T00:00:00+00:00,22.61,34.41,24.98,50.43,20,40,Madrid,,40.4168,-3.7038,667,
2024-09-05T01:00:00+00:00,21.0,30.24,25.47,58.69,20,40,Madrid,,40.4168,-3.7038,667,
2024-09-05T02:00:00+00:00,22.12,28.87,26.26,54.17,20,40,Madrid,,40.4168,-3.7038,667,
2024-09-05T03:00:00+00:00,19.67,26.89,28.47,60.89,20,40,Madrid,,40.4168,-3.7038,667,
2024-09-05T04:00:00+00:00,19.5,22.54,27.78,60.8,20,40,Madrid,,40.4168,-3.7038,667,
2024-09-05T05:00:00+00:00,19.78,24.24,28.44,67.64,20,40,Madrid,,40.4168,-3.7038,667,
2024-09-05T06:00:00+00:00,16.72,19.27,29.0,58.89,20,40,Madrid,,40.4168,-3.7038,667,
2024-09-05T07:00:00+00:00,18.39,22.98,29.98,59.69,20,40,Madrid,,40.4168,-3.7038,667,
2024-09-05T08:00:00+00:00,16.9,21.14,28.52,60.89,20,40,Madrid,,40.4168,-3.7038,667,
2024-09-05T09:00:00+00:00,22.21,30.49,27.53,60.48,20,40,Madrid,,40.4168,-3.7038,667,
2024-09-05T10:00:00+00:00,18.46,23.78,27.91,57.89,20,40,Madrid,,40.4168,-3.7038,667,
2024-09-05T11:00:00+00:00,23.37,34.3,25.06,55.33,20,40,Madrid,,40.4168,-3.7038,667,
2024-09-05T12:00:00+00:00,20.88,24.57,24.41,48.11,20,40,Madrid,,40.4168,-3.7038,667,
2024-09-05T13:00:00+00:00,16.27,25.29,24.21,46.86,20,40,Madrid,,40.4168,-3.7038,667,
2024-09-05T14:00:00+00:00,22.31,29.9,24.35,43.37,20,40,Madrid,,40.4168,-3.7038,667,
2024-09-05T15:00:00+00:00,20.31,29.6,23.56,52.42,20,40,Madrid,,40.4168,-3.7038,667,
2024-09-05T16:00:00+00:00,18.24,24.25,20.53,53.42,20,40,Madrid,,40.4168,-3.7038,667,
2024-09-05T17:00:00+00:00,20.57,27.84,20.93,48.18,20,40,Madrid,,40.4168,-3.7038,667,
2024-09-05T18:00:00+00:00,15.11,21.67,21.9,37.27,20,40,Madrid,,40.4168,-3.7038,667,
2024-09-05T19:00:00+00:00,17.07,22.63,21.33,41.52,20,40,Madrid,,40.4168,-3.7038,667,
2024-09-05T20:00:00+00:00,19.42,23.22,21.11,44.33,20,40,Madrid,,40.4168,-3.7038,667,
2024-09-05T21:00:00+00:00,16.34,23.64,20.68,45.09,20,40,Madrid,,40.4168,-3.7038,667,
2024-09-05T22:00:00+00:00,18.64,25.9,23.74,52.7,20,40,Madrid,,40.4168,-3.7038,667,
2024-09-05T23:00:00+00:00,20.11,28.2,22.88,54.1,20,40,Madrid,,40.4168,-3.7038,667,
2024-09-06T00:00:00+00:00,21.56,29.08,25.0,55.11,20,40,Madrid,,40.4168,-3.7038,667,
2024-09-06T01:00:00+00:00,18.46,21.3,25.18,62.34,20,40,Madrid,,40.4168,-3.7038,667,
2024-09-06T02:00:00+00:00,18.19,25.29,28.02,52.93,20,40,Madrid,,40.4168,-3.7038,667,
2024-09-06T03:00:00+00:00,17.78,24.44,26.97,62.32,20,40,Madrid,,40.4168,-3.7038,667,
2024-09-06T04:00:00+00:00,23.0,28.64,27.08,56.81,20,40,Madrid,,40.4168,-3.7038,667,
2024-09-06T05:00:00+00:00,24.6,30.86,28.42,68.15,20,40,Madrid,,40.4168,-3.7038,667,
2024-09-06T06:00:00+00:00,19.23,23.07,28.04,70.77,20,40,Madrid,,40.4168,-3.7038,667,
2024-09-06T07:00:00+00:00,21.35,32.51,29.53,60.67,20,40,Madrid,,40.4168,-3.7038,667,
2024-09-06T08:00:00+00:00,23.19,31.55,27.61,65.5,20,40,Madrid,,40.4168,-3.7038,667,
2024-09-06T09:00:00+00:00,20.67,24.04,27.69,69.21,20,40,Madrid,,40.4168,-3.7038,667,
2024-09-06T10:00:00+00:00,18.67,22.01,26.6,62.24,20,40,Madrid,,40.4168,-3.7038,667,
2024-09-06T11:00:00+00:00,18.24,27.38,24.62,62.2,20,40,Madrid,,40.4168,-3.7038,667,
2024-09-06T12:00:00+00:00,21.02,26.45,24.59,53.16,20,40,Madrid,,40.4168,-3.7038,667,
2024-09-06T13:00:00+00:00,19.11,27.15,25.01,59.16,20,40,Madrid,,40.4168,-3.7038,667,
2024-09-06T14:00:00+00:00,19.2,28.74,22.69,57.49,20,40,Madrid,,40.4168,-3.7038,667,
2024-09-06T15:00:00+00:00,20.54,29.25,21.22,43.39,20,40,Madrid,,40.4168,-3.7038,667,
2024-09-06T16:00:00+00:00,17.53,26.6,21.83,41.98,20,40,Madrid,,40.4168,-3.7038,667,
2024-09-06T17:00:00+00:00,16.16,21.07,21.11,42.9,20,40,Madrid,,40.4168,-3.7038,667,
2024-09-06T18:00:00+00:00,15.41,17.27,22.35,47.67,20,40,Madrid,,40.4168,-3.7038,667,
2024-09-06T19:00:00+00:00,14.83,18.59,20.58,40.95,20,40,Madrid,,40.4168,-3.7038,667,
2024-09-06T20:00:00+00:00,18.49,27.54,22.28,39.91,20,40,Madrid,,40.4168,-3.7038,667,
2024-09-06T21:00:00+00:00,16.42,18.52,23.59,42.79,20,40,Madrid,,40.4168,-3.7038,667,
2024-09-06T22:00:00+00:00,21.3,26.91,23.28,53.44,20,40,Madrid,,40.4168,-3.7038,667,
2024-09-06T23:00:00+00:00,21.67,28.88,25.12,44.64,20,40,Madrid,,40.4168,-3.7038,667,
2024-09-07T00:00:00+00:00,18.8,27.99,23.72,51.81,20,40,Madrid,,40.4168,-3.7038,667,
2024-09-07T01:00:00+00:00,23.95,31.0,25.89,62.66,20,40,Madrid,,40.4168,-3.7038,667,
2024-09-07T02:00:00+00:00,16.75,26.35,27.02,60.04,20,40,Madrid,,40.4168,-3.7038,667,
2024-09-07T03:00:00+00:00,18.03,21.22,26.5,54.95,20,40,Madrid,,40.4168,-3.7038,667,
2024-09-07T04:00:00+00:00,22.32,29.17,28.01,68.02,20,40,Madrid,,40.4168,-3.7038,667,
2024-09-07T05:00:00+00:00,22.64,30.59,27.88,58.48,20,40,Madrid,,40.4168,-3.7038,667,
2024-09-07T06:00:00+00:00,19.22,28.38,29.71,62.41,20,40,Madrid,,40.4168,-3.7038,667,
2024-09-07T07:00:00+00:00,24.51,34.4,27.59,68.13,20,40,Madrid,,40.4168,-3.7038,667,
2024-09-07T08:00:00+00:00,16.86,24.61,29.87,63.71,20,40,Madrid,,40.4168,-3.7038,667,
2024-09-07T09:00:00+00:00,17.38,20.67,28.47,63.74,20,40,Madrid,,40.4168,-3.7038,667,
2024-09-07T10:00:00+00:00,21.49,27.02,25.85,61.33,20,40,Madrid,,40.4168,-3.7038,667,
2024-09-07T11:00:00+00:00,24.39,34.02,24.68,63.5,20,40,Madrid,,40.4168,-3.7038,667,
2024-09-07T12:00:00+00:00,16.9,21.12,26.0,51.92,20,40,Madrid,,40.4168,-3.7038,667,
2024-09-07T13:00:00+00:00,18.18,24.96,22.69,58.57,20,40,Madrid,,40.4168,-3.7038,667,
2024-09-07T14:00:00+00:00,18.36,21.32,23.96,47.38,20,40,Madrid,,40.4168,-3.7038,667,
2024-09-07T15:00:00+00:00,18.65,24.24,21.52,47.54,20,40,Madrid,,40.4168,-3.7038,667,
2024-09-07T16:00:00+00:00,18.82,25.31,22.46,53.72,20,40,Madrid,,40.4168,-3.7038,667,
2024-09-07T17:00:00+00:00,18.43,21.31,21.09,46.71,20,40,Madrid,,40.4168,-3.7038,667,
2024-09-07T18:00:00+00:00,20.88,28.67,21.49,43.32,20,40,Madrid,,40.4168,-3.7038,667,
2024-09-07T19:00:00+00:00,17.8,24.07,19.76,48.21,20,40,Madrid,,40.4168,-3.7038,667,
2024-09-07T20:00:00+00:00,15.75,18.27,22.45,52.4,20,40,Madrid,,40.4168,-3.7038,667,
2024-09-07T21:00:00+00:00,18.73,23.54,21.43,41.02,20,40,Madrid,,40.4168,-3.7038,667,
2024-09-07T22:00:00+00:00,15.93,18.55,22.56,52.52,20,40,Madrid,,40.4168,-3.7038,667,
2024-09-07T23:00:00+00:00,21.49,31.91,23.35,46.36,20,40,Madrid,,40.4168,-3.7038,667,
2024-09-08T00:00:00+00:00,17.51,21.19,24.47,51.12,20,40,Madrid,,40.4168,-3.7038,667,
2024-09-08T01:00:00+00:00,19.62,24.81,26.79,54.38,20,40,Madrid,,40.4168,-3.7038,667,
2024-09-08T02:00:00+00:00,23.01,30.73,27.12,65.59,20,40,Madrid,,40.4168,-3.7038,667,
2024-09-08T03:00:00+00:00,21.76,29.25,28.81,66.37,20,40,Madrid,,40.4168,-3.7038,667,
2024-09-08T04:00:00+00:00,19.43,23.48,27.66,58.66,20,40,Madrid,,40.4168,-3.7038,667,
2024-09-08T05:00:00+00:00,16.79,24.72,28.91,67.96,20,40,Madrid,,40.4168,-3.7038,667,
2024-09-08T06:00:00+00:00,17.69,25.64,29.19,63.4,20,40,Madrid,,40.4168,-3.7038,667,
2024-09-08T07:00:00+00:00,20.51,31.6,28.16,59.0,20,40,Madrid,,40.4168,-3.7038,667,
2024-09-08T08:00:00+00:00,21.23,25.79,29.02,71.14,20,40,Madrid,,40.4168,-3.7038,667,
2024-09-08T09:00:00+00:00,16.1,21.49,28.4,56.95,20,40,Madrid,,40.4168,-3.7038,667,
2024-09-08T10:00:00+00:00,15.1,17.94,27.25,52.23,20,40,Madrid,,40.4168,-3.7038,667,
2024-09-08T11:00:00+00:00,23.27,34.69,27.15,62.92,20,40,Madrid,,40.4168,-3.7038,667,
2024-09-08T12:00:00+00:00,21.44,32.35,25.31,48.37,20,40,Madrid,,40.4168,-3.7038,667,
2024-09-08T13:00:00+00:00,16.53,24.19,23.61,49.82,20,40,Madrid,,40.4168,-3.7038,667,
2024-09-08T14:00:00+00:00,23.2,31.21,21.56,48.3,20,40,Madrid,,40.4168,-3.7038,667,
2024-09-08T15:00:00+00:00,21.91,33.46,21.02,44.58,20,40,Madrid,,40.4168,-3.7038,667,
2024-09-08T16:00:00+00:00,17.76,24.9,22.73,45.86,20,40,Madrid,,40.4168,-3.7038,667,
2024-09-08T17:00:00+00:00,17.33,21.61,20.56,40.9,20,40,Madrid,,40.4168,-3.7038,667,
2024-09-08T18:00:00+00:00,15.81,24.67,21.33,37.77,20,40,Madrid,,40.4168,-3.7038,667,
2024-09-08T19:00:00+00:00,18.58,22.09,21.82,46.13,20,40,Madrid,,40.4168,-3.7038,667,
2024-09-08T20:00:00+00:00,17.67,23.58,21.94,48.96,20,40,Madrid,,40.4168,-3.7038,667,
2024-09-08T21:00:00+00:00,15.83,20.58,23.36,43.28,20,40,Madrid,,40.4168,-3.7038,667,
2024-09-08T22:00:00+00:00,23.65,32.71,24.4,57.58,20,40,Madrid,,40.4168,-3.7038,667,
2024-09-08T23:00:00+00:00,15.71,17.31,24.41,53.0,20,40,Madrid,,40.4168,-3.7038,667,
2024-09-09T00:00:00+00:00,23.2,29.77,24.47,56.54,20,40,Madrid,,40.4168,-3.7038,667,
2024-09-09T01:00:00+00:00,21.42,31.55,24.86,59.73,20,40,Madrid,,40.4168,-3.7038,667,
2024-09-09T02:00:00+00:00,20.37,23.71,27.57,57.86,20,40,Madrid,,40.4168,-3.7038,667,
2024-09-09T03:00:00+00:00,20.49,29.95,29.11,63.27,20,40,Madrid,,40.4168,-3.7038,667,
2024-09-09T04:00:00+00:00,20.49,25.66,29.2,68.57,20,40,Madrid,,40.4168,-3.7038,667,
2024-09-09T05:00:00+00:00,17.68,26.38,28.61,56.86,20,40,Madrid,,40.4168,-3.7038,667,
2024-09-09T06:00:00+00:00,20.93,28.93,27.87,62.42,20,40,Madrid,,40.4168,-3.7038,667,
2024-09-09T07:00:00+00:00,21.62,28.06,29.75,62.16,20,40,Madrid,,40.4168,-3.7038,667,
2024-09-09T08:00:00+00:00,23.27,27.47,28.17,61.9,20,40,Madrid,,40.4168,-3.7038,667,
2024-09-09T09:00:00+00:00,23.03,30.05,27.67,67.62,20,40,Madrid,,40.4168,-3.7038,667,
2024-09-09T10:00:00+00:00,18.71,28.69,28.24,54.64,20,40,Madrid,,40.4168,-3.7038,667,
2024-09-09T11:00:00+00:00,23.6,28.06,26.61,57.71,20,40,Madrid,,40.4168,-3.7038,667,
2024-09-09T12:00:00+00:00,20.3,28.85,25.49,48.96,20,40,Madrid,,40.4168,-3.7038,667,
2024-09-09T13:00:00+00:00,20.66,25.58,23.35,58.68,20,40,Madrid,,40.4168,-3.7038,667,
2024-09-09T14:00:00+00:00,16.2,20.08,21.76,49.88,20,40,Madrid,,40.4168,-3.7038,667,
2024-09-09T15:00:00+00:00,20.19,26.17,21.68,46.57,20,40,Madrid,,40.4168,-3.7038,667,
2024-09-09T16:00:00+00:00,20.04,25.41,21.08,53.77,20,40,Madrid,,40.4168,-3.7038,667,
2024-09-09T17:00:00+00:00,22.47,34.06,21.86,44.72,20,40,Madrid,,40.4168,-3.7038,667,
2024-09-09T18:00:00+00:00,22.44,33.34,22.45,44.43,20,40,Madrid,,40.4168,-3.7038,667,
2024-09-09T19:00:00+00:00,20.29,29.28,22.44,51.53,20,40,Madrid,,40.4168,-3.7038,667,
2024-09-09T20:00:00+00:00,17.4,24.67,20.9,49.18,20,40,Madrid,,40.4168,-3.7038,667,
2024-09-09T21:00:00+00:00,22.15,29.47,21.74,43.96,20,40,Madrid,,40.4168,-3.7038,667,
2024-09-09T22:00:00+00:00,19.86,30.51,22.38,55.12,20,40,Madrid,,40.4168,-3.7038,667,
2024-09-09T23:00:00+00:00,19.19,24.27,24.53,48.6,20,40,Madrid,,40.4168,-3.7038,667,
2024-09-10T00:00:00+00:00,18.08,21.71,25.95,58.81,20,40,Madrid,,40.4168,-3.7038,667,
2024-09-10T01:00:00+00:00,17.01,22.7,27.3,50.83,20,40,Madrid,,40.4168,-3.7038,667,
2024-09-10T02:00:00+00:00,18.36,22.39,28.5,67.34,20,40,Madrid,,40.4168,-3.7038,667,
2024-09-10T03:00:00+00:00,20.02,27.31,26.59,62.69,20,40,Madrid,,40.4168,-3.7038,667,
2024-09-10T04:00:00+00:00,17.69,24.84,27.48,70.62,20,40,Madrid,,40.4168,-3.7038,667,
2024-09-10T05:00:00+00:00,18.22,21.83,28.61,62.59,20,40,Madrid,,40.4168,-3.7038,667,
2024-09-10T06:00:00+00:00,22.42,31.01,29.48,71.82,20,40,Madrid,,40.4168,-3.7038,667,
2024-09-10T07:00:00+00:00,17.68,22.14,27.83,64.5,20,40,Madrid,,40.4168,-3.7038,667,
2024-09-10T08:00:00+00:00,17.07,24.04,28.5,69.0,20,40,Madrid,,40.4168,-3.7038,667,
2024-09-10T09:00:00+00:00,19.52,25.27,28.6,54.59,20,40,Madrid,,40.4168,-3.7038,667,
2024-09-10T10:00:00+00:00,17.41,25.39,26.3,57.12,20,40,Madrid,,40.4168,-3.7038,667,
2024-09-10T11:00:00+00:00,21.41,31.35,25.79,60.67,20,40,Madrid,,40.4168,-3.7038,667,
2024-09-10T12:00:00+00:00,17.5,20.66,23.73,57.96,20,40,Madrid,,40.4168,-3.7038,667,
2024-09-10T13:00:00+00:00,22.26,30.96,24.82,58.7,20,40,Madrid,,40.4168,-3.7038,667,
2024-09-10T14:00:00+00:00,15.44,21.15,24.23,48.28,20,40,Madrid,,40.4168,-3.7038,667,
2024-09-10T15:00:00+00:00,15.0,21.33,21.81,42.33,20,40,Madrid,,40.4168,-3.7038,667,
2024-09-10T16:00:00+00:00,18.81,23.44,22.36,53.26,20,40,Madrid,,40.4168,-3.7038,667,
2024-09-10T17:00:00+00:00,18.4,25.56,20.04,48.16,20,40,Madrid,,40.4168,-3.7038,667,
2024-09-10T18:00:00+00:00,18.2,27.29,20.13,39.18,20,40,Madrid,,40.4168,-3.7038,667,
2024-09-10T19:00:00+00:00,19.9,23.53,21.23,47.19,20,40,Madrid,,40.4168,-3.7038,667,
2024-09-10T20:00:00+00:00,22.42,33.94,20.94,50.69,20,40,Madrid,,40.4168,-3.7038,667,
2024-09-10T21:00:00+00:00,18.56,26.59,21.68,54.19,20,40,Madrid,,40.4168,-3.7038,667,
2024-09-10T22:00:00+00:00,17.61,19.8,22.29,42.64,20,40,Madrid,,40.4168,-3.7038,667,
2024-09-10T23:00:00+00:00,23.62,33.12,24.78,57.92,20,40,Madrid,,40.4168,-3.7038,667,
