created_at,field1,field2,field3,field4,field5,field6,field7,field8,latitude,longitude,elevation,status
2024-01-01T00:00:00+00:00,32.59,43.31,6.02,62.83,20,40,Paris,,48.8566,2.3522,35,
2024-01-01T01:00:00+00:00,30.59,40.97,4.81,80.21,20,40,Paris,,48.8566,2.3522,35,
2024-01-01T02:00:00+00:00,36.04,46.51,6.07,79.73,20,40,Paris,,48.8566,2.3522,35,
2024-01-01T03:00:00+00:00,38.47,53.43,6.72,81.06,20,40,Paris,,48.8566,2.3522,35,
2024-01-01T04:00:00+00:00,34.59,46.32,7.21,84.93,20,40,Paris,,48.8566,2.3522,35,
2024-01-01T05:00:00+00:00,33.72,46.14,7.77,73.69,20,40,Paris,,48.8566,2.3522,35,
2024-01-01T06:00:00+00:00,32.71,47.94,9.6,76.09,20,40,Paris,,48.8566,2.3522,35,
2024-01-01T07:00:00+00:00,35.95,48.53,9.37,73.79,20,40,Paris,,48.8566,2.3522,35,
2024-01-01T08:00:00+00:00,31.98,46.5,8.77,81.59,20,40,Paris,,48.8566,2.3522,35,
2024-01-01T09:00:00+00:00,32.11,42.52,7.35,84.15,20,40,Paris,,48.8566,2.3522,35,
2024-01-01T10:00:00+00:00,37.7,47.64,6.1,81.25,20,40,Paris,,48.8566,2.3522,35,
2024-01-01T11:00:00+00:00,32.31,40.61,6.5,66.21,20,40,Paris,,48.8566,2.3522,35,
2024-01-01T12:00:00+00:00,31.91,45.44,3.64,72.21,20,40,Paris,,48.8566,2.3522,35,
2024-01-01T13:00:00+00:00,30.65,41.23,3.28,61.33,20,40,Paris,,48.8566,2.3522,35,
2024-01-01T14:00:00+00:00,35.01,45.72,4.28,57.63,20,40,Paris,,48.8566,2.3522,35,
2024-01-01T15:00:00+00:00,29.32,42.8,1.59,64.03,20,40,Paris,,48.8566,2.3522,35,
2024-01-01T16:00:00+00:00,32.2,44.89,0.1,67.0,20,40,Paris,,48.8566,2.3522,35,
2024-01-01T17:00:00+00:00,29.81,39.46,1.38,67.56,20,40,Paris,,48.8566,2.3522,35,
2024-01-01T18:00:00+00:00,37.8,47.55,1.94,65.8,20,40,Paris,,48.8566,2.3522,35,
2024-01-01T19:00:00+00:00,36.04,49.13,2.12,66.39,20,40,Paris,,48.8566,2.3522,35,
2024-01-01T20:00:00+00:00,29.61,41.2,0.53,64.69,20,40,Paris,,48.8566,2.3522,35,
2024-01-01T21:00:00+00:00,37.97,54.14,1.01,63.46,20,40,Paris,,48.8566,2.3522,35,
2024-01-01T22:00:00+00:00,36.76,49.62,2.38,64.09,20,40,Paris,,48.8566,2.3522,35,
2024-01-01T23:00:00+00:00,32.6,46.79,5.3,70.72,20,40,Paris,,48.8566,2.3522,35,
2024-01-02T00:00:00+00:00,39.63,56.67,4.0,71.73,20,40,Paris,,48.8566,2.3522,35,
2024-01-02T01:00:00+00:00,30.16,43.5,5.33,74.55,20,40,Paris,,48.8566,2.3522,35,
2024-01-02T02:00:00+00:00,38.49,49.46,7.74,73.4,20,40,Paris,,48.8566,2.3522,35,
2024-01-02T03:00:00+00:00,37.03,53.42,8.35,75.13,20,40,Paris,,48.8566,2.3522,35,
2024-01-02T04:00:00+00:00,39.59,54.79,9.34,77.7,20,40,Paris,,48.8566,2.3522,35,
2024-01-02T05:00:00+00:00,31.05,41.23,8.78,80.12,20,40,Paris,,48.8566,2.3522,35,
2024-01-02T06:00:00+00:00,32.81,42.35,9.88,85.41,20,40,Paris,,48.8566,2.3522,35,
2024-01-02T07:00:00+00:00,40.81,51.33,8.64,86.43,20,40,Paris,,48.8566,2.3522,35,
2024-01-02T08:00:00+00:00,37.6,52.71,9.94,86.17,20,40,Paris,,48.8566,2.3522,35,
2024-01-02T09:00:00+00:00,32.2,46.01,8.61,81.34,20,40,Paris,,48.8566,2.3522,35,
2024-01-02T10:00:00+00:00,28.61,42.15,7.62,71.94,20,40,Paris,,48.8566,2.3522,35,
2024-01-02T11:00:00+00:00,39.16,54.18,5.73,68.27,20,40,Paris,,48.8566,2.3522,35,
2024-01-02T12:00:00+00:00,34.19,42.95,5.7,70.49,20,40,Paris,,48.8566,2.3522,35,
2024-01-02T13:00:00+00:00,33.53,46.27,4.51,67.75,20,40,Paris,,48.8566,2.3522,35,
2024-01-02T14:00:00+00:00,32.58,47.65,1.53,65.02,20,40,Paris,,48.8566,2.3522,35,
2024-01-02T15:00:00+00:00,32.22,41.1,1.05,63.91,20,40,Paris,,48.8566,2.3522,35,
2024-01-02T16:00:00+00:00,32.07,45.03,0.43,57.44,20,40,Paris,,48.8566,2.3522,35,
2024-01-02T17:00:00+00:00,35.7,47.66,0.45,57.84,20,40,Paris,,48.8566,2.3522,35,
2024-01-02T18:00:00+00:00,36.75,51.76,1.91,59.96,20,40,Paris,,48.8566,2.3522,35,
2024-01-02T19:00:00+00:00,31.3,43.07,0.75,57.06,20,40,Paris,,48.8566,2.3522,35,
2024-01-02T20:00:00+00:00,36.37,50.81,2.42,67.07,20,40,Paris,,48.8566,2.3522,35,
2024-01-02T21:00:00+00:00,37.81,48.2,2.23,69.99,20,40,Paris,,48.8566,2.3522,35,
2024-01-02T22:00:00+00:00,29.75,37.15,3.95,61.36,20,40,Paris,,48.8566,2.3522,35,
2024-01-02T23:00:00+00:00,35.83,46.15,2.49,73.48,20,40,Paris,,48.8566,2.3522,35,
2024-01-03T00:00:00+00:00,33.98,43.16,4.46,68.87,20,40,Paris,,48.8566,2.3522,35,
2024-01-03T01:00:00+00:00,31.89,43.28,6.34,65.67,20,40,Paris,,48.8566,2.3522,35,
2024-01-03T02:00:00+00:00,34.03,47.14,5.63,71.89,20,40,Paris,,48.8566,2.3522,35,
2024-01-03T03:00:00+00:00,31.38,45.33,7.48,70.26,20,40,Paris,,48.8566,2.3522,35,
2024-01-03T04:00:00+00:00,29.48,42.17,7.46,72.2,20,40,Paris,,48.8566,2.3522,35,
2024-01-03T05:00:00+00:00,34.38,47.4,7.39,87.05,20,40,Paris,,48.8566,2.3522,35,
2024-01-03T06:00:00+00:00,36.79,50.05,8.38,72.36,20,40,Paris,,48.8566,2.3522,35,
2024-01-03T07:00:00+00:00,29.63,37.94,8.28,72.07,20,40,Paris,,48.8566,2.3522,35,
2024-01-03T08:00:00+00:00,36.48,52.45,7.42,84.03,20,40,Paris,,48.8566,2.3522,35,
2024-01-03T09:00:00+00:00,35.34,44.22,7.31,84.94,20,40,Paris,,48.8566,2.3522,35,
2024-01-03T10:00:00+00:00,39.09,50.48,6.72,70.76,20,40,Paris,,48.8566,2.3522,35,
2024-01-03T11:00:00+00:00,38.92,55.84,4.59,71.67,20,40,Paris,,48.8566,2.3522,35,
2024-01-03T12:00:00+00:00,32.57,40.21,4.04,76.9,20,40,Paris,,48.8566,2.3522,35,
2024-01-03T13:00:00+00:00,30.09,43.86,4.32,68.22,20,40,Paris,,48.8566,2.3522,35,
2024-01-03T14:00:00+00:00,39.9,54.33,2.11,67.62,20,40,Paris,,48.8566,2.3522,35,
2024-01-03T15:00:00+00:00,36.59,52.58,3.59,67.74,20,40,Paris,,48.8566,2.3522,35,
2024-01-03T16:00:00+00:00,30.93,40.09,2.76,60.53,20,40,Paris,,48.8566,2.3522,35,
2024-01-03T17:00:00+00:00,27.29,38.87,2.61,52.73,20,40,Paris,,48.8566,2.3522,35,
2024-01-03T18:00:00+00:00,38.86,49.04,1.37,62.43,20,40,Paris,,48.8566,2.3522,35,
2024-01-03T19:00:00+00:00,30.71,43.06,1.84,53.65,20,40,Paris,,48.8566,2.3522,35,
2024-01-03T20:00:00+00:00,33.3,44.59,0.99,62.79,20,40,Paris,,48.8566,2.3522,35,
2024-01-03T21:00:00+00:00,32.61,47.22,0.79,66.7,20,40,Paris,,48.8566,2.3522,35,
2024-01-03T22:00:00+00:00,29.5,38.24,4.38,64.0,20,40,Paris,,48.8566,2.3522,35,
2024-01-03T23:00:00+00:00,36.39,51.02,3.9,65.5,20,40,Paris,,48.8566,2.3522,35,
2024-01-04T00:00:00+00:00,31.03,43.13,3.75,63.07,20,40,Paris,,48.8566,2.3522,35,
2024-01-04T01:00:00+00:00,39.62,55.08,6.74,79.96,20,40,Paris,,48.8566,2.3522,35,
2024-01-04T02:00:00+00:00,40.3,57.43,8.16,77.14,20,40,Paris,,48.8566,2.3522,35,
2024-01-04T03:00:00+00:00,37.9,52.83,7.51,83.6,20,40,Paris,,48.8566,2.3522,35,
2024-01-04T04:00:00+00:00,39.94,56.51,7.86,80.68,20,40,Paris,,48.8566,2.3522,35,
2024-01-04T05:00:00+00:00,33.25,41.69,8.78,80.72,20,40,Paris,,48.8566,2.3522,35,
2024-01-04T06:00:00+00:00,38.18,50.24,10.08,82.38,20,40,Paris,,48.8566,2.3522,35,
2024-01-04T07:00:00+00:00,35.3,46.73,7.82,77.53,20,40,Paris,,48.8566,2.3522,35,
2024-01-04T08:00:00+00:00,30.38,44.61,8.74,74.67,20,40,Paris,,48.8566,2.3522,35,
2024-01-04T09:00:00+00:00,38.88,56.05,8.3,78.61,20,40,Paris,,48.8566,2.3522,35,
2024-01-04T10:00:00+00:00,33.89,46.72,8.21,74.72,20,40,Paris,,48.8566,2.3522,35,
2024-01-04T11:00:00+00:00,36.19,46.28,4.88,67.72,20,40,Paris,,48.8566,2.3522,35,
2024-01-04T12:00:00+00:00,33.8,41.78,4.3,68.34,20,40,Paris,,48.8566,2.3522,35,
2024-01-04T13:00:00+00:00,39.37,53.31,3.99,67.06,20,40,Paris,,48.8566,2.3522,35,
2024-01-04T14:00:00+00:00,34.9,45.41,3.54,58.48,20,40,Paris,,48.8566,2.3522,35,
2024-01-04T15:00:00+00:00,30.65,37.59,1.69,65.2,20,40,Paris,,48.8566,2.3522,35,
2024-01-04T16:00:00+00:00,29.73,39.82,1.49,63.67,20,40,Paris,,48.8566,2.3522,35,
2024-01-04T17:00:00+00:00,33.29,45.08,1.49,60.16,20,40,Paris,,48.8566,2.3522,35,
2024-01-04T18:00:00+00:00,28.61,36.93,0.46,59.17,20,40,Paris,,48.8566,2.3522,35,
2024-01-04T19:00:00+00:00,34.1,47.78,1.93,57.73,20,40,Paris,,48.8566,2.3522,35,
2024-01-04T20:00:00+00:00,37.52,49.45,1.47,58.49,20,40,Paris,,48.8566,2.3522,35,
2024-01-04T21:00:00+00:00,29.12,41.43,2.76,65.32,20,40,Paris,,48.8566,2.3522,35,
2024-01-04T22:00:00+00:00,31.83,42.38,3.84,68.67,20,40,Paris,,48.8566,2.3522,35,
2024-01-04T23:00:00+00:00,29.85,42.89,5.04,66.22,20,40,Paris,,48.8566,2.3522,35,
2024-01-05T00:00:00+00:00,33.98,49.18,4.43,68.67,20,40,Paris,,48.8566,2.3522,35,
2024-01-05T01:00:00+00:00,35.01,48.84,6.75,78.46,20,40,Paris,,48.8566,2.3522,35,
2024-01-05T02:00:00+00:00,37.33,50.21,6.59,68.38,20,40,Paris,,48.8566,2.3522,35,
2024-01-05T03:00:00+00:00,34.47,43.75,6.4,75.47,20,40,Paris,,48.8566,2.3522,35,
2024-01-05T04:00:00+00:00,35.99,47.0,7.99,84.01,20,40,Paris,,48.8566,2.3522,35,
2024-01-05T05:00:00+00:00,38.91,51.45,10.27,85.89,20,40,Paris,,48.8566,2.3522,35,
2024-01-05T06:00:00+00:00,38.63,49.33,9.45,81.65,20,40,Paris,,48.8566,2.3522,35,
2024-01-05T07:00:00+00:00,33.64,45.57,9.61,85.51,20,40,Paris,,48.8566,2.3522,35,
2024-01-05T08:00:00+00:00,31.02,38.08,9.86,71.8,20,40,Paris,,48.8566,2.3522,35,
2024-01-05T09:00:00+00:00,30.68,39.78,9.15,81.88,20,40,Paris,,48.8566,2.3522,35,
2024-01-05T10:00:00+00:00,35.67,49.51,8.34,71.2,20,40,Paris,,48.8566,2.3522,35,
2024-01-05T11:00:00+00:00,38.37,48.3,6.49,77.34,20,40,Paris,,48.8566,2.3522,35,
2024-01-05T12:00:00+00:00,29.5,41.24,6.32,73.99,20,40,Paris,,48.8566,2.3522,35,
2024-01-05T13:00:00+00:00,31.51,38.73,3.06,63.24,20,40,Paris,,48.8566,2.3522,35,
2024-01-05T14:00:00+00:00,30.2,43.8,3.7,64.24,20,40,Paris,,48.8566,2.3522,35,
2024-01-05T15:00:00+00:00,30.83,43.95,0.77,67.63,20,40,Paris,,48.8566,2.3522,35,
2024-01-05T16:00:00+00:00,32.45,42.49,2.14,55.39,20,40,Paris,,48.8566,2.3522,35,
2024-01-05T17:00:00+00:00,31.57,39.96,2.4,64.83,20,40,Paris,,48.8566,2.3522,35,
2024-01-05T18:00:00+00:00,29.95,40.47,2.49,61.6,20,40,Paris,,48.8566,2.3522,35,
2024-01-05T19:00:00+00:00,37.65,53.42,1.57,66.23,20,40,Paris,,48.8566,2.3522,35,
2024-01-05T20:00:00+00:00,31.39,40.54,0.92,65.04,20,40,Paris,,48.8566,2.3522,35,
2024-01-05T21:00:00+00:00,29.1,41.4,1.24,57.28,20,40,Paris,,48.8566,2.3522,35,
2024-01-05T22:00:00+00:00,34.36,43.37,1.61,60.78,20,40,Paris,,48.8566,2.3522,35,
2024-01-05T23:00:00+00:00,35.64,47.96,3.43,74.01,20,40,Paris,,48.8566,2.3522,35,
2024-01-06T00:00:00+00:00,30.28,39.05,5.65,73.13,20,40,Paris,,48.8566,2.3522,35,
2024-01-06T01:00:00+00:00,34.12,42.86,7.25,68.94,20,40,Paris,,48.8566,2.3522,35,
2024-01-06T02:00:00+00:00,35.08,44.19,8.45,67.82,20,40,Paris,,48.8566,2.3522,35,
2024-01-06T03:00:00+00:00,36.88,53.03,7.36,69.47,20,40,Paris,,48.8566,2.3522,35,
2024-01-06T04:00:00+00:00,30.51,39.19,8.05,77.07,20,40,Paris,,48.8566,2.3522,35,
2024-01-06T05:00:00+00:00,36.59,45.61,8.66,72.55,20,40,Paris,,48.8566,2.3522,35,
2024-01-06T06:00:00+00:00,34.53,43.74,10.45,79.2,20,40,Paris,,48.8566,2.3522,35,
2024-01-06T07:00:00+00:00,30.6,40.86,10.34,73.34,20,40,Paris,,48.8566,2.3522,35,
2024-01-06T08:00:00+00:00,29.63,43.34,9.82,73.65,20,40,Paris,,48.8566,2.3522,35,
2024-01-06T09:00:00+00:00,40.24,52.4,7.43,76.06,20,40,Paris,,48.8566,2.3522,35,
2024-01-06T10:00:00+00:00,34.3,48.11,6.64,67.01,20,40,Paris,,48.8566,2.3522,35,
2024-01-06T11:00:00+00:00,39.87,54.16,5.68,73.89,20,40,Paris,,48.8566,2.3522,35,
2024-01-06T12:00:00+00:00,30.04,38.35,3.87,70.36,20,40,Paris,,48.8566,2.3522,35,
2024-01-06T13:00:00+00:00,34.22,49.19,4.64,69.67,20,40,Paris,,48.8566,2.3522,35,
2024-01-06T14:00:00+00:00,37.56,52.82,2.18,71.34,20,40,Paris,,48.8566,2.3522,35,
2024-01-06T15:00:00+00:00,36.41,50.78,2.71,69.58,20,40,Paris,,48.8566,2.3522,35,
2024-01-06T16:00:00+00:00,32.33,41.05,0.29,60.07,20,40,Paris,,48.8566,2.3522,35,
2024-01-06T17:00:00+00:00,27.84,40.32,0.91,52.61,20,40,Paris,,48.8566,2.3522,35,
2024-01-06T18:00:00+00:00,33.18,41.13,0.89,55.53,20,40,Paris,,48.8566,2.3522,35,
2024-01-06T19:00:00+00:00,31.15,40.63,0.65,57.37,20,40,Paris,,48.8566,2.3522,35,
2024-01-06T20:00:00+00:00,36.6,48.52,2.51,63.23,20,40,Paris,,48.8566,2.3522,35,
2024-01-06T21:00:00+00:00,28.32,41.45,1.2,59.34,20,40,Paris,,48.8566,2.3522,35,
2024-01-06T22:00:00+00:00,35.79,50.06,4.28,69.3,20,40,Paris,,48.8566,2.3522,35,
2024-01-06T23:00:00+00:00,36.98,46.09,4.8,65.33,20,40,Paris,,48.8566,2.3522,35,
2024-01-07T00:00:00+00:00,31.08,43.08,5.94,73.46,20,40,Paris,,48.8566,2.3522,35,
2024-01-07T01:00:00+00:00,33.2,48.65,6.87,79.12,20,40,Paris,,48.8566,2.3522,35,
2024-01-07T02:00:00+00:00,31.27,38.54,5.52,78.72,20,40,Paris,,48.8566,2.3522,35,
2024-01-07T03:00:00+00:00,31.2,38.39,7.24,75.92,20,40,Paris,,48.8566,2.3522,35,
2024-01-07T04:00:00+00:00,36.04,52.54,9.72,71.03,20,40,Paris,,48.8566,2.3522,35,
2024-01-07T05:00:00+00:00,40.3,53.73,9.91,82.41,20,40,Paris,,48.8566,2.3522,35,
2024-01-07T06:00:00+00:00,35.46,43.93,7.73,79.78,20,40,Paris,,48.8566,2.3522,35,
2024-01-07T07:00:00+00:00,36.52,50.33,8.54,86.74,20,40,Paris,,48.8566,2.3522,35,
2024-01-07T08:00:00+00:00,37.48,46.61,9.68,72.14,20,40,Paris,,48.8566,2.3522,35,
2024-01-07T09:00:00+00:00,36.34,50.54,8.77,79.46,20,40,Paris,,48.8566,2.3522,35,
2024-01-07T10:00:00+00:00,38.81,55.62,5.69,70.62,20,40,Paris,,48.8566,2.3522,35,
2024-01-07T11:00:00+00:00,29.1,42.03,7.5,70.08,20,40,Paris,,48.8566,2.3522,35,
2024-01-07T12:00:00+00:00,36.68,45.98,6.14,74.63,20,40,Paris,,48.8566,2.3522,35,
2024-01-07T13:00:00+00:00,35.58,45.13,4.51,75.29,20,40,Paris,,48.8566,2.3522,35,
2024-01-07T14:00:00+00:00,35.96,45.0,3.13,60.21,20,40,Paris,,48.8566,2.3522,35,
2024-01-07T15:00:00+00:00,35.19,45.04,1.84,58.76,20,40,Paris,,48.8566,2.3522,35,
2024-01-07T16:00:00+00:00,37.61,53.76,2.92,57.68,20,40,Paris,,48.8566,2.3522,35,
2024-01-07T17:00:00+00:00,31.76,40.31,1.58,59.93,20,40,Paris,,48.8566,2.3522,35,
2024-01-07T18:00:00+00:00,31.68,46.12,-0.46,65.54,20,40,Paris,,48.8566,2.3522,35,
2024-01-07T19:00:00+00:00,33.98,43.11,1.13,60.14,20,40,Paris,,48.8566,2.3522,35,
2024-01-07T20:00:00+00:00,34.49,46.4,0.72,62.78,20,40,Paris,,48.8566,2.3522,35,
2024-01-07T21:00:00+00:00,35.18,50.58,3.61,58.89,20,40,Paris,,48.8566,2.3522,35,
2024-01-07T22:00:00+00:00,33.97,41.9,3.72,68.07,20,40,Paris,,48.8566,2.3522,35,
2024-01-07T23:00:00+00:00,33.63,43.46,3.55,71.34,20,40,Paris,,48.8566,2.3522,35,
2024-01-08T00:00:00+00:00,36.1,47.31,5.62,63.81,20,40,Paris,,48.8566,2.3522,35,
2024-01-08T01:00:00+00:00,34.41,50.18,4.97,71.61,20,40,Paris,,48.8566,2.3522,35,
2024-01-08T02:00:00+00:00,33.71,43.63,7.73,72.62,20,40,Paris,,48.8566,2.3522,35,
2024-01-08T03:00:00+00:00,36.43,49.86,6.45,83.84,20,40,Paris,,48.8566,2.3522,35,
2024-01-08T04:00:00+00:00,29.99,37.86,8.68,74.01,20,40,Paris,,48.8566,2.3522,35,
2024-01-08T05:00:00+00:00,38.05,52.85,8.57,87.53,20,40,Paris,,48.8566,2.3522,35,
2024-01-08T06:00:00+00:00,37.42,47.65,10.17,84.91,20,40,Paris,,48.8566,2.3522,35,
2024-01-08T07:00:00+00:00,31.63,41.28,7.4,86.11,20,40,Paris,,48.8566,2.3522,35,
2024-01-08T08:00:00+00:00,31.1,44.36,7.66,78.79,20,40,Paris,,48.8566,2.3522,35,
2024-01-08T09:00:00+00:00,36.44,51.63,8.52,70.47,20,40,Paris,,48.8566,2.3522,35,
2024-01-08T10:00:00+00:00,37.45,50.67,8.33,71.6,20,40,Paris,,48.8566,2.3522,35,
2024-01-08T11:00:00+00:00,40.78,51.92,6.79,79.16,20,40,Paris,,48.8566,2.3522,35,
2024-01-08T12:00:00+00:00,37.44,53.98,6.22,74.16,20,40,Paris,,48.8566,2.3522,35,
2024-01-08T13:00:00+00:00,30.73,41.91,4.12,67.18,20,40,Paris,,48.8566,2.3522,35,
2024-01-08T14:00:00+00:00,33.47,48.35,4.42,66.49,20,40,Paris,,48.8566,2.3522,35,
2024-01-08T15:00:00+00:00,27.67,34.28,1.52,58.65,20,40,Paris,,48.8566,2.3522,35,
2024-01-08T16:00:00+00:00,30.04,37.18,0.09,58.36,20,40,Paris,,48.8566,2.3522,35,
2024-01-08T17:00:00+00:00,27.36,36.48,1.76,54.84,20,40,Paris,,48.8566,2.3522,35,
2024-01-08T18:00:00+00:00,38.5,54.49,0.08,59.77,20,40,Paris,,48.8566,2.3522,35,
2024-01-08T19:00:00+00:00,38.41,55.33,-0.35,67.5,20,40,Paris,,48.8566,2.3522,35,
2024-01-08T20:00:00+00:00,37.94,47.75,2.69,59.98,20,40,Paris,,48.8566,2.3522,35,
2024-01-08T21:00:00+00:00,29.41,35.81,2.06,65.12,20,40,Paris,,48.8566,2.3522,35,
2024-01-08T22:00:00+00:00,36.49,52.82,2.12,60.86,20,40,Paris,,48.8566,2.3522,35,
2024-01-08T23:00:00+00:00,30.68,43.74,5.45,72.95,20,40,Paris,,48.8566,2.3522,35,
2024-01-09T00:00:00+00:00,38.0,54.76,3.78,71.43,20,40,Paris,,48.8566,2.3522,35,
2024-01-09T01:00:00+00:00,33.07,45.75,4.59,80.09,20,40,Paris,,48.8566,2.3522,35,
2024-01-09T02:00:00+00:00,31.72,40.48,6.15,80.46,20,40,Paris,,48.8566,2.3522,35,
2024-01-09T03:00:00+00:00,35.42,44.81,8.42,69.57,20,40,Paris,,48.8566,2.3522,35,
2024-01-09T04:00:00+00:00,33.84,42.07,8.7,80.38,20,40,Paris,,48.8566,2.3522,35,
2024-01-09T05:00:00+00:00,37.8,52.81,8.27,87.63,20,40,Paris,,48.8566,2.3522,35,
2024-01-09T06:00:00+00:00,30.29,43.87,8.86,73.98,20,40,Paris,,48.8566,2.3522,35,
2024-01-09T07:00:00+00:00,32.59,47.9,7.41,77.15,20,40,Paris,,48.8566,2.3522,35,
2024-01-09T08:00:00+00:00,35.29,49.2,8.86,72.97,20,40,Paris,,48.8566,2.3522,35,
2024-01-09T09:00:00+00:00,30.24,38.1,7.17,81.64,20,40,Paris,,48.8566,2.3522,35,
2024-01-09T10:00:00+00:00,29.68,41.75,7.28,67.67,20,40,Paris,,48.8566,2.3522,35,
2024-01-09T11:00:00+00:00,30.18,43.34,6.76,75.68,20,40,Paris,,48.8566,2.3522,35,
2024-01-09T12:00:00+00:00,36.58,48.99,6.03,68.34,20,40,Paris,,48.8566,2.3522,35,
2024-01-09T13:00:00+00:00,38.38,53.42,2.93,73.13,20,40,Paris,,48.8566,2.3522,35,
2024-01-09T14:00:00+00:00,39.02,54.71,3.18,65.55,20,40,Paris,,48.8566,2.3522,35,
2024-01-09T15:00:00+00:00,29.88,44.18,2.03,64.92,20,40,Paris,,48.8566,2.3522,35,
2024-01-09T16:00:00+00:00,32.86,44.85,1.31,55.35,20,40,Paris,,48.8566,2.3522,35,
2024-01-09T17:00:00+00:00,37.22,50.42,1.45,61.36,20,40,Paris,,48.8566,2.3522,35,
2024-01-09T18:00:00+00:00,33.68,45.89,0.0,54.89,20,40,Paris,,48.8566,2.3522,35,
2024-01-09T19:00:00+00:00,27.42,39.93,2.58,58.02,20,40,Paris,,48.8566,2.3522,35,
2024-01-09T20:00:00+00:00,38.98,55.17,0.96,63.66,20,40,Paris,,48.8566,2.3522,35,
2024-01-09T21:00:00+00:00,31.5,40.16,1.76,63.18,20,40,Paris,,48.8566,2.3522,35,
2024-01-09T22:00:00+00:00,29.7,41.13,2.77,61.13,20,40,Paris,,48.8566,2.3522,35,
2024-01-09T23:00:00+00:00,34.46,44.36,3.41,70.28,20,40,Paris,,48.8566,2.3522,35,
2024-01-10T00:00:00+00:00,34.42,44.2,5.47,69.26,20,40,Paris,,48.8566,2.3522,35,
2024-01-10T01:00:00+00:00,35.93,51.13,7.3,66.27,20,40,Paris,,48.8566,2.3522,35,
2024-01-10T02:00:00+00:00,30.42,41.6,7.09,82.99,20,40,Paris,,48.8566,2.3522,35,
2024-01-10T03:00:00+00:00,37.6,50.04,7.66,70.93,20,40,Paris,,48.8566,2.3522,35,
2024-01-10T04:00:00+00:00,31.54,43.07,9.84,72.42,20,40,Paris,,48.8566,2.3522,35,
2024-01-10T05:00:00+00:00,31.22,41.09,7.71,76.58,20,40,Paris,,48.8566,2.3522,35,
2024-01-10T06:00:00+00:00,40.39,53.25,9.0,81.91,20,40,Paris,,48.8566,2.3522,35,
2024-01-10T07:00:00+00:00,34.15,46.85,10.12,83.34,20,40,Paris,,48.8566,2.3522,35,
2024-01-10T08:00:00+00:00,41.44,55.01,9.03,84.96,20,40,Paris,,48.8566,2.3522,35,
2024-01-10T09:00:00+00:00,37.04,51.9,6.81,69.86,20,40,Paris,,48.8566,2.3522,35,
2024-01-10T10:00:00+00:00,29.13,42.7,7.55,68.84,20,40,Paris,,48.8566,2.3522,35,
2024-01-10T11:00:00+00:00,31.09,41.21,5.54,69.83,20,40,Paris,,48.8566,2.3522,35,
2024-01-10T12:00:00+00:00,32.99,44.37,5.67,72.79,20,40,Paris,,48.8566,2.3522,35,
2024-01-10T13:00:00+00:00,29.88,36.82,4.97,62.61,20,40,Paris,,48.8566,2.3522,35,
2024-01-10T14:00:00+00:00,35.86,45.67,1.75,66.34,20,40,Paris,,48.8566,2.3522,35,
2024-01-10T15:00:00+00:00,40.32,51.5,2.83,70.44,20,40,Paris,,48.8566,2.3522,35,
2024-01-10T16:00:00+00:00,38.55,54.89,0.71,63.66,20,40,Paris,,48.8566,2.3522,35,
2024-01-10T17:00:00+00:00,34.13,42.88,-0.16,57.51,20,40,Paris,,48.8566,2.3522,35,
2024-01-10T18:00:00+00:00,35.45,44.6,1.49,57.6,20,40,Paris,,48.8566,2.3522,35,
2024-01-10T19:00:00+00:00,37.74,53.83,2.09,53.92,20,40,Paris,,48.8566,2.3522,35,
2024-01-10T20:00:00+00:00,32.28,42.94,2.71,59.84,20,40,Paris,,48.8566,2.3522,35,
2024-01-10T21:00:00+00:00,31.4,41.39,1.89,61.22,20,40,Paris,,48.8566,2.3522,35,
2024-01-10T22:00:00+00:00,35.49,44.42,1.76,67.47,20,40,Paris,,48.8566,2.3522,35,
2024-01-10T23:00:00+00:00,34.45,44.67,4.56,63.77,20,40,Paris,,48.8566,2.3522,35,
2024-01-11T00:00:00+00:00,32.37,45.19,6.33,76.86,20,40,Paris,,48.8566,2.3522,35,
2024-01-11T01:00:00+00:00,31.01,41.18,7.21,68.21,20,40,Paris,,48.8566,2.3522,35,
2024-01-11T02:00:00+00:00,37.75,48.65,6.07,77.74,20,40,Paris,,48.8566,2.3522,35,
2024-01-11T03:00:00+00:00,31.14,44.34,9.31,84.93,20,40,Paris,,48.8566,2.3522,35,
2024-01-11T04:00:00+00:00,37.01,53.62,9.81,73.23,20,40,Paris,,48.8566,2.3522,35,
2024-01-11T05:00:00+00:00,30.16,36.88,10.04,76.54,20,40,Paris,,48.8566,2.3522,35,
2024-01-11T06:00:00+00:00,31.27,41.31,9.75,75.76,20,40,Paris,,48.8566,2.3522,35,
2024-01-11T07:00:00+00:00,38.8,51.52,7.63,74.72,20,40,Paris,,48.8566,2.3522,35,
2024-01-11T08:00:00+00:00,37.36,47.78,8.63,77.62,20,40,Paris,,48.8566,2.3522,35,
2024-01-11T09:00:00+00:00,41.83,53.18,7.07,84.83,20,40,Paris,,48.8566,2.3522,35,
2024-01-11T10:00:00+00:00,35.55,51.92,6.12,81.5,20,40,Paris,,48.8566,2.3522,35,
2024-01-11T11:00:00+00:00,38.34,48.78,6.31,66.73,20,40,Paris,,48.8566,2.3522,35,
2024-01-11T12:00:00+00:00,31.25,38.88,6.48,66.87,20,40,Paris,,48.8566,2.3522,35,
2024-01-11T13:00:00+00:00,37.81,51.86,3.78,71.72,20,40,Paris,,48.8566,2.3522,35,
2024-01-11T14:00:00+00:00,34.79,47.63,2.18,60.76,20,40,Paris,,48.8566,2.3522,35,
2024-01-11T15:00:00+00:00,29.31,36.08,0.68,57.08,20,40,Paris,,48.8566,2.3522,35,
2024-01-11T16:00:00+00:00,33.75,42.86,1.52,60.4,20,40,Paris,,48.8566,2.3522,35,
2024-01-11T17:00:00+00:00,30.4,39.71,1.32,66.59,20,40,Paris,,48.8566,2.3522,35,
2024-01-11T18:00:00+00:00,27.85,36.45,0.91,59.29,20,40,Paris,,48.8566,2.3522,35,
2024-01-11T19:00:00+00:00,34.22,43.81,-0.14,59.72,20,40,Paris,,48.8566,2.3522,35,
2024-01-11T20:00:00+00:00,36.82,53.58,1.47,66.3,20,40,Paris,,48.8566,2.3522,35,
2024-01-11T21:00:00+00:00,32.92,41.29,2.78,64.7,20,40,Paris,,48.8566,2.3522,35,
2024-01-11T22:00:00+00:00,34.96,47.08,3.39,71.14,20,40,Paris,,48.8566,2.3522,35,
2024-01-11T23:00:00+00:00,37.31,52.64,4.44,64.33,20,40,Paris,,48.8566,2.3522,35,
2024-01-12T00:00:00+00:00,37.88,53.74,4.92,73.17,20,40,Paris,,48.8566,2.3522,35,
2024-01-12T01:00:00+00:00,34.23,42.51,7.16,79.61,20,40,Paris,,48.8566,2.3522,35,
2024-01-12T02:00:00+00:00,40.87,51.36,7.27,82.26,20,40,Paris,,48.8566,2.3522,35,
2024-01-12T03:00:00+00:00,34.27,47.82,6.55,74.89,20,40,Paris,,48.8566,2.3522,35,
2024-01-12T04:00:00+00:00,34.42,47.31,7.39,78.3,20,40,Paris,,48.8566,2.3522,35,
2024-01-12T05:00:00+00:00,33.74,49.09,7.58,81.93,20,40,Paris,,48.8566,2.3522,35,
2024-01-12T06:00:00+00:00,34.32,49.01,9.22,82.53,20,40,Paris,,48.8566,2.3522,35,
2024-01-12T07:00:00+00:00,38.35,52.07,8.84,74.21,20,40,Paris,,48.8566,2.3522,35,
2024-01-12T08:00:00+00:00,34.49,47.52,9.62,79.21,20,40,Paris,,48.8566,2.3522,35,
2024-01-12T09:00:00+00:00,30.33,38.28,8.37,75.62,20,40,Paris,,48.8566,2.3522,35,
2024-01-12T10:00:00+00:00,35.12,48.04,6.09,76.16,20,40,Paris,,48.8566,2.3522,35,
2024-01-12T11:00:00+00:00,33.74,42.74,5.87,68.37,20,40,Paris,,48.8566,2.3522,35,
2024-01-12T12:00:00+00:00,38.72,55.12,5.05,70.72,20,40,Paris,,48.8566,2.3522,35,
2024-01-12T13:00:00+00:00,31.75,45.83,3.16,74.58,20,40,Paris,,48.8566,2.3522,35,
2024-01-12T14:00:00+00:00,30.75,39.95,3.88,67.72,20,40,Paris,,48.8566,2.3522,35,
2024-01-12T15:00:00+00:00,36.52,49.56,2.15,55.12,20,40,Paris,,48.8566,2.3522,35,
2024-01-12T16:00:00+00:00,34.59,48.72,1.88,66.58,20,40,Paris,,48.8566,2.3522,35,
2024-01-12T17:00:00+00:00,30.86,40.08,1.26,55.33,20,40,Paris,,48.8566,2.3522,35,
2024-01-12T18:00:00+00:00,30.73,43.69,-0.08,65.04,20,40,Paris,,48.8566,2.3522,35,
2024-01-12T19:00:00+00:00,30.34,37.53,2.46,60.96,20,40,Paris,,48.8566,2.3522,35,
2024-01-12T20:00:00+00:00,34.38,42.85,2.38,65.64,20,40,Paris,,48.8566,2.3522,35,
2024-01-12T21:00:00+00:00,35.58,47.87,3.02,62.47,20,40,Paris,,48.8566,2.3522,35,
2024-01-12T22:00:00+00:00,31.88,40.87,3.65,61.48,20,40,Paris,,48.8566,2.3522,35,
2024-01-12T23:00:00+00:00,28.55,42.01,4.51,63.89,20,40,Paris,,48.8566,2.3522,35,
2024-01-13T00:00:00+00:00,33.08,40.67,6.09,69.15,20,40,Paris,,48.8566,2.3522,35,
2024-01-13T01:00:00+00:00,38.27,54.1,4.98,71.23,20,40,Paris,,48.8566,2.3522,35,
2024-01-13T02:00:00+00:00,29.17,38.2,8.46,72.77,20,40,Paris,,48.8566,2.3522,35,
2024-01-13T03:00:00+00:00,32.9,48.19,6.46,83.91,20,40,Paris,,48.8566,2.3522,35,
2024-01-13T04:00:00+00:00,37.24,48.02,7.56,74.13,20,40,Paris,,48.8566,2.3522,35,
2024-01-13T05:00:00+00:00,38.69,55.52,9.28,76.33,20,40,Paris,,48.8566,2.3522,35,
2024-01-13T06:00:00+00:00,37.13,52.01,9.51,86.9,20,40,Paris,,48.8566,2.3522,35,
2024-01-13T07:00:00+00:00,30.92,42.6,9.01,76.69,20,40,Paris,,48.8566,2.3522,35,
2024-01-13T08:00:00+00:00,31.65,43.26,9.62,86.48,20,40,Paris,,48.8566,2.3522,35,
2024-01-13T09:00:00+00:00,35.57,46.62,7.35,81.61,20,40,Paris,,48.8566,2.3522,35,
2024-01-13T10:00:00+00:00,38.45,54.42,7.2,70.71,20,40,Paris,,48.8566,2.3522,35,
2024-01-13T11:00:00+00:00,32.53,44.67,6.35,72.63,20,40,Paris,,48.8566,2.3522,35,
2024-01-13T12:00:00+00:00,32.57,41.37,3.65,64.44,20,40,Paris,,48.8566,2.3522,35,
2024-01-13T13:00:00+00:00,39.08,50.19,2.96,68.32,20,40,Paris,,48.8566,2.3522,35,
2024-01-13T14:00:00+00:00,32.46,47.54,1.79,62.56,20,40,Paris,,48.8566,2.3522,35,
2024-01-13T15:00:00+00:00,28.09,37.07,2.14,62.92,20,40,Paris,,48.8566,2.3522,35,
2024-01-13T16:00:00+00:00,34.08,47.64,2.36,53.59,20,40,Paris,,48.8566,2.3522,35,
2024-01-13T17:00:00+00:00,34.98,49.79,0.17,67.07,20,40,Paris,,48.8566,2.3522,35,
2024-01-13T18:00:00+00:00,34.23,44.7,0.6,56.06,20,40,Paris,,48.8566,2.3522,35,
2024-01-13T19:00:00+00:00,30.94,38.92,1.89,65.11,20,40,Paris,,48.8566,2.3522,35,
2024-01-13T20:00:00+00:00,37.91,47.86,1.09,62.66,20,40,Paris,,48.8566,2.3522,35,
2024-01-13T21:00:00+00:00,38.87,55.71,3.26,64.0,20,40,Paris,,48.8566,2.3522,35,
2024-01-13T22:00:00+00:00,31.48,39.25,3.07,65.41,20,40,Paris,,48.8566,2.3522,35,
2024-01-13T23:00:00+00:00,35.05,45.01,4.5,71.75,20,40,Paris,,48.8566,2.3522,35,
2024-01-14T00:00:00+00:00,30.17,38.56,4.57,63.87,20,40,Paris,,48.8566,2.3522,35,
2024-01-14T01:00:00+00:00,38.6,52.21,4.55,70.49,20,40,Paris,,48.8566,2.3522,35,
2024-01-14T02:00:00+00:00,37.42,54.04,6.98,68.52,20,40,Paris,,48.8566,2.3522,35,
2024-01-14T03:00:00+00:00,33.2,41.52,8.4,84.42,20,40,Paris,,48.8566,2.3522,35,
2024-01-14T04:00:00+00:00,37.64,49.11,7.48,72.97,20,40,Paris,,48.8566,2.3522,35,
2024-01-14T05:00:00+00:00,33.69,44.02,9.89,78.81,20,40,Paris,,48.8566,2.3522,35,
2024-01-14T06:00:00+00:00,37.53,54.15,9.4,80.17,20,40,Paris,,48.8566,2.3522,35,
2024-01-14T07:00:00+00:00,37.02,46.16,9.54,77.72,20,40,Paris,,48.8566,2.3522,35,
2024-01-14T08:00:00+00:00,35.67,44.61,7.9,83.47,20,40,Paris,,48.8566,2.3522,35,
2024-01-14T09:00:00+00:00,31.35,45.65,6.76,76.68,20,40,Paris,,48.8566,2.3522,35,
2024-01-14T10:00:00+00:00,36.18,45.14,6.31,74.37,20,40,Paris,,48.8566,2.3522,35,
2024-01-14T11:00:00+00:00,31.85,45.84,6.69,75.9,20,40,Paris,,48.8566,2.3522,35,
2024-01-14T12:00:00+00:00,37.22,50.5,4.92,67.67,20,40,Paris,,48.8566,2.3522,35,
2024-01-14T13:00:00+00:00,33.92,41.99,3.92,74.71,20,40,Paris,,48.8566,2.3522,35,
2024-01-14T14:00:00+00:00,30.88,40.74,4.22,66.66,20,40,Paris,,48.8566,2.3522,35,
2024-01-14T15:00:00+00:00,28.6,35.95,2.96,64.71,20,40,Paris,,48.8566,2.3522,35,
2024-01-14T16:00:00+00:00,37.55,47.49,2.8,62.44,20,40,Paris,,48.8566,2.3522,35,
2024-01-14T17:00:00+00:00,29.65,42.39,-0.26,56.65,20,40,Paris,,48.8566,2.3522,35,
2024-01-14T18:00:00+00:00,30.16,42.13,0.56,64.66,20,40,Paris,,48.8566,2.3522,35,
2024-01-14T19:00:00+00:00,34.63,48.17,2.23,60.31,20,40,Paris,,48.8566,2.3522,35,
2024-01-14T20:00:00+00:00,28.53,35.24,2.27,58.84,20,40,Paris,,48.8566,2.3522,35,
2024-01-14T21:00:00+00:00,28.5,39.67,3.56,66.17,20,40,Paris,,48.8566,2.3522,35,
2024-01-14T22:00:00+00:00,32.47,40.33,3.88,65.13,20,40,Paris,,48.8566,2.3522,35,
2024-01-14T23:00:00+00:00,34.39,44.24,3.77,61.93,20,40,Paris,,48.8566,2.3522,35,
2024-01-15T00:00:00+00:00,35.6,49.53,3.97,63.17,20,40,Paris,,48.8566,2.3522,35,
2024-01-15T01:00:00+00:00,34.99,44.54,7.24,68.37,20,40,Paris,,48.8566,2.3522,35,
2024-01-15T02:00:00+00:00,35.61,48.76,8.11,68.47,20,40,Paris,,48.8566,2.3522,35,
2024-01-15T03:00:00+00:00,35.97,50.84,6.95,81.41,20,40,Paris,,48.8566,2.3522,35,
2024-01-15T04:00:00+00:00,35.77,49.71,8.46,84.22,20,40,Paris,,48.8566,2.3522,35,
2024-01-15T05:00:00+00:00,32.93,44.41,8.43,74.72,20,40,Paris,,48.8566,2.3522,35,
2024-01-15T06:00:00+00:00,36.78,52.31,7.79,81.96,20,40,Paris,,48.8566,2.3522,35,
2024-01-15T07:00:00+00:00,39.03,50.77,9.6,85.44,20,40,Paris,,48.8566,2.3522,35,
2024-01-15T08:00:00+00:00,34.95,43.45,7.1,80.82,20,40,Paris,,48.8566,2.3522,35,
2024-01-15T09:00:00+00:00,34.66,49.61,7.13,83.45,20,40,Paris,,48.8566,2.3522,35,
2024-01-15T10:00:00+00:00,32.52,46.19,6.36,69.22,20,40,Paris,,48.8566,2.3522,35,
2024-01-15T11:00:00+00:00,39.19,50.74,5.79,79.35,20,40,Paris,,48.8566,2.3522,35,
2024-01-15T12:00:00+00:00,39.76,51.71,5.36,77.49,20,40,Paris,,48.8566,2.3522,35,
2024-01-15T13:00:00+00:00,32.57,46.4,4.77,61.28,20,40,Paris,,48.8566,2.3522,35,
2024-01-15T14:00:00+00:00,33.59,44.47,3.19,72.39,20,40,Paris,,48.8566,2.3522,35,
2024-01-15T15:00:00+00:00,33.43,46.04,2.65,58.38,20,40,Paris,,48.8566,2.3522,35,
2024-01-15T16:00:00+00:00,32.32,41.11,0.19,62.68,20,40,Paris,,48.8566,2.3522,35,
2024-01-15T17:00:00+00:00,34.3,49.58,1.62,53.85,20,40,Paris,,48.8566,2.3522,35,
2024-01-15T18:00:00+00:00,36.38,50.56,0.32,58.86,20,40,Paris,,48.8566,2.3522,35,
2024-01-15T19:00:00+00:00,36.39,49.54,1.45,52.87,20,40,Paris,,48.8566,2.3522,35,
2024-01-15T20:00:00+00:00,38.89,49.15,2.58,64.83,20,40,Paris,,48.8566,2.3522,35,
2024-01-15T21:00:00+00:00,35.43,49.2,2.65,68.63,20,40,Paris,,48.8566,2.3522,35,
2024-01-15T22:00:00+00:00,31.71,43.15,4.47,63.55,20,40,Paris,,48.8566,2.3522,35,
2024-01-15T23:00:00+00:00,36.77,46.7,4.02,61.93,20,40,Paris,,48.8566,2.3522,35,
2024-01-16T00:00:00+00:00,39.8,55.65,4.53,69.55,20,40,Paris,,48.8566,2.3522,35,
2024-01-16T01:00:00+00:00,31.2,44.97,4.65,75.51,20,40,Paris,,48.8566,2.3522,35,
2024-01-16T02:00:00+00:00,34.59,44.77,7.46,79.79,20,40,Paris,,48.8566,2.3522,35,
2024-01-16T03:00:00+00:00,39.42,51.02,7.11,73.7,20,40,Paris,,48.8566,2.3522,35,
2024-01-16T04:00:00+00:00,32.13,42.38,7.56,78.52,20,40,Paris,,48.8566,2.3522,35,
2024-01-16T05:00:00+00:00,41.59,59.69,8.88,87.25,20,40,Paris,,48.8566,2.3522,35,
2024-01-16T06:00:00+00:00,28.75,35.39,10.34,72.11,20,40,Paris,,48.8566,2.3522,35,
2024-01-16T07:00:00+00:00,32.05,42.87,9.23,75.61,20,40,Paris,,48.8566,2.3522,35,
2024-01-16T08:00:00+00:00,37.53,53.01,9.14,76.9,20,40,Paris,,48.8566,2.3522,35,
2024-01-16T09:00:00+00:00,39.55,56.19,7.13,74.89,20,40,Paris,,48.8566,2.3522,35,
2024-01-16T10:00:00+00:00,30.24,38.9,7.23,79.45,20,40,Paris,,48.8566,2.3522,35,
2024-01-16T11:00:00+00:00,36.29,46.51,5.91,75.7,20,40,Paris,,48.8566,2.3522,35,
2024-01-16T12:00:00+00:00,36.49,51.87,3.81,76.77,20,40,Paris,,48.8566,2.3522,35,
2024-01-16T13:00:00+00:00,35.57,50.97,4.95,67.98,20,40,Paris,,48.8566,2.3522,35,
2024-01-16T14:00:00+00:00,34.06,44.04,2.58,61.92,20,40,Paris,,48.8566,2.3522,35,
2024-01-16T15:00:00+00:00,30.95,41.95,3.31,58.23,20,40,Paris,,48.8566,2.3522,35,
2024-01-16T16:00:00+00:00,33.09,47.48,1.74,58.63,20,40,Paris,,48.8566,2.3522,35,
2024-01-16T17:00:00+00:00,36.3,45.08,0.04,54.04,20,40,Paris,,48.8566,2.3522,35,
2024-01-16T18:00:00+00:00,29.15,40.51,1.52,55.15,20,40,Paris,,48.8566,2.3522,35,
2024-01-16T19:00:00+00:00,36.34,51.37,2.37,56.16,20,40,Paris,,48.8566,2.3522,35,
2024-01-16T20:00:00+00:00,34.45,45.41,0.4,55.59,20,40,Paris,,48.8566,2.3522,35,
2024-01-16T21:00:00+00:00,35.66,51.77,1.57,65.48,20,40,Paris,,48.8566,2.3522,35,
2024-01-16T22:00:00+00:00,36.62,46.34,3.78,65.8,20,40,Paris,,48.8566,2.3522,35,
2024-01-16T23:00:00+00:00,33.59,43.68,5.36,74.33,20,40,Paris,,48.8566,2.3522,35,
2024-01-17T00:00:00+00:00,34.09,49.47,5.21,77.28,20,40,Paris,,48.8566,2.3522,35,
2024-01-17T01:00:00+00:00,35.15,47.96,7.27,70.87,20,40,Paris,,48.8566,2.3522,35,
2024-01-17T02:00:00+00:00,32.11,41.45,5.9,71.8,20,40,Paris,,48.8566,2.3522,35,
2024-01-17T03:00:00+00:00,31.86,42.62,9.07,69.42,20,40,Paris,,48.8566,2.3522,35,
2024-01-17T04:00:00+00:00,37.55,53.03,7.82,73.98,20,40,Paris,,48.8566,2.3522,35,
2024-01-17T05:00:00+00:00,33.26,44.7,8.46,75.0,20,40,Paris,,48.8566,2.3522,35,
2024-01-17T06:00:00+00:00,38.7,53.31,9.08,78.73,20,40,Paris,,48.8566,2.3522,35,
2024-01-17T07:00:00+00:00,34.09,45.93,8.06,86.95,20,40,Paris,,48.8566,2.3522,35,
2024-01-17T08:00:00+00:00,35.76,50.62,7.93,72.76,20,40,Paris,,48.8566,2.3522,35,
2024-01-17T09:00:00+00:00,37.59,48.74,7.88,71.83,20,40,Paris,,48.8566,2.3522,35,
2024-01-17T10:00:00+00:00,38.58,54.59,7.93,76.01,20,40,Paris,,48.8566,2.3522,35,
2024-01-17T11:00:00+00:00,35.06,47.23,6.29,64.9,20,40,Paris,,48.8566,2.3522,35,
2024-01-17T12:00:00+00:00,37.12,50.68,5.8,68.77,20,40,Paris,,48.8566,2.3522,35,
2024-01-17T13:00:00+00:00,29.95,44.27,3.07,68.57,20,40,Paris,,48.8566,2.3522,35,
2024-01-17T14:00:00+00:00,29.88,39.4,2.35,70.87,20,40,Paris,,48.8566,2.3522,35,
2024-01-17T15:00:00+00:00,33.24,42.9,0.93,59.13,20,40,Paris,,48.8566,2.3522,35,
2024-01-17T16:00:00+00:00,37.85,51.25,0.31,63.1,20,40,Paris,,48.8566,2.3522,35,
2024-01-17T17:00:00+00:00,31.53,42.08,1.66,58.86,20,40,Paris,,48.8566,2.3522,35,
2024-01-17T18:00:00+00:00,29.32,41.55,1.34,58.35,20,40,Paris,,48.8566,2.3522,35,
2024-01-17T19:00:00+00:00,37.94,55.05,1.6,61.82,20,40,Paris,,48.8566,2.3522,35,
2024-01-17T20:00:00+00:00,36.24,46.16,2.03,67.8,20,40,Paris,,48.8566,2.3522,35,
2024-01-17T21:00:00+00:00,31.48,39.89,1.05,70.05,20,40,Paris,,48.8566,2.3522,35,
2024-01-17T22:00:00+00:00,31.07,42.52,2.42,64.05,20,40,Paris,,48.8566,2.3522,35,
2024-01-17T23:00:00+00:00,38.19,51.44,3.72,74.26,20,40,Paris,,48.8566,2.3522,35,
2024-01-18T00:00:00+00:00,38.77,48.52,5.15,72.61,20,40,Paris,,48.8566,2.3522,35,
2024-01-18T01:00:00+00:00,30.59,40.99,5.37,66.03,20,40,Paris,,48.8566,2.3522,35,
2024-01-18T02:00:00+00:00,39.11,52.92,7.15,77.32,20,40,Paris,,48.8566,2.3522,35,
2024-01-18T03:00:00+00:00,35.33,46.44,7.29,75.88,20,40,Paris,,48.8566,2.3522,35,
2024-01-18T04:00:00+00:00,29.91,36.88,9.61,78.83,20,40,Paris,,48.8566,2.3522,35,
2024-01-18T05:00:00+00:00,37.33,46.46,10.0,72.6,20,40,Paris,,48.8566,2.3522,35,
2024-01-18T06:00:00+00:00,38.34,55.12,9.93,76.37,20,40,Paris,,48.8566,2.3522,35,
2024-01-18T07:00:00+00:00,37.92,49.69,7.96,72.54,20,40,Paris,,48.8566,2.3522,35,
2024-01-18T08:00:00+00:00,31.34,40.49,8.95,76.38,20,40,Paris,,48.8566,2.3522,35,
2024-01-18T09:00:00+00:00,31.06,44.94,8.04,78.37,20,40,Paris,,48.8566,2.3522,35,
2024-01-18T10:00:00+00:00,29.67,43.11,7.1,71.29,20,40,Paris,,48.8566,2.3522,35,
2024-01-18T11:00:00+00:00,39.26,52.51,5.06,73.27,20,40,Paris,,48.8566,2.3522,35,
2024-01-18T12:00:00+00:00,39.57,52.94,4.38,73.36,20,40,Paris,,48.8566,2.3522,35,
2024-01-18T13:00:00+00:00,29.49,38.21,4.45,67.73,20,40,Paris,,48.8566,2.3522,35,
2024-01-18T14:00:00+00:00,29.28,38.78,1.71,63.34,20,40,Paris,,48.8566,2.3522,35,
2024-01-18T15:00:00+00:00,38.03,47.45,0.9,70.35,20,40,Paris,,48.8566,2.3522,35,
2024-01-18T16:00:00+00:00,35.87,49.38,2.31,68.92,20,40,Paris,,48.8566,2.3522,35,
2024-01-18T17:00:00+00:00,29.38,36.0,1.54,57.1,20,40,Paris,,48.8566,2.3522,35,
2024-01-18T18:00:00+00:00,34.41,46.53,1.95,52.43,20,40,Paris,,48.8566,2.3522,35,
2024-01-18T19:00:00+00:00,35.66,50.06,0.77,53.39,20,40,Paris,,48.8566,2.3522,35,
2024-01-18T20:00:00+00:00,37.83,53.7,0.37,64.2,20,40,Paris,,48.8566,2.3522,35,
2024-01-18T21:00:00+00:00,33.71,46.22,3.4,60.66,20,40,Paris,,48.8566,2.3522,35,
2024-01-18T22:00:00+00:00,28.95,40.9,2.73,61.77,20,40,Paris,,48.8566,2.3522,35,
2024-01-18T23:00:00+00:00,34.06,43.75,4.6,64.12,20,40,Paris,,48.8566,2.3522,35,
2024-01-19T00:00:00+00:00,30.9,38.33,4.67,67.41,20,40,Paris,,48.8566,2.3522,35,
2024-01-19T01:00:00+00:00,35.13,49.98,6.52,79.78,20,40,Paris,,48.8566,2.3522,35,
2024-01-19T02:00:00+00:00,31.46,41.19,8.34,73.65,20,40,Paris,,48.8566,2.3522,35,
2024-01-19T03:00:00+00:00,28.67,40.89,8.79,69.9,20,40,Paris,,48.8566,2.3522,35,
2024-01-19T04:00:00+00:00,39.32,53.99,7.55,74.31,20,40,Paris,,48.8566,2.3522,35,
2024-01-19T05:00:00+00:00,38.12,49.53,9.06,72.38,20,40,Paris,,48.8566,2.3522,35,
2024-01-19T06:00:00+00:00,30.74,41.84,10.49,73.52,20,40,Paris,,48.8566,2.3522,35,
2024-01-19T07:00:00+00:00,39.2,56.19,8.11,78.76,20,40,Paris,,48.8566,2.3522,35,
2024-01-19T08:00:00+00:00,34.82,49.72,8.4,86.22,20,40,Paris,,48.8566,2.3522,35,
2024-01-19T09:00:00+00:00,28.57,38.67,8.74,73.22,20,40,Paris,,48.8566,2.3522,35,
2024-01-19T10:00:00+00:00,32.28,43.99,8.24,80.79,20,40,Paris,,48.8566,2.3522,35,
2024-01-19T11:00:00+00:00,30.35,41.75,5.34,77.18,20,40,Paris,,48.8566,2.3522,35,
2024-01-19T12:00:00+00:00,36.86,53.01,6.11,77.6,20,40,Paris,,48.8566,2.3522,35,
2024-01-19T13:00:00+00:00,36.71,45.63,3.98,63.97,20,40,Paris,,48.8566,2.3522,35,
2024-01-19T14:00:00+00:00,28.58,38.81,2.34,60.22,20,40,Paris,,48.8566,2.3522,35,
2024-01-19T15:00:00+00:00,28.67,40.84,1.67,56.58,20,40,Paris,,48.8566,2.3522,35,
2024-01-19T16:00:00+00:00,36.54,46.69,0.85,63.84,20,40,Paris,,48.8566,2.3522,35,
2024-01-19T17:00:00+00:00,35.65,47.23,1.37,63.81,20,40,Paris,,48.8566,2.3522,35,
2024-01-19T18:00:00+00:00,28.69,37.58,2.19,52.05,20,40,Paris,,48.8566,2.3522,35,
2024-01-19T19:00:00+00:00,30.46,40.45,1.15,61.9,20,40,Paris,,48.8566,2.3522,35,
2024-01-19T20:00:00+00:00,37.71,47.7,1.97,68.62,20,40,Paris,,48.8566,2.3522,35,
2024-01-19T21:00:00+00:00,33.37,48.8,2.57,55.28,20,40,Paris,,48.8566,2.3522,35,
2024-01-19T22:00:00+00:00,34.64,44.45,3.29,65.92,20,40,Paris,,48.8566,2.3522,35,
2024-01-19T23:00:00+00:00,31.98,42.07,3.03,68.87,20,40,Paris,,48.8566,2.3522,35,
2024-01-20T00:00:00+00:00,30.42,40.6,5.7,77.41,20,40,Paris,,48.8566,2.3522,35,
2024-01-20T01:00:00+00:00,31.45,42.98,7.28,73.11,20,40,Paris,,48.8566,2.3522,35,
2024-01-20T02:00:00+00:00,36.17,50.65,6.38,68.29,20,40,Paris,,48.8566,2.3522,35,
2024-01-20T03:00:00+00:00,32.58,47.42,7.88,70.63,20,40,Paris,,48.8566,2.3522,35,
2024-01-20T04:00:00+00:00,34.91,43.36,9.52,84.65,20,40,Paris,,48.8566,2.3522,35,
2024-01-20T05:00:00+00:00,37.52,50.93,8.67,85.56,20,40,Paris,,48.8566,2.3522,35,
2024-01-20T06:00:00+00:00,37.14,50.06,9.39,84.4,20,40,Paris,,48.8566,2.3522,35,
2024-01-20T07:00:00+00:00,38.45,55.85,7.72,79.29,20,40,Paris,,48.8566,2.3522,35,
2024-01-20T08:00:00+00:00,36.12,46.22,7.85,84.12,20,40,Paris,,48.8566,2.3522,35,
2024-01-20T09:00:00+00:00,38.39,49.17,8.16,80.75,20,40,Paris,,48.8566,2.3522,35,
2024-01-20T10:00:00+00:00,40.12,51.72,6.75,77.05,20,40,Paris,,48.8566,2.3522,35,
2024-01-20T11:00:00+00:00,37.79,48.22,5.86,78.35,20,40,Paris,,48.8566,2.3522,35,
2024-01-20T12:00:00+00:00,29.66,36.74,6.22,73.29,20,40,Paris,,48.8566,2.3522,35,
2024-01-20T13:00:00+00:00,33.31,46.12,2.53,67.77,20,40,Paris,,48.8566,2.3522,35,
2024-01-20T14:00:00+00:00,31.25,40.82,2.08,57.52,20,40,Paris,,48.8566,2.3522,35,
2024-01-20T15:00:00+00:00,33.21,45.81,2.39,62.81,20,40,Paris,,48.8566,2.3522,35,
2024-01-20T16:00:00+00:00,34.65,50.32,1.17,54.4,20,40,Paris,,48.8566,2.3522,35,
2024-01-20T17:00:00+00:00,29.02,41.06,1.99,53.23,20,40,Paris,,48.8566,2.3522,35,
2024-01-20T18:00:00+00:00,37.57,53.92,-0.04,55.42,20,40,Paris,,48.8566,2.3522,35,
2024-01-20T19:00:00+00:00,34.97,46.74,0.06,55.78,20,40,Paris,,48.8566,2.3522,35,
2024-01-20T20:00:00+00:00,31.45,41.85,0.04,54.31,20,40,Paris,,48.8566,2.3522,35,
2024-01-20T21:00:00+00:00,33.26,42.07,1.15,64.58,20,40,Paris,,48.8566,2.3522,35,
2024-01-20T22:00:00+00:00,38.4,55.01,3.28,68.87,20,40,Paris,,48.8566,2.3522,35,
2024-01-20T23:00:00+00:00,31.68,43.87,3.99,71.51,20,40,Paris,,48.8566,2.3522,35,
2024-01-21T00:00:00+00:00,34.18,49.79,4.41,75.42,20,40,Paris,,48.8566,2.3522,35,
2024-01-21T01:00:00+00:00,34.66,43.63,5.67,71.56,20,40,Paris,,48.8566,2.3522,35,
2024-01-21T02:00:00+00:00,37.07,46.57,7.06,82.14,20,40,Paris,,48.8566,2.3522,35,
2024-01-21T03:00:00+00:00,36.64,53.39,6.8,73.29,20,40,Paris,,48.8566,2.3522,35,
2024-01-21T04:00:00+00:00,34.71,46.59,9.1,82.71,20,40,Paris,,48.8566,2.3522,35,
2024-01-21T05:00:00+00:00,30.98,43.2,8.9,73.65,20,40,Paris,,48.8566,2.3522,35,
2024-01-21T06:00:00+00:00,31.17,38.79,8.2,82.61,20,40,Paris,,48.8566,2.3522,35,
2024-01-21T07:00:00+00:00,33.26,44.31,8.8,86.45,20,40,Paris,,48.8566,2.3522,35,
2024-01-21T08:00:00+00:00,34.86,50.52,8.09,72.96,20,40,Paris,,48.8566,2.3522,35,
2024-01-21T09:00:00+00:00,30.37,39.45,7.45,74.13,20,40,Paris,,48.8566,2.3522,35,
2024-01-21T10:00:00+00:00,38.46,53.34,7.0,68.14,20,40,Paris,,48.8566,2.3522,35,
2024-01-21T11:00:00+00:00,37.04,47.72,6.52,70.9,20,40,Paris,,48.8566,2.3522,35,
2024-01-21T12:00:00+00:00,36.0,48.85,4.1,73.0,20,40,Paris,,48.8566,2.3522,35,
2024-01-21T13:00:00+00:00,38.47,48.03,5.19,64.35,20,40,Paris,,48.8566,2.3522,35,
2024-01-21T14:00:00+00:00,32.78,46.88,2.56,60.11,20,40,Paris,,48.8566,2.3522,35,
2024-01-21T15:00:00+00:00,32.57,46.5,1.22,57.96,20,40,Paris,,48.8566,2.3522,35,
2024-01-21T16:00:00+00:00,36.31,51.52,1.36,53.73,20,40,Paris,,48.8566,2.3522,35,
2024-01-21T17:00:00+00:00,35.49,48.9,1.74,55.42,20,40,Paris,,48.8566,2.3522,35,
2024-01-21T18:00:00+00:00,33.42,46.54,0.61,54.46,20,40,Paris,,48.8566,2.3522,35,
2024-01-21T19:00:00+00:00,38.01,50.03,2.01,59.43,20,40,Paris,,48.8566,2.3522,35,
2024-01-21T20:00:00+00:00,33.08,45.19,0.05,56.13,20,40,Paris,,48.8566,2.3522,35,
2024-01-21T21:00:00+00:00,30.44,43.4,0.87,68.99,20,40,Paris,,48.8566,2.3522,35,
2024-01-21T22:00:00+00:00,30.28,37.34,1.53,70.76,20,40,Paris,,48.8566,2.3522,35,
2024-01-21T23:00:00+00:00,36.67,51.71,4.39,71.07,20,40,Paris,,48.8566,2.3522,35,
2024-01-22T00:00:00+00:00,31.03,45.11,5.46,67.73,20,40,Paris,,48.8566,2.3522,35,
2024-01-22T01:00:00+00:00,37.98,48.63,7.44,72.82,20,40,Paris,,48.8566,2.3522,35,
2024-01-22T02:00:00+00:00,29.02,38.36,6.74,67.12,20,40,Paris,,48.8566,2.3522,35,
2024-01-22T03:00:00+00:00,37.41,49.03,9.31,82.55,20,40,Paris,,48.8566,2.3522,35,
2024-01-22T04:00:00+00:00,32.1,46.35,9.07,85.04,20,40,Paris,,48.8566,2.3522,35,
2024-01-22T05:00:00+00:00,38.28,55.29,7.8,78.18,20,40,Paris,,48.8566,2.3522,35,
2024-01-22T06:00:00+00:00,40.59,55.06,8.79,83.68,20,40,Paris,,48.8566,2.3522,35,
2024-01-22T07:00:00+00:00,34.31,44.12,10.26,76.94,20,40,Paris,,48.8566,2.3522,35,
2024-01-22T08:00:00+00:00,29.86,36.96,9.7,82.6,20,40,Paris,,48.8566,2.3522,35,
2024-01-22T09:00:00+00:00,37.65,52.93,7.45,78.68,20,40,Paris,,48.8566,2.3522,35,
2024-01-22T10:00:00+00:00,41.53,56.64,5.6,82.22,20,40,Paris,,48.8566,2.3522,35,
2024-01-22T11:00:00+00:00,37.83,54.29,5.03,76.4,20,40,Paris,,48.8566,2.3522,35,
2024-01-22T12:00:00+00:00,37.37,54.41,5.12,65.64,20,40,Paris,,48.8566,2.3522,35,
2024-01-22T13:00:00+00:00,32.02,42.05,5.4,59.79,20,40,Paris,,48.8566,2.3522,35,
2024-01-22T14:00:00+00:00,38.76,55.38,3.03,66.57,20,40,Paris,,48.8566,2.3522,35,
2024-01-22T15:00:00+00:00,37.88,49.63,1.93,55.33,20,40,Paris,,48.8566,2.3522,35,
2024-01-22T16:00:00+00:00,32.09,43.41,1.13,63.65,20,40,Paris,,48.8566,2.3522,35,
2024-01-22T17:00:00+00:00,36.39,52.86,1.53,65.09,20,40,Paris,,48.8566,2.3522,35,
2024-01-22T18:00:00+00:00,37.96,55.11,1.61,58.7,20,40,Paris,,48.8566,2.3522,35,
2024-01-22T19:00:00+00:00,35.53,48.76,0.01,56.11,20,40,Paris,,48.8566,2.3522,35,
2024-01-22T20:00:00+00:00,27.99,37.18,2.5,62.54,20,40,Paris,,48.8566,2.3522,35,
2024-01-22T21:00:00+00:00,36.75,47.13,3.15,61.16,20,40,Paris,,48.8566,2.3522,35,
2024-01-22T22:00:00+00:00,30.07,39.19,4.46,58.67,20,40,Paris,,48.8566,2.3522,35,
2024-01-22T23:00:00+00:00,32.22,40.66,4.45,72.32,20,40,Paris,,48.8566,2.3522,35,
2024-01-23T00:00:00+00:00,29.51,37.98,4.88,73.91,20,40,Paris,,48.8566,2.3522,35,
2024-01-23T01:00:00+00:00,32.11,43.11,7.3,74.57,20,40,Paris,,48.8566,2.3522,35,
2024-01-23T02:00:00+00:00,28.42,40.08,6.78,68.99,20,40,Paris,,48.8566,2.3522,35,
2024-01-23T03:00:00+00:00,30.11,38.94,9.05,70.61,20,40,Paris,,48.8566,2.3522,35,
2024-01-23T04:00:00+00:00,35.71,46.0,8.83,84.03,20,40,Paris,,48.8566,2.3522,35,
2024-01-23T05:00:00+00:00,38.44,53.51,10.31,87.29,20,40,Paris,,48.8566,2.3522,35,
2024-01-23T06:00:00+00:00,32.48,41.89,9.14,75.28,20,40,Paris,,48.8566,2.3522,35,
2024-01-23T07:00:00+00:00,32.17,43.74,9.01,82.26,20,40,Paris,,48.8566,2.3522,35,
2024-01-23T08:00:00+00:00,31.0,38.31,8.0,70.76,20,40,Paris,,48.8566,2.3522,35,
2024-01-23T09:00:00+00:00,31.68,41.35,6.98,69.82,20,40,Paris,,48.8566,2.3522,35,
2024-01-23T10:00:00+00:00,36.31,47.47,7.8,69.18,20,40,Paris,,48.8566,2.3522,35,
2024-01-23T11:00:00+00:00,34.6,45.49,6.26,65.36,20,40,Paris,,48.8566,2.3522,35,
2024-01-23T12:00:00+00:00,39.96,52.17,3.89,77.88,20,40,Paris,,48.8566,2.3522,35,
2024-01-23T13:00:00+00:00,38.88,48.54,2.93,74.67,20,40,Paris,,48.8566,2.3522,35,
2024-01-23T14:00:00+00:00,38.9,49.96,1.92,63.19,20,40,Paris,,48.8566,2.3522,35,
2024-01-23T15:00:00+00:00,28.86,40.27,2.44,63.68,20,40,Paris,,48.8566,2.3522,35,
2024-01-23T16:00:00+00:00,30.07,43.81,0.44,58.68,20,40,Paris,,48.8566,2.3522,35,
2024-01-23T17:00:00+00:00,29.2,36.54,1.51,65.64,20,40,Paris,,48.8566,2.3522,35,
2024-01-23T18:00:00+00:00,34.25,44.7,0.87,63.4,20,40,Paris,,48.8566,2.3522,35,
2024-01-23T19:00:00+00:00,33.79,42.95,0.08,52.61,20,40,Paris,,48.8566,2.3522,35,
2024-01-23T20:00:00+00:00,30.22,41.24,1.95,54.27,20,40,Paris,,48.8566,2.3522,35,
2024-01-23T21:00:00+00:00,33.4,45.99,1.38,63.72,20,40,Paris,,48.8566,2.3522,35,
2024-01-23T22:00:00+00:00,36.07,46.55,4.28,67.1,20,40,Paris,,48.8566,2.3522,35,
2024-01-23T23:00:00+00:00,33.96,43.35,4.84,74.7,20,40,Paris,,48.8566,2.3522,35,
2024-01-24T00:00:00+00:00,38.77,56.18,4.65,75.57,20,40,Paris,,48.8566,2.3522,35,
2024-01-24T01:00:00+00:00,39.81,54.03,5.3,75.08,20,40,Paris,,48.8566,2.3522,35,
2024-01-24T02:00:00+00:00,29.88,41.36,7.47,67.22,20,40,Paris,,48.8566,2.3522,35,
2024-01-24T03:00:00+00:00,31.88,43.8,8.85,84.14,20,40,Paris,,48.8566,2.3522,35,
2024-01-24T04:00:00+00:00,33.43,44.21,8.35,82.87,20,40,Paris,,48.8566,2.3522,35,
2024-01-24T05:00:00+00:00,39.51,50.07,8.41,77.08,20,40,Paris,,48.8566,2.3522,35,
2024-01-24T06:00:00+00:00,30.16,37.78,10.13,76.54,20,40,Paris,,48.8566,2.3522,35,
2024-01-24T07:00:00+00:00,34.62,44.85,7.74,78.76,20,40,Paris,,48.8566,2.3522,35,
2024-01-24T08:00:00+00:00,40.82,56.1,7.9,80.76,20,40,Paris,,48.8566,2.3522,35,
2024-01-24T09:00:00+00:00,28.87,38.18,7.85,73.95,20,40,Paris,,48.8566,2.3522,35,
2024-01-24T10:00:00+00:00,31.47,40.24,7.57,69.95,20,40,Paris,,48.8566,2.3522,35,
2024-01-24T11:00:00+00:00,30.11,36.91,6.44,67.55,20,40,Paris,,48.8566,2.3522,35,
2024-01-24T12:00:00+00:00,28.39,35.02,6.02,66.86,20,40,Paris,,48.8566,2.3522,35,
2024-01-24T13:00:00+00:00,36.15,49.71,4.42,62.31,20,40,Paris,,48.8566,2.3522,35,
2024-01-24T14:00:00+00:00,28.02,34.62,2.63,63.16,20,40,Paris,,48.8566,2.3522,35,
2024-01-24T15:00:00+00:00,29.52,42.64,3.44,57.6,20,40,Paris,,48.8566,2.3522,35,
2024-01-24T16:00:00+00:00,35.9,50.15,2.2,65.26,20,40,Paris,,48.8566,2.3522,35,
2024-01-24T17:00:00+00:00,28.61,39.66,1.31,53.5,20,40,Paris,,48.8566,2.3522,35,
2024-01-24T18:00:00+00:00,33.48,45.32,0.13,63.65,20,40,Paris,,48.8566,2.3522,35,
2024-01-24T19:00:00+00:00,32.55,47.32,0.42,54.86,20,40,Paris,,48.8566,2.3522,35,
2024-01-24T20:00:00+00:00,28.56,35.99,1.01,63.88,20,40,Paris,,48.8566,2.3522,35,
2024-01-24T21:00:00+00:00,36.65,52.64,2.72,62.35,20,40,Paris,,48.8566,2.3522,35,
2024-01-24T22:00:00+00:00,36.85,48.62,2.26,69.44,20,40,Paris,,48.8566,2.3522,35,
2024-01-24T23:00:00+00:00,38.31,52.7,4.51,63.01,20,40,Paris,,48.8566,2.3522,35,
2024-01-25T00:00:00+00:00,33.04,42.76,4.58,74.92,20,40,Paris,,48.8566,2.3522,35,
2024-01-25T01:00:00+00:00,30.09,42.35,4.71,74.08,20,40,Paris,,48.8566,2.3522,35,
2024-01-25T02:00:00+00:00,30.81,40.39,7.28,72.7,20,40,Paris,,48.8566,2.3522,35,
2024-01-25T03:00:00+00:00,41.15,59.25,8.44,85.06,20,40,Paris,,48.8566,2.3522,35,
2024-01-25T04:00:00+00:00,36.86,52.11,8.75,74.36,20,40,Paris,,48.8566,2.3522,35,
2024-01-25T05:00:00+00:00,35.01,45.36,9.16,86.61,20,40,Paris,,48.8566,2.3522,35,
2024-01-25T06:00:00+00:00,36.8,50.91,10.4,76.04,20,40,Paris,,48.8566,2.3522,35,
2024-01-25T07:00:00+00:00,31.93,39.3,9.4,77.19,20,40,Paris,,48.8566,2.3522,35,
2024-01-25T08:00:00+00:00,38.74,50.81,9.0,83.92,20,40,Paris,,48.8566,2.3522,35,
2024-01-25T09:00:00+00:00,33.49,43.14,9.02,76.57,20,40,Paris,,48.8566,2.3522,35,
2024-01-25T10:00:00+00:00,35.61,50.26,5.95,78.03,20,40,Paris,,48.8566,2.3522,35,
2024-01-25T11:00:00+00:00,34.68,50.69,6.75,74.71,20,40,Paris,,48.8566,2.3522,35,
2024-01-25T12:00:00+00:00,29.17,39.39,5.58,69.27,20,40,Paris,,48.8566,2.3522,35,
2024-01-25T13:00:00+00:00,32.5,45.81,3.85,64.23,20,40,Paris,,48.8566,2.3522,35,
2024-01-25T14:00:00+00:00,36.35,50.12,4.22,67.9,20,40,Paris,,48.8566,2.3522,35,
2024-01-25T15:00:00+00:00,38.38,53.49,2.4,68.92,20,40,Paris,,48.8566,2.3522,35,
2024-01-25T16:00:00+00:00,34.98,50.49,2.76,65.27,20,40,Paris,,48.8566,2.3522,35,
2024-01-25T17:00:00+00:00,36.05,49.68,0.29,60.1,20,40,Paris,,48.8566,2.3522,35,
2024-01-25T18:00:00+00:00,38.61,50.28,0.0,58.86,20,40,Paris,,48.8566,2.3522,35,
2024-01-25T19:00:00+00:00,32.69,40.42,2.62,64.74,20,40,Paris,,48.8566,2.3522,35,
2024-01-25T20:00:00+00:00,32.46,47.47,0.81,58.59,20,40,Paris,,48.8566,2.3522,35,
2024-01-25T21:00:00+00:00,38.77,51.53,1.37,65.83,20,40,Paris,,48.8566,2.3522,35,
2024-01-25T22:00:00+00:00,34.29,42.58,2.72,64.57,20,40,Paris,,48.8566,2.3522,35,
2024-01-25T23:00:00+00:00,29.54,42.58,2.77,72.02,20,40,Paris,,48.8566,2.3522,35,
2024-01-26T00:00:00+00:00,39.21,49.98,4.09,69.17,20,40,Paris,,48.8566,2.3522,35,
2024-01-26T01:00:00+00:00,31.82,40.02,4.58,67.78,20,40,Paris,,48.8566,2.3522,35,
2024-01-26T02:00:00+00:00,39.82,55.06,6.54,80.19,20,40,Paris,,48.8566,2.3522,35,
2024-01-26T03:00:00+00:00,29.96,36.57,8.78,71.36,20,40,Paris,,48.8566,2.3522,35,
2024-01-26T04:00:00+00:00,32.16,41.72,7.19,83.79,20,40,Paris,,48.8566,2.3522,35,
2024-01-26T05:00:00+00:00,33.8,44.89,8.22,74.64,20,40,Paris,,48.8566,2.3522,35,
2024-01-26T06:00:00+00:00,40.94,56.74,9.15,82.61,20,40,Paris,,48.8566,2.3522,35,
2024-01-26T07:00:00+00:00,32.19,43.63,9.74,86.11,20,40,Paris,,48.8566,2.3522,35,
2024-01-26T08:00:00+00:00,32.68,43.0,7.92,82.74,20,40,Paris,,48.8566,2.3522,35,
2024-01-26T09:00:00+00:00,32.09,45.54,7.97,69.65,20,40,Paris,,48.8566,2.3522,35,
2024-01-26T10:00:00+00:00,29.88,42.42,8.32,81.22,20,40,Paris,,48.8566,2.3522,35,
2024-01-26T11:00:00+00:00,29.84,42.1,7.48,67.45,20,40,Paris,,48.8566,2.3522,35,
2024-01-26T12:00:00+00:00,38.13,51.77,6.35,72.11,20,40,Paris,,48.8566,2.3522,35,
2024-01-26T13:00:00+00:00,33.66,48.52,4.75,67.87,20,40,Paris,,48.8566,2.3522,35,
2024-01-26T14:00:00+00:00,30.32,37.06,1.72,61.19,20,40,Paris,,48.8566,2.3522,35,
2024-01-26T15:00:00+00:00,37.0,51.5,2.56,56.6,20,40,Paris,,48.8566,2.3522,35,
2024-01-26T16:00:00+00:00,32.67,43.54,1.25,57.62,20,40,Paris,,48.8566,2.3522,35,
2024-01-26T17:00:00+00:00,32.33,44.93,2.21,64.59,20,40,Paris,,48.8566,2.3522,35,
2024-01-26T18:00:00+00:00,34.26,44.78,-0.26,55.2,20,40,Paris,,48.8566,2.3522,35,
2024-01-26T19:00:00+00:00,36.61,51.88,1.24,60.78,20,40,Paris,,48.8566,2.3522,35,
2024-01-26T20:00:00+00:00,31.54,41.59,0.21,66.92,20,40,Paris,,48.8566,2.3522,35,
2024-01-26T21:00:00+00:00,34.45,49.19,3.49,58.5,20,40,Paris,,48.8566,2.3522,35,
2024-01-26T22:00:00+00:00,28.05,39.81,2.83,59.09,20,40,Paris,,48.8566,2.3522,35,
2024-01-26T23:00:00+00:00,30.06,42.42,5.45,60.49,20,40,Paris,,48.8566,2.3522,35,
2024-01-27T00:00:00+00:00,35.96,49.43,5.56,76.42,20,40,Paris,,48.8566,2.3522,35,
2024-01-27T01:00:00+00:00,33.57,43.92,5.65,66.16,20,40,Paris,,48.8566,2.3522,35,
2024-01-27T02:00:00+00:00,34.07,44.13,6.13,82.16,20,40,Paris,,48.8566,2.3522,35,
2024-01-27T03:00:00+00:00,35.4,46.56,6.93,71.32,20,40,Paris,,48.8566,2.3522,35,
2024-01-27T04:00:00+00:00,29.9,36.76,9.55,77.59,20,40,Paris,,48.8566,2.3522,35,
2024-01-27T05:00:00+00:00,35.97,48.47,7.97,72.77,20,40,Paris,,48.8566,2.3522,35,
2024-01-27T06:00:00+00:00,32.36,45.62,8.87,75.78,20,40,Paris,,48.8566,2.3522,35,
2024-01-27T07:00:00+00:00,38.49,51.44,8.14,86.02,20,40,Paris,,48.8566,2.3522,35,
2024-01-27T08:00:00+00:00,37.16,46.65,8.29,81.76,20,40,Paris,,48.8566,2.3522,35,
2024-01-27T09:00:00+00:00,31.8,45.87,9.29,83.01,20,40,Paris,,48.8566,2.3522,35,
2024-01-27T10:00:00+00:00,31.71,40.17,6.69,72.32,20,40,Paris,,48.8566,2.3522,35,
2024-01-27T11:00:00+00:00,31.78,42.03,6.16,68.45,20,40,Paris,,48.8566,2.3522,35,
2024-01-27T12:00:00+00:00,39.74,51.16,5.35,75.93,20,40,Paris,,48.8566,2.3522,35,
2024-01-27T13:00:00+00:00,35.09,49.03,2.54,63.61,20,40,Paris,,48.8566,2.3522,35,
2024-01-27T14:00:00+00:00,36.45,46.09,2.36,62.99,20,40,Paris,,48.8566,2.3522,35,
2024-01-27T15:00:00+00:00,29.5,41.37,2.82,65.99,20,40,Paris,,48.8566,2.3522,35,
2024-01-27T16:00:00+00:00,31.39,41.07,1.16,61.3,20,40,Paris,,48.8566,2.3522,35,
2024-01-27T17:00:00+00:00,33.88,46.83,-0.07,60.1,20,40,Paris,,48.8566,2.3522,35,
2024-01-27T18:00:00+00:00,31.51,40.74,-0.47,63.75,20,40,Paris,,48.8566,2.3522,35,
2024-01-27T19:00:00+00:00,36.66,47.36,1.3,60.45,20,40,Paris,,48.8566,2.3522,35,
2024-01-27T20:00:00+00:00,27.74,35.43,1.54,57.95,20,40,Paris,,48.8566,2.3522,35,
2024-01-27T21:00:00+00:00,30.05,42.94,2.27,65.68,20,40,Paris,,48.8566,2.3522,35,
2024-01-27T22:00:00+00:00,29.88,40.59,3.88,60.33,20,40,Paris,,48.8566,2.3522,35,
2024-01-27T23:00:00+00:00,37.22,52.54,4.42,71.93,20,40,Paris,,48.8566,2.3522,35,
2024-01-28T00:00:00+00:00,31.98,41.74,4.21,75.22,20,40,Paris,,48.8566,2.3522,35,
2024-01-28T01:00:00+00:00,40.71,50.98,4.84,79.68,20,40,Paris,,48.8566,2.3522,35,
2024-01-28T02:00:00+00:00,34.48,47.19,6.44,73.31,20,40,Paris,,48.8566,2.3522,35,
2024-01-28T03:00:00+00:00,40.14,55.42,9.28,83.73,20,40,Paris,,48.8566,2.3522,35,
2024-01-28T04:00:00+00:00,37.74,49.67,7.35,76.62,20,40,Paris,,48.8566,2.3522,35,
2024-01-28T05:00:00+00:00,36.85,50.34,9.44,78.26,20,40,Paris,,48.8566,2.3522,35,
2024-01-28T06:00:00+00:00,35.85,50.17,9.33,80.12,20,40,Paris,,48.8566,2.3522,35,
2024-01-28T07:00:00+00:00,30.82,42.36,7.56,85.45,20,40,Paris,,48.8566,2.3522,35,
2024-01-28T08:00:00+00:00,33.42,41.89,7.3,72.74,20,40,Paris,,48.8566,2.3522,35,
2024-01-28T09:00:00+00:00,30.82,44.44,6.39,79.82,20,40,Paris,,48.8566,2.3522,35,
2024-01-28T10:00:00+00:00,30.38,43.51,7.78,71.42,20,40,Paris,,48.8566,2.3522,35,
2024-01-28T11:00:00+00:00,31.94,41.65,4.66,70.89,20,40,Paris,,48.8566,2.3522,35,
2024-01-28T12:00:00+00:00,34.27,43.89,6.02,64.85,20,40,Paris,,48.8566,2.3522,35,
2024-01-28T13:00:00+00:00,30.32,42.62,4.69,73.25,20,40,Paris,,48.8566,2.3522,35,
2024-01-28T14:00:00+00:00,32.24,47.41,3.66,63.15,20,40,Paris,,48.8566,2.3522,35,
2024-01-28T15:00:00+00:00,34.28,43.07,1.47,58.92,20,40,Paris,,48.8566,2.3522,35,
2024-01-28T16:00:00+00:00,31.31,40.93,0.82,66.47,20,40,Paris,,48.8566,2.3522,35,
2024-01-28T17:00:00+00:00,35.45,45.29,0.96,60.72,20,40,Paris,,48.8566,2.3522,35,
2024-01-28T18:00:00+00:00,32.25,42.13,1.77,61.25,20,40,Paris,,48.8566,2.3522,35,
2024-01-28T19:00:00+00:00,38.4,52.79,-0.03,57.52,20,40,Paris,,48.8566,2.3522,35,
2024-01-28T20:00:00+00:00,34.31,43.83,0.82,58.1,20,40,Paris,,48.8566,2.3522,35,
2024-01-28T21:00:00+00:00,36.65,48.23,1.24,58.49,20,40,Paris,,48.8566,2.3522,35,
2024-01-28T22:00:00+00:00,31.7,46.04,4.13,69.35,20,40,Paris,,48.8566,2.3522,35,
2024-01-28T23:00:00+00:00,39.34,51.04,3.42,74.07,20,40,Paris,,48.8566,2.3522,35,
2024-01-29T00:00:00+00:00,28.33,39.68,6.04,64.06,20,40,Paris,,48.8566,2.3522,35,
2024-01-29T01:00:00+00:00,32.78,42.1,4.82,68.67,20,40,Paris,,48.8566,2.3522,35,
2024-01-29T02:00:00+00:00,36.85,46.84,7.92,67.75,20,40,Paris,,48.8566,2.3522,35,
2024-01-29T03:00:00+00:00,35.6,46.63,8.78,75.01,20,40,Paris,,48.8566,2.3522,35,
2024-01-29T04:00:00+00:00,29.76,38.2,8.02,79.86,20,40,Paris,,48.8566,2.3522,35,
2024-01-29T05:00:00+00:00,31.3,45.69,9.3,81.81,20,40,Paris,,48.8566,2.3522,35,
2024-01-29T06:00:00+00:00,32.61,45.43,7.81,81.61,20,40,Paris,,48.8566,2.3522,35,
2024-01-29T07:00:00+00:00,33.16,41.08,9.2,74.39,20,40,Paris,,48.8566,2.3522,35,
2024-01-29T08:00:00+00:00,37.03,49.01,7.33,80.1,20,40,Paris,,48.8566,2.3522,35,
2024-01-29T09:00:00+00:00,33.12,44.67,7.19,69.35,20,40,Paris,,48.8566,2.3522,35,
2024-01-29T10:00:00+00:00,32.54,47.01,7.01,70.5,20,40,Paris,,48.8566,2.3522,35,
2024-01-29T11:00:00+00:00,29.37,41.96,6.92,69.58,20,40,Paris,,48.8566,2.3522,35,
2024-01-29T12:00:00+00:00,31.8,41.14,3.84,66.22,20,40,Paris,,48.8566,2.3522,35,
2024-01-29T13:00:00+00:00,41.02,53.87,2.56,74.98,20,40,Paris,,48.8566,2.3522,35,
2024-01-29T14:00:00+00:00,30.07,41.96,2.44,67.89,20,40,Paris,,48.8566,2.3522,35,
2024-01-29T15:00:00+00:00,30.46,41.03,2.8,62.44,20,40,Paris,,48.8566,2.3522,35,
2024-01-29T16:00:00+00:00,28.41,38.31,2.11,59.87,20,40,Paris,,48.8566,2.3522,35,
2024-01-29T17:00:00+00:00,31.93,41.73,2.6,66.23,20,40,Paris,,48.8566,2.3522,35,
2024-01-29T18:00:00+00:00,28.27,39.18,2.34,56.21,20,40,Paris,,48.8566,2.3522,35,
2024-01-29T19:00:00+00:00,39.31,51.74,1.07,67.53,20,40,Paris,,48.8566,2.3522,35,
2024-01-29T20:00:00+00:00,33.3,44.39,2.88,67.9,20,40,Paris,,48.8566,2.3522,35,
2024-01-29T21:00:00+00:00,31.0,38.04,2.34,69.37,20,40,Paris,,48.8566,2.3522,35,
2024-01-29T22:00:00+00:00,30.05,37.87,1.98,62.22,20,40,Paris,,48.8566,2.3522,35,
2024-01-29T23:00:00+00:00,38.59,48.51,4.16,66.85,20,40,Paris,,48.8566,2.3522,35,
2024-01-30T00:00:00+00:00,32.73,40.99,3.72,71.28,20,40,Paris,,48.8566,2.3522,35,
2024-01-30T01:00:00+00:00,28.36,39.36,5.22,66.09,20,40,Paris,,48.8566,2.3522,35,
2024-01-30T02:00:00+00:00,40.29,56.66,5.94,77.82,20,40,Paris,,48.8566,2.3522,35,
2024-01-30T03:00:00+00:00,40.4,57.22,6.96,78.73,20,40,Paris,,48.8566,2.3522,35,
2024-01-30T04:00:00+00:00,38.1,50.43,9.86,72.71,20,40,Paris,,48.8566,2.3522,35,
2024-01-30T05:00:00+00:00,29.59,43.49,10.02,77.17,20,40,Paris,,48.8566,2.3522,35,
2024-01-30T06:00:00+00:00,35.13,48.47,9.93,72.65,20,40,Paris,,48.8566,2.3522,35,
2024-01-30T07:00:00+00:00,33.24,43.94,8.66,80.5,20,40,Paris,,48.8566,2.3522,35,
2024-01-30T08:00:00+00:00,35.23,49.19,7.21,79.45,20,40,Paris,,48.8566,2.3522,35,
2024-01-30T09:00:00+00:00,31.11,45.48,7.4,77.43,20,40,Paris,,48.8566,2.3522,35,
2024-01-30T10:00:00+00:00,36.1,46.38,7.59,67.22,20,40,Paris,,48.8566,2.3522,35,
2024-01-30T11:00:00+00:00,31.97,39.43,5.65,66.36,20,40,Paris,,48.8566,2.3522,35,
2024-01-30T12:00:00+00:00,28.51,40.02,5.71,66.41,20,40,Paris,,48.8566,2.3522,35,
2024-01-30T13:00:00+00:00,38.31,52.19,5.31,63.35,20,40,Paris,,48.8566,2.3522,35,
2024-01-30T14:00:00+00:00,37.67,51.47,3.55,71.13,20,40,Paris,,48.8566,2.3522,35,
2024-01-30T15:00:00+00:00,33.81,49.07,2.78,66.33,20,40,Paris,,48.8566,2.3522,35,
2024-01-30T16:00:00+00:00,36.76,49.31,0.9,66.01,20,40,Paris,,48.8566,2.3522,35,
2024-01-30T17:00:00+00:00,38.04,54.75,1.68,61.05,20,40,Paris,,48.8566,2.3522,35,
2024-01-30T18:00:00+00:00,33.55,43.65,2.09,53.98,20,40,Paris,,48.8566,2.3522,35,
2024-01-30T19:00:00+00:00,38.79,53.0,0.82,62.41,20,40,Paris,,48.8566,2.3522,35,
2024-01-30T20:00:00+00:00,28.11,41.12,2.72,54.7,20,40,Paris,,48.8566,2.3522,35,
2024-01-30T21:00:00+00:00,35.89,51.38,3.36,59.12,20,40,Paris,,48.8566,2.3522,35,
2024-01-30T22:00:00+00:00,34.26,49.23,1.8,70.99,20,40,Paris,,48.8566,2.3522,35,
2024-01-30T23:00:00+00:00,40.4,56.37,5.35,75.13,20,40,Paris,,48.8566,2.3522,35,
2024-01-31T00:00:00+00:00,37.05,46.66,3.84,73.41,20,40,Paris,,48.8566,2.3522,35,
2024-01-31T01:00:00+00:00,39.93,55.86,6.47,77.73,20,40,Paris,,48.8566,2.3522,35,
2024-01-31T02:00:00+00:00,36.61,53.35,6.35,71.41,20,40,Paris,,48.8566,2.3522,35,
2024-01-31T03:00:00+00:00,28.82,37.44,7.44,70.87,20,40,Paris,,48.8566,2.3522,35,
2024-01-31T04:00:00+00:00,34.5,46.22,8.67,86.13,20,40,Paris,,48.8566,2.3522,35,
2024-01-31T05:00:00+00:00,34.93,49.93,9.1,80.89,20,40,Paris,,48.8566,2.3522,35,
2024-01-31T06:00:00+00:00,32.28,43.69,9.27,83.59,20,40,Paris,,48.8566,2.3522,35,
2024-01-31T07:00:00+00:00,40.36,57.87,9.77,87.17,20,40,Paris,,48.8566,2.3522,35,
2024-01-31T08:00:00+00:00,39.24,55.31,7.88,79.58,20,40,Paris,,48.8566,2.3522,35,
2024-01-31T09:00:00+00:00,30.58,45.12,8.52,73.16,20,40,Paris,,48.8566,2.3522,35,
2024-01-31T10:00:00+00:00,30.67,45.39,6.28,72.67,20,40,Paris,,48.8566,2.3522,35,
2024-01-31T11:00:00+00:00,33.34,42.46,6.32,78.84,20,40,Paris,,48.8566,2.3522,35,
2024-01-31T12:00:00+00:00,40.0,51.45,4.02,72.65,20,40,Paris,,48.8566,2.3522,35,
2024-01-31T13:00:00+00:00,30.22,42.2,5.09,64.97,20,40,Paris,,48.8566,2.3522,35,
2024-01-31T14:00:00+00:00,33.29,46.24,3.27,65.09,20,40,Paris,,48.8566,2.3522,35,
2024-01-31T15:00:00+00:00,38.57,52.98,3.37,61.46,20,40,Paris,,48.8566,2.3522,35,
2024-01-31T16:00:00+00:00,34.55,50.48,1.0,63.44,20,40,Paris,,48.8566,2.3522,35,
2024-01-31T17:00:00+00:00,37.1,50.88,1.98,68.2,20,40,Paris,,48.8566,2.3522,35,
2024-01-31T18:00:00+00:00,29.69,42.7,1.23,63.13,20,40,Paris,,48.8566,2.3522,35,
2024-01-31T19:00:00+00:00,35.19,46.68,1.84,64.4,20,40,Paris,,48.8566,2.3522,35,
2024-01-31T20:00:00+00:00,33.37,44.62,0.39,57.09,20,40,Paris,,48.8566,2.3522,35,
2024-01-31T21:00:00+00:00,32.15,40.49,1.67,55.97,20,40,Paris,,48.8566,2.3522,35,
2024-01-31T22:00:00+00:00,29.07,38.46,3.4,59.46,20,40,Paris,,48.8566,2.3522,35,
2024-01-31T23:00:00+00:00,32.63,47.21,4.75,75.41,20,40,Paris,,48.8566,2.3522,35,
2024-02-01T00:00:00+00:00,35.42,49.13,4.83,73.97,20,40,Paris,,48.8566,2.3522,35,
2024-02-01T01:00:00+00:00,33.05,44.91,7.02,68.66,20,40,Paris,,48.8566,2.3522,35,
2024-02-01T02:00:00+00:00,30.09,43.06,8.91,72.6,20,40,Paris,,48.8566,2.3522,35,
2024-02-01T03:00:00+00:00,34.97,46.23,8.02,82.76,20,40,Paris,,48.8566,2.3522,35,
2024-02-01T04:00:00+00:00,40.48,57.24,9.79,79.86,20,40,Paris,,48.8566,2.3522,35,
2024-02-01T05:00:00+00:00,32.68,42.13,11.29,72.67,20,40,Paris,,48.8566,2.3522,35,
2024-02-01T06:00:00+00:00,40.17,53.97,9.3,81.77,20,40,Paris,,48.8566,2.3522,35,
2024-02-01T07:00:00+00:00,29.4,40.64,9.07,78.48,20,40,Paris,,48.8566,2.3522,35,
2024-02-01T08:00:00+00:00,35.69,44.51,9.48,77.01,20,40,Paris,,48.8566,2.3522,35,
2024-02-01T09:00:00+00:00,31.66,40.39,7.54,72.84,20,40,Paris,,48.8566,2.3522,35,
2024-02-01T10:00:00+00:00,35.06,50.32,8.86,68.17,20,40,Paris,,48.8566,2.3522,35,
2024-02-01T11:00:00+00:00,33.55,42.88,6.14,65.43,20,40,Paris,,48.8566,2.3522,35,
2024-02-01T12:00:00+00:00,36.37,46.29,7.3,77.19,20,40,Paris,,48.8566,2.3522,35,
2024-02-01T13:00:00+00:00,31.74,43.82,5.53,65.49,20,40,Paris,,48.8566,2.3522,35,
2024-02-01T14:00:00+00:00,35.52,44.04,3.72,63.77,20,40,Paris,,48.8566,2.3522,35,
2024-02-01T15:00:00+00:00,36.27,47.48,3.6,58.17,20,40,Paris,,48.8566,2.3522,35,
2024-02-01T16:00:00+00:00,29.79,40.06,3.73,61.91,20,40,Paris,,48.8566,2.3522,35,
2024-02-01T17:00:00+00:00,31.07,39.51,1.99,56.46,20,40,Paris,,48.8566,2.3522,35,
2024-02-01T18:00:00+00:00,36.01,46.26,2.03,64.65,20,40,Paris,,48.8566,2.3522,35,
2024-02-01T19:00:00+00:00,35.0,44.0,1.18,67.78,20,40,Paris,,48.8566,2.3522,35,
2024-02-01T20:00:00+00:00,28.45,36.62,2.13,53.67,20,40,Paris,,48.8566,2.3522,35,
2024-02-01T21:00:00+00:00,33.22,45.28,4.66,56.41,20,40,Paris,,48.8566,2.3522,35,
2024-02-01T22:00:00+00:00,33.44,41.4,4.6,67.49,20,40,Paris,,48.8566,2.3522,35,
2024-02-01T23:00:00+00:00,37.31,51.43,4.31,74.12,20,40,Paris,,48.8566,2.3522,35,
2024-02-02T00:00:00+00:00,36.3,46.65,6.71,66.56,20,40,Paris,,48.8566,2.3522,35,
2024-02-02T01:00:00+00:00,32.92,48.39,6.97,77.96,20,40,Paris,,48.8566,2.3522,35,
2024-02-02T02:00:00+00:00,31.05,40.97,7.68,75.44,20,40,Paris,,48.8566,2.3522,35,
2024-02-02T03:00:00+00:00,35.35,46.04,9.88,78.99,20,40,Paris,,48.8566,2.3522,35,
2024-02-02T04:00:00+00:00,36.91,46.32,10.11,76.82,20,40,Paris,,48.8566,2.3522,35,
2024-02-02T05:00:00+00:00,31.38,42.67,8.82,74.93,20,40,Paris,,48.8566,2.3522,35,
2024-02-02T06:00:00+00:00,34.6,43.4,10.23,78.23,20,40,Paris,,48.8566,2.3522,35,
2024-02-02T07:00:00+00:00,31.28,45.88,9.7,78.67,20,40,Paris,,48.8566,2.3522,35,
2024-02-02T08:00:00+00:00,32.93,43.03,9.98,83.62,20,40,Paris,,48.8566,2.3522,35,
2024-02-02T09:00:00+00:00,29.85,44.13,9.17,70.66,20,40,Paris,,48.8566,2.3522,35,
2024-02-02T10:00:00+00:00,39.23,56.93,6.82,70.16,20,40,Paris,,48.8566,2.3522,35,
2024-02-02T11:00:00+00:00,39.23,51.83,7.22,80.23,20,40,Paris,,48.8566,2.3522,35,
2024-02-02T12:00:00+00:00,36.07,49.64,6.45,63.49,20,40,Paris,,48.8566,2.3522,35,
2024-02-02T13:00:00+00:00,33.91,45.29,5.0,60.57,20,40,Paris,,48.8566,2.3522,35,
2024-02-02T14:00:00+00:00,39.27,53.72,3.54,71.15,20,40,Paris,,48.8566,2.3522,35,
2024-02-02T15:00:00+00:00,38.21,54.04,3.37,65.03,20,40,Paris,,48.8566,2.3522,35,
2024-02-02T16:00:00+00:00,27.28,38.57,1.76,53.71,20,40,Paris,,48.8566,2.3522,35,
2024-02-02T17:00:00+00:00,38.79,53.06,1.68,65.3,20,40,Paris,,48.8566,2.3522,35,
2024-02-02T18:00:00+00:00,33.68,48.09,2.21,59.76,20,40,Paris,,48.8566,2.3522,35,
2024-02-02T19:00:00+00:00,38.73,53.8,0.89,62.83,20,40,Paris,,48.8566,2.3522,35,
2024-02-02T20:00:00+00:00,34.29,44.56,3.52,60.2,20,40,Paris,,48.8566,2.3522,35,
2024-02-02T21:00:00+00:00,29.42,37.6,2.26,65.31,20,40,Paris,,48.8566,2.3522,35,
2024-02-02T22:00:00+00:00,37.88,50.36,4.63,59.88,20,40,Paris,,48.8566,2.3522,35,
2024-02-02T23:00:00+00:00,31.46,41.39,5.23,62.9,20,40,Paris,,48.8566,2.3522,35,
2024-02-03T00:00:00+00:00,34.37,44.29,5.33,71.26,20,40,Paris,,48.8566,2.3522,35,
2024-02-03T01:00:00+00:00,37.58,48.89,7.2,79.48,20,40,Paris,,48.8566,2.3522,35,
2024-02-03T02:00:00+00:00,32.93,43.36,7.69,81.15,20,40,Paris,,48.8566,2.3522,35,
2024-02-03T03:00:00+00:00,39.47,53.19,9.72,75.05,20,40,Paris,,48.8566,2.3522,35,
2024-02-03T04:00:00+00:00,31.81,42.22,10.79,80.32,20,40,Paris,,48.8566,2.3522,35,
2024-02-03T05:00:00+00:00,37.67,52.29,10.87,74.93,20,40,Paris,,48.8566,2.3522,35,
2024-02-03T06:00:00+00:00,31.82,43.88,11.32,83.13,20,40,Paris,,48.8566,2.3522,35,
2024-02-03T07:00:00+00:00,37.16,46.97,10.86,87.09,20,40,Paris,,48.8566,2.3522,35,
2024-02-03T08:00:00+00:00,37.43,52.75,8.75,76.25,20,40,Paris,,48.8566,2.3522,35,
2024-02-03T09:00:00+00:00,36.02,52.23,7.89,83.53,20,40,Paris,,48.8566,2.3522,35,
2024-02-03T10:00:00+00:00,32.88,42.68,6.68,76.23,20,40,Paris,,48.8566,2.3522,35,
2024-02-03T11:00:00+00:00,34.24,45.52,7.75,67.87,20,40,Paris,,48.8566,2.3522,35,
2024-02-03T12:00:00+00:00,32.78,44.04,5.23,66.03,20,40,Paris,,48.8566,2.3522,35,
2024-02-03T13:00:00+00:00,38.71,53.9,4.42,72.42,20,40,Paris,,48.8566,2.3522,35,
2024-02-03T14:00:00+00:00,37.46,49.13,4.3,67.88,20,40,Paris,,48.8566,2.3522,35,
2024-02-03T15:00:00+00:00,35.99,45.98,1.94,65.38,20,40,Paris,,48.8566,2.3522,35,
2024-02-03T16:00:00+00:00,38.05,50.19,1.43,65.22,20,40,Paris,,48.8566,2.3522,35,
2024-02-03T17:00:00+00:00,32.06,39.57,0.82,59.55,20,40,Paris,,48.8566,2.3522,35,
2024-02-03T18:00:00+00:00,37.08,46.18,3.3,57.79,20,40,Paris,,48.8566,2.3522,35,
2024-02-03T19:00:00+00:00,31.84,44.57,1.76,53.48,20,40,Paris,,48.8566,2.3522,35,
2024-02-03T20:00:00+00:00,38.56,51.34,1.93,61.89,20,40,Paris,,48.8566,2.3522,35,
2024-02-03T21:00:00+00:00,36.21,48.42,3.97,60.15,20,40,Paris,,48.8566,2.3522,35,
2024-02-03T22:00:00+00:00,29.02,39.91,3.9,58.18,20,40,Paris,,48.8566,2.3522,35,
2024-02-03T23:00:00+00:00,40.19,57.97,5.33,74.26,20,40,Paris,,48.8566,2.3522,35,
2024-02-04T00:00:00+00:00,30.22,43.2,6.56,65.27,20,40,Paris,,48.8566,2.3522,35,
2024-02-04T01:00:00+00:00,39.77,52.67,5.57,77.55,20,40,Paris,,48.8566,2.3522,35,
2024-02-04T02:00:00+00:00,33.22,43.74,7.36,82.01,20,40,Paris,,48.8566,2.3522,35,
2024-02-04T03:00:00+00:00,31.86,41.4,8.77,74.31,20,40,Paris,,48.8566,2.3522,35,
2024-02-04T04:00:00+00:00,29.55,36.81,10.34,79.82,20,40,Paris,,48.8566,2.3522,35,
2024-02-04T05:00:00+00:00,31.56,45.32,10.28,86.79,20,40,Paris,,48.8566,2.3522,35,
2024-02-04T06:00:00+00:00,30.41,38.28,10.7,72.24,20,40,Paris,,48.8566,2.3522,35,
2024-02-04T07:00:00+00:00,31.79,39.17,8.97,83.24,20,40,Paris,,48.8566,2.3522,35,
2024-02-04T08:00:00+00:00,38.32,54.4,8.15,71.99,20,40,Paris,,48.8566,2.3522,35,
2024-02-04T09:00:00+00:00,38.81,50.68,8.59,82.97,20,40,Paris,,48.8566,2.3522,35,
2024-02-04T10:00:00+00:00,32.06,46.18,9.15,70.57,20,40,Paris,,48.8566,2.3522,35,
2024-02-04T11:00:00+00:00,38.01,50.58,6.11,68.82,20,40,Paris,,48.8566,2.3522,35,
2024-02-04T12:00:00+00:00,33.58,43.36,6.52,77.74,20,40,Paris,,48.8566,2.3522,35,
2024-02-04T13:00:00+00:00,36.16,50.97,5.07,72.14,20,40,Paris,,48.8566,2.3522,35,
2024-02-04T14:00:00+00:00,31.75,41.98,2.79,60.23,20,40,Paris,,48.8566,2.3522,35,
2024-02-04T15:00:00+00:00,31.04,41.33,4.42,69.73,20,40,Paris,,48.8566,2.3522,35,
2024-02-04T16:00:00+00:00,28.6,38.81,3.59,67.38,20,40,Paris,,48.8566,2.3522,35,
2024-02-04T17:00:00+00:00,34.61,47.73,2.83,53.77,20,40,Paris,,48.8566,2.3522,35,
2024-02-04T18:00:00+00:00,28.88,35.49,1.28,66.28,20,40,Paris,,48.8566,2.3522,35,
2024-02-04T19:00:00+00:00,34.69,45.71,3.54,66.89,20,40,Paris,,48.8566,2.3522,35,
2024-02-04T20:00:00+00:00,37.92,50.96,3.17,60.54,20,40,Paris,,48.8566,2.3522,35,
2024-02-04T21:00:00+00:00,35.78,47.86,1.78,70.57,20,40,Paris,,48.8566,2.3522,35,
2024-02-04T22:00:00+00:00,38.36,48.84,4.63,62.46,20,40,Paris,,48.8566,2.3522,35,
2024-02-04T23:00:00+00:00,35.75,50.41,5.13,63.43,20,40,Paris,,48.8566,2.3522,35,
2024-02-05T00:00:00+00:00,39.64,52.11,4.83,69.94,20,40,Paris,,48.8566,2.3522,35,
2024-02-05T01:00:00+00:00,28.34,35.19,6.34,65.08,20,40,Paris,,48.8566,2.3522,35,
2024-02-05T02:00:00+00:00,40.76,56.03,8.1,81.58,20,40,Paris,,48.8566,2.3522,35,
2024-02-05T03:00:00+00:00,30.19,36.89,7.37,79.53,20,40,Paris,,48.8566,2.3522,35,
2024-02-05T04:00:00+00:00,30.5,37.59,10.45,72.61,20,40,Paris,,48.8566,2.3522,35,
2024-02-05T05:00:00+00:00,30.64,39.63,10.03,82.02,20,40,Paris,,48.8566,2.3522,35,
2024-02-05T06:00:00+00:00,38.58,48.47,9.34,72.52,20,40,Paris,,48.8566,2.3522,35,
2024-02-05T07:00:00+00:00,41.46,54.95,10.19,86.37,20,40,Paris,,48.8566,2.3522,35,
2024-02-05T08:00:00+00:00,33.93,48.2,10.54,85.4,20,40,Paris,,48.8566,2.3522,35,
2024-02-05T09:00:00+00:00,38.63,53.42,8.07,72.57,20,40,Paris,,48.8566,2.3522,35,
2024-02-05T10:00:00+00:00,36.57,46.12,7.6,74.24,20,40,Paris,,48.8566,2.3522,35,
2024-02-05T11:00:00+00:00,38.21,52.61,8.14,79.87,20,40,Paris,,48.8566,2.3522,35,
2024-02-05T12:00:00+00:00,33.22,41.68,5.15,66.43,20,40,Paris,,48.8566,2.3522,35,
2024-02-05T13:00:00+00:00,34.16,42.97,5.1,67.31,20,40,Paris,,48.8566,2.3522,35,
2024-02-05T14:00:00+00:00,30.57,44.85,2.65,59.75,20,40,Paris,,48.8566,2.3522,35,
2024-02-05T15:00:00+00:00,34.73,44.88,2.76,59.06,20,40,Paris,,48.8566,2.3522,35,
2024-02-05T16:00:00+00:00,35.85,50.82,2.04,59.95,20,40,Paris,,48.8566,2.3522,35,
2024-02-05T17:00:00+00:00,35.61,50.32,2.81,53.74,20,40,Paris,,48.8566,2.3522,35,
2024-02-05T18:00:00+00:00,37.39,52.0,1.1,62.95,20,40,Paris,,48.8566,2.3522,35,
2024-02-05T19:00:00+00:00,30.18,42.91,0.78,53.75,20,40,Paris,,48.8566,2.3522,35,
2024-02-05T20:00:00+00:00,39.02,52.92,2.7,66.69,20,40,Paris,,48.8566,2.3522,35,
2024-02-05T21:00:00+00:00,28.35,39.07,2.96,56.04,20,40,Paris,,48.8566,2.3522,35,
2024-02-05T22:00:00+00:00,36.37,46.74,4.62,70.04,20,40,Paris,,48.8566,2.3522,35,
2024-02-05T23:00:00+00:00,31.87,44.6,5.37,65.65,20,40,Paris,,48.8566,2.3522,35,
2024-02-06T00:00:00+00:00,38.41,47.95,5.29,66.06,20,40,Paris,,48.8566,2.3522,35,
2024-02-06T01:00:00+00:00,37.0,46.46,6.86,80.02,20,40,Paris,,48.8566,2.3522,35,
2024-02-06T02:00:00+00:00,37.0,47.79,8.86,74.61,20,40,Paris,,48.8566,2.3522,35,
2024-02-06T03:00:00+00:00,37.27,54.24,8.45,79.87,20,40,Paris,,48.8566,2.3522,35,
2024-02-06T04:00:00+00:00,33.49,42.81,8.04,77.82,20,40,Paris,,48.8566,2.3522,35,
2024-02-06T05:00:00+00:00,40.33,57.21,8.68,85.13,20,40,Paris,,48.8566,2.3522,35,
2024-02-06T06:00:00+00:00,39.14,51.67,10.61,87.18,20,40,Paris,,48.8566,2.3522,35,
2024-02-06T07:00:00+00:00,36.23,47.91,9.76,72.79,20,40,Paris,,48.8566,2.3522,35,
2024-02-06T08:00:00+00:00,36.03,47.64,10.19,82.42,20,40,Paris,,48.8566,2.3522,35,
2024-02-06T09:00:00+00:00,30.93,43.75,8.45,76.71,20,40,Paris,,48.8566,2.3522,35,
2024-02-06T10:00:00+00:00,32.79,45.05,6.8,70.06,20,40,Paris,,48.8566,2.3522,35,
2024-02-06T11:00:00+00:00,35.41,47.1,6.93,66.57,20,40,Paris,,48.8566,2.3522,35,
2024-02-06T12:00:00+00:00,30.21,42.94,4.82,63.03,20,40,Paris,,48.8566,2.3522,35,
2024-02-06T13:00:00+00:00,32.08,39.41,4.68,67.74,20,40,Paris,,48.8566,2.3522,35,
2024-02-06T14:00:00+00:00,29.5,41.92,2.67,59.62,20,40,Paris,,48.8566,2.3522,35,
2024-02-06T15:00:00+00:00,36.2,50.65,4.17,70.24,20,40,Paris,,48.8566,2.3522,35,
2024-02-06T16:00:00+00:00,30.71,38.99,2.61,58.67,20,40,Paris,,48.8566,2.3522,35,
2024-02-06T17:00:00+00:00,32.17,39.76,2.21,60.6,20,40,Paris,,48.8566,2.3522,35,
2024-02-06T18:00:00+00:00,35.15,50.02,0.63,56.53,20,40,Paris,,48.8566,2.3522,35,
2024-02-06T19:00:00+00:00,27.77,40.51,2.44,58.11,20,40,Paris,,48.8566,2.3522,35,
2024-02-06T20:00:00+00:00,32.51,47.51,3.39,64.98,20,40,Paris,,48.8566,2.3522,35,
2024-02-06T21:00:00+00:00,30.73,40.41,3.39,70.91,20,40,Paris,,48.8566,2.3522,35,
2024-02-06T22:00:00+00:00,29.22,40.74,4.66,70.52,20,40,Paris,,48.8566,2.3522,35,
2024-02-06T23:00:00+00:00,29.79,40.36,4.13,60.51,20,40,Paris,,48.8566,2.3522,35,
2024-02-07T00:00:00+00:00,38.86,49.68,5.75,68.04,20,40,Paris,,48.8566,2.3522,35,
2024-02-07T01:00:00+00:00,35.27,44.64,6.98,78.2,20,40,Paris,,48.8566,2.3522,35,
2024-02-07T02:00:00+00:00,31.87,44.23,7.62,80.92,20,40,Paris,,48.8566,2.3522,35,
2024-02-07T03:00:00+00:00,40.94,51.85,8.86,82.16,20,40,Paris,,48.8566,2.3522,35,
2024-02-07T04:00:00+00:00,38.21,53.48,9.88,82.81,20,40,Paris,,48.8566,2.3522,35,
2024-02-07T05:00:00+00:00,29.48,35.84,10.11,80.63,20,40,Paris,,48.8566,2.3522,35,
2024-02-07T06:00:00+00:00,35.66,46.7,11.22,82.51,20,40,Paris,,48.8566,2.3522,35,
2024-02-07T07:00:00+00:00,38.14,52.83,11.13,79.25,20,40,Paris,,48.8566,2.3522,35,
2024-02-07T08:00:00+00:00,41.18,52.99,8.39,84.48,20,40,Paris,,48.8566,2.3522,35,
2024-02-07T09:00:00+00:00,30.78,41.7,8.61,84.25,20,40,Paris,,48.8566,2.3522,35,
2024-02-07T10:00:00+00:00,39.58,56.46,7.55,79.79,20,40,Paris,,48.8566,2.3522,35,
2024-02-07T11:00:00+00:00,35.43,48.19,5.91,68.86,20,40,Paris,,48.8566,2.3522,35,
2024-02-07T12:00:00+00:00,40.03,50.88,4.66,73.26,20,40,Paris,,48.8566,2.3522,35,
2024-02-07T13:00:00+00:00,36.5,49.94,4.71,72.87,20,40,Paris,,48.8566,2.3522,35,
2024-02-07T14:00:00+00:00,36.78,51.52,3.82,67.15,20,40,Paris,,48.8566,2.3522,35,
2024-02-07T15:00:00+00:00,33.19,48.21,3.17,60.78,20,40,Paris,,48.8566,2.3522,35,
2024-02-07T16:00:00+00:00,35.15,50.58,1.82,61.64,20,40,Paris,,48.8566,2.3522,35,
2024-02-07T17:00:00+00:00,34.67,46.81,2.27,64.98,20,40,Paris,,48.8566,2.3522,35,
2024-02-07T18:00:00+00:00,36.46,47.09,2.6,57.82,20,40,Paris,,48.8566,2.3522,35,
2024-02-07T19:00:00+00:00,35.75,48.45,3.16,54.56,20,40,Paris,,48.8566,2.3522,35,
2024-02-07T20:00:00+00:00,37.49,53.18,3.21,59.27,20,40,Paris,,48.8566,2.3522,35,
2024-02-07T21:00:00+00:00,28.64,42.58,1.92,62.9,20,40,Paris,,48.8566,2.3522,35,
2024-02-07T22:00:00+00:00,32.49,43.09,4.92,57.55,20,40,Paris,,48.8566,2.3522,35,
2024-02-07T23:00:00+00:00,38.37,51.24,4.25,70.43,20,40,Paris,,48.8566,2.3522,35,
2024-02-08T00:00:00+00:00,32.8,47.25,4.99,64.74,20,40,Paris,,48.8566,2.3522,35,
2024-02-08T01:00:00+00:00,40.24,56.22,5.77,74.14,20,40,Paris,,48.8566,2.3522,35,
2024-02-08T02:00:00+00:00,36.45,46.35,7.54,74.26,20,40,Paris,,48.8566,2.3522,35,
2024-02-08T03:00:00+00:00,33.03,48.0,9.7,78.71,20,40,Paris,,48.8566,2.3522,35,
2024-02-08T04:00:00+00:00,36.25,45.62,10.56,84.64,20,40,Paris,,48.8566,2.3522,35,
2024-02-08T05:00:00+00:00,29.41,37.55,9.9,77.09,20,40,Paris,,48.8566,2.3522,35,
2024-02-08T06:00:00+00:00,34.91,43.26,8.81,82.19,20,40,Paris,,48.8566,2.3522,35,
2024-02-08T07:00:00+00:00,33.91,41.8,10.85,77.17,20,40,Paris,,48.8566,2.3522,35,
2024-02-08T08:00:00+00:00,35.14,47.69,10.29,81.26,20,40,Paris,,48.8566,2.3522,35,
2024-02-08T09:00:00+00:00,38.01,54.9,7.46,69.19,20,40,Paris,,48.8566,2.3522,35,
2024-02-08T10:00:00+00:00,30.35,42.14,8.56,77.02,20,40,Paris,,48.8566,2.3522,35,
2024-02-08T11:00:00+00:00,32.93,44.36,5.87,67.07,20,40,Paris,,48.8566,2.3522,35,
2024-02-08T12:00:00+00:00,38.07,54.09,5.54,76.52,20,40,Paris,,48.8566,2.3522,35,
2024-02-08T13:00:00+00:00,32.25,39.86,4.11,75.15,20,40,Paris,,48.8566,2.3522,35,
2024-02-08T14:00:00+00:00,30.35,41.05,3.18,58.84,20,40,Paris,,48.8566,2.3522,35,
2024-02-08T15:00:00+00:00,34.59,43.38,1.73,64.75,20,40,Paris,,48.8566,2.3522,35,
2024-02-08T16:00:00+00:00,30.81,38.26,3.29,53.84,20,40,Paris,,48.8566,2.3522,35,
2024-02-08T17:00:00+00:00,35.44,44.96,2.43,64.84,20,40,Paris,,48.8566,2.3522,35,
2024-02-08T18:00:00+00:00,39.33,53.76,1.86,65.35,20,40,Paris,,48.8566,2.3522,35,
2024-02-08T19:00:00+00:00,30.74,40.57,1.79,62.66,20,40,Paris,,48.8566,2.3522,35,
2024-02-08T20:00:00+00:00,35.43,44.03,2.62,59.7,20,40,Paris,,48.8566,2.3522,35,
2024-02-08T21:00:00+00:00,36.95,50.39,3.95,67.29,20,40,Paris,,48.8566,2.3522,35,
2024-02-08T22:00:00+00:00,29.59,43.52,3.26,61.9,20,40,Paris,,48.8566,2.3522,35,
2024-02-08T23:00:00+00:00,35.35,47.05,5.48,70.49,20,40,Paris,,48.8566,2.3522,35,
2024-02-09T00:00:00+00:00,30.71,43.56,7.12,74.69,20,40,Paris,,48.8566,2.3522,35,
2024-02-09T01:00:00+00:00,33.48,44.46,6.33,66.96,20,40,Paris,,48.8566,2.3522,35,
2024-02-09T02:00:00+00:00,34.31,45.94,7.52,70.07,20,40,Paris,,48.8566,2.3522,35,
2024-02-09T03:00:00+00:00,30.93,38.11,8.02,80.74,20,40,Paris,,48.8566,2.3522,35,
2024-02-09T04:00:00+00:00,38.77,55.66,8.82,83.83,20,40,Paris,,48.8566,2.3522,35,
2024-02-09T05:00:00+00:00,30.04,36.72,8.48,77.11,20,40,Paris,,48.8566,2.3522,35,
2024-02-09T06:00:00+00:00,32.71,45.22,8.89,75.31,20,40,Paris,,48.8566,2.3522,35,
2024-02-09T07:00:00+00:00,32.45,42.53,10.2,73.31,20,40,Paris,,48.8566,2.3522,35,
2024-02-09T08:00:00+00:00,36.92,50.03,10.75,84.32,20,40,Paris,,48.8566,2.3522,35,
2024-02-09T09:00:00+00:00,36.81,45.97,7.74,73.03,20,40,Paris,,48.8566,2.3522,35,
2024-02-09T10:00:00+00:00,31.57,43.38,8.27,67.66,20,40,Paris,,48.8566,2.3522,35,
2024-02-09T11:00:00+00:00,37.61,52.68,8.12,68.63,20,40,Paris,,48.8566,2.3522,35,
2024-02-09T12:00:00+00:00,33.4,48.41,6.29,71.79,20,40,Paris,,48.8566,2.3522,35,
2024-02-09T13:00:00+00:00,33.2,47.46,5.7,67.0,20,40,Paris,,48.8566,2.3522,35,
2024-02-09T14:00:00+00:00,37.34,49.49,2.66,69.02,20,40,Paris,,48.8566,2.3522,35,
2024-02-09T15:00:00+00:00,29.89,42.39,4.4,66.99,20,40,Paris,,48.8566,2.3522,35,
2024-02-09T16:00:00+00:00,35.92,48.02,2.52,59.96,20,40,Paris,,48.8566,2.3522,35,
2024-02-09T17:00:00+00:00,31.04,43.95,1.13,67.57,20,40,Paris,,48.8566,2.3522,35,
2024-02-09T18:00:00+00:00,29.69,41.87,0.82,52.97,20,40,Paris,,48.8566,2.3522,35,
2024-02-09T19:00:00+00:00,29.83,39.16,2.48,56.25,20,40,Paris,,48.8566,2.3522,35,
2024-02-09T20:00:00+00:00,35.01,43.73,3.94,57.17,20,40,Paris,,48.8566,2.3522,35,
2024-02-09T21:00:00+00:00,32.15,43.57,3.39,62.15,20,40,Paris,,48.8566,2.3522,35,
2024-02-09T22:00:00+00:00,34.4,45.18,4.14,64.18,20,40,Paris,,48.8566,2.3522,35,
2024-02-09T23:00:00+00:00,39.45,52.35,6.12,72.04,20,40,Paris,,48.8566,2.3522,35,
2024-02-10T00:00:00+00:00,39.26,57.0,4.67,73.25,20,40,Paris,,48.8566,2.3522,35,
2024-02-10T01:00:00+00:00,34.32,45.01,8.46,72.58,20,40,Paris,,48.8566,2.3522,35,
2024-02-10T02:00:00+00:00,32.55,42.0,8.46,74.52,20,40,Paris,,48.8566,2.3522,35,
2024-02-10T03:00:00+00:00,30.02,43.94,10.16,84.55,20,40,Paris,,48.8566,2.3522,35,
2024-02-10T04:00:00+00:00,32.24,43.19,10.92,85.67,20,40,Paris,,48.8566,2.3522,35,
2024-02-10T05:00:00+00:00,30.31,39.03,9.4,84.55,20,40,Paris,,48.8566,2.3522,35,
2024-02-10T06:00:00+00:00,38.57,55.34,9.78,87.62,20,40,Paris,,48.8566,2.3522,35,
2024-02-10T07:00:00+00:00,35.08,47.89,10.52,80.81,20,40,Paris,,48.8566,2.3522,35,
2024-02-10T08:00:00+00:00,32.57,44.56,10.65,81.16,20,40,Paris,,48.8566,2.3522,35,
2024-02-10T09:00:00+00:00,34.95,47.87,9.6,70.72,20,40,Paris,,48.8566,2.3522,35,
2024-02-10T10:00:00+00:00,36.63,48.53,9.34,76.78,20,40,Paris,,48.8566,2.3522,35,
2024-02-10T11:00:00+00:00,37.74,47.71,6.47,70.71,20,40,Paris,,48.8566,2.3522,35,
2024-02-10T12:00:00+00:00,36.81,45.82,6.01,67.57,20,40,Paris,,48.8566,2.3522,35,
2024-02-10T13:00:00+00:00,38.38,48.37,6.08,65.83,20,40,Paris,,48.8566,2.3522,35,
2024-02-10T14:00:00+00:00,31.68,40.97,3.59,70.61,20,40,Paris,,48.8566,2.3522,35,
2024-02-10T15:00:00+00:00,32.2,45.79,2.94,58.05,20,40,Paris,,48.8566,2.3522,35,
2024-02-10T16:00:00+00:00,37.88,54.62,2.51,58.37,20,40,Paris,,48.8566,2.3522,35,
2024-02-10T17:00:00+00:00,37.89,52.88,2.44,66.5,20,40,Paris,,48.8566,2.3522,35,
2024-02-10T18:00:00+00:00,31.93,43.87,3.01,59.73,20,40,Paris,,48.8566,2.3522,35,
2024-02-10T19:00:00+00:00,30.22,39.0,3.39,63.37,20,40,Paris,,48.8566,2.3522,35,
2024-02-10T20:00:00+00:00,36.0,45.89,1.11,68.37,20,40,Paris,,48.8566,2.3522,35,
2024-02-10T21:00:00+00:00,36.26,48.01,4.45,66.1,20,40,Paris,,48.8566,2.3522,35,
2024-02-10T22:00:00+00:00,35.44,48.07,3.94,67.56,20,40,Paris,,48.8566,2.3522,35,
2024-02-10T23:00:00+00:00,28.55,41.64,4.91,60.55,20,40,Paris,,48.8566,2.3522,35,
2024-02-11T00:00:00+00:00,40.71,53.06,4.73,76.96,20,40,Paris,,48.8566,2.3522,35,
2024-02-11T01:00:00+00:00,29.16,41.23,7.9,65.22,20,40,Paris,,48.8566,2.3522,35,
2024-02-11T02:00:00+00:00,37.16,51.7,8.17,74.37,20,40,Paris,,48.8566,2.3522,35,
2024-02-11T03:00:00+00:00,34.82,46.12,8.74,84.51,20,40,Paris,,48.8566,2.3522,35,
2024-02-11T04:00:00+00:00,40.0,57.26,8.49,83.84,20,40,Paris,,48.8566,2.3522,35,
2024-02-11T05:00:00+00:00,32.7,47.73,8.61,78.38,20,40,Paris,,48.8566,2.3522,35,
2024-02-11T06:00:00+00:00,32.92,44.88,9.78,85.49,20,40,Paris,,48.8566,2.3522,35,
2024-02-11T07:00:00+00:00,29.44,37.84,9.91,79.76,20,40,Paris,,48.8566,2.3522,35,
2024-02-11T08:00:00+00:00,30.57,44.54,10.48,72.19,20,40,Paris,,48.8566,2.3522,35,
2024-02-11T09:00:00+00:00,36.09,52.25,8.98,84.29,20,40,Paris,,48.8566,2.3522,35,
2024-02-11T10:00:00+00:00,38.98,53.78,7.46,77.32,20,40,Paris,,48.8566,2.3522,35,
2024-02-11T11:00:00+00:00,29.2,38.19,7.79,73.21,20,40,Paris,,48.8566,2.3522,35,
2024-02-11T12:00:00+00:00,32.27,42.86,5.23,76.06,20,40,Paris,,48.8566,2.3522,35,
2024-02-11T13:00:00+00:00,34.57,46.22,3.93,64.5,20,40,Paris,,48.8566,2.3522,35,
2024-02-11T14:00:00+00:00,31.76,46.48,3.19,58.71,20,40,Paris,,48.8566,2.3522,35,
2024-02-11T15:00:00+00:00,27.55,37.93,4.27,57.13,20,40,Paris,,48.8566,2.3522,35,
2024-02-11T16:00:00+00:00,29.2,38.52,2.48,64.62,20,40,Paris,,48.8566,2.3522,35,
2024-02-11T17:00:00+00:00,34.73,46.39,1.4,52.81,20,40,Paris,,48.8566,2.3522,35,
2024-02-11T18:00:00+00:00,36.53,45.43,2.06,53.9,20,40,Paris,,48.8566,2.3522,35,
2024-02-11T19:00:00+00:00,38.71,53.93,1.82,66.48,20,40,Paris,,48.8566,2.3522,35,
2024-02-11T20:00:00+00:00,38.14,55.26,3.53,59.41,20,40,Paris,,48.8566,2.3522,35,
2024-02-11T21:00:00+00:00,34.49,43.28,2.03,56.28,20,40,Paris,,48.8566,2.3522,35,
2024-02-11T22:00:00+00:00,35.14,48.72,4.65,66.88,20,40,Paris,,48.8566,2.3522,35,
2024-02-11T23:00:00+00:00,31.47,42.93,3.76,72.86,20,40,Paris,,48.8566,2.3522,35,
2024-02-12T00:00:00+00:00,38.3,49.53,7.48,71.44,20,40,Paris,,48.8566,2.3522,35,
2024-02-12T01:00:00+00:00,36.13,47.46,6.2,75.31,20,40,Paris,,48.8566,2.3522,35,
2024-02-12T02:00:00+00:00,34.44,43.81,7.76,78.21,20,40,Paris,,48.8566,2.3522,35,
2024-02-12T03:00:00+00:00,37.6,52.68,8.65,82.66,20,40,Paris,,48.8566,2.3522,35,
2024-02-12T04:00:00+00:00,35.91,52.13,8.74,73.72,20,40,Paris,,48.8566,2.3522,35,
2024-02-12T05:00:00+00:00,31.21,41.64,9.5,86.78,20,40,Paris,,48.8566,2.3522,35,
2024-02-12T06:00:00+00:00,32.1,43.03,10.02,82.04,20,40,Paris,,48.8566,2.3522,35,
2024-02-12T07:00:00+00:00,37.26,54.25,8.73,75.41,20,40,Paris,,48.8566,2.3522,35,
2024-02-12T08:00:00+00:00,40.81,58.21,8.76,81.0,20,40,Paris,,48.8566,2.3522,35,
2024-02-12T09:00:00+00:00,33.1,41.77,10.2,76.32,20,40,Paris,,48.8566,2.3522,35,
2024-02-12T10:00:00+00:00,29.39,40.17,9.44,71.52,20,40,Paris,,48.8566,2.3522,35,
2024-02-12T11:00:00+00:00,27.96,34.06,6.97,66.06,20,40,Paris,,48.8566,2.3522,35,
2024-02-12T12:00:00+00:00,28.3,41.15,6.3,68.35,20,40,Paris,,48.8566,2.3522,35,
2024-02-12T13:00:00+00:00,36.81,46.41,6.1,71.18,20,40,Paris,,48.8566,2.3522,35,
2024-02-12T14:00:00+00:00,29.0,36.82,3.86,65.33,20,40,Paris,,48.8566,2.3522,35,
2024-02-12T15:00:00+00:00,28.86,42.4,2.69,62.13,20,40,Paris,,48.8566,2.3522,35,
2024-02-12T16:00:00+00:00,36.54,52.4,1.45,56.72,20,40,Paris,,48.8566,2.3522,35,
2024-02-12T17:00:00+00:00,37.99,54.88,2.83,64.22,20,40,Paris,,48.8566,2.3522,35,
2024-02-12T18:00:00+00:00,38.97,55.01,0.79,65.15,20,40,Paris,,48.8566,2.3522,35,
2024-02-12T19:00:00+00:00,33.78,49.18,1.68,55.6,20,40,Paris,,48.8566,2.3522,35,
2024-02-12T20:00:00+00:00,29.3,40.81,2.66,66.81,20,40,Paris,,48.8566,2.3522,35,
2024-02-12T21:00:00+00:00,34.29,46.19,2.21,68.27,20,40,Paris,,48.8566,2.3522,35,
2024-02-12T22:00:00+00:00,29.13,35.36,5.36,57.47,20,40,Paris,,48.8566,2.3522,35,
2024-02-12T23:00:00+00:00,30.25,43.35,3.72,68.35,20,40,Paris,,48.8566,2.3522,35,
2024-02-13T00:00:00+00:00,34.77,43.88,7.16,70.71,20,40,Paris,,48.8566,2.3522,35,
2024-02-13T01:00:00+00:00,30.86,41.46,6.78,66.61,20,40,Paris,,48.8566,2.3522,35,
2024-02-13T02:00:00+00:00,36.53,52.92,9.06,73.97,20,40,Paris,,48.8566,2.3522,35,
2024-02-13T03:00:00+00:00,35.62,46.07,9.22,74.36,20,40,Paris,,48.8566,2.3522,35,
2024-02-13T04:00:00+00:00,35.59,46.09,8.34,78.83,20,40,Paris,,48.8566,2.3522,35,
2024-02-13T05:00:00+00:00,40.29,57.7,8.44,82.6,20,40,Paris,,48.8566,2.3522,35,
2024-02-13T06:00:00+00:00,34.32,44.91,10.52,78.28,20,40,Paris,,48.8566,2.3522,35,
2024-02-13T07:00:00+00:00,33.43,46.29,9.9,84.1,20,40,Paris,,48.8566,2.3522,35,
2024-02-13T08:00:00+00:00,38.91,55.95,8.38,86.1,20,40,Paris,,48.8566,2.3522,35,
2024-02-13T09:00:00+00:00,37.63,52.59,10.15,69.74,20,40,Paris,,48.8566,2.3522,35,
2024-02-13T10:00:00+00:00,39.55,50.78,8.59,73.75,20,40,Paris,,48.8566,2.3522,35,
2024-02-13T11:00:00+00:00,27.95,40.13,8.05,67.34,20,40,Paris,,48.8566,2.3522,35,
2024-02-13T12:00:00+00:00,36.01,45.18,5.95,70.4,20,40,Paris,,48.8566,2.3522,35,
2024-02-13T13:00:00+00:00,33.43,41.62,4.49,73.82,20,40,Paris,,48.8566,2.3522,35,
2024-02-13T14:00:00+00:00,32.28,41.06,2.83,64.67,20,40,Paris,,48.8566,2.3522,35,
2024-02-13T15:00:00+00:00,30.98,43.77,2.7,60.56,20,40,Paris,,48.8566,2.3522,35,
2024-02-13T16:00:00+00:00,31.98,40.28,3.1,57.35,20,40,Paris,,48.8566,2.3522,35,
2024-02-13T17:00:00+00:00,27.15,39.25,2.62,57.53,20,40,Paris,,48.8566,2.3522,35,
2024-02-13T18:00:00+00:00,38.24,52.81,2.53,66.38,20,40,Paris,,48.8566,2.3522,35,
2024-02-13T19:00:00+00:00,35.48,45.23,1.49,67.2,20,40,Paris,,48.8566,2.3522,35,
2024-02-13T20:00:00+00:00,30.36,41.3,3.33,67.45,20,40,Paris,,48.8566,2.3522,35,
2024-02-13T21:00:00+00:00,34.14,50.07,3.19,62.05,20,40,Paris,,48.8566,2.3522,35,
2024-02-13T22:00:00+00:00,29.54,38.0,2.7,58.32,20,40,Paris,,48.8566,2.3522,35,
2024-02-13T23:00:00+00:00,38.4,54.59,5.06,72.54,20,40,Paris,,48.8566,2.3522,35,
2024-02-14T00:00:00+00:00,39.68,53.26,5.53,73.49,20,40,Paris,,48.8566,2.3522,35,
2024-02-14T01:00:00+00:00,32.78,45.04,6.06,66.22,20,40,Paris,,48.8566,2.3522,35,
2024-02-14T02:00:00+00:00,36.92,50.29,8.4,68.19,20,40,Paris,,48.8566,2.3522,35,
2024-02-14T03:00:00+00:00,34.28,48.24,9.92,83.15,20,40,Paris,,48.8566,2.3522,35,
2024-02-14T04:00:00+00:00,32.37,41.91,9.09,75.92,20,40,Paris,,48.8566,2.3522,35,
2024-02-14T05:00:00+00:00,32.17,46.97,9.23,75.85,20,40,Paris,,48.8566,2.3522,35,
2024-02-14T06:00:00+00:00,38.36,53.72,8.72,74.86,20,40,Paris,,48.8566,2.3522,35,
2024-02-14T07:00:00+00:00,36.9,51.63,9.21,84.8,20,40,Paris,,48.8566,2.3522,35,
2024-02-14T08:00:00+00:00,38.33,49.36,9.75,79.39,20,40,Paris,,48.8566,2.3522,35,
2024-02-14T09:00:00+00:00,34.06,47.12,10.22,72.45,20,40,Paris,,48.8566,2.3522,35,
2024-02-14T10:00:00+00:00,34.83,43.57,8.01,69.93,20,40,Paris,,48.8566,2.3522,35,
2024-02-14T11:00:00+00:00,36.87,51.39,5.58,76.44,20,40,Paris,,48.8566,2.3522,35,
2024-02-14T12:00:00+00:00,34.68,44.5,7.24,66.32,20,40,Paris,,48.8566,2.3522,35,
2024-02-14T13:00:00+00:00,33.68,46.86,6.25,71.3,20,40,Paris,,48.8566,2.3522,35,
2024-02-14T14:00:00+00:00,28.26,34.76,4.94,60.63,20,40,Paris,,48.8566,2.3522,35,
2024-02-14T15:00:00+00:00,30.36,43.09,4.08,59.77,20,40,Paris,,48.8566,2.3522,35,
2024-02-14T16:00:00+00:00,32.94,43.35,1.65,65.07,20,40,Paris,,48.8566,2.3522,35,
2024-02-14T17:00:00+00:00,27.6,39.36,1.61,54.93,20,40,Paris,,48.8566,2.3522,35,
2024-02-14T18:00:00+00:00,33.98,48.05,1.82,66.15,20,40,Paris,,48.8566,2.3522,35,
2024-02-14T19:00:00+00:00,29.81,38.69,1.16,58.59,20,40,Paris,,48.8566,2.3522,35,
2024-02-14T20:00:00+00:00,34.78,43.73,1.62,61.46,20,40,Paris,,48.8566,2.3522,35,
2024-02-14T21:00:00+00:00,32.75,42.97,4.54,68.09,20,40,Paris,,48.8566,2.3522,35,
2024-02-14T22:00:00+00:00,30.06,38.98,2.74,69.48,20,40,Paris,,48.8566,2.3522,35,
2024-02-14T23:00:00+00:00,32.69,41.43,4.71,61.65,20,40,Paris,,48.8566,2.3522,35,
2024-02-15T00:00:00+00:00,36.8,53.21,5.64,64.44,20,40,Paris,,48.8566,2.3522,35,
2024-02-15T01:00:00+00:00,36.27,52.89,7.73,68.89,20,40,Paris,,48.8566,2.3522,35,
2024-02-15T02:00:00+00:00,37.86,48.49,9.15,68.69,20,40,Paris,,48.8566,2.3522,35,
2024-02-15T03:00:00+00:00,30.83,42.24,7.34,73.55,20,40,Paris,,48.8566,2.3522,35,
2024-02-15T04:00:00+00:00,37.4,54.11,8.99,73.76,20,40,Paris,,48.8566,2.3522,35,
2024-02-15T05:00:00+00:00,34.57,45.19,10.25,81.91,20,40,Paris,,48.8566,2.3522,35,
2024-02-15T06:00:00+00:00,32.87,43.87,11.09,80.04,20,40,Paris,,48.8566,2.3522,35,
2024-02-15T07:00:00+00:00,39.01,54.21,8.73,87.21,20,40,Paris,,48.8566,2.3522,35,
2024-02-15T08:00:00+00:00,33.23,46.02,9.55,81.42,20,40,Paris,,48.8566,2.3522,35,
2024-02-15T09:00:00+00:00,40.48,53.33,10.07,83.42,20,40,Paris,,48.8566,2.3522,35,
2024-02-15T10:00:00+00:00,37.27,49.36,8.97,67.48,20,40,Paris,,48.8566,2.3522,35,
2024-02-15T11:00:00+00:00,30.84,43.35,7.87,76.23,20,40,Paris,,48.8566,2.3522,35,
2024-02-15T12:00:00+00:00,38.03,50.71,7.34,70.21,20,40,Paris,,48.8566,2.3522,35,
2024-02-15T13:00:00+00:00,36.16,47.55,5.28,61.53,20,40,Paris,,48.8566,2.3522,35,
2024-02-15T14:00:00+00:00,32.45,42.12,4.66,57.35,20,40,Paris,,48.8566,2.3522,35,
2024-02-15T15:00:00+00:00,37.39,49.65,3.76,61.11,20,40,Paris,,48.8566,2.3522,35,
2024-02-15T16:00:00+00:00,39.4,50.23,1.27,64.63,20,40,Paris,,48.8566,2.3522,35,
2024-02-15T17:00:00+00:00,35.45,46.12,0.68,56.64,20,40,Paris,,48.8566,2.3522,35,
2024-02-15T18:00:00+00:00,31.99,42.45,3.13,66.22,20,40,Paris,,48.8566,2.3522,35,
2024-02-15T19:00:00+00:00,31.1,42.33,1.74,54.15,20,40,Paris,,48.8566,2.3522,35,
2024-02-15T20:00:00+00:00,29.05,41.51,2.53,63.84,20,40,Paris,,48.8566,2.3522,35,
2024-02-15T21:00:00+00:00,38.03,53.19,4.4,69.36,20,40,Paris,,48.8566,2.3522,35,
2024-02-15T22:00:00+00:00,29.01,42.39,2.69,64.47,20,40,Paris,,48.8566,2.3522,35,
2024-02-15T23:00:00+00:00,38.56,48.09,6.35,70.53,20,40,Paris,,48.8566,2.3522,35,
2024-02-16T00:00:00+00:00,34.0,42.04,6.78,74.75,20,40,Paris,,48.8566,2.3522,35,
2024-02-16T01:00:00+00:00,28.08,40.01,7.79,64.68,20,40,Paris,,48.8566,2.3522,35,
2024-02-16T02:00:00+00:00,38.91,51.59,9.08,76.01,20,40,Paris,,48.8566,2.3522,35,
2024-02-16T03:00:00+00:00,39.49,51.69,8.92,78.7,20,40,Paris,,48.8566,2.3522,35,
2024-02-16T04:00:00+00:00,36.11,50.11,8.76,77.79,20,40,Paris,,48.8566,2.3522,35,
2024-02-16T05:00:00+00:00,30.31,40.44,10.97,72.24,20,40,Paris,,48.8566,2.3522,35,
2024-02-16T06:00:00+00:00,29.36,42.76,9.93,76.33,20,40,Paris,,48.8566,2.3522,35,
2024-02-16T07:00:00+00:00,36.47,48.42,8.43,77.27,20,40,Paris,,48.8566,2.3522,35,
2024-02-16T08:00:00+00:00,32.33,43.08,9.83,81.37,20,40,Paris,,48.8566,2.3522,35,
2024-02-16T09:00:00+00:00,38.92,50.7,9.74,74.19,20,40,Paris,,48.8566,2.3522,35,
2024-02-16T10:00:00+00:00,31.74,43.53,9.43,73.1,20,40,Paris,,48.8566,2.3522,35,
2024-02-16T11:00:00+00:00,38.91,51.17,8.26,78.5,20,40,Paris,,48.8566,2.3522,35,
2024-02-16T12:00:00+00:00,32.74,44.74,7.0,64.64,20,40,Paris,,48.8566,2.3522,35,
2024-02-16T13:00:00+00:00,39.3,52.19,4.97,72.2,20,40,Paris,,48.8566,2.3522,35,
2024-02-16T14:00:00+00:00,37.13,47.55,4.09,71.96,20,40,Paris,,48.8566,2.3522,35,
2024-02-16T15:00:00+00:00,31.31,43.65,4.58,62.32,20,40,Paris,,48.8566,2.3522,35,
2024-02-16T16:00:00+00:00,28.19,37.62,3.95,54.53,20,40,Paris,,48.8566,2.3522,35,
2024-02-16T17:00:00+00:00,35.05,46.79,0.77,56.77,20,40,Paris,,48.8566,2.3522,35,
2024-02-16T18:00:00+00:00,34.06,46.9,3.36,55.2,20,40,Paris,,48.8566,2.3522,35,
2024-02-16T19:00:00+00:00,38.25,48.96,3.23,67.65,20,40,Paris,,48.8566,2.3522,35,
2024-02-16T20:00:00+00:00,38.5,48.87,1.42,60.17,20,40,Paris,,48.8566,2.3522,35,
2024-02-16T21:00:00+00:00,32.36,46.99,2.5,66.46,20,40,Paris,,48.8566,2.3522,35,
2024-02-16T22:00:00+00:00,31.4,42.74,3.13,69.66,20,40,Paris,,48.8566,2.3522,35,
2024-02-16T23:00:00+00:00,35.81,49.21,5.45,61.96,20,40,Paris,,48.8566,2.3522,35,
2024-02-17T00:00:00+00:00,39.31,51.68,4.84,73.9,20,40,Paris,,48.8566,2.3522,35,
2024-02-17T01:00:00+00:00,34.15,49.81,8.43,74.12,20,40,Paris,,48.8566,2.3522,35,
2024-02-17T02:00:00+00:00,34.24,49.22,6.9,76.55,20,40,Paris,,48.8566,2.3522,35,
2024-02-17T03:00:00+00:00,33.22,43.21,9.77,75.1,20,40,Paris,,48.8566,2.3522,35,
2024-02-17T04:00:00+00:00,32.93,46.83,8.36,84.76,20,40,Paris,,48.8566,2.3522,35,
2024-02-17T05:00:00+00:00,29.56,36.47,10.59,72.43,20,40,Paris,,48.8566,2.3522,35,
2024-02-17T06:00:00+00:00,33.2,48.63,10.64,84.06,20,40,Paris,,48.8566,2.3522,35,
2024-02-17T07:00:00+00:00,35.81,47.89,8.79,80.83,20,40,Paris,,48.8566,2.3522,35,
2024-02-17T08:00:00+00:00,31.03,38.38,8.62,79.91,20,40,Paris,,48.8566,2.3522,35,
2024-02-17T09:00:00+00:00,35.46,48.7,10.29,79.44,20,40,Paris,,48.8566,2.3522,35,
2024-02-17T10:00:00+00:00,39.1,49.63,8.51,70.98,20,40,Paris,,48.8566,2.3522,35,
2024-02-17T11:00:00+00:00,36.66,49.05,7.28,77.5,20,40,Paris,,48.8566,2.3522,35,
2024-02-17T12:00:00+00:00,30.06,38.65,5.53,77.49,20,40,Paris,,48.8566,2.3522,35,
2024-02-17T13:00:00+00:00,29.1,40.77,4.68,72.28,20,40,Paris,,48.8566,2.3522,35,
2024-02-17T14:00:00+00:00,28.18,38.2,2.66,57.73,20,40,Paris,,48.8566,2.3522,35,
2024-02-17T15:00:00+00:00,32.61,43.07,2.52,60.77,20,40,Paris,,48.8566,2.3522,35,
2024-02-17T16:00:00+00:00,37.1,46.96,2.41,67.96,20,40,Paris,,48.8566,2.3522,35,
2024-02-17T17:00:00+00:00,30.13,37.09,0.77,61.81,20,40,Paris,,48.8566,2.3522,35,
2024-02-17T18:00:00+00:00,37.8,54.57,2.57,55.21,20,40,Paris,,48.8566,2.3522,35,
2024-02-17T19:00:00+00:00,30.86,42.66,2.86,54.09,20,40,Paris,,48.8566,2.3522,35,
2024-02-17T20:00:00+00:00,34.63,44.17,1.31,55.68,20,40,Paris,,48.8566,2.3522,35,
2024-02-17T21:00:00+00:00,32.87,40.58,1.91,57.02,20,40,Paris,,48.8566,2.3522,35,
2024-02-17T22:00:00+00:00,38.05,52.34,4.94,70.4,20,40,Paris,,48.8566,2.3522,35,
2024-02-17T23:00:00+00:00,37.42,52.28,5.73,65.67,20,40,Paris,,48.8566,2.3522,35,
2024-02-18T00:00:00+00:00,36.79,49.52,5.12,65.31,20,40,Paris,,48.8566,2.3522,35,
2024-02-18T01:00:00+00:00,37.93,53.48,5.72,71.01,20,40,Paris,,48.8566,2.3522,35,
2024-02-18T02:00:00+00:00,29.91,43.87,8.87,77.53,20,40,Paris,,48.8566,2.3522,35,
2024-02-18T03:00:00+00:00,38.78,54.37,8.2,71.12,20,40,Paris,,48.8566,2.3522,35,
2024-02-18T04:00:00+00:00,34.09,46.02,9.09,73.6,20,40,Paris,,48.8566,2.3522,35,
2024-02-18T05:00:00+00:00,36.75,50.48,10.03,84.49,20,40,Paris,,48.8566,2.3522,35,
2024-02-18T06:00:00+00:00,32.74,41.75,10.08,84.57,20,40,Paris,,48.8566,2.3522,35,
2024-02-18T07:00:00+00:00,38.2,52.38,9.7,83.11,20,40,Paris,,48.8566,2.3522,35,
2024-02-18T08:00:00+00:00,35.17,48.62,8.21,78.21,20,40,Paris,,48.8566,2.3522,35,
2024-02-18T09:00:00+00:00,34.2,43.3,8.61,84.33,20,40,Paris,,48.8566,2.3522,35,
2024-02-18T10:00:00+00:00,40.1,56.04,8.27,80.11,20,40,Paris,,48.8566,2.3522,35,
2024-02-18T11:00:00+00:00,34.74,45.98,6.6,68.68,20,40,Paris,,48.8566,2.3522,35,
2024-02-18T12:00:00+00:00,28.11,34.53,5.1,64.79,20,40,Paris,,48.8566,2.3522,35,
2024-02-18T13:00:00+00:00,38.12,52.37,5.43,70.01,20,40,Paris,,48.8566,2.3522,35,
2024-02-18T14:00:00+00:00,28.63,38.7,3.68,59.46,20,40,Paris,,48.8566,2.3522,35,
2024-02-18T15:00:00+00:00,30.69,37.84,1.98,59.06,20,40,Paris,,48.8566,2.3522,35,
2024-02-18T16:00:00+00:00,37.98,51.23,3.28,57.85,20,40,Paris,,48.8566,2.3522,35,
2024-02-18T17:00:00+00:00,32.95,42.09,3.19,57.48,20,40,Paris,,48.8566,2.3522,35,
2024-02-18T18:00:00+00:00,38.32,49.62,2.71,60.75,20,40,Paris,,48.8566,2.3522,35,
2024-02-18T19:00:00+00:00,33.18,46.61,1.6,54.46,20,40,Paris,,48.8566,2.3522,35,
2024-02-18T20:00:00+00:00,32.19,44.03,2.2,65.88,20,40,Paris,,48.8566,2.3522,35,
2024-02-18T21:00:00+00:00,29.0,40.8,4.23,58.28,20,40,Paris,,48.8566,2.3522,35,
2024-02-18T22:00:00+00:00,29.41,40.81,4.91,64.81,20,40,Paris,,48.8566,2.3522,35,
2024-02-18T23:00:00+00:00,32.49,42.42,6.05,68.33,20,40,Paris,,48.8566,2.3522,35,
2024-02-19T00:00:00+00:00,30.46,39.33,5.47,76.71,20,40,Paris,,48.8566,2.3522,35,
2024-02-19T01:00:00+00:00,31.6,45.67,7.7,73.51,20,40,Paris,,48.8566,2.3522,35,
2024-02-19T02:00:00+00:00,36.93,46.19,7.73,72.36,20,40,Paris,,48.8566,2.3522,35,
2024-02-19T03:00:00+00:00,31.02,45.85,8.97,74.43,20,40,Paris,,48.8566,2.3522,35,
2024-02-19T04:00:00+00:00,34.27,47.56,10.4,72.55,20,40,Paris,,48.8566,2.3522,35,
2024-02-19T05:00:00+00:00,31.98,42.86,8.79,86.68,20,40,Paris,,48.8566,2.3522,35,
2024-02-19T06:00:00+00:00,32.47,46.28,11.04,85.37,20,40,Paris,,48.8566,2.3522,35,
2024-02-19T07:00:00+00:00,31.09,45.05,11.27,78.71,20,40,Paris,,48.8566,2.3522,35,
2024-02-19T08:00:00+00:00,32.4,42.33,10.16,84.35,20,40,Paris,,48.8566,2.3522,35,
2024-02-19T09:00:00+00:00,36.97,50.2,8.39,76.37,20,40,Paris,,48.8566,2.3522,35,
2024-02-19T10:00:00+00:00,33.72,47.47,8.97,69.15,20,40,Paris,,48.8566,2.3522,35,
2024-02-19T11:00:00+00:00,39.68,54.9,7.56,80.37,20,40,Paris,,48.8566,2.3522,35,
2024-02-19T12:00:00+00:00,30.67,38.0,5.01,76.31,20,40,Paris,,48.8566,2.3522,35,
2024-02-19T13:00:00+00:00,32.74,46.08,6.13,67.33,20,40,Paris,,48.8566,2.3522,35,
2024-02-19T14:00:00+00:00,32.28,47.34,2.81,72.5,20,40,Paris,,48.8566,2.3522,35,
2024-02-19T15:00:00+00:00,36.08,46.87,1.74,59.39,20,40,Paris,,48.8566,2.3522,35,
2024-02-19T16:00:00+00:00,33.5,44.31,1.87,62.79,20,40,Paris,,48.8566,2.3522,35,
2024-02-19T17:00:00+00:00,32.53,41.69,2.68,60.61,20,40,Paris,,48.8566,2.3522,35,
2024-02-19T18:00:00+00:00,37.42,52.51,0.94,58.68,20,40,Paris,,48.8566,2.3522,35,
2024-02-19T19:00:00+00:00,37.38,51.16,3.39,62.34,20,40,Paris,,48.8566,2.3522,35,
2024-02-19T20:00:00+00:00,28.93,38.37,3.42,56.22,20,40,Paris,,48.8566,2.3522,35,
2024-02-19T21:00:00+00:00,33.27,42.98,2.73,56.71,20,40,Paris,,48.8566,2.3522,35,
2024-02-19T22:00:00+00:00,36.99,49.23,4.48,64.71,20,40,Paris,,48.8566,2.3522,35,
2024-02-19T23:00:00+00:00,37.46,47.39,5.17,64.29,20,40,Paris,,48.8566,2.3522,35,
2024-02-20T00:00:00+00:00,37.43,53.74,5.01,71.24,20,40,Paris,,48.8566,2.3522,35,
2024-02-20T01:00:00+00:00,30.57,40.43,6.66,71.62,20,40,Paris,,48.8566,2.3522,35,
2024-02-20T02:00:00+00:00,35.86,48.73,7.99,77.14,20,40,Paris,,48.8566,2.3522,35,
2024-02-20T03:00:00+00:00,30.9,39.22,9.96,72.09,20,40,Paris,,48.8566,2.3522,35,
2024-02-20T04:00:00+00:00,38.19,52.78,10.48,72.96,20,40,Paris,,48.8566,2.3522,35,
2024-02-20T05:00:00+00:00,30.53,42.59,8.95,73.13,20,40,Paris,,48.8566,2.3522,35,
2024-02-20T06:00:00+00:00,36.5,48.96,10.98,86.02,20,40,Paris,,48.8566,2.3522,35,
2024-02-20T07:00:00+00:00,34.73,50.88,9.41,81.07,20,40,Paris,,48.8566,2.3522,35,
2024-02-20T08:00:00+00:00,32.39,42.32,10.03,79.59,20,40,Paris,,48.8566,2.3522,35,
2024-02-20T09:00:00+00:00,33.69,44.74,8.77,79.07,20,40,Paris,,48.8566,2.3522,35,
2024-02-20T10:00:00+00:00,36.36,50.53,7.42,67.77,20,40,Paris,,48.8566,2.3522,35,
2024-02-20T11:00:00+00:00,34.58,47.61,7.24,73.99,20,40,Paris,,48.8566,2.3522,35,
2024-02-20T12:00:00+00:00,37.68,50.29,6.13,66.46,20,40,Paris,,48.8566,2.3522,35,
2024-02-20T13:00:00+00:00,29.84,39.93,6.35,69.09,20,40,Paris,,48.8566,2.3522,35,
2024-02-20T14:00:00+00:00,29.02,42.24,3.48,60.07,20,40,Paris,,48.8566,2.3522,35,
2024-02-20T15:00:00+00:00,37.77,48.55,1.73,61.43,20,40,Paris,,48.8566,2.3522,35,
2024-02-20T16:00:00+00:00,35.2,49.16,2.53,66.63,20,40,Paris,,48.8566,2.3522,35,
2024-02-20T17:00:00+00:00,30.65,40.87,3.26,65.48,20,40,Paris,,48.8566,2.3522,35,
2024-02-20T18:00:00+00:00,29.71,37.54,1.5,56.5,20,40,Paris,,48.8566,2.3522,35,
2024-02-20T19:00:00+00:00,29.42,41.51,2.37,67.53,20,40,Paris,,48.8566,2.3522,35,
2024-02-20T20:00:00+00:00,28.63,36.55,2.02,65.75,20,40,Paris,,48.8566,2.3522,35,
2024-02-20T21:00:00+00:00,33.33,44.46,2.12,59.87,20,40,Paris,,48.8566,2.3522,35,
2024-02-20T22:00:00+00:00,38.98,54.93,4.12,64.84,20,40,Paris,,48.8566,2.3522,35,
2024-02-20T23:00:00+00:00,30.7,44.28,3.53,68.82,20,40,Paris,,48.8566,2.3522,35,
2024-02-21T00:00:00+00:00,38.19,53.86,6.75,63.46,20,40,Paris,,48.8566,2.3522,35,
2024-02-21T01:00:00+00:00,37.83,48.79,7.5,68.37,20,40,Paris,,48.8566,2.3522,35,
2024-02-21T02:00:00+00:00,38.74,52.49,9.17,73.02,20,40,Paris,,48.8566,2.3522,35,
2024-02-21T03:00:00+00:00,35.68,44.76,9.71,79.78,20,40,Paris,,48.8566,2.3522,35,
2024-02-21T04:00:00+00:00,36.94,48.3,8.29,75.6,20,40,Paris,,48.8566,2.3522,35,
2024-02-21T05:00:00+00:00,37.63,53.78,10.09,85.3,20,40,Paris,,48.8566,2.3522,35,
2024-02-21T06:00:00+00:00,32.26,41.84,8.55,82.66,20,40,Paris,,48.8566,2.3522,35,
2024-02-21T07:00:00+00:00,36.14,47.43,9.59,86.09,20,40,Paris,,48.8566,2.3522,35,
2024-02-21T08:00:00+00:00,31.96,39.26,8.61,72.63,20,40,Paris,,48.8566,2.3522,35,
2024-02-21T09:00:00+00:00,30.94,40.63,8.03,80.85,20,40,Paris,,48.8566,2.3522,35,
2024-02-21T10:00:00+00:00,35.75,48.57,6.79,73.84,20,40,Paris,,48.8566,2.3522,35,
2024-02-21T11:00:00+00:00,37.34,52.74,5.8,80.58,20,40,Paris,,48.8566,2.3522,35,
2024-02-21T12:00:00+00:00,34.76,48.08,7.03,74.2,20,40,Paris,,48.8566,2.3522,35,
2024-02-21T13:00:00+00:00,29.97,43.29,5.67,68.54,20,40,Paris,,48.8566,2.3522,35,
2024-02-21T14:00:00+00:00,37.19,49.31,3.62,60.68,20,40,Paris,,48.8566,2.3522,35,
2024-02-21T15:00:00+00:00,29.65,42.53,4.02,69.52,20,40,Paris,,48.8566,2.3522,35,
2024-02-21T16:00:00+00:00,35.27,45.41,2.23,61.56,20,40,Paris,,48.8566,2.3522,35,
2024-02-21T17:00:00+00:00,37.36,53.59,2.45,62.27,20,40,Paris,,48.8566,2.3522,35,
2024-02-21T18:00:00+00:00,30.47,39.18,1.07,53.62,20,40,Paris,,48.8566,2.3522,35,
2024-02-21T19:00:00+00:00,31.33,38.39,1.4,65.34,20,40,Paris,,48.8566,2.3522,35,
2024-02-21T20:00:00+00:00,38.21,51.4,1.93,58.98,20,40,Paris,,48.8566,2.3522,35,
2024-02-21T21:00:00+00:00,34.39,44.05,2.78,65.89,20,40,Paris,,48.8566,2.3522,35,
2024-02-21T22:00:00+00:00,34.91,49.47,5.45,63.64,20,40,Paris,,48.8566,2.3522,35,
2024-02-21T23:00:00+00:00,33.81,45.85,6.29,63.43,20,40,Paris,,48.8566,2.3522,35,
2024-02-22T00:00:00+00:00,32.95,44.91,4.94,66.37,20,40,Paris,,48.8566,2.3522,35,
2024-02-22T01:00:00+00:00,38.87,48.83,6.02,73.88,20,40,Paris,,48.8566,2.3522,35,
2024-02-22T02:00:00+00:00,32.63,41.66,6.52,74.15,20,40,Paris,,48.8566,2.3522,35,
2024-02-22T03:00:00+00:00,35.1,48.32,8.75,78.37,20,40,Paris,,48.8566,2.3522,35,
2024-02-22T04:00:00+00:00,32.14,45.58,9.68,84.07,20,40,Paris,,48.8566,2.3522,35,
2024-02-22T05:00:00+00:00,36.22,47.99,10.61,73.06,20,40,Paris,,48.8566,2.3522,35,
2024-02-22T06:00:00+00:00,31.78,44.88,9.13,72.2,20,40,Paris,,48.8566,2.3522,35,
2024-02-22T07:00:00+00:00,32.9,45.32,9.57,78.17,20,40,Paris,,48.8566,2.3522,35,
2024-02-22T08:00:00+00:00,31.72,42.99,9.9,83.49,20,40,Paris,,48.8566,2.3522,35,
2024-02-22T09:00:00+00:00,38.78,54.81,8.08,72.0,20,40,Paris,,48.8566,2.3522,35,
2024-02-22T10:00:00+00:00,33.47,44.72,7.24,72.02,20,40,Paris,,48.8566,2.3522,35,
2024-02-22T11:00:00+00:00,37.51,48.24,7.0,77.03,20,40,Paris,,48.8566,2.3522,35,
2024-02-22T12:00:00+00:00,39.53,53.5,6.15,76.5,20,40,Paris,,48.8566,2.3522,35,
2024-02-22T13:00:00+00:00,38.7,51.36,5.53,72.09,20,40,Paris,,48.8566,2.3522,35,
2024-02-22T14:00:00+00:00,34.4,48.43,2.54,59.67,20,40,Paris,,48.8566,2.3522,35,
2024-02-22T15:00:00+00:00,35.48,45.43,2.38,59.31,20,40,Paris,,48.8566,2.3522,35,
2024-02-22T16:00:00+00:00,30.71,41.48,1.1,61.49,20,40,Paris,,48.8566,2.3522,35,
2024-02-22T17:00:00+00:00,31.98,44.19,1.4,59.27,20,40,Paris,,48.8566,2.3522,35,
2024-02-22T18:00:00+00:00,37.53,53.43,2.83,55.08,20,40,Paris,,48.8566,2.3522,35,
2024-02-22T19:00:00+00:00,31.32,38.43,1.71,53.2,20,40,Paris,,48.8566,2.3522,35,
2024-02-22T20:00:00+00:00,27.43,34.76,3.04,54.34,20,40,Paris,,48.8566,2.3522,35,
2024-02-22T21:00:00+00:00,30.13,38.32,4.59,58.57,20,40,Paris,,48.8566,2.3522,35,
2024-02-22T22:00:00+00:00,29.83,36.99,3.06,68.64,20,40,Paris,,48.8566,2.3522,35,
2024-02-22T23:00:00+00:00,30.18,38.46,5.4,64.69,20,40,Paris,,48.8566,2.3522,35,
2024-02-23T00:00:00+00:00,35.88,52.14,4.94,68.39,20,40,Paris,,48.8566,2.3522,35,
2024-02-23T01:00:00+00:00,32.89,45.0,5.82,65.98,20,40,Paris,,48.8566,2.3522,35,
2024-02-23T02:00:00+00:00,36.81,48.05,7.35,76.73,20,40,Paris,,48.8566,2.3522,35,
2024-02-23T03:00:00+00:00,40.14,58.18,7.77,81.43,20,40,Paris,,48.8566,2.3522,35,
2024-02-23T04:00:00+00:00,35.42,50.31,9.55,86.48,20,40,Paris,,48.8566,2.3522,35,
2024-02-23T05:00:00+00:00,35.61,51.84,9.71,84.71,20,40,Paris,,48.8566,2.3522,35,
2024-02-23T06:00:00+00:00,36.34,51.76,10.48,83.81,20,40,Paris,,48.8566,2.3522,35,
2024-02-23T07:00:00+00:00,33.19,46.41,8.45,77.93,20,40,Paris,,48.8566,2.3522,35,
2024-02-23T08:00:00+00:00,32.74,43.43,9.3,74.75,20,40,Paris,,48.8566,2.3522,35,
2024-02-23T09:00:00+00:00,35.8,46.98,9.89,72.31,20,40,Paris,,48.8566,2.3522,35,
2024-02-23T10:00:00+00:00,34.6,43.63,8.36,68.28,20,40,Paris,,48.8566,2.3522,35,
2024-02-23T11:00:00+00:00,28.65,42.42,8.37,67.36,20,40,Paris,,48.8566,2.3522,35,
2024-02-23T12:00:00+00:00,35.95,47.13,6.25,74.74,20,40,Paris,,48.8566,2.3522,35,
2024-02-23T13:00:00+00:00,34.36,49.48,4.02,62.46,20,40,Paris,,48.8566,2.3522,35,
2024-02-23T14:00:00+00:00,37.72,53.39,4.38,64.67,20,40,Paris,,48.8566,2.3522,35,
2024-02-23T15:00:00+00:00,35.28,44.27,4.63,57.02,20,40,Paris,,48.8566,2.3522,35,
2024-02-23T16:00:00+00:00,32.9,44.98,2.29,57.08,20,40,Paris,,48.8566,2.3522,35,
2024-02-23T17:00:00+00:00,29.89,38.43,0.71,65.18,20,40,Paris,,48.8566,2.3522,35,
2024-02-23T18:00:00+00:00,32.33,40.88,1.28,55.15,20,40,Paris,,48.8566,2.3522,35,
2024-02-23T19:00:00+00:00,28.79,36.84,2.21,61.78,20,40,Paris,,48.8566,2.3522,35,
2024-02-23T20:00:00+00:00,37.52,51.61,2.67,59.4,20,40,Paris,,48.8566,2.3522,35,
2024-02-23T21:00:00+00:00,29.96,43.31,4.09,68.57,20,40,Paris,,48.8566,2.3522,35,
2024-02-23T22:00:00+00:00,32.9,44.22,3.76,71.84,20,40,Paris,,48.8566,2.3522,35,
2024-02-23T23:00:00+00:00,31.34,41.57,6.0,72.39,20,40,Paris,,48.8566,2.3522,35,
2024-02-24T00:00:00+00:00,33.94,45.72,6.91,73.41,20,40,Paris,,48.8566,2.3522,35,
2024-02-24T01:00:00+00:00,33.87,48.21,6.32,66.5,20,40,Paris,,48.8566,2.3522,35,
2024-02-24T02:00:00+00:00,30.95,41.57,9.25,72.03,20,40,Paris,,48.8566,2.3522,35,
2024-02-24T03:00:00+00:00,36.51,48.29,8.98,79.12,20,40,Paris,,48.8566,2.3522,35,
2024-02-24T04:00:00+00:00,30.11,43.21,9.19,71.08,20,40,Paris,,48.8566,2.3522,35,
2024-02-24T05:00:00+00:00,38.13,49.58,10.4,76.44,20,40,Paris,,48.8566,2.3522,35,
2024-02-24T06:00:00+00:00,32.24,40.83,8.76,73.18,20,40,Paris,,48.8566,2.3522,35,
2024-02-24T07:00:00+00:00,35.72,49.7,8.9,75.08,20,40,Paris,,48.8566,2.3522,35,
2024-02-24T08:00:00+00:00,33.63,45.13,10.82,78.73,20,40,Paris,,48.8566,2.3522,35,
2024-02-24T09:00:00+00:00,36.47,46.03,7.92,80.74,20,40,Paris,,48.8566,2.3522,35,
2024-02-24T10:00:00+00:00,34.47,45.52,8.39,82.28,20,40,Paris,,48.8566,2.3522,35,
2024-02-24T11:00:00+00:00,38.78,54.14,6.85,71.09,20,40,Paris,,48.8566,2.3522,35,
2024-02-24T12:00:00+00:00,35.77,45.12,6.99,74.04,20,40,Paris,,48.8566,2.3522,35,
2024-02-24T13:00:00+00:00,32.23,46.21,4.64,69.2,20,40,Paris,,48.8566,2.3522,35,
2024-02-24T14:00:00+00:00,30.43,37.78,4.59,63.28,20,40,Paris,,48.8566,2.3522,35,
2024-02-24T15:00:00+00:00,34.97,44.9,2.45,55.87,20,40,Paris,,48.8566,2.3522,35,
2024-02-24T16:00:00+00:00,37.32,49.99,3.54,56.73,20,40,Paris,,48.8566,2.3522,35,
2024-02-24T17:00:00+00:00,34.97,43.34,0.66,67.68,20,40,Paris,,48.8566,2.3522,35,
2024-02-24T18:00:00+00:00,30.81,41.05,0.79,53.4,20,40,Paris,,48.8566,2.3522,35,
2024-02-24T19:00:00+00:00,38.86,49.58,0.68,61.64,20,40,Paris,,48.8566,2.3522,35,
2024-02-24T20:00:00+00:00,29.4,39.76,1.82,62.58,20,40,Paris,,48.8566,2.3522,35,
2024-02-24T21:00:00+00:00,32.45,45.04,4.57,60.78,20,40,Paris,,48.8566,2.3522,35,
2024-02-24T22:00:00+00:00,34.54,44.35,4.45,64.95,20,40,Paris,,48.8566,2.3522,35,
2024-02-24T23:00:00+00:00,31.39,42.48,5.92,66.89,20,40,Paris,,48.8566,2.3522,35,
2024-02-25T00:00:00+00:00,35.09,44.35,4.85,71.79,20,40,Paris,,48.8566,2.3522,35,
2024-02-25T01:00:00+00:00,31.32,43.29,8.35,75.31,20,40,Paris,,48.8566,2.3522,35,
2024-02-25T02:00:00+00:00,37.07,49.63,7.99,81.31,20,40,Paris,,48.8566,2.3522,35,
2024-02-25T03:00:00+00:00,35.6,51.84,8.17,81.65,20,40,Paris,,48.8566,2.3522,35,
2024-02-25T04:00:00+00:00,36.5,52.88,9.3,76.93,20,40,Paris,,48.8566,2.3522,35,
2024-02-25T05:00:00+00:00,39.06,56.24,11.18,84.1,20,40,Paris,,48.8566,2.3522,35,
2024-02-25T06:00:00+00:00,31.67,45.77,8.81,77.86,20,40,Paris,,48.8566,2.3522,35,
2024-02-25T07:00:00+00:00,35.3,46.0,11.27,87.25,20,40,Paris,,48.8566,2.3522,35,
2024-02-25T08:00:00+00:00,32.69,43.89,10.76,75.57,20,40,Paris,,48.8566,2.3522,35,
2024-02-25T09:00:00+00:00,30.99,42.46,9.78,79.63,20,40,Paris,,48.8566,2.3522,35,
2024-02-25T10:00:00+00:00,38.47,52.08,7.39,75.37,20,40,Paris,,48.8566,2.3522,35,
2024-02-25T11:00:00+00:00,38.58,51.54,7.0,75.52,20,40,Paris,,48.8566,2.3522,35,
2024-02-25T12:00:00+00:00,33.8,49.49,6.51,70.9,20,40,Paris,,48.8566,2.3522,35,
2024-02-25T13:00:00+00:00,38.85,51.0,4.43,67.96,20,40,Paris,,48.8566,2.3522,35,
2024-02-25T14:00:00+00:00,36.87,46.55,3.7,60.38,20,40,Paris,,48.8566,2.3522,35,
2024-02-25T15:00:00+00:00,28.7,39.54,1.97,56.45,20,40,Paris,,48.8566,2.3522,35,
2024-02-25T16:00:00+00:00,29.66,39.61,1.14,68.38,20,40,Paris,,48.8566,2.3522,35,
2024-02-25T17:00:00+00:00,31.19,46.08,2.93,68.11,20,40,Paris,,48.8566,2.3522,35,
2024-02-25T18:00:00+00:00,37.99,49.93,1.17,60.16,20,40,Paris,,48.8566,2.3522,35,
2024-02-25T19:00:00+00:00,28.65,41.38,0.76,59.33,20,40,Paris,,48.8566,2.3522,35,
2024-02-25T20:00:00+00:00,37.84,51.19,3.08,60.07,20,40,Paris,,48.8566,2.3522,35,
2024-02-25T21:00:00+00:00,36.44,51.54,2.39,58.32,20,40,Paris,,48.8566,2.3522,35,
2024-02-25T22:00:00+00:00,30.52,39.38,4.93,71.99,20,40,Paris,,48.8566,2.3522,35,
2024-02-25T23:00:00+00:00,36.22,52.76,4.25,72.64,20,40,Paris,,48.8566,2.3522,35,
2024-02-26T00:00:00+00:00,36.29,51.91,5.4,68.59,20,40,Paris,,48.8566,2.3522,35,
2024-02-26T01:00:00+00:00,35.02,49.15,7.25,65.36,20,40,Paris,,48.8566,2.3522,35,
2024-02-26T02:00:00+00:00,33.1,41.26,9.28,75.06,20,40,Paris,,48.8566,2.3522,35,
2024-02-26T03:00:00+00:00,38.08,47.44,10.21,75.18,20,40,Paris,,48.8566,2.3522,35,
2024-02-26T04:00:00+00:00,32.43,43.27,8.75,81.67,20,40,Paris,,48.8566,2.3522,35,
2024-02-26T05:00:00+00:00,40.18,52.5,9.96,86.26,20,40,Paris,,48.8566,2.3522,35,
2024-02-26T06:00:00+00:00,30.14,39.05,10.6,73.81,20,40,Paris,,48.8566,2.3522,35,
2024-02-26T07:00:00+00:00,39.46,56.49,11.12,79.76,20,40,Paris,,48.8566,2.3522,35,
2024-02-26T08:00:00+00:00,31.1,39.74,9.38,75.56,20,40,Paris,,48.8566,2.3522,35,
2024-02-26T09:00:00+00:00,34.85,49.78,8.53,75.87,20,40,Paris,,48.8566,2.3522,35,
2024-02-26T10:00:00+00:00,34.82,45.14,8.41,77.57,20,40,Paris,,48.8566,2.3522,35,
2024-02-26T11:00:00+00:00,29.27,38.22,6.51,69.67,20,40,Paris,,48.8566,2.3522,35,
2024-02-26T12:00:00+00:00,33.71,44.25,5.53,74.4,20,40,Paris,,48.8566,2.3522,35,
2024-02-26T13:00:00+00:00,36.81,47.99,4.08,67.45,20,40,Paris,,48.8566,2.3522,35,
2024-02-26T14:00:00+00:00,30.74,38.77,5.43,71.02,20,40,Paris,,48.8566,2.3522,35,
2024-02-26T15:00:00+00:00,36.5,47.48,2.96,57.73,20,40,Paris,,48.8566,2.3522,35,
2024-02-26T16:00:00+00:00,27.82,36.65,3.06,62.32,20,40,Paris,,48.8566,2.3522,35,
2024-02-26T17:00:00+00:00,30.25,39.23,3.37,54.73,20,40,Paris,,48.8566,2.3522,35,
2024-02-26T18:00:00+00:00,34.46,48.5,2.73,55.33,20,40,Paris,,48.8566,2.3522,35,
2024-02-26T19:00:00+00:00,35.19,47.63,0.83,64.93,20,40,Paris,,48.8566,2.3522,35,
2024-02-26T20:00:00+00:00,35.79,44.82,3.82,68.03,20,40,Paris,,48.8566,2.3522,35,
2024-02-26T21:00:00+00:00,27.42,37.72,2.81,55.9,20,40,Paris,,48.8566,2.3522,35,
2024-02-26T22:00:00+00:00,30.91,40.88,3.9,66.32,20,40,Paris,,48.8566,2.3522,35,
2024-02-26T23:00:00+00:00,37.29,49.78,6.04,59.88,20,40,Paris,,48.8566,2.3522,35,
2024-02-27T00:00:00+00:00,36.31,48.03,7.49,62.47,20,40,Paris,,48.8566,2.3522,35,
2024-02-27T01:00:00+00:00,32.05,46.53,7.14,79.57,20,40,Paris,,48.8566,2.3522,35,
2024-02-27T02:00:00+00:00,39.18,55.69,8.21,72.31,20,40,Paris,,48.8566,2.3522,35,
2024-02-27T03:00:00+00:00,37.93,48.3,10.23,78.93,20,40,Paris,,48.8566,2.3522,35,
2024-02-27T04:00:00+00:00,37.65,52.14,9.6,86.63,20,40,Paris,,48.8566,2.3522,35,
2024-02-27T05:00:00+00:00,35.12,46.66,10.11,73.37,20,40,Paris,,48.8566,2.3522,35,
2024-02-27T06:00:00+00:00,31.76,40.14,8.67,81.27,20,40,Paris,,48.8566,2.3522,35,
2024-02-27T07:00:00+00:00,31.29,45.01,11.31,87.09,20,40,Paris,,48.8566,2.3522,35,
2024-02-27T08:00:00+00:00,40.83,55.79,8.23,83.02,20,40,Paris,,48.8566,2.3522,35,
2024-02-27T09:00:00+00:00,30.93,40.85,9.25,81.69,20,40,Paris,,48.8566,2.3522,35,
2024-02-27T10:00:00+00:00,34.6,46.96,7.89,68.57,20,40,Paris,,48.8566,2.3522,35,
2024-02-27T11:00:00+00:00,35.06,48.77,7.66,78.74,20,40,Paris,,48.8566,2.3522,35,
2024-02-27T12:00:00+00:00,39.17,53.47,4.52,71.99,20,40,Paris,,48.8566,2.3522,35,
2024-02-27T13:00:00+00:00,36.21,45.02,4.27,67.75,20,40,Paris,,48.8566,2.3522,35,
2024-02-27T14:00:00+00:00,31.6,42.55,3.76,63.0,20,40,Paris,,48.8566,2.3522,35,
2024-02-27T15:00:00+00:00,33.43,41.23,3.85,62.3,20,40,Paris,,48.8566,2.3522,35,
2024-02-27T16:00:00+00:00,34.13,49.49,2.33,61.19,20,40,Paris,,48.8566,2.3522,35,
2024-02-27T17:00:00+00:00,32.67,46.14,1.3,59.87,20,40,Paris,,48.8566,2.3522,35,
2024-02-27T18:00:00+00:00,36.47,50.15,2.1,64.7,20,40,Paris,,48.8566,2.3522,35,
2024-02-27T19:00:00+00:00,34.17,49.06,2.29,52.68,20,40,Paris,,48.8566,2.3522,35,
2024-02-27T20:00:00+00:00,37.56,52.01,1.97,67.27,20,40,Paris,,48.8566,2.3522,35,
2024-02-27T21:00:00+00:00,28.57,37.04,3.32,66.57,20,40,Paris,,48.8566,2.3522,35,
2024-02-27T22:00:00+00:00,31.2,42.12,2.93,58.0,20,40,Paris,,48.8566,2.3522,35,
2024-02-27T23:00:00+00:00,31.5,42.28,4.38,74.58,20,40,Paris,,48.8566,2.3522,35,
2024-02-28T00:00:00+00:00,35.98,46.67,4.77,64.31,20,40,Paris,,48.8566,2.3522,35,
2024-02-28T01:00:00+00:00,33.28,48.6,7.12,69.7,20,40,Paris,,48.8566,2.3522,35,
2024-02-28T02:00:00+00:00,30.67,41.98,6.96,81.0,20,40,Paris,,48.8566,2.3522,35,
2024-02-28T03:00:00+00:00,30.69,43.87,8.92,71.43,20,40,Paris,,48.8566,2.3522,35,
2024-02-28T04:00:00+00:00,28.41,39.05,9.9,74.36,20,40,Paris,,48.8566,2.3522,35,
2024-02-28T05:00:00+00:00,38.25,48.55,10.83,78.79,20,40,Paris,,48.8566,2.3522,35,
2024-02-28T06:00:00+00:00,30.53,40.54,10.75,75.99,20,40,Paris,,48.8566,2.3522,35,
2024-02-28T07:00:00+00:00,35.72,51.69,10.62,76.92,20,40,Paris,,48.8566,2.3522,35,
2024-02-28T08:00:00+00:00,31.58,42.33,10.68,85.0,20,40,Paris,,48.8566,2.3522,35,
2024-02-28T09:00:00+00:00,33.0,45.14,8.63,82.29,20,40,Paris,,48.8566,2.3522,35,
2024-02-28T10:00:00+00:00,35.08,47.0,8.06,72.66,20,40,Paris,,48.8566,2.3522,35,
2024-02-28T11:00:00+00:00,30.98,39.47,6.41,73.75,20,40,Paris,,48.8566,2.3522,35,
2024-02-28T12:00:00+00:00,37.95,47.76,6.41,72.5,20,40,Paris,,48.8566,2.3522,35,
2024-02-28T13:00:00+00:00,31.9,42.27,4.34,63.15,20,40,Paris,,48.8566,2.3522,35,
2024-02-28T14:00:00+00:00,30.41,40.34,5.29,58.69,20,40,Paris,,48.8566,2.3522,35,
2024-02-28T15:00:00+00:00,37.35,51.69,1.78,64.62,20,40,Paris,,48.8566,2.3522,35,
2024-02-28T16:00:00+00:00,34.25,43.11,3.86,65.63,20,40,Paris,,48.8566,2.3522,35,
2024-02-28T17:00:00+00:00,29.38,38.77,2.37,65.42,20,40,Paris,,48.8566,2.3522,35,
2024-02-28T18:00:00+00:00,38.78,55.57,3.06,65.61,20,40,Paris,,48.8566,2.3522,35,
2024-02-28T19:00:00+00:00,32.76,48.05,2.48,56.06,20,40,Paris,,48.8566,2.3522,35,
2024-02-28T20:00:00+00:00,30.57,39.05,2.2,66.02,20,40,Paris,,48.8566,2.3522,35,
2024-02-28T21:00:00+00:00,30.48,38.17,3.98,62.66,20,40,Paris,,48.8566,2.3522,35,
2024-02-28T22:00:00+00:00,37.05,46.12,2.9,70.25,20,40,Paris,,48.8566,2.3522,35,
2024-02-28T23:00:00+00:00,36.51,46.1,5.41,70.59,20,40,Paris,,48.8566,2.3522,35,
2024-02-29T00:00:00+00:00,39.09,55.73,7.19,69.95,20,40,Paris,,48.8566,2.3522,35,
2024-02-29T01:00:00+00:00,32.42,43.57,7.21,77.88,20,40,Paris,,48.8566,2.3522,35,
2024-02-29T02:00:00+00:00,40.88,57.53,8.58,82.66,20,40,Paris,,48.8566,2.3522,35,
2024-02-29T03:00:00+00:00,36.88,52.23,10.16,72.24,20,40,Paris,,48.8566,2.3522,35,
2024-02-29T04:00:00+00:00,39.9,51.11,8.35,80.8,20,40,Paris,,48.8566,2.3522,35,
2024-02-29T05:00:00+00:00,32.51,46.87,8.63,77.07,20,40,Paris,,48.8566,2.3522,35,
2024-02-29T06:00:00+00:00,34.5,46.96,10.19,85.55,20,40,Paris,,48.8566,2.3522,35,
2024-02-29T07:00:00+00:00,31.66,44.01,9.0,73.81,20,40,Paris,,48.8566,2.3522,35,
2024-02-29T08:00:00+00:00,34.03,46.41,8.89,79.51,20,40,Paris,,48.8566,2.3522,35,
2024-02-29T09:00:00+00:00,32.54,43.76,9.25,78.93,20,40,Paris,,48.8566,2.3522,35,
2024-02-29T10:00:00+00:00,34.31,48.21,6.54,67.74,20,40,Paris,,48.8566,2.3522,35,
2024-02-29T11:00:00+00:00,32.07,41.61,8.13,66.2,20,40,Paris,,48.8566,2.3522,35,
2024-02-29T12:00:00+00:00,31.53,42.32,4.91,66.6,20,40,Paris,,48.8566,2.3522,35,
2024-02-29T13:00:00+00:00,38.61,49.21,6.07,74.55,20,40,Paris,,48.8566,2.3522,35,
2024-02-29T14:00:00+00:00,29.34,40.28,3.18,68.5,20,40,Paris,,48.8566,2.3522,35,
2024-02-29T15:00:00+00:00,29.96,38.25,2.51,57.61,20,40,Paris,,48.8566,2.3522,35,
2024-02-29T16:00:00+00:00,28.27,37.33,2.75,57.16,20,40,Paris,,48.8566,2.3522,35,
2024-02-29T17:00:00+00:00,29.18,42.26,2.89,52.74,20,40,Paris,,48.8566,2.3522,35,
2024-02-29T18:00:00+00:00,39.45,51.81,0.58,64.58,20,40,Paris,,48.8566,2.3522,35,
2024-02-29T19:00:00+00:00,31.38,39.51,3.48,57.86,20,40,Paris,,48.8566,2.3522,35,
2024-02-29T20:00:00+00:00,31.32,46.02,3.06,65.75,20,40,Paris,,48.8566,2.3522,35,
2024-02-29T21:00:00+00:00,35.31,45.1,4.22,59.21,20,40,Paris,,48.8566,2.3522,35,
2024-02-29T22:00:00+00:00,34.34,47.79,2.74,60.51,20,40,Paris,,48.8566,2.3522,35,
2024-02-29T23:00:00+00:00,27.87,34.55,4.05,63.83,20,40,Paris,,48.8566,2.3522,35,
2024-03-01T00:00:00+00:00,36.06,47.51,8.98,73.81,20,40,Paris,,48.8566,2.3522,35,
2024-03-01T01:00:00+00:00,36.97,53.11,9.69,68.77,20,40,Paris,,48.8566,2.3522,35,
2024-03-01T02:00:00+00:00,30.48,42.16,13.3,79.2,20,40,Paris,,48.8566,2.3522,35,
2024-03-01T03:00:00+00:00,30.28,37.43,12.42,83.55,20,40,Paris,,48.8566,2.3522,35,
2024-03-01T04:00:00+00:00,29.6,37.1,12.77,82.47,20,40,Paris,,48.8566,2.3522,35,
2024-03-01T05:00:00+00:00,34.34,45.93,14.98,74.12,20,40,Paris,,48.8566,2.3522,35,
2024-03-01T06:00:00+00:00,35.95,48.09,15.43,79.33,20,40,Paris,,48.8566,2.3522,35,
2024-03-01T07:00:00+00:00,35.99,49.43,14.09,78.94,20,40,Paris,,48.8566,2.3522,35,
2024-03-01T08:00:00+00:00,34.34,45.34,13.73,75.73,20,40,Paris,,48.8566,2.3522,35,
2024-03-01T09:00:00+00:00,31.23,44.74,12.04,79.07,20,40,Paris,,48.8566,2.3522,35,
2024-03-01T10:00:00+00:00,27.8,37.15,11.49,72.29,20,40,Paris,,48.8566,2.3522,35,
2024-03-01T11:00:00+00:00,30.56,38.38,10.12,70.82,20,40,Paris,,48.8566,2.3522,35,
2024-03-01T12:00:00+00:00,35.08,48.7,10.48,66.03,20,40,Paris,,48.8566,2.3522,35,
2024-03-01T13:00:00+00:00,34.58,44.28,8.43,65.89,20,40,Paris,,48.8566,2.3522,35,
2024-03-01T14:00:00+00:00,33.79,44.25,7.66,70.47,20,40,Paris,,48.8566,2.3522,35,
2024-03-01T15:00:00+00:00,34.17,44.65,5.72,69.35,20,40,Paris,,48.8566,2.3522,35,
2024-03-01T16:00:00+00:00,31.78,41.33,6.2,67.68,20,40,Paris,,48.8566,2.3522,35,
2024-03-01T17:00:00+00:00,37.36,48.64,5.66,59.42,20,40,Paris,,48.8566,2.3522,35,
2024-03-01T18:00:00+00:00,33.34,47.62,6.07,53.46,20,40,Paris,,48.8566,2.3522,35,
2024-03-01T19:00:00+00:00,30.13,43.17,5.2,54.29,20,40,Paris,,48.8566,2.3522,35,
2024-03-01T20:00:00+00:00,38.83,55.97,5.83,68.5,20,40,Paris,,48.8566,2.3522,35,
2024-03-01T21:00:00+00:00,36.06,50.39,8.27,62.56,20,40,Paris,,48.8566,2.3522,35,
2024-03-01T22:00:00+00:00,28.08,37.73,6.83,66.71,20,40,Paris,,48.8566,2.3522,35,
2024-03-01T23:00:00+00:00,36.84,51.5,8.29,66.2,20,40,Paris,,48.8566,2.3522,35,
2024-03-02T00:00:00+00:00,38.7,55.01,10.28,77.18,20,40,Paris,,48.8566,2.3522,35,
2024-03-02T01:00:00+00:00,30.42,44.68,12.26,68.71,20,40,Paris,,48.8566,2.3522,35,
2024-03-02T02:00:00+00:00,39.16,49.3,10.8,81.88,20,40,Paris,,48.8566,2.3522,35,
2024-03-02T03:00:00+00:00,34.81,49.48,14.15,82.38,20,40,Paris,,48.8566,2.3522,35,
2024-03-02T04:00:00+00:00,29.38,36.63,14.63,79.18,20,40,Paris,,48.8566,2.3522,35,
2024-03-02T05:00:00+00:00,37.02,46.64,13.21,73.24,20,40,Paris,,48.8566,2.3522,35,
2024-03-02T06:00:00+00:00,35.37,44.72,14.82,81.67,20,40,Paris,,48.8566,2.3522,35,
2024-03-02T07:00:00+00:00,34.89,45.11,14.46,80.45,20,40,Paris,,48.8566,2.3522,35,
2024-03-02T08:00:00+00:00,28.34,38.9,13.3,75.06,20,40,Paris,,48.8566,2.3522,35,
2024-03-02T09:00:00+00:00,36.78,49.56,13.28,72.44,20,40,Paris,,48.8566,2.3522,35,
2024-03-02T10:00:00+00:00,32.22,44.59,11.01,79.23,20,40,Paris,,48.8566,2.3522,35,
2024-03-02T11:00:00+00:00,27.89,38.83,10.6,69.29,20,40,Paris,,48.8566,2.3522,35,
2024-03-02T12:00:00+00:00,29.17,39.14,10.66,70.21,20,40,Paris,,48.8566,2.3522,35,
2024-03-02T13:00:00+00:00,26.45,34.16,9.65,62.76,20,40,Paris,,48.8566,2.3522,35,
2024-03-02T14:00:00+00:00,30.34,40.77,8.4,66.57,20,40,Paris,,48.8566,2.3522,35,
2024-03-02T15:00:00+00:00,29.69,37.0,7.47,59.4,20,40,Paris,,48.8566,2.3522,35,
2024-03-02T16:00:00+00:00,27.54,38.83,5.43,57.11,20,40,Paris,,48.8566,2.3522,35,
2024-03-02T17:00:00+00:00,33.33,41.38,5.81,67.39,20,40,Paris,,48.8566,2.3522,35,
2024-03-02T18:00:00+00:00,30.29,40.29,6.69,64.4,20,40,Paris,,48.8566,2.3522,35,
2024-03-02T19:00:00+00:00,30.17,42.28,5.5,64.32,20,40,Paris,,48.8566,2.3522,35,
2024-03-02T20:00:00+00:00,30.67,37.87,5.36,61.62,20,40,Paris,,48.8566,2.3522,35,
2024-03-02T21:00:00+00:00,32.99,44.08,6.29,62.02,20,40,Paris,,48.8566,2.3522,35,
2024-03-02T22:00:00+00:00,30.12,38.54,9.04,57.54,20,40,Paris,,48.8566,2.3522,35,
2024-03-02T23:00:00+00:00,30.36,41.29,9.39,68.9,20,40,Paris,,48.8566,2.3522,35,
2024-03-03T00:00:00+00:00,36.56,46.41,9.31,65.71,20,40,Paris,,48.8566,2.3522,35,
2024-03-03T01:00:00+00:00,37.59,47.6,11.81,73.04,20,40,Paris,,48.8566,2.3522,35,
2024-03-03T02:00:00+00:00,36.5,46.41,11.29,70.07,20,40,Paris,,48.8566,2.3522,35,
2024-03-03T03:00:00+00:00,37.48,47.24,13.78,79.09,20,40,Paris,,48.8566,2.3522,35,
2024-03-03T04:00:00+00:00,36.24,52.62,14.68,75.4,20,40,Paris,,48.8566,2.3522,35,
2024-03-03T05:00:00+00:00,38.47,54.0,12.69,75.39,20,40,Paris,,48.8566,2.3522,35,
2024-03-03T06:00:00+00:00,29.06,37.75,13.66,74.6,20,40,Paris,,48.8566,2.3522,35,
2024-03-03T07:00:00+00:00,38.38,47.96,14.18,79.03,20,40,Paris,,48.8566,2.3522,35,
2024-03-03T08:00:00+00:00,27.28,37.11,14.91,70.69,20,40,Paris,,48.8566,2.3522,35,
2024-03-03T09:00:00+00:00,34.33,47.68,13.67,72.1,20,40,Paris,,48.8566,2.3522,35,
2024-03-03T10:00:00+00:00,29.56,37.54,11.85,71.71,20,40,Paris,,48.8566,2.3522,35,
2024-03-03T11:00:00+00:00,33.91,44.31,11.59,78.06,20,40,Paris,,48.8566,2.3522,35,
2024-03-03T12:00:00+00:00,30.26,37.37,11.14,63.74,20,40,Paris,,48.8566,2.3522,35,
2024-03-03T13:00:00+00:00,28.54,35.84,9.1,64.45,20,40,Paris,,48.8566,2.3522,35,
2024-03-03T14:00:00+00:00,28.26,37.57,7.56,69.34,20,40,Paris,,48.8566,2.3522,35,
2024-03-03T15:00:00+00:00,37.02,50.19,6.98,67.89,20,40,Paris,,48.8566,2.3522,35,
2024-03-03T16:00:00+00:00,37.3,46.93,7.06,63.32,20,40,Paris,,48.8566,2.3522,35,
2024-03-03T17:00:00+00:00,31.35,38.75,7.38,54.68,20,40,Paris,,48.8566,2.3522,35,
2024-03-03T18:00:00+00:00,34.85,47.5,4.6,62.76,20,40,Paris,,48.8566,2.3522,35,
2024-03-03T19:00:00+00:00,35.56,48.66,6.52,64.97,20,40,Paris,,48.8566,2.3522,35,
2024-03-03T20:00:00+00:00,29.21,42.09,6.54,66.34,20,40,Paris,,48.8566,2.3522,35,
2024-03-03T21:00:00+00:00,28.58,34.6,6.88,58.17,20,40,Paris,,48.8566,2.3522,35,
2024-03-03T22:00:00+00:00,30.1,38.52,7.71,63.75,20,40,Paris,,48.8566,2.3522,35,
2024-03-03T23:00:00+00:00,38.44,53.56,9.57,68.09,20,40,Paris,,48.8566,2.3522,35,
2024-03-04T00:00:00+00:00,34.1,48.8,10.49,75.03,20,40,Paris,,48.8566,2.3522,35,
2024-03-04T01:00:00+00:00,39.17,55.21,10.99,78.12,20,40,Paris,,48.8566,2.3522,35,
2024-03-04T02:00:00+00:00,32.54,42.47,11.66,72.93,20,40,Paris,,48.8566,2.3522,35,
2024-03-04T03:00:00+00:00,30.5,44.38,11.85,70.29,20,40,Paris,,48.8566,2.3522,35,
2024-03-04T04:00:00+00:00,29.72,40.39,12.27,76.89,20,40,Paris,,48.8566,2.3522,35,
2024-03-04T05:00:00+00:00,35.56,47.75,14.76,80.7,20,40,Paris,,48.8566,2.3522,35,
2024-03-04T06:00:00+00:00,30.98,42.95,14.11,77.15,20,40,Paris,,48.8566,2.3522,35,
2024-03-04T07:00:00+00:00,40.88,56.26,13.25,86.62,20,40,Paris,,48.8566,2.3522,35,
2024-03-04T08:00:00+00:00,32.78,46.26,12.1,80.58,20,40,Paris,,48.8566,2.3522,35,
2024-03-04T09:00:00+00:00,36.96,52.41,12.41,78.77,20,40,Paris,,48.8566,2.3522,35,
2024-03-04T10:00:00+00:00,39.41,55.7,12.03,77.33,20,40,Paris,,48.8566,2.3522,35,
2024-03-04T11:00:00+00:00,31.37,44.5,11.29,79.75,20,40,Paris,,48.8566,2.3522,35,
2024-03-04T12:00:00+00:00,32.81,40.54,9.7,75.54,20,40,Paris,,48.8566,2.3522,35,
2024-03-04T13:00:00+00:00,34.92,50.42,7.47,70.38,20,40,Paris,,48.8566,2.3522,35,
2024-03-04T14:00:00+00:00,35.98,52.29,8.31,62.78,20,40,Paris,,48.8566,2.3522,35,
2024-03-04T15:00:00+00:00,27.98,35.03,8.52,61.96,20,40,Paris,,48.8566,2.3522,35,
2024-03-04T16:00:00+00:00,32.23,43.78,5.35,59.95,20,40,Paris,,48.8566,2.3522,35,
2024-03-04T17:00:00+00:00,26.22,38.81,6.86,52.55,20,40,Paris,,48.8566,2.3522,35,
2024-03-04T18:00:00+00:00,35.6,47.18,6.12,64.68,20,40,Paris,,48.8566,2.3522,35,
2024-03-04T19:00:00+00:00,30.27,40.87,5.39,58.05,20,40,Paris,,48.8566,2.3522,35,
2024-03-04T20:00:00+00:00,36.75,51.51,7.85,67.97,20,40,Paris,,48.8566,2.3522,35,
2024-03-04T21:00:00+00:00,33.7,43.88,8.45,64.4,20,40,Paris,,48.8566,2.3522,35,
2024-03-04T22:00:00+00:00,29.23,42.77,7.05,63.5,20,40,Paris,,48.8566,2.3522,35,
2024-03-04T23:00:00+00:00,32.06,45.06,7.56,64.74,20,40,Paris,,48.8566,2.3522,35,
2024-03-05T00:00:00+00:00,28.24,37.45,8.55,69.39,20,40,Paris,,48.8566,2.3522,35,
2024-03-05T01:00:00+00:00,37.57,47.06,11.33,73.36,20,40,Paris,,48.8566,2.3522,35,
2024-03-05T02:00:00+00:00,37.07,52.3,13.42,67.87,20,40,Paris,,48.8566,2.3522,35,
2024-03-05T03:00:00+00:00,33.47,44.28,12.65,76.84,20,40,Paris,,48.8566,2.3522,35,
2024-03-05T04:00:00+00:00,33.39,44.06,14.88,81.92,20,40,Paris,,48.8566,2.3522,35,
2024-03-05T05:00:00+00:00,36.98,53.09,13.46,81.6,20,40,Paris,,48.8566,2.3522,35,
2024-03-05T06:00:00+00:00,30.23,40.36,13.62,85.98,20,40,Paris,,48.8566,2.3522,35,
2024-03-05T07:00:00+00:00,37.54,49.31,13.69,76.02,20,40,Paris,,48.8566,2.3522,35,
2024-03-05T08:00:00+00:00,37.65,53.94,14.2,70.87,20,40,Paris,,48.8566,2.3522,35,
2024-03-05T09:00:00+00:00,34.66,43.62,14.22,74.17,20,40,Paris,,48.8566,2.3522,35,
2024-03-05T10:00:00+00:00,34.12,49.5,12.34,69.06,20,40,Paris,,48.8566,2.3522,35,
2024-03-05T11:00:00+00:00,32.22,40.89,10.99,80.41,20,40,Paris,,48.8566,2.3522,35,
2024-03-05T12:00:00+00:00,32.38,43.0,10.82,63.5,20,40,Paris,,48.8566,2.3522,35,
2024-03-05T13:00:00+00:00,37.11,48.21,9.7,62.99,20,40,Paris,,48.8566,2.3522,35,
2024-03-05T14:00:00+00:00,31.12,43.1,8.86,61.4,20,40,Paris,,48.8566,2.3522,35,
2024-03-05T15:00:00+00:00,33.62,43.67,8.23,58.85,20,40,Paris,,48.8566,2.3522,35,
2024-03-05T16:00:00+00:00,35.04,46.88,6.43,64.53,20,40,Paris,,48.8566,2.3522,35,
2024-03-05T17:00:00+00:00,34.43,47.4,6.94,60.6,20,40,Paris,,48.8566,2.3522,35,
2024-03-05T18:00:00+00:00,29.12,40.26,5.98,63.58,20,40,Paris,,48.8566,2.3522,35,
2024-03-05T19:00:00+00:00,37.53,50.6,6.24,67.94,20,40,Paris,,48.8566,2.3522,35,
2024-03-05T20:00:00+00:00,32.13,46.81,5.42,60.19,20,40,Paris,,48.8566,2.3522,35,
2024-03-05T21:00:00+00:00,34.36,45.7,6.39,62.92,20,40,Paris,,48.8566,2.3522,35,
2024-03-05T22:00:00+00:00,31.99,40.63,8.95,72.38,20,40,Paris,,48.8566,2.3522,35,
2024-03-05T23:00:00+00:00,32.28,43.31,8.64,69.16,20,40,Paris,,48.8566,2.3522,35,
2024-03-06T00:00:00+00:00,30.25,37.71,10.22,66.06,20,40,Paris,,48.8566,2.3522,35,
2024-03-06T01:00:00+00:00,37.73,51.24,11.84,69.57,20,40,Paris,,48.8566,2.3522,35,
2024-03-06T02:00:00+00:00,34.52,45.65,13.14,68.47,20,40,Paris,,48.8566,2.3522,35,
2024-03-06T03:00:00+00:00,31.87,45.15,11.7,73.71,20,40,Paris,,48.8566,2.3522,35,
2024-03-06T04:00:00+00:00,38.49,50.68,13.27,74.79,20,40,Paris,,48.8566,2.3522,35,
2024-03-06T05:00:00+00:00,38.38,50.28,13.57,86.64,20,40,Paris,,48.8566,2.3522,35,
2024-03-06T06:00:00+00:00,36.05,49.7,15.32,77.66,20,40,Paris,,48.8566,2.3522,35,
2024-03-06T07:00:00+00:00,31.26,46.11,13.06,73.15,20,40,Paris,,48.8566,2.3522,35,
2024-03-06T08:00:00+00:00,33.82,45.83,14.1,73.8,20,40,Paris,,48.8566,2.3522,35,
2024-03-06T09:00:00+00:00,37.26,46.41,13.03,75.5,20,40,Paris,,48.8566,2.3522,35,
2024-03-06T10:00:00+00:00,38.5,55.34,13.39,77.56,20,40,Paris,,48.8566,2.3522,35,
2024-03-06T11:00:00+00:00,39.68,50.72,9.93,78.09,20,40,Paris,,48.8566,2.3522,35,
2024-03-06T12:00:00+00:00,28.12,35.22,10.77,69.19,20,40,Paris,,48.8566,2.3522,35,
2024-03-06T13:00:00+00:00,36.4,48.91,9.46,69.02,20,40,Paris,,48.8566,2.3522,35,
2024-03-06T14:00:00+00:00,28.46,38.59,7.03,65.42,20,40,Paris,,48.8566,2.3522,35,
2024-03-06T15:00:00+00:00,29.57,41.99,5.71,64.24,20,40,Paris,,48.8566,2.3522,35,
2024-03-06T16:00:00+00:00,35.22,50.1,6.35,55.34,20,40,Paris,,48.8566,2.3522,35,
2024-03-06T17:00:00+00:00,33.73,43.77,7.16,55.61,20,40,Paris,,48.8566,2.3522,35,
2024-03-06T18:00:00+00:00,27.08,33.22,4.61,52.35,20,40,Paris,,48.8566,2.3522,35,
2024-03-06T19:00:00+00:00,35.97,46.63,6.26,59.52,20,40,Paris,,48.8566,2.3522,35,
2024-03-06T20:00:00+00:00,34.19,46.45,6.79,68.62,20,40,Paris,,48.8566,2.3522,35,
2024-03-06T21:00:00+00:00,28.45,38.88,5.68,61.97,20,40,Paris,,48.8566,2.3522,35,
2024-03-06T22:00:00+00:00,29.11,42.22,8.79,70.32,20,40,Paris,,48.8566,2.3522,35,
2024-03-06T23:00:00+00:00,28.64,35.34,9.81,63.18,20,40,Paris,,48.8566,2.3522,35,
2024-03-07T00:00:00+00:00,36.8,52.69,9.22,65.52,20,40,Paris,,48.8566,2.3522,35,
2024-03-07T01:00:00+00:00,34.65,43.34,10.5,80.09,20,40,Paris,,48.8566,2.3522,35,
2024-03-07T02:00:00+00:00,39.34,51.59,13.27,81.77,20,40,Paris,,48.8566,2.3522,35,
2024-03-07T03:00:00+00:00,29.72,36.73,13.33,71.51,20,40,Paris,,48.8566,2.3522,35,
2024-03-07T04:00:00+00:00,32.53,41.89,13.17,74.61,20,40,Paris,,48.8566,2.3522,35,
2024-03-07T05:00:00+00:00,32.98,42.27,14.77,79.45,20,40,Paris,,48.8566,2.3522,35,
2024-03-07T06:00:00+00:00,33.36,48.12,13.97,87.33,20,40,Paris,,48.8566,2.3522,35,
2024-03-07T07:00:00+00:00,35.9,50.7,13.52,87.32,20,40,Paris,,48.8566,2.3522,35,
2024-03-07T08:00:00+00:00,37.15,49.92,12.05,86.54,20,40,Paris,,48.8566,2.3522,35,
2024-03-07T09:00:00+00:00,30.54,37.62,12.87,73.35,20,40,Paris,,48.8566,2.3522,35,
2024-03-07T10:00:00+00:00,30.55,44.75,11.47,77.9,20,40,Paris,,48.8566,2.3522,35,
2024-03-07T11:00:00+00:00,29.88,42.82,10.55,78.19,20,40,Paris,,48.8566,2.3522,35,
2024-03-07T12:00:00+00:00,30.71,43.41,11.09,70.53,20,40,Paris,,48.8566,2.3522,35,
2024-03-07T13:00:00+00:00,33.76,45.73,10.36,63.35,20,40,Paris,,48.8566,2.3522,35,
2024-03-07T14:00:00+00:00,30.13,39.54,7.1,58.22,20,40,Paris,,48.8566,2.3522,35,
2024-03-07T15:00:00+00:00,33.33,45.38,6.0,69.1,20,40,Paris,,48.8566,2.3522,35,
2024-03-07T16:00:00+00:00,29.75,43.52,5.51,66.1,20,40,Paris,,48.8566,2.3522,35,
2024-03-07T17:00:00+00:00,30.46,38.61,5.59,55.83,20,40,Paris,,48.8566,2.3522,35,
2024-03-07T18:00:00+00:00,29.0,43.03,6.13,67.07,20,40,Paris,,48.8566,2.3522,35,
2024-03-07T19:00:00+00:00,35.74,48.82,5.64,56.12,20,40,Paris,,48.8566,2.3522,35,
2024-03-07T20:00:00+00:00,27.33,35.97,5.19,54.66,20,40,Paris,,48.8566,2.3522,35,
2024-03-07T21:00:00+00:00,31.36,39.16,6.27,63.19,20,40,Paris,,48.8566,2.3522,35,
2024-03-07T22:00:00+00:00,36.05,46.57,9.37,68.22,20,40,Paris,,48.8566,2.3522,35,
2024-03-07T23:00:00+00:00,38.87,50.23,8.28,73.46,20,40,Paris,,48.8566,2.3522,35,
2024-03-08T00:00:00+00:00,34.42,46.15,11.04,65.38,20,40,Paris,,48.8566,2.3522,35,
2024-03-08T01:00:00+00:00,29.49,41.74,11.89,72.69,20,40,Paris,,48.8566,2.3522,35,
2024-03-08T02:00:00+00:00,37.37,53.77,12.69,73.41,20,40,Paris,,48.8566,2.3522,35,
2024-03-08T03:00:00+00:00,31.91,42.23,11.57,84.08,20,40,Paris,,48.8566,2.3522,35,
2024-03-08T04:00:00+00:00,30.24,42.69,13.64,74.61,20,40,Paris,,48.8566,2.3522,35,
2024-03-08T05:00:00+00:00,37.21,53.42,13.8,71.88,20,40,Paris,,48.8566,2.3522,35,
2024-03-08T06:00:00+00:00,32.83,41.34,14.46,79.1,20,40,Paris,,48.8566,2.3522,35,
2024-03-08T07:00:00+00:00,32.97,44.97,14.76,75.86,20,40,Paris,,48.8566,2.3522,35,
2024-03-08T08:00:00+00:00,33.78,47.88,13.47,80.8,20,40,Paris,,48.8566,2.3522,35,
2024-03-08T09:00:00+00:00,38.59,49.93,12.37,77.23,20,40,Paris,,48.8566,2.3522,35,
2024-03-08T10:00:00+00:00,34.56,50.41,11.99,69.82,20,40,Paris,,48.8566,2.3522,35,
2024-03-08T11:00:00+00:00,27.41,38.13,10.47,66.46,20,40,Paris,,48.8566,2.3522,35,
2024-03-08T12:00:00+00:00,30.74,43.62,10.23,76.63,20,40,Paris,,48.8566,2.3522,35,
2024-03-08T13:00:00+00:00,38.15,49.44,8.07,64.27,20,40,Paris,,48.8566,2.3522,35,
2024-03-08T14:00:00+00:00,37.28,47.9,7.92,59.8,20,40,Paris,,48.8566,2.3522,35,
2024-03-08T15:00:00+00:00,32.12,40.14,7.3,55.7,20,40,Paris,,48.8566,2.3522,35,
2024-03-08T16:00:00+00:00,28.23,35.24,7.47,68.55,20,40,Paris,,48.8566,2.3522,35,
2024-03-08T17:00:00+00:00,35.86,49.57,6.46,65.73,20,40,Paris,,48.8566,2.3522,35,
2024-03-08T18:00:00+00:00,34.41,42.64,6.56,52.93,20,40,Paris,,48.8566,2.3522,35,
2024-03-08T19:00:00+00:00,32.59,45.18,5.5,59.84,20,40,Paris,,48.8566,2.3522,35,
2024-03-08T20:00:00+00:00,30.76,44.6,7.4,61.25,20,40,Paris,,48.8566,2.3522,35,
2024-03-08T21:00:00+00:00,29.7,40.33,8.0,61.8,20,40,Paris,,48.8566,2.3522,35,
2024-03-08T22:00:00+00:00,33.12,46.11,8.85,59.46,20,40,Paris,,48.8566,2.3522,35,
2024-03-08T23:00:00+00:00,36.01,48.54,9.98,62.83,20,40,Paris,,48.8566,2.3522,35,
2024-03-09T00:00:00+00:00,38.41,53.31,9.18,69.7,20,40,Paris,,48.8566,2.3522,35,
2024-03-09T01:00:00+00:00,32.63,42.47,12.52,76.23,20,40,Paris,,48.8566,2.3522,35,
2024-03-09T02:00:00+00:00,36.63,47.2,11.61,75.25,20,40,Paris,,48.8566,2.3522,35,
2024-03-09T03:00:00+00:00,36.33,46.82,12.76,77.68,20,40,Paris,,48.8566,2.3522,35,
2024-03-09T04:00:00+00:00,28.45,39.43,13.3,71.54,20,40,Paris,,48.8566,2.3522,35,
2024-03-09T05:00:00+00:00,31.1,38.52,12.49,82.77,20,40,Paris,,48.8566,2.3522,35,
2024-03-09T06:00:00+00:00,32.63,46.03,12.88,79.37,20,40,Paris,,48.8566,2.3522,35,
2024-03-09T07:00:00+00:00,34.52,42.99,12.6,85.85,20,40,Paris,,48.8566,2.3522,35,
2024-03-09T08:00:00+00:00,36.66,48.81,12.49,85.29,20,40,Paris,,48.8566,2.3522,35,
2024-03-09T09:00:00+00:00,34.47,48.59,11.97,79.07,20,40,Paris,,48.8566,2.3522,35,
2024-03-09T10:00:00+00:00,35.63,45.89,11.45,73.72,20,40,Paris,,48.8566,2.3522,35,
2024-03-09T11:00:00+00:00,35.31,45.77,11.22,64.71,20,40,Paris,,48.8566,2.3522,35,
2024-03-09T12:00:00+00:00,35.37,45.03,9.37,77.94,20,40,Paris,,48.8566,2.3522,35,
2024-03-09T13:00:00+00:00,36.48,47.16,9.76,67.57,20,40,Paris,,48.8566,2.3522,35,
2024-03-09T14:00:00+00:00,38.32,48.17,9.42,72.68,20,40,Paris,,48.8566,2.3522,35,
2024-03-09T15:00:00+00:00,33.82,44.14,7.93,69.41,20,40,Paris,,48.8566,2.3522,35,
2024-03-09T16:00:00+00:00,31.95,42.0,5.37,56.87,20,40,Paris,,48.8566,2.3522,35,
2024-03-09T17:00:00+00:00,29.44,38.5,5.58,62.67,20,40,Paris,,48.8566,2.3522,35,
2024-03-09T18:00:00+00:00,37.09,48.37,5.95,67.15,20,40,Paris,,48.8566,2.3522,35,
2024-03-09T19:00:00+00:00,33.04,43.33,6.89,68.07,20,40,Paris,,48.8566,2.3522,35,
2024-03-09T20:00:00+00:00,28.61,35.72,7.87,63.46,20,40,Paris,,48.8566,2.3522,35,
2024-03-09T21:00:00+00:00,33.19,46.0,8.35,55.52,20,40,Paris,,48.8566,2.3522,35,
2024-03-09T22:00:00+00:00,37.31,54.07,7.51,67.05,20,40,Paris,,48.8566,2.3522,35,
2024-03-09T23:00:00+00:00,34.62,45.31,10.35,68.17,20,40,Paris,,48.8566,2.3522,35,
2024-03-10T00:00:00+00:00,33.71,44.38,9.45,68.67,20,40,Paris,,48.8566,2.3522,35,
2024-03-10T01:00:00+00:00,36.79,51.2,9.65,74.94,20,40,Paris,,48.8566,2.3522,35,
2024-03-10T02:00:00+00:00,37.17,54.0,12.14,70.36,20,40,Paris,,48.8566,2.3522,35,
2024-03-10T03:00:00+00:00,37.5,48.59,13.26,85.01,20,40,Paris,,48.8566,2.3522,35,
2024-03-10T04:00:00+00:00,33.21,41.21,12.16,77.71,20,40,Paris,,48.8566,2.3522,35,
2024-03-10T05:00:00+00:00,36.55,49.5,14.29,80.35,20,40,Paris,,48.8566,2.3522,35,
2024-03-10T06:00:00+00:00,29.29,43.03,14.26,73.75,20,40,Paris,,48.8566,2.3522,35,
2024-03-10T07:00:00+00:00,33.73,43.68,14.14,73.5,20,40,Paris,,48.8566,2.3522,35,
2024-03-10T08:00:00+00:00,37.82,50.78,14.68,78.28,20,40,Paris,,48.8566,2.3522,35,
2024-03-10T09:00:00+00:00,37.93,52.39,11.9,73.12,20,40,Paris,,48.8566,2.3522,35,
2024-03-10T10:00:00+00:00,35.56,48.15,11.07,68.93,20,40,Paris,,48.8566,2.3522,35,
2024-03-10T11:00:00+00:00,30.74,43.18,11.02,68.02,20,40,Paris,,48.8566,2.3522,35,
2024-03-10T12:00:00+00:00,35.41,43.82,10.15,69.86,20,40,Paris,,48.8566,2.3522,35,
2024-03-10T13:00:00+00:00,32.15,42.43,9.39,72.6,20,40,Paris,,48.8566,2.3522,35,
2024-03-10T14:00:00+00:00,29.49,39.84,8.65,72.77,20,40,Paris,,48.8566,2.3522,35,
2024-03-10T15:00:00+00:00,37.5,49.72,6.94,62.84,20,40,Paris,,48.8566,2.3522,35,
2024-03-10T16:00:00+00:00,31.02,44.09,7.43,59.93,20,40,Paris,,48.8566,2.3522,35,
2024-03-10T17:00:00+00:00,29.79,38.5,7.25,54.53,20,40,Paris,,48.8566,2.3522,35,
2024-03-10T18:00:00+00:00,34.44,46.68,5.85,55.55,20,40,Paris,,48.8566,2.3522,35,
2024-03-10T19:00:00+00:00,34.54,44.91,6.5,55.55,20,40,Paris,,48.8566,2.3522,35,
2024-03-10T20:00:00+00:00,31.54,43.22,6.39,61.5,20,40,Paris,,48.8566,2.3522,35,
2024-03-10T21:00:00+00:00,31.82,39.82,8.37,70.79,20,40,Paris,,48.8566,2.3522,35,
2024-03-10T22:00:00+00:00,29.53,38.35,7.78,58.56,20,40,Paris,,48.8566,2.3522,35,
2024-03-10T23:00:00+00:00,26.68,36.2,10.16,63.64,20,40,Paris,,48.8566,2.3522,35,
2024-03-11T00:00:00+00:00,32.63,45.88,10.1,63.81,20,40,Paris,,48.8566,2.3522,35,
2024-03-11T01:00:00+00:00,37.3,46.92,10.15,79.27,20,40,Paris,,48.8566,2.3522,35,
2024-03-11T02:00:00+00:00,29.35,42.81,13.25,67.37,20,40,Paris,,48.8566,2.3522,35,
2024-03-11T03:00:00+00:00,31.95,40.18,13.98,72.27,20,40,Paris,,48.8566,2.3522,35,
2024-03-11T04:00:00+00:00,35.48,49.07,13.35,76.32,20,40,Paris,,48.8566,2.3522,35,
2024-03-11T05:00:00+00:00,35.8,52.12,12.85,78.02,20,40,Paris,,48.8566,2.3522,35,
2024-03-11T06:00:00+00:00,29.63,43.77,13.01,76.19,20,40,Paris,,48.8566,2.3522,35,
2024-03-11T07:00:00+00:00,38.75,50.9,14.48,76.83,20,40,Paris,,48.8566,2.3522,35,
2024-03-11T08:00:00+00:00,31.75,39.77,12.18,83.67,20,40,Paris,,48.8566,2.3522,35,
2024-03-11T09:00:00+00:00,33.37,45.68,11.37,71.66,20,40,Paris,,48.8566,2.3522,35,
2024-03-11T10:00:00+00:00,33.29,45.72,11.7,69.63,20,40,Paris,,48.8566,2.3522,35,
2024-03-11T11:00:00+00:00,33.33,44.22,9.72,73.61,20,40,Paris,,48.8566,2.3522,35,
2024-03-11T12:00:00+00:00,36.35,48.96,8.72,66.33,20,40,Paris,,48.8566,2.3522,35,
2024-03-11T13:00:00+00:00,28.16,38.42,9.07,61.86,20,40,Paris,,48.8566,2.3522,35,
2024-03-11T14:00:00+00:00,36.13,45.69,7.53,67.8,20,40,Paris,,48.8566,2.3522,35,
2024-03-11T15:00:00+00:00,26.67,34.06,6.06,54.93,20,40,Paris,,48.8566,2.3522,35,
2024-03-11T16:00:00+00:00,34.53,49.86,6.92,60.09,20,40,Paris,,48.8566,2.3522,35,
2024-03-11T17:00:00+00:00,26.56,33.75,6.72,58.36,20,40,Paris,,48.8566,2.3522,35,
2024-03-11T18:00:00+00:00,32.46,39.91,5.17,63.55,20,40,Paris,,48.8566,2.3522,35,
2024-03-11T19:00:00+00:00,33.74,47.03,6.28,67.77,20,40,Paris,,48.8566,2.3522,35,
2024-03-11T20:00:00+00:00,30.31,42.27,7.39,60.29,20,40,Paris,,48.8566,2.3522,35,
2024-03-11T21:00:00+00:00,30.5,44.81,8.45,66.7,20,40,Paris,,48.8566,2.3522,35,
2024-03-11T22:00:00+00:00,27.45,34.18,6.68,57.42,20,40,Paris,,48.8566,2.3522,35,
2024-03-11T23:00:00+00:00,27.8,38.79,9.44,63.44,20,40,Paris,,48.8566,2.3522,35,
2024-03-12T00:00:00+00:00,29.04,39.17,10.42,68.91,20,40,Paris,,48.8566,2.3522,35,
2024-03-12T01:00:00+00:00,28.82,39.94,10.37,65.05,20,40,Paris,,48.8566,2.3522,35,
2024-03-12T02:00:00+00:00,35.81,51.43,11.33,67.39,20,40,Paris,,48.8566,2.3522,35,
2024-03-12T03:00:00+00:00,28.6,41.65,14.25,76.89,20,40,Paris,,48.8566,2.3522,35,
2024-03-12T04:00:00+00:00,30.56,40.45,12.8,82.63,20,40,Paris,,48.8566,2.3522,35,
2024-03-12T05:00:00+00:00,31.02,41.57,12.65,73.89,20,40,Paris,,48.8566,2.3522,35,
2024-03-12T06:00:00+00:00,32.65,42.98,14.46,81.58,20,40,Paris,,48.8566,2.3522,35,
2024-03-12T07:00:00+00:00,31.61,43.99,13.24,83.73,20,40,Paris,,48.8566,2.3522,35,
2024-03-12T08:00:00+00:00,31.85,46.77,14.86,85.57,20,40,Paris,,48.8566,2.3522,35,
2024-03-12T09:00:00+00:00,39.34,54.26,12.19,77.05,20,40,Paris,,48.8566,2.3522,35,
2024-03-12T10:00:00+00:00,38.37,48.1,12.07,72.55,20,40,Paris,,48.8566,2.3522,35,
2024-03-12T11:00:00+00:00,37.18,48.84,12.02,72.46,20,40,Paris,,48.8566,2.3522,35,
2024-03-12T12:00:00+00:00,34.19,46.87,10.7,75.86,20,40,Paris,,48.8566,2.3522,35,
2024-03-12T13:00:00+00:00,31.3,45.07,8.16,72.5,20,40,Paris,,48.8566,2.3522,35,
2024-03-12T14:00:00+00:00,35.8,47.19,6.8,71.22,20,40,Paris,,48.8566,2.3522,35,
2024-03-12T15:00:00+00:00,28.28,36.93,7.8,64.63,20,40,Paris,,48.8566,2.3522,35,
2024-03-12T16:00:00+00:00,28.34,34.83,5.82,66.9,20,40,Paris,,48.8566,2.3522,35,
2024-03-12T17:00:00+00:00,32.31,43.8,5.96,67.45,20,40,Paris,,48.8566,2.3522,35,
2024-03-12T18:00:00+00:00,34.75,47.35,5.14,54.88,20,40,Paris,,48.8566,2.3522,35,
2024-03-12T19:00:00+00:00,31.95,46.5,7.63,59.22,20,40,Paris,,48.8566,2.3522,35,
2024-03-12T20:00:00+00:00,36.33,50.44,7.76,68.36,20,40,Paris,,48.8566,2.3522,35,
2024-03-12T21:00:00+00:00,29.89,38.92,7.07,63.52,20,40,Paris,,48.8566,2.3522,35,
2024-03-12T22:00:00+00:00,28.01,40.27,8.85,70.87,20,40,Paris,,48.8566,2.3522,35,
2024-03-12T23:00:00+00:00,31.72,39.6,7.92,74.76,20,40,Paris,,48.8566,2.3522,35,
2024-03-13T00:00:00+00:00,29.46,43.72,11.23,67.46,20,40,Paris,,48.8566,2.3522,35,
2024-03-13T01:00:00+00:00,36.46,45.44,12.09,66.89,20,40,Paris,,48.8566,2.3522,35,
2024-03-13T02:00:00+00:00,37.74,49.0,12.02,73.33,20,40,Paris,,48.8566,2.3522,35,
2024-03-13T03:00:00+00:00,36.19,49.18,11.76,80.07,20,40,Paris,,48.8566,2.3522,35,
2024-03-13T04:00:00+00:00,29.63,37.15,12.58,79.49,20,40,Paris,,48.8566,2.3522,35,
2024-03-13T05:00:00+00:00,38.56,53.1,13.83,84.44,20,40,Paris,,48.8566,2.3522,35,
2024-03-13T06:00:00+00:00,31.92,41.97,15.0,74.97,20,40,Paris,,48.8566,2.3522,35,
2024-03-13T07:00:00+00:00,34.73,46.04,13.66,78.9,20,40,Paris,,48.8566,2.3522,35,
2024-03-13T08:00:00+00:00,30.14,43.15,13.65,72.33,20,40,Paris,,48.8566,2.3522,35,
2024-03-13T09:00:00+00:00,34.52,50.55,13.01,73.85,20,40,Paris,,48.8566,2.3522,35,
2024-03-13T10:00:00+00:00,39.84,54.17,10.7,78.29,20,40,Paris,,48.8566,2.3522,35,
2024-03-13T11:00:00+00:00,34.28,43.93,12.01,73.92,20,40,Paris,,48.8566,2.3522,35,
2024-03-13T12:00:00+00:00,39.25,56.26,9.86,74.61,20,40,Paris,,48.8566,2.3522,35,
2024-03-13T13:00:00+00:00,34.2,45.42,9.99,59.87,20,40,Paris,,48.8566,2.3522,35,
2024-03-13T14:00:00+00:00,34.39,48.56,7.11,63.87,20,40,Paris,,48.8566,2.3522,35,
2024-03-13T15:00:00+00:00,37.48,51.11,7.64,67.48,20,40,Paris,,48.8566,2.3522,35,
2024-03-13T16:00:00+00:00,32.1,42.19,6.02,59.4,20,40,Paris,,48.8566,2.3522,35,
2024-03-13T17:00:00+00:00,33.2,47.83,5.45,61.29,20,40,Paris,,48.8566,2.3522,35,
2024-03-13T18:00:00+00:00,31.51,39.16,5.79,53.4,20,40,Paris,,48.8566,2.3522,35,
2024-03-13T19:00:00+00:00,34.49,49.41,6.48,64.86,20,40,Paris,,48.8566,2.3522,35,
2024-03-13T20:00:00+00:00,28.77,36.3,5.04,59.37,20,40,Paris,,48.8566,2.3522,35,
2024-03-13T21:00:00+00:00,27.81,38.44,8.4,67.07,20,40,Paris,,48.8566,2.3522,35,
2024-03-13T22:00:00+00:00,28.37,41.07,9.4,71.95,20,40,Paris,,48.8566,2.3522,35,
2024-03-13T23:00:00+00:00,31.51,44.78,8.83,67.47,20,40,Paris,,48.8566,2.3522,35,
2024-03-14T00:00:00+00:00,36.51,49.8,11.5,69.05,20,40,Paris,,48.8566,2.3522,35,
2024-03-14T01:00:00+00:00,37.14,52.96,11.4,77.99,20,40,Paris,,48.8566,2.3522,35,
2024-03-14T02:00:00+00:00,36.74,53.17,12.46,70.43,20,40,Paris,,48.8566,2.3522,35,
2024-03-14T03:00:00+00:00,31.72,46.42,12.75,82.11,20,40,Paris,,48.8566,2.3522,35,
2024-03-14T04:00:00+00:00,34.53,46.29,13.89,77.68,20,40,Paris,,48.8566,2.3522,35,
2024-03-14T05:00:00+00:00,32.97,43.3,13.85,77.5,20,40,Paris,,48.8566,2.3522,35,
2024-03-14T06:00:00+00:00,34.81,44.41,12.94,82.76,20,40,Paris,,48.8566,2.3522,35,
2024-03-14T07:00:00+00:00,30.21,42.42,12.44,87.21,20,40,Paris,,48.8566,2.3522,35,
2024-03-14T08:00:00+00:00,34.28,43.26,12.07,80.54,20,40,Paris,,48.8566,2.3522,35,
2024-03-14T09:00:00+00:00,33.27,45.69,11.42,82.12,20,40,Paris,,48.8566,2.3522,35,
2024-03-14T10:00:00+00:00,34.8,50.3,11.35,78.64,20,40,Paris,,48.8566,2.3522,35,
2024-03-14T11:00:00+00:00,29.68,42.99,12.47,70.53,20,40,Paris,,48.8566,2.3522,35,
2024-03-14T12:00:00+00:00,35.53,51.86,8.7,73.5,20,40,Paris,,48.8566,2.3522,35,
2024-03-14T13:00:00+00:00,27.42,34.79,8.22,64.4,20,40,Paris,,48.8566,2.3522,35,
2024-03-14T14:00:00+00:00,27.82,39.38,6.74,57.16,20,40,Paris,,48.8566,2.3522,35,
2024-03-14T15:00:00+00:00,37.83,50.23,5.81,66.01,20,40,Paris,,48.8566,2.3522,35,
2024-03-14T16:00:00+00:00,37.75,48.94,5.39,61.57,20,40,Paris,,48.8566,2.3522,35,
2024-03-14T17:00:00+00:00,27.78,39.49,6.75,55.14,20,40,Paris,,48.8566,2.3522,35,
2024-03-14T18:00:00+00:00,32.16,41.23,5.49,63.37,20,40,Paris,,48.8566,2.3522,35,
2024-03-14T19:00:00+00:00,28.39,37.89,6.24,64.08,20,40,Paris,,48.8566,2.3522,35,
2024-03-14T20:00:00+00:00,25.97,32.7,7.66,56.37,20,40,Paris,,48.8566,2.3522,35,
2024-03-14T21:00:00+00:00,35.99,45.88,5.87,69.28,20,40,Paris,,48.8566,2.3522,35,
2024-03-14T22:00:00+00:00,38.02,50.61,7.35,66.32,20,40,Paris,,48.8566,2.3522,35,
2024-03-14T23:00:00+00:00,31.87,43.66,10.08,71.09,20,40,Paris,,48.8566,2.3522,35,
2024-03-15T00:00:00+00:00,33.43,47.12,11.36,76.17,20,40,Paris,,48.8566,2.3522,35,
2024-03-15T01:00:00+00:00,37.02,49.57,9.77,77.02,20,40,Paris,,48.8566,2.3522,35,
2024-03-15T02:00:00+00:00,28.15,38.22,12.37,72.66,20,40,Paris,,48.8566,2.3522,35,
2024-03-15T03:00:00+00:00,39.19,54.06,14.01,83.2,20,40,Paris,,48.8566,2.3522,35,
2024-03-15T04:00:00+00:00,33.04,47.01,12.23,76.34,20,40,Paris,,48.8566,2.3522,35,
2024-03-15T05:00:00+00:00,31.45,42.27,13.72,76.67,20,40,Paris,,48.8566,2.3522,35,
2024-03-15T06:00:00+00:00,30.52,43.65,15.41,77.21,20,40,Paris,,48.8566,2.3522,35,
2024-03-15T07:00:00+00:00,35.02,47.67,14.37,74.97,20,40,Paris,,48.8566,2.3522,35,
2024-03-15T08:00:00+00:00,28.71,36.51,12.25,72.47,20,40,Paris,,48.8566,2.3522,35,
2024-03-15T09:00:00+00:00,35.29,46.3,13.72,76.57,20,40,Paris,,48.8566,2.3522,35,
2024-03-15T10:00:00+00:00,30.16,41.29,13.15,81.12,20,40,Paris,,48.8566,2.3522,35,
2024-03-15T11:00:00+00:00,30.99,40.45,10.43,66.79,20,40,Paris,,48.8566,2.3522,35,
2024-03-15T12:00:00+00:00,31.53,44.52,9.74,72.79,20,40,Paris,,48.8566,2.3522,35,
2024-03-15T13:00:00+00:00,33.87,48.3,9.65,68.64,20,40,Paris,,48.8566,2.3522,35,
2024-03-15T14:00:00+00:00,32.3,45.0,7.16,66.54,20,40,Paris,,48.8566,2.3522,35,
2024-03-15T15:00:00+00:00,29.94,38.42,7.16,66.89,20,40,Paris,,48.8566,2.3522,35,
2024-03-15T16:00:00+00:00,31.18,38.58,7.7,63.9,20,40,Paris,,48.8566,2.3522,35,
2024-03-15T17:00:00+00:00,29.17,37.67,6.62,64.24,20,40,Paris,,48.8566,2.3522,35,
2024-03-15T18:00:00+00:00,33.84,42.38,6.74,62.06,20,40,Paris,,48.8566,2.3522,35,
2024-03-15T19:00:00+00:00,29.36,42.74,4.67,53.55,20,40,Paris,,48.8566,2.3522,35,
2024-03-15T20:00:00+00:00,31.73,39.13,6.78,58.69,20,40,Paris,,48.8566,2.3522,35,
2024-03-15T21:00:00+00:00,30.86,41.7,7.21,64.15,20,40,Paris,,48.8566,2.3522,35,
2024-03-15T22:00:00+00:00,28.48,41.52,8.36,72.89,20,40,Paris,,48.8566,2.3522,35,
2024-03-15T23:00:00+00:00,26.43,39.39,10.31,60.7,20,40,Paris,,48.8566,2.3522,35,
2024-03-16T00:00:00+00:00,34.13,49.18,11.26,69.16,20,40,Paris,,48.8566,2.3522,35,
2024-03-16T01:00:00+00:00,36.76,45.71,9.99,78.12,20,40,Paris,,48.8566,2.3522,35,
2024-03-16T02:00:00+00:00,32.12,39.98,12.6,68.0,20,40,Paris,,48.8566,2.3522,35,
2024-03-16T03:00:00+00:00,39.15,56.09,13.01,84.48,20,40,Paris,,48.8566,2.3522,35,
2024-03-16T04:00:00+00:00,32.58,40.1,13.3,77.01,20,40,Paris,,48.8566,2.3522,35,
2024-03-16T05:00:00+00:00,28.51,34.87,12.72,76.89,20,40,Paris,,48.8566,2.3522,35,
2024-03-16T06:00:00+00:00,36.86,46.32,14.49,83.15,20,40,Paris,,48.8566,2.3522,35,
2024-03-16T07:00:00+00:00,33.07,48.35,14.84,84.65,20,40,Paris,,48.8566,2.3522,35,
2024-03-16T08:00:00+00:00,29.6,37.11,12.04,76.69,20,40,Paris,,48.8566,2.3522,35,
2024-03-16T09:00:00+00:00,31.1,43.56,13.85,77.26,20,40,Paris,,48.8566,2.3522,35,
2024-03-16T10:00:00+00:00,32.3,43.34,13.28,72.72,20,40,Paris,,48.8566,2.3522,35,
2024-03-16T11:00:00+00:00,28.68,42.11,11.18,71.07,20,40,Paris,,48.8566,2.3522,35,
2024-03-16T12:00:00+00:00,39.48,50.8,9.34,74.37,20,40,Paris,,48.8566,2.3522,35,
2024-03-16T13:00:00+00:00,34.51,48.45,10.45,64.91,20,40,Paris,,48.8566,2.3522,35,
2024-03-16T14:00:00+00:00,35.0,49.9,8.34,72.19,20,40,Paris,,48.8566,2.3522,35,
2024-03-16T15:00:00+00:00,36.22,52.13,8.29,70.24,20,40,Paris,,48.8566,2.3522,35,
2024-03-16T16:00:00+00:00,31.98,43.7,5.52,61.94,20,40,Paris,,48.8566,2.3522,35,
2024-03-16T17:00:00+00:00,31.63,39.04,7.18,58.9,20,40,Paris,,48.8566,2.3522,35,
2024-03-16T18:00:00+00:00,34.49,48.35,4.99,63.14,20,40,Paris,,48.8566,2.3522,35,
2024-03-16T19:00:00+00:00,32.91,44.76,5.91,54.29,20,40,Paris,,48.8566,2.3522,35,
2024-03-16T20:00:00+00:00,31.92,44.87,6.49,60.65,20,40,Paris,,48.8566,2.3522,35,
2024-03-16T21:00:00+00:00,35.49,46.64,6.61,59.45,20,40,Paris,,48.8566,2.3522,35,
2024-03-16T22:00:00+00:00,34.59,43.77,7.69,68.28,20,40,Paris,,48.8566,2.3522,35,
2024-03-16T23:00:00+00:00,36.49,50.71,9.38,74.95,20,40,Paris,,48.8566,2.3522,35,
2024-03-17T00:00:00+00:00,32.83,48.21,9.31,72.76,20,40,Paris,,48.8566,2.3522,35,
2024-03-17T01:00:00+00:00,39.82,53.46,10.56,78.32,20,40,Paris,,48.8566,2.3522,35,
2024-03-17T02:00:00+00:00,34.37,49.6,12.83,74.7,20,40,Paris,,48.8566,2.3522,35,
2024-03-17T03:00:00+00:00,35.59,49.57,13.57,71.77,20,40,Paris,,48.8566,2.3522,35,
2024-03-17T04:00:00+00:00,29.55,41.97,12.12,71.51,20,40,Paris,,48.8566,2.3522,35,
2024-03-17T05:00:00+00:00,32.28,40.71,13.56,75.8,20,40,Paris,,48.8566,2.3522,35,
2024-03-17T06:00:00+00:00,33.45,41.84,13.48,76.62,20,40,Paris,,48.8566,2.3522,35,
2024-03-17T07:00:00+00:00,35.85,45.25,14.38,72.79,20,40,Paris,,48.8566,2.3522,35,
2024-03-17T08:00:00+00:00,36.47,52.8,12.78,71.95,20,40,Paris,,48.8566,2.3522,35,
2024-03-17T09:00:00+00:00,29.33,39.15,13.08,74.82,20,40,Paris,,48.8566,2.3522,35,
2024-03-17T10:00:00+00:00,28.89,37.68,10.9,71.62,20,40,Paris,,48.8566,2.3522,35,
2024-03-17T11:00:00+00:00,33.24,48.24,9.81,69.73,20,40,Paris,,48.8566,2.3522,35,
2024-03-17T12:00:00+00:00,30.55,38.08,10.29,67.4,20,40,Paris,,48.8566,2.3522,35,
2024-03-17T13:00:00+00:00,34.07,43.83,8.71,74.38,20,40,Paris,,48.8566,2.3522,35,
2024-03-17T14:00:00+00:00,29.89,37.97,8.48,59.02,20,40,Paris,,48.8566,2.3522,35,
2024-03-17T15:00:00+00:00,34.19,43.22,7.96,63.77,20,40,Paris,,48.8566,2.3522,35,
2024-03-17T16:00:00+00:00,31.44,44.38,7.21,55.01,20,40,Paris,,48.8566,2.3522,35,
2024-03-17T17:00:00+00:00,32.36,44.67,6.59,62.9,20,40,Paris,,48.8566,2.3522,35,
2024-03-17T18:00:00+00:00,32.69,40.29,5.23,63.49,20,40,Paris,,48.8566,2.3522,35,
2024-03-17T19:00:00+00:00,38.05,49.09,7.0,67.67,20,40,Paris,,48.8566,2.3522,35,
2024-03-17T20:00:00+00:00,30.35,37.52,6.61,54.08,20,40,Paris,,48.8566,2.3522,35,
2024-03-17T21:00:00+00:00,37.92,52.3,7.15,62.53,20,40,Paris,,48.8566,2.3522,35,
2024-03-17T22:00:00+00:00,34.22,42.89,8.52,57.72,20,40,Paris,,48.8566,2.3522,35,
2024-03-17T23:00:00+00:00,36.02,50.71,7.97,67.15,20,40,Paris,,48.8566,2.3522,35,
2024-03-18T00:00:00+00:00,38.51,51.81,10.32,68.86,20,40,Paris,,48.8566,2.3522,35,
2024-03-18T01:00:00+00:00,31.56,44.31,10.31,65.14,20,40,Paris,,48.8566,2.3522,35,
2024-03-18T02:00:00+00:00,28.49,39.12,11.65,67.38,20,40,Paris,,48.8566,2.3522,35,
2024-03-18T03:00:00+00:00,30.37,42.31,12.66,74.32,20,40,Paris,,48.8566,2.3522,35,
2024-03-18T04:00:00+00:00,40.36,55.0,14.17,85.44,20,40,Paris,,48.8566,2.3522,35,
2024-03-18T05:00:00+00:00,32.67,46.31,13.38,85.58,20,40,Paris,,48.8566,2.3522,35,
2024-03-18T06:00:00+00:00,36.59,51.29,14.64,84.61,20,40,Paris,,48.8566,2.3522,35,
2024-03-18T07:00:00+00:00,36.27,46.65,14.84,71.66,20,40,Paris,,48.8566,2.3522,35,
2024-03-18T08:00:00+00:00,31.42,38.56,12.56,73.78,20,40,Paris,,48.8566,2.3522,35,
2024-03-18T09:00:00+00:00,38.53,55.46,14.06,74.6,20,40,Paris,,48.8566,2.3522,35,
2024-03-18T10:00:00+00:00,37.05,48.1,12.87,67.9,20,40,Paris,,48.8566,2.3522,35,
2024-03-18T11:00:00+00:00,33.72,41.84,11.69,72.02,20,40,Paris,,48.8566,2.3522,35,
2024-03-18T12:00:00+00:00,28.22,38.08,11.18,74.91,20,40,Paris,,48.8566,2.3522,35,
2024-03-18T13:00:00+00:00,30.88,43.3,7.89,72.79,20,40,Paris,,48.8566,2.3522,35,
2024-03-18T14:00:00+00:00,30.96,45.28,8.66,64.88,20,40,Paris,,48.8566,2.3522,35,
2024-03-18T15:00:00+00:00,37.26,49.45,8.11,63.6,20,40,Paris,,48.8566,2.3522,35,
2024-03-18T16:00:00+00:00,34.43,45.32,7.45,59.89,20,40,Paris,,48.8566,2.3522,35,
2024-03-18T17:00:00+00:00,26.76,35.89,5.48,57.82,20,40,Paris,,48.8566,2.3522,35,
2024-03-18T18:00:00+00:00,30.16,42.01,4.85,53.22,20,40,Paris,,48.8566,2.3522,35,
2024-03-18T19:00:00+00:00,35.0,44.75,6.21,63.96,20,40,Paris,,48.8566,2.3522,35,
2024-03-18T20:00:00+00:00,26.07,34.62,7.58,56.35,20,40,Paris,,48.8566,2.3522,35,
2024-03-18T21:00:00+00:00,33.11,46.06,6.76,65.92,20,40,Paris,,48.8566,2.3522,35,
2024-03-18T22:00:00+00:00,29.9,37.29,7.29,59.78,20,40,Paris,,48.8566,2.3522,35,
2024-03-18T23:00:00+00:00,29.2,42.37,9.67,68.55,20,40,Paris,,48.8566,2.3522,35,
2024-03-19T00:00:00+00:00,31.22,39.83,10.15,71.95,20,40,Paris,,48.8566,2.3522,35,
2024-03-19T01:00:00+00:00,29.9,43.31,10.61,70.18,20,40,Paris,,48.8566,2.3522,35,
2024-03-19T02:00:00+00:00,35.4,45.52,11.05,78.64,20,40,Paris,,48.8566,2.3522,35,
2024-03-19T03:00:00+00:00,30.54,37.31,13.95,73.49,20,40,Paris,,48.8566,2.3522,35,
2024-03-19T04:00:00+00:00,31.49,46.29,12.12,84.92,20,40,Paris,,48.8566,2.3522,35,
2024-03-19T05:00:00+00:00,34.5,44.17,13.17,84.64,20,40,Paris,,48.8566,2.3522,35,
2024-03-19T06:00:00+00:00,32.14,43.17,14.32,77.53,20,40,Paris,,48.8566,2.3522,35,
2024-03-19T07:00:00+00:00,39.89,57.32,13.47,82.61,20,40,Paris,,48.8566,2.3522,35,
2024-03-19T08:00:00+00:00,38.69,48.83,13.9,86.63,20,40,Paris,,48.8566,2.3522,35,
2024-03-19T09:00:00+00:00,37.46,49.3,11.98,82.61,20,40,Paris,,48.8566,2.3522,35,
2024-03-19T10:00:00+00:00,37.8,50.06,10.74,82.63,20,40,Paris,,48.8566,2.3522,35,
2024-03-19T11:00:00+00:00,32.07,46.18,10.25,73.73,20,40,Paris,,48.8566,2.3522,35,
2024-03-19T12:00:00+00:00,36.11,44.92,9.7,65.09,20,40,Paris,,48.8566,2.3522,35,
2024-03-19T13:00:00+00:00,29.11,35.39,10.1,69.95,20,40,Paris,,48.8566,2.3522,35,
2024-03-19T14:00:00+00:00,34.11,44.25,9.29,57.54,20,40,Paris,,48.8566,2.3522,35,
2024-03-19T15:00:00+00:00,31.16,38.92,6.88,69.5,20,40,Paris,,48.8566,2.3522,35,
2024-03-19T16:00:00+00:00,27.05,36.14,7.59,55.91,20,40,Paris,,48.8566,2.3522,35,
2024-03-19T17:00:00+00:00,27.6,38.34,6.68,61.85,20,40,Paris,,48.8566,2.3522,35,
2024-03-19T18:00:00+00:00,30.87,38.9,4.67,52.96,20,40,Paris,,48.8566,2.3522,35,
2024-03-19T19:00:00+00:00,32.76,42.73,4.8,63.94,20,40,Paris,,48.8566,2.3522,35,
2024-03-19T20:00:00+00:00,37.03,47.92,7.3,60.64,20,40,Paris,,48.8566,2.3522,35,
2024-03-19T21:00:00+00:00,27.66,36.42,7.21,56.93,20,40,Paris,,48.8566,2.3522,35,
2024-03-19T22:00:00+00:00,34.48,45.27,7.2,72.47,20,40,Paris,,48.8566,2.3522,35,
2024-03-19T23:00:00+00:00,28.2,34.58,9.27,68.06,20,40,Paris,,48.8566,2.3522,35,
2024-03-20T00:00:00+00:00,36.14,50.46,10.66,69.63,20,40,Paris,,48.8566,2.3522,35,
2024-03-20T01:00:00+00:00,30.55,40.22,10.47,72.92,20,40,Paris,,48.8566,2.3522,35,
2024-03-20T02:00:00+00:00,32.49,47.79,11.74,81.38,20,40,Paris,,48.8566,2.3522,35,
2024-03-20T03:00:00+00:00,27.68,37.03,12.19,72.35,20,40,Paris,,48.8566,2.3522,35,
2024-03-20T04:00:00+00:00,31.3,39.99,12.41,72.72,20,40,Paris,,48.8566,2.3522,35,
2024-03-20T05:00:00+00:00,31.06,43.24,13.73,83.42,20,40,Paris,,48.8566,2.3522,35,
2024-03-20T06:00:00+00:00,30.82,39.32,13.77,79.62,20,40,Paris,,48.8566,2.3522,35,
2024-03-20T07:00:00+00:00,35.27,46.15,14.34,75.02,20,40,Paris,,48.8566,2.3522,35,
2024-03-20T08:00:00+00:00,30.62,38.23,12.93,83.81,20,40,Paris,,48.8566,2.3522,35,
2024-03-20T09:00:00+00:00,31.9,44.2,14.17,72.85,20,40,Paris,,48.8566,2.3522,35,
2024-03-20T10:00:00+00:00,34.53,46.61,11.56,78.5,20,40,Paris,,48.8566,2.3522,35,
2024-03-20T11:00:00+00:00,36.83,53.35,11.41,66.74,20,40,Paris,,48.8566,2.3522,35,
2024-03-20T12:00:00+00:00,28.85,36.07,8.71,63.14,20,40,Paris,,48.8566,2.3522,35,
2024-03-20T13:00:00+00:00,34.65,45.08,9.92,60.06,20,40,Paris,,48.8566,2.3522,35,
2024-03-20T14:00:00+00:00,31.82,44.71,7.58,70.79,20,40,Paris,,48.8566,2.3522,35,
2024-03-20T15:00:00+00:00,28.97,35.15,8.6,66.91,20,40,Paris,,48.8566,2.3522,35,
2024-03-20T16:00:00+00:00,34.55,47.72,5.18,67.33,20,40,Paris,,48.8566,2.3522,35,
2024-03-20T17:00:00+00:00,36.17,48.98,5.45,57.26,20,40,Paris,,48.8566,2.3522,35,
2024-03-20T18:00:00+00:00,32.43,45.14,5.19,57.65,20,40,Paris,,48.8566,2.3522,35,
2024-03-20T19:00:00+00:00,27.32,40.61,5.5,59.79,20,40,Paris,,48.8566,2.3522,35,
2024-03-20T20:00:00+00:00,33.69,41.76,7.78,57.04,20,40,Paris,,48.8566,2.3522,35,
2024-03-20T21:00:00+00:00,27.38,34.65,8.4,60.69,20,40,Paris,,48.8566,2.3522,35,
2024-03-20T22:00:00+00:00,36.77,50.07,9.37,60.03,20,40,Paris,,48.8566,2.3522,35,
2024-03-20T23:00:00+00:00,28.33,38.65,9.45,71.05,20,40,Paris,,48.8566,2.3522,35,
2024-03-21T00:00:00+00:00,27.66,40.59,9.54,66.88,20,40,Paris,,48.8566,2.3522,35,
2024-03-21T01:00:00+00:00,27.27,36.07,11.49,67.36,20,40,Paris,,48.8566,2.3522,35,
2024-03-21T02:00:00+00:00,27.02,36.82,13.41,68.66,20,40,Paris,,48.8566,2.3522,35,
2024-03-21T03:00:00+00:00,32.26,43.26,11.88,73.55,20,40,Paris,,48.8566,2.3522,35,
2024-03-21T04:00:00+00:00,28.47,40.08,13.22,74.43,20,40,Paris,,48.8566,2.3522,35,
2024-03-21T05:00:00+00:00,33.06,47.94,14.68,87.35,20,40,Paris,,48.8566,2.3522,35,
2024-03-21T06:00:00+00:00,33.71,42.84,14.89,74.31,20,40,Paris,,48.8566,2.3522,35,
2024-03-21T07:00:00+00:00,34.52,46.23,12.64,86.97,20,40,Paris,,48.8566,2.3522,35,
2024-03-21T08:00:00+00:00,30.21,40.06,14.38,73.68,20,40,Paris,,48.8566,2.3522,35,
2024-03-21T09:00:00+00:00,33.61,45.64,11.59,81.41,20,40,Paris,,48.8566,2.3522,35,
2024-03-21T10:00:00+00:00,37.07,52.57,11.82,78.05,20,40,Paris,,48.8566,2.3522,35,
2024-03-21T11:00:00+00:00,36.27,46.42,10.88,70.0,20,40,Paris,,48.8566,2.3522,35,
2024-03-21T12:00:00+00:00,28.43,37.4,9.13,62.84,20,40,Paris,,48.8566,2.3522,35,
2024-03-21T13:00:00+00:00,37.36,50.88,8.41,63.6,20,40,Paris,,48.8566,2.3522,35,
2024-03-21T14:00:00+00:00,36.84,45.83,7.79,69.76,20,40,Paris,,48.8566,2.3522,35,
2024-03-21T15:00:00+00:00,35.39,51.62,6.29,64.61,20,40,Paris,,48.8566,2.3522,35,
2024-03-21T16:00:00+00:00,34.97,48.19,5.16,67.02,20,40,Paris,,48.8566,2.3522,35,
2024-03-21T17:00:00+00:00,34.13,46.22,7.05,65.46,20,40,Paris,,48.8566,2.3522,35,
2024-03-21T18:00:00+00:00,28.87,38.8,5.33,65.09,20,40,Paris,,48.8566,2.3522,35,
2024-03-21T19:00:00+00:00,31.97,41.09,6.81,55.57,20,40,Paris,,48.8566,2.3522,35,
2024-03-21T20:00:00+00:00,36.78,46.27,5.93,68.79,20,40,Paris,,48.8566,2.3522,35,
2024-03-21T21:00:00+00:00,36.04,51.01,8.58,60.13,20,40,Paris,,48.8566,2.3522,35,
2024-03-21T22:00:00+00:00,30.47,44.93,8.1,57.47,20,40,Paris,,48.8566,2.3522,35,
2024-03-21T23:00:00+00:00,33.62,48.16,9.5,64.63,20,40,Paris,,48.8566,2.3522,35,
2024-03-22T00:00:00+00:00,33.15,45.46,8.78,74.95,20,40,Paris,,48.8566,2.3522,35,
2024-03-22T01:00:00+00:00,30.7,45.4,12.03,78.46,20,40,Paris,,48.8566,2.3522,35,
2024-03-22T02:00:00+00:00,38.0,52.13,11.7,68.07,20,40,Paris,,48.8566,2.3522,35,
2024-03-22T03:00:00+00:00,32.7,40.19,12.66,79.81,20,40,Paris,,48.8566,2.3522,35,
2024-03-22T04:00:00+00:00,35.8,50.36,14.18,83.79,20,40,Paris,,48.8566,2.3522,35,
2024-03-22T05:00:00+00:00,37.8,51.76,15.29,77.12,20,40,Paris,,48.8566,2.3522,35,
2024-03-22T06:00:00+00:00,30.5,37.44,15.27,72.41,20,40,Paris,,48.8566,2.3522,35,
2024-03-22T07:00:00+00:00,38.73,53.43,13.24,84.57,20,40,Paris,,48.8566,2.3522,35,
2024-03-22T08:00:00+00:00,38.05,48.31,13.69,84.17,20,40,Paris,,48.8566,2.3522,35,
2024-03-22T09:00:00+00:00,27.59,34.19,13.42,73.69,20,40,Paris,,48.8566,2.3522,35,
2024-03-22T10:00:00+00:00,33.33,41.29,12.46,67.8,20,40,Paris,,48.8566,2.3522,35,
2024-03-22T11:00:00+00:00,32.51,45.73,11.35,76.3,20,40,Paris,,48.8566,2.3522,35,
2024-03-22T12:00:00+00:00,33.33,44.32,10.87,76.04,20,40,Paris,,48.8566,2.3522,35,
2024-03-22T13:00:00+00:00,36.22,48.24,8.69,60.01,20,40,Paris,,48.8566,2.3522,35,
2024-03-22T14:00:00+00:00,37.22,54.08,8.11,70.57,20,40,Paris,,48.8566,2.3522,35,
2024-03-22T15:00:00+00:00,27.49,38.99,6.0,59.3,20,40,Paris,,48.8566,2.3522,35,
2024-03-22T16:00:00+00:00,36.13,46.61,6.31,60.79,20,40,Paris,,48.8566,2.3522,35,
2024-03-22T17:00:00+00:00,36.71,51.48,6.35,62.57,20,40,Paris,,48.8566,2.3522,35,
2024-03-22T18:00:00+00:00,37.56,47.94,6.76,58.84,20,40,Paris,,48.8566,2.3522,35,
2024-03-22T19:00:00+00:00,34.7,50.76,7.02,63.86,20,40,Paris,,48.8566,2.3522,35,
2024-03-22T20:00:00+00:00,35.15,44.12,5.94,65.99,20,40,Paris,,48.8566,2.3522,35,
2024-03-22T21:00:00+00:00,32.68,41.21,6.95,57.32,20,40,Paris,,48.8566,2.3522,35,
2024-03-22T22:00:00+00:00,35.25,51.52,7.69,62.62,20,40,Paris,,48.8566,2.3522,35,
2024-03-22T23:00:00+00:00,35.26,47.83,8.34,64.47,20,40,Paris,,48.8566,2.3522,35,
2024-03-23T00:00:00+00:00,31.52,42.96,9.28,77.37,20,40,Paris,,48.8566,2.3522,35,
2024-03-23T01:00:00+00:00,28.87,35.4,11.93,75.96,20,40,Paris,,48.8566,2.3522,35,
2024-03-23T02:00:00+00:00,30.0,42.93,11.86,71.39,20,40,Paris,,48.8566,2.3522,35,
2024-03-23T03:00:00+00:00,37.19,49.26,13.34,69.4,20,40,Paris,,48.8566,2.3522,35,
2024-03-23T04:00:00+00:00,36.39,45.17,13.03,76.81,20,40,Paris,,48.8566,2.3522,35,
2024-03-23T05:00:00+00:00,35.65,47.91,14.32,82.75,20,40,Paris,,48.8566,2.3522,35,
2024-03-23T06:00:00+00:00,33.04,41.17,14.06,79.89,20,40,Paris,,48.8566,2.3522,35,
2024-03-23T07:00:00+00:00,30.19,37.06,13.52,85.84,20,40,Paris,,48.8566,2.3522,35,
2024-03-23T08:00:00+00:00,38.04,49.74,12.96,81.21,20,40,Paris,,48.8566,2.3522,35,
2024-03-23T09:00:00+00:00,28.82,40.43,12.2,69.7,20,40,Paris,,48.8566,2.3522,35,
2024-03-23T10:00:00+00:00,40.0,53.6,11.71,82.43,20,40,Paris,,48.8566,2.3522,35,
2024-03-23T11:00:00+00:00,37.06,53.12,10.75,78.33,20,40,Paris,,48.8566,2.3522,35,
2024-03-23T12:00:00+00:00,27.29,36.92,11.06,64.33,20,40,Paris,,48.8566,2.3522,35,
2024-03-23T13:00:00+00:00,27.8,38.52,9.83,68.42,20,40,Paris,,48.8566,2.3522,35,
2024-03-23T14:00:00+00:00,37.29,49.47,7.04,59.74,20,40,Paris,,48.8566,2.3522,35,
2024-03-23T15:00:00+00:00,27.8,38.32,6.03,65.45,20,40,Paris,,48.8566,2.3522,35,
2024-03-23T16:00:00+00:00,29.48,42.96,6.83,64.01,20,40,Paris,,48.8566,2.3522,35,
2024-03-23T17:00:00+00:00,32.28,45.26,6.07,56.75,20,40,Paris,,48.8566,2.3522,35,
2024-03-23T18:00:00+00:00,31.58,39.33,7.45,54.41,20,40,Paris,,48.8566,2.3522,35,
2024-03-23T19:00:00+00:00,37.69,51.46,4.76,61.31,20,40,Paris,,48.8566,2.3522,35,
2024-03-23T20:00:00+00:00,35.09,50.76,7.11,57.41,20,40,Paris,,48.8566,2.3522,35,
2024-03-23T21:00:00+00:00,30.09,36.77,7.15,66.43,20,40,Paris,,48.8566,2.3522,35,
2024-03-23T22:00:00+00:00,38.12,51.72,7.07,68.0,20,40,Paris,,48.8566,2.3522,35,
2024-03-23T23:00:00+00:00,34.96,47.02,9.26,70.55,20,40,Paris,,48.8566,2.3522,35,
2024-03-24T00:00:00+00:00,34.59,44.05,10.24,65.64,20,40,Paris,,48.8566,2.3522,35,
2024-03-24T01:00:00+00:00,36.97,52.71,9.87,78.78,20,40,Paris,,48.8566,2.3522,35,
2024-03-24T02:00:00+00:00,28.81,40.73,12.85,80.73,20,40,Paris,,48.8566,2.3522,35,
2024-03-24T03:00:00+00:00,29.71,43.91,11.63,69.26,20,40,Paris,,48.8566,2.3522,35,
2024-03-24T04:00:00+00:00,30.36,39.35,12.7,76.66,20,40,Paris,,48.8566,2.3522,35,
2024-03-24T05:00:00+00:00,34.59,44.31,13.17,82.25,20,40,Paris,,48.8566,2.3522,35,
2024-03-24T06:00:00+00:00,37.93,53.37,14.13,87.86,20,40,Paris,,48.8566,2.3522,35,
2024-03-24T07:00:00+00:00,34.13,42.96,14.01,85.9,20,40,Paris,,48.8566,2.3522,35,
2024-03-24T08:00:00+00:00,36.24,49.6,14.78,82.25,20,40,Paris,,48.8566,2.3522,35,
2024-03-24T09:00:00+00:00,37.08,50.89,11.7,73.23,20,40,Paris,,48.8566,2.3522,35,
2024-03-24T10:00:00+00:00,31.31,45.39,11.1,80.61,20,40,Paris,,48.8566,2.3522,35,
2024-03-24T11:00:00+00:00,36.06,52.66,12.36,72.97,20,40,Paris,,48.8566,2.3522,35,
2024-03-24T12:00:00+00:00,35.8,47.92,11.19,71.01,20,40,Paris,,48.8566,2.3522,35,
2024-03-24T13:00:00+00:00,32.61,40.16,10.24,61.53,20,40,Paris,,48.8566,2.3522,35,
2024-03-24T14:00:00+00:00,29.29,40.99,8.56,70.72,20,40,Paris,,48.8566,2.3522,35,
2024-03-24T15:00:00+00:00,34.63,45.57,5.8,69.85,20,40,Paris,,48.8566,2.3522,35,
2024-03-24T16:00:00+00:00,34.48,50.44,7.57,61.88,20,40,Paris,,48.8566,2.3522,35,
2024-03-24T17:00:00+00:00,36.44,48.55,7.25,59.8,20,40,Paris,,48.8566,2.3522,35,
2024-03-24T18:00:00+00:00,30.08,37.39,7.47,58.65,20,40,Paris,,48.8566,2.3522,35,
2024-03-24T19:00:00+00:00,29.99,42.12,4.69,57.25,20,40,Paris,,48.8566,2.3522,35,
2024-03-24T20:00:00+00:00,32.01,42.72,6.73,66.56,20,40,Paris,,48.8566,2.3522,35,
2024-03-24T21:00:00+00:00,36.38,48.93,6.6,64.54,20,40,Paris,,48.8566,2.3522,35,
2024-03-24T22:00:00+00:00,36.26,45.02,7.74,65.77,20,40,Paris,,48.8566,2.3522,35,
2024-03-24T23:00:00+00:00,36.29,47.9,10.05,71.99,20,40,Paris,,48.8566,2.3522,35,
2024-03-25T00:00:00+00:00,39.0,55.02,9.65,70.94,20,40,Paris,,48.8566,2.3522,35,
2024-03-25T01:00:00+00:00,35.88,47.01,9.75,74.39,20,40,Paris,,48.8566,2.3522,35,
2024-03-25T02:00:00+00:00,40.08,56.77,12.0,82.39,20,40,Paris,,48.8566,2.3522,35,
2024-03-25T03:00:00+00:00,34.1,47.42,12.05,84.52,20,40,Paris,,48.8566,2.3522,35,
2024-03-25T04:00:00+00:00,28.74,36.4,13.31,77.21,20,40,Paris,,48.8566,2.3522,35,
2024-03-25T05:00:00+00:00,32.36,44.16,14.29,75.84,20,40,Paris,,48.8566,2.3522,35,
2024-03-25T06:00:00+00:00,35.44,45.46,13.38,80.72,20,40,Paris,,48.8566,2.3522,35,
2024-03-25T07:00:00+00:00,29.08,36.31,13.92,75.66,20,40,Paris,,48.8566,2.3522,35,
2024-03-25T08:00:00+00:00,29.66,40.61,12.21,76.69,20,40,Paris,,48.8566,2.3522,35,
2024-03-25T09:00:00+00:00,30.48,42.6,13.9,75.23,20,40,Paris,,48.8566,2.3522,35,
2024-03-25T10:00:00+00:00,36.89,51.23,13.21,75.16,20,40,Paris,,48.8566,2.3522,35,
2024-03-25T11:00:00+00:00,35.73,45.21,9.78,65.38,20,40,Paris,,48.8566,2.3522,35,
2024-03-25T12:00:00+00:00,34.3,42.45,9.53,68.1,20,40,Paris,,48.8566,2.3522,35,
2024-03-25T13:00:00+00:00,28.77,40.61,7.77,61.12,20,40,Paris,,48.8566,2.3522,35,
2024-03-25T14:00:00+00:00,28.81,35.78,9.27,61.04,20,40,Paris,,48.8566,2.3522,35,
2024-03-25T15:00:00+00:00,27.75,40.57,8.03,64.28,20,40,Paris,,48.8566,2.3522,35,
2024-03-25T16:00:00+00:00,36.11,52.08,6.08,63.33,20,40,Paris,,48.8566,2.3522,35,
2024-03-25T17:00:00+00:00,36.64,45.87,7.08,67.57,20,40,Paris,,48.8566,2.3522,35,
2024-03-25T18:00:00+00:00,30.7,45.17,5.6,60.68,20,40,Paris,,48.8566,2.3522,35,
2024-03-25T19:00:00+00:00,34.33,45.99,6.42,66.59,20,40,Paris,,48.8566,2.3522,35,
2024-03-25T20:00:00+00:00,36.26,46.68,8.0,67.86,20,40,Paris,,48.8566,2.3522,35,
2024-03-25T21:00:00+00:00,29.77,43.84,8.1,58.46,20,40,Paris,,48.8566,2.3522,35,
2024-03-25T22:00:00+00:00,33.3,44.55,6.76,72.38,20,40,Paris,,48.8566,2.3522,35,
2024-03-25T23:00:00+00:00,35.4,45.07,7.5,59.75,20,40,Paris,,48.8566,2.3522,35,
2024-03-26T00:00:00+00:00,37.35,52.18,10.77,76.24,20,40,Paris,,48.8566,2.3522,35,
2024-03-26T01:00:00+00:00,31.78,40.94,11.36,65.84,20,40,Paris,,48.8566,2.3522,35,
2024-03-26T02:00:00+00:00,29.98,36.7,11.62,75.14,20,40,Paris,,48.8566,2.3522,35,
2024-03-26T03:00:00+00:00,32.13,44.54,11.72,80.68,20,40,Paris,,48.8566,2.3522,35,
2024-03-26T04:00:00+00:00,33.33,46.68,12.89,75.82,20,40,Paris,,48.8566,2.3522,35,
2024-03-26T05:00:00+00:00,31.94,44.96,14.19,76.05,20,40,Paris,,48.8566,2.3522,35,
2024-03-26T06:00:00+00:00,32.34,40.58,15.48,82.16,20,40,Paris,,48.8566,2.3522,35,
2024-03-26T07:00:00+00:00,31.04,43.21,13.48,72.58,20,40,Paris,,48.8566,2.3522,35,
2024-03-26T08:00:00+00:00,37.07,52.98,14.54,71.67,20,40,Paris,,48.8566,2.3522,35,
2024-03-26T09:00:00+00:00,28.73,39.58,13.86,71.66,20,40,Paris,,48.8566,2.3522,35,
2024-03-26T10:00:00+00:00,28.19,40.69,12.16,75.9,20,40,Paris,,48.8566,2.3522,35,
2024-03-26T11:00:00+00:00,33.73,49.07,10.72,70.99,20,40,Paris,,48.8566,2.3522,35,
2024-03-26T12:00:00+00:00,38.69,53.61,10.88,75.28,20,40,Paris,,48.8566,2.3522,35,
2024-03-26T13:00:00+00:00,32.55,42.28,9.83,60.94,20,40,Paris,,48.8566,2.3522,35,
2024-03-26T14:00:00+00:00,29.79,43.4,6.8,57.02,20,40,Paris,,48.8566,2.3522,35,
2024-03-26T15:00:00+00:00,36.03,44.94,7.73,58.51,20,40,Paris,,48.8566,2.3522,35,
2024-03-26T16:00:00+00:00,27.35,33.63,5.33,55.25,20,40,Paris,,48.8566,2.3522,35,
2024-03-26T17:00:00+00:00,32.46,41.38,7.1,62.06,20,40,Paris,,48.8566,2.3522,35,
2024-03-26T18:00:00+00:00,36.76,49.06,6.72,64.14,20,40,Paris,,48.8566,2.3522,35,
2024-03-26T19:00:00+00:00,36.35,48.45,5.64,66.51,20,40,Paris,,48.8566,2.3522,35,
2024-03-26T20:00:00+00:00,29.95,42.82,5.61,61.81,20,40,Paris,,48.8566,2.3522,35,
2024-03-26T21:00:00+00:00,37.11,52.77,6.28,59.81,20,40,Paris,,48.8566,2.3522,35,
2024-03-26T22:00:00+00:00,28.14,40.8,7.81,66.73,20,40,Paris,,48.8566,2.3522,35,
2024-03-26T23:00:00+00:00,32.61,41.37,10.46,73.75,20,40,Paris,,48.8566,2.3522,35,
2024-03-27T00:00:00+00:00,29.68,36.56,8.78,67.84,20,40,Paris,,48.8566,2.3522,35,
2024-03-27T01:00:00+00:00,30.57,40.08,10.75,74.66,20,40,Paris,,48.8566,2.3522,35,
2024-03-27T02:00:00+00:00,39.58,51.64,11.29,80.33,20,40,Paris,,48.8566,2.3522,35,
2024-03-27T03:00:00+00:00,32.21,46.58,12.42,80.48,20,40,Paris,,48.8566,2.3522,35,
2024-03-27T04:00:00+00:00,39.31,56.33,14.9,83.5,20,40,Paris,,48.8566,2.3522,35,
2024-03-27T05:00:00+00:00,33.29,48.02,14.08,84.82,20,40,Paris,,48.8566,2.3522,35,
2024-03-27T06:00:00+00:00,38.34,53.63,13.93,73.92,20,40,Paris,,48.8566,2.3522,35,
2024-03-27T07:00:00+00:00,36.68,47.78,13.04,79.38,20,40,Paris,,48.8566,2.3522,35,
2024-03-27T08:00:00+00:00,28.48,39.11,13.14,78.54,20,40,Paris,,48.8566,2.3522,35,
2024-03-27T09:00:00+00:00,33.01,44.52,12.17,82.9,20,40,Paris,,48.8566,2.3522,35,
2024-03-27T10:00:00+00:00,34.81,43.21,10.95,75.84,20,40,Paris,,48.8566,2.3522,35,
2024-03-27T11:00:00+00:00,30.92,43.94,11.84,78.81,20,40,Paris,,48.8566,2.3522,35,
2024-03-27T12:00:00+00:00,36.74,49.58,8.66,66.01,20,40,Paris,,48.8566,2.3522,35,
2024-03-27T13:00:00+00:00,30.34,44.82,8.3,61.59,20,40,Paris,,48.8566,2.3522,35,
2024-03-27T14:00:00+00:00,32.45,47.54,9.31,63.91,20,40,Paris,,48.8566,2.3522,35,
2024-03-27T15:00:00+00:00,36.45,48.79,6.35,59.28,20,40,Paris,,48.8566,2.3522,35,
2024-03-27T16:00:00+00:00,39.17,54.85,6.48,67.93,20,40,Paris,,48.8566,2.3522,35,
2024-03-27T17:00:00+00:00,33.26,45.62,6.67,59.32,20,40,Paris,,48.8566,2.3522,35,
2024-03-27T18:00:00+00:00,28.47,39.21,6.37,61.05,20,40,Paris,,48.8566,2.3522,35,
2024-03-27T19:00:00+00:00,35.04,50.64,6.32,63.01,20,40,Paris,,48.8566,2.3522,35,
2024-03-27T20:00:00+00:00,36.36,45.49,6.07,67.22,20,40,Paris,,48.8566,2.3522,35,
2024-03-27T21:00:00+00:00,31.5,40.1,7.57,63.81,20,40,Paris,,48.8566,2.3522,35,
2024-03-27T22:00:00+00:00,28.59,40.35,7.9,57.83,20,40,Paris,,48.8566,2.3522,35,
2024-03-27T23:00:00+00:00,26.65,32.35,8.37,60.69,20,40,Paris,,48.8566,2.3522,35,
2024-03-28T00:00:00+00:00,38.33,51.81,11.0,73.83,20,40,Paris,,48.8566,2.3522,35,
2024-03-28T01:00:00+00:00,34.22,48.13,9.67,78.04,20,40,Paris,,48.8566,2.3522,35,
2024-03-28T02:00:00+00:00,36.33,49.8,12.62,82.99,20,40,Paris,,48.8566,2.3522,35,
2024-03-28T03:00:00+00:00,35.97,51.44,12.59,78.32,20,40,Paris,,48.8566,2.3522,35,
2024-03-28T04:00:00+00:00,34.07,48.52,12.31,75.67,20,40,Paris,,48.8566,2.3522,35,
2024-03-28T05:00:00+00:00,31.15,43.97,14.19,77.11,20,40,Paris,,48.8566,2.3522,35,
2024-03-28T06:00:00+00:00,31.99,39.8,14.54,73.21,20,40,Paris,,48.8566,2.3522,35,
2024-03-28T07:00:00+00:00,33.82,47.36,14.91,82.62,20,40,Paris,,48.8566,2.3522,35,
2024-03-28T08:00:00+00:00,36.62,47.62,12.37,71.46,20,40,Paris,,48.8566,2.3522,35,
2024-03-28T09:00:00+00:00,37.15,46.18,14.29,76.23,20,40,Paris,,48.8566,2.3522,35,
2024-03-28T10:00:00+00:00,35.52,46.29,13.49,77.29,20,40,Paris,,48.8566,2.3522,35,
2024-03-28T11:00:00+00:00,30.41,39.05,11.14,79.91,20,40,Paris,,48.8566,2.3522,35,
2024-03-28T12:00:00+00:00,31.44,43.59,9.3,65.22,20,40,Paris,,48.8566,2.3522,35,
2024-03-28T13:00:00+00:00,33.67,43.3,8.96,59.54,20,40,Paris,,48.8566,2.3522,35,
2024-03-28T14:00:00+00:00,33.6,43.75,8.64,67.52,20,40,Paris,,48.8566,2.3522,35,
2024-03-28T15:00:00+00:00,36.83,51.39,7.84,62.41,20,40,Paris,,48.8566,2.3522,35,
2024-03-28T16:00:00+00:00,31.98,45.95,6.99,56.76,20,40,Paris,,48.8566,2.3522,35,
2024-03-28T17:00:00+00:00,31.23,44.89,6.24,52.79,20,40,Paris,,48.8566,2.3522,35,
2024-03-28T18:00:00+00:00,28.93,40.62,7.47,66.83,20,40,Paris,,48.8566,2.3522,35,
2024-03-28T19:00:00+00:00,33.81,46.43,6.85,60.89,20,40,Paris,,48.8566,2.3522,35,
2024-03-28T20:00:00+00:00,28.21,35.02,6.31,57.61,20,40,Paris,,48.8566,2.3522,35,
2024-03-28T21:00:00+00:00,30.31,42.05,8.35,67.59,20,40,Paris,,48.8566,2.3522,35,
2024-03-28T22:00:00+00:00,33.21,48.43,7.23,63.68,20,40,Paris,,48.8566,2.3522,35,
2024-03-28T23:00:00+00:00,29.46,43.45,7.55,67.46,20,40,Paris,,48.8566,2.3522,35,
2024-03-29T00:00:00+00:00,34.69,44.8,10.63,72.3,20,40,Paris,,48.8566,2.3522,35,
2024-03-29T01:00:00+00:00,31.34,40.91,10.84,75.78,20,40,Paris,,48.8566,2.3522,35,
2024-03-29T02:00:00+00:00,28.12,39.32,12.62,71.35,20,40,Paris,,48.8566,2.3522,35,
2024-03-29T03:00:00+00:00,36.9,48.92,13.07,70.79,20,40,Paris,,48.8566,2.3522,35,
2024-03-29T04:00:00+00:00,36.15,51.99,12.06,82.77,20,40,Paris,,48.8566,2.3522,35,
2024-03-29T05:00:00+00:00,29.99,44.08,13.86,73.57,20,40,Paris,,48.8566,2.3522,35,
2024-03-29T06:00:00+00:00,36.2,47.65,13.19,75.23,20,40,Paris,,48.8566,2.3522,35,
2024-03-29T07:00:00+00:00,32.84,41.64,14.98,76.85,20,40,Paris,,48.8566,2.3522,35,
2024-03-29T08:00:00+00:00,34.85,46.5,12.96,82.25,20,40,Paris,,48.8566,2.3522,35,
2024-03-29T09:00:00+00:00,35.1,49.8,13.6,79.14,20,40,Paris,,48.8566,2.3522,35,
2024-03-29T10:00:00+00:00,38.56,48.79,10.79,73.34,20,40,Paris,,48.8566,2.3522,35,
2024-03-29T11:00:00+00:00,36.84,50.04,11.86,66.66,20,40,Paris,,48.8566,2.3522,35,
2024-03-29T12:00:00+00:00,29.41,40.2,11.31,72.69,20,40,Paris,,48.8566,2.3522,35,
2024-03-29T13:00:00+00:00,27.71,38.21,9.25,62.98,20,40,Paris,,48.8566,2.3522,35,
2024-03-29T14:00:00+00:00,34.15,47.36,8.59,70.11,20,40,Paris,,48.8566,2.3522,35,
2024-03-29T15:00:00+00:00,29.55,41.19,5.85,67.96,20,40,Paris,,48.8566,2.3522,35,
2024-03-29T16:00:00+00:00,34.18,48.89,7.37,58.37,20,40,Paris,,48.8566,2.3522,35,
2024-03-29T17:00:00+00:00,28.62,37.67,6.18,54.68,20,40,Paris,,48.8566,2.3522,35,
2024-03-29T18:00:00+00:00,31.85,39.9,5.38,63.0,20,40,Paris,,48.8566,2.3522,35,
2024-03-29T19:00:00+00:00,26.04,35.75,7.36,57.31,20,40,Paris,,48.8566,2.3522,35,
2024-03-29T20:00:00+00:00,32.08,46.9,5.48,60.96,20,40,Paris,,48.8566,2.3522,35,
2024-03-29T21:00:00+00:00,36.46,46.59,5.93,56.21,20,40,Paris,,48.8566,2.3522,35,
2024-03-29T22:00:00+00:00,30.76,42.08,7.81,66.19,20,40,Paris,,48.8566,2.3522,35,
2024-03-29T23:00:00+00:00,35.33,50.53,10.05,70.48,20,40,Paris,,48.8566,2.3522,35,
2024-03-30T00:00:00+00:00,32.58,40.87,8.52,77.7,20,40,Paris,,48.8566,2.3522,35,
2024-03-30T01:00:00+00:00,30.8,40.5,11.6,71.37,20,40,Paris,,48.8566,2.3522,35,
2024-03-30T02:00:00+00:00,29.62,36.93,11.98,78.9,20,40,Paris,,48.8566,2.3522,35,
2024-03-30T03:00:00+00:00,32.38,41.49,13.5,73.77,20,40,Paris,,48.8566,2.3522,35,
2024-03-30T04:00:00+00:00,38.44,54.76,13.57,82.88,20,40,Paris,,48.8566,2.3522,35,
2024-03-30T05:00:00+00:00,32.77,45.76,14.38,74.58,20,40,Paris,,48.8566,2.3522,35,
2024-03-30T06:00:00+00:00,34.04,43.97,13.7,75.32,20,40,Paris,,48.8566,2.3522,35,
2024-03-30T07:00:00+00:00,34.1,46.7,14.13,78.73,20,40,Paris,,48.8566,2.3522,35,
2024-03-30T08:00:00+00:00,31.87,45.48,13.08,81.08,20,40,Paris,,48.8566,2.3522,35,
2024-03-30T09:00:00+00:00,32.63,42.82,13.61,74.58,20,40,Paris,,48.8566,2.3522,35,
2024-03-30T10:00:00+00:00,31.73,41.21,11.77,77.22,20,40,Paris,,48.8566,2.3522,35,
2024-03-30T11:00:00+00:00,37.55,50.18,10.79,76.95,20,40,Paris,,48.8566,2.3522,35,
2024-03-30T12:00:00+00:00,38.59,53.01,8.62,69.23,20,40,Paris,,48.8566,2.3522,35,
2024-03-30T13:00:00+00:00,29.87,40.1,8.43,62.23,20,40,Paris,,48.8566,2.3522,35,
2024-03-30T14:00:00+00:00,28.42,37.09,6.66,57.13,20,40,Paris,,48.8566,2.3522,35,
2024-03-30T15:00:00+00:00,28.21,35.56,8.4,68.64,20,40,Paris,,48.8566,2.3522,35,
2024-03-30T16:00:00+00:00,34.66,44.11,6.31,57.64,20,40,Paris,,48.8566,2.3522,35,
2024-03-30T17:00:00+00:00,26.71,38.03,4.84,54.9,20,40,Paris,,48.8566,2.3522,35,
2024-03-30T18:00:00+00:00,27.9,37.45,6.08,64.05,20,40,Paris,,48.8566,2.3522,35,
2024-03-30T19:00:00+00:00,30.31,38.44,5.47,53.99,20,40,Paris,,48.8566,2.3522,35,
2024-03-30T20:00:00+00:00,29.21,38.33,5.31,66.67,20,40,Paris,,48.8566,2.3522,35,
2024-03-30T21:00:00+00:00,29.1,39.88,5.81,67.96,20,40,Paris,,48.8566,2.3522,35,
2024-03-30T22:00:00+00:00,34.23,46.35,8.44,62.11,20,40,Paris,,48.8566,2.3522,35,
2024-03-30T23:00:00+00:00,35.94,45.76,7.63,60.3,20,40,Paris,,48.8566,2.3522,35,
2024-03-31T00:00:00+00:00,33.98,42.04,11.02,66.75,20,40,Paris,,48.8566,2.3522,35,
2024-03-31T01:00:00+00:00,38.03,50.36,10.31,77.19,20,40,Paris,,48.8566,2.3522,35,
2024-03-31T02:00:00+00:00,33.17,48.18,12.25,75.19,20,40,Paris,,48.8566,2.3522,35,
2024-03-31T03:00:00+00:00,30.05,43.91,12.0,71.18,20,40,Paris,,48.8566,2.3522,35,
2024-03-31T04:00:00+00:00,32.21,41.25,12.28,72.94,20,40,Paris,,48.8566,2.3522,35,
2024-03-31T05:00:00+00:00,34.81,48.34,12.77,81.78,20,40,Paris,,48.8566,2.3522,35,
2024-03-31T06:00:00+00:00,35.09,49.03,14.38,83.36,20,40,Paris,,48.8566,2.3522,35,
2024-03-31T07:00:00+00:00,32.36,44.67,15.03,72.09,20,40,Paris,,48.8566,2.3522,35,
2024-03-31T08:00:00+00:00,37.88,47.59,14.57,77.99,20,40,Paris,,48.8566,2.3522,35,
2024-03-31T09:00:00+00:00,28.43,37.28,11.66,74.75,20,40,Paris,,48.8566,2.3522,35,
2024-03-31T10:00:00+00:00,36.19,46.29,11.39,79.67,20,40,Paris,,48.8566,2.3522,35,
2024-03-31T11:00:00+00:00,37.93,52.5,9.95,67.59,20,40,Paris,,48.8566,2.3522,35,
2024-03-31T12:00:00+00:00,33.71,44.03,11.05,64.77,20,40,Paris,,48.8566,2.3522,35,
2024-03-31T13:00:00+00:00,31.02,45.55,9.42,73.5,20,40,Paris,,48.8566,2.3522,35,
2024-03-31T14:00:00+00:00,33.35,43.91,8.69,70.88,20,40,Paris,,48.8566,2.3522,35,
2024-03-31T15:00:00+00:00,29.41,39.36,8.17,63.72,20,40,Paris,,48.8566,2.3522,35,
2024-03-31T16:00:00+00:00,32.35,47.25,6.11,63.82,20,40,Paris,,48.8566,2.3522,35,
2024-03-31T17:00:00+00:00,27.94,37.22,5.15,58.16,20,40,Paris,,48.8566,2.3522,35,
2024-03-31T18:00:00+00:00,29.97,38.31,6.63,52.21,20,40,Paris,,48.8566,2.3522,35,
2024-03-31T19:00:00+00:00,32.87,41.13,7.27,59.93,20,40,Paris,,48.8566,2.3522,35,
2024-03-31T20:00:00+00:00,33.58,46.39,5.63,53.46,20,40,Paris,,48.8566,2.3522,35,
2024-03-31T21:00:00+00:00,38.42,52.06,6.76,64.83,20,40,Paris,,48.8566,2.3522,35,
2024-03-31T22:00:00+00:00,33.75,47.19,7.42,71.9,20,40,Paris,,48.8566,2.3522,35,
2024-03-31T23:00:00+00:00,32.27,46.64,7.86,69.79,20,40,Paris,,48.8566,2.3522,35,
2024-04-01T00:00:00+00:00,24.48,32.14,12.71,62.29,20,40,Paris,,48.8566,2.3522,35,
2024-04-01T01:00:00+00:00,24.09,34.9,15.25,72.26,20,40,Paris,,48.8566,2.3522,35,
2024-04-01T02:00:00+00:00,24.36,32.18,14.74,68.31,20,40,Paris,,48.8566,2.3522,35,
2024-04-01T03:00:00+00:00,30.92,41.94,15.07,83.7,20,40,Paris,,48.8566,2.3522,35,
2024-04-01T04:00:00+00:00,25.74,38.27,16.29,84.26,20,40,Paris,,48.8566,2.3522,35,
2024-04-01T05:00:00+00:00,22.18,28.6,16.13,75.6,20,40,Paris,,48.8566,2.3522,35,
2024-04-01T06:00:00+00:00,25.51,34.16,18.48,87.63,20,40,Paris,,48.8566,2.3522,35,
2024-04-01T07:00:00+00:00,27.87,37.52,17.7,78.34,20,40,Paris,,48.8566,2.3522,35,
2024-04-01T08:00:00+00:00,29.18,36.52,16.76,86.36,20,40,Paris,,48.8566,2.3522,35,
2024-04-01T09:00:00+00:00,22.16,33.35,15.74,74.66,20,40,Paris,,48.8566,2.3522,35,
2024-04-01T10:00:00+00:00,28.39,39.17,16.46,71.55,20,40,Paris,,48.8566,2.3522,35,
2024-04-01T11:00:00+00:00,29.18,40.85,15.04,70.92,20,40,Paris,,48.8566,2.3522,35,
2024-04-01T12:00:00+00:00,21.5,26.6,11.52,67.78,20,40,Paris,,48.8566,2.3522,35,
2024-04-01T13:00:00+00:00,22.81,33.16,13.17,61.02,20,40,Paris,,48.8566,2.3522,35,
2024-04-01T14:00:00+00:00,21.67,26.03,9.77,58.95,20,40,Paris,,48.8566,2.3522,35,
2024-04-01T15:00:00+00:00,26.59,35.71,8.93,56.24,20,40,Paris,,48.8566,2.3522,35,
2024-04-01T16:00:00+00:00,26.14,32.74,9.32,59.16,20,40,Paris,,48.8566,2.3522,35,
2024-04-01T17:00:00+00:00,26.01,37.98,7.98,59.54,20,40,Paris,,48.8566,2.3522,35,
2024-04-01T18:00:00+00:00,25.59,36.9,7.79,57.43,20,40,Paris,,48.8566,2.3522,35,
2024-04-01T19:00:00+00:00,25.12,36.61,9.64,52.4,20,40,Paris,,48.8566,2.3522,35,
2024-04-01T20:00:00+00:00,25.99,31.33,10.77,57.61,20,40,Paris,,48.8566,2.3522,35,
2024-04-01T21:00:00+00:00,24.71,34.75,9.61,69.63,20,40,Paris,,48.8566,2.3522,35,
2024-04-01T22:00:00+00:00,23.35,33.15,11.42,69.17,20,40,Paris,,48.8566,2.3522,35,
2024-04-01T23:00:00+00:00,23.39,35.12,12.46,73.15,20,40,Paris,,48.8566,2.3522,35,
2024-04-02T00:00:00+00:00,25.12,33.87,11.94,72.99,20,40,Paris,,48.8566,2.3522,35,
2024-04-02T01:00:00+00:00,24.92,34.39,14.94,67.05,20,40,Paris,,48.8566,2.3522,35,
2024-04-02T02:00:00+00:00,21.02,29.89,16.07,70.19,20,40,Paris,,48.8566,2.3522,35,
2024-04-02T03:00:00+00:00,24.48,36.57,15.04,73.82,20,40,Paris,,48.8566,2.3522,35,
2024-04-02T04:00:00+00:00,29.69,36.14,17.16,76.73,20,40,Paris,,48.8566,2.3522,35,
2024-04-02T05:00:00+00:00,25.71,32.38,17.84,82.68,20,40,Paris,,48.8566,2.3522,35,
2024-04-02T06:00:00+00:00,29.93,44.25,15.55,79.44,20,40,Paris,,48.8566,2.3522,35,
2024-04-02T07:00:00+00:00,25.46,37.63,17.08,83.87,20,40,Paris,,48.8566,2.3522,35,
2024-04-02T08:00:00+00:00,27.06,34.11,17.1,85.75,20,40,Paris,,48.8566,2.3522,35,
2024-04-02T09:00:00+00:00,24.14,30.19,16.03,69.27,20,40,Paris,,48.8566,2.3522,35,
2024-04-02T10:00:00+00:00,29.57,40.24,16.24,76.1,20,40,Paris,,48.8566,2.3522,35,
2024-04-02T11:00:00+00:00,29.33,39.89,14.09,74.98,20,40,Paris,,48.8566,2.3522,35,
2024-04-02T12:00:00+00:00,23.88,28.33,13.84,68.89,20,40,Paris,,48.8566,2.3522,35,
2024-04-02T13:00:00+00:00,29.31,40.08,11.59,68.5,20,40,Paris,,48.8566,2.3522,35,
2024-04-02T14:00:00+00:00,22.56,29.39,12.09,66.75,20,40,Paris,,48.8566,2.3522,35,
2024-04-02T15:00:00+00:00,25.23,34.68,10.1,63.26,20,40,Paris,,48.8566,2.3522,35,
2024-04-02T16:00:00+00:00,27.78,40.66,8.12,57.37,20,40,Paris,,48.8566,2.3522,35,
2024-04-02T17:00:00+00:00,21.12,28.82,8.85,57.91,20,40,Paris,,48.8566,2.3522,35,
2024-04-02T18:00:00+00:00,27.48,34.58,7.55,65.39,20,40,Paris,,48.8566,2.3522,35,
2024-04-02T19:00:00+00:00,21.99,25.7,8.98,59.3,20,40,Paris,,48.8566,2.3522,35,
2024-04-02T20:00:00+00:00,24.57,36.2,11.01,57.84,20,40,Paris,,48.8566,2.3522,35,
2024-04-02T21:00:00+00:00,30.0,41.74,11.11,68.18,20,40,Paris,,48.8566,2.3522,35,
2024-04-02T22:00:00+00:00,29.18,42.72,10.25,63.34,20,40,Paris,,48.8566,2.3522,35,
2024-04-02T23:00:00+00:00,27.5,36.41,12.77,63.08,20,40,Paris,,48.8566,2.3522,35,
2024-04-03T00:00:00+00:00,29.68,43.31,12.66,74.67,20,40,Paris,,48.8566,2.3522,35,
2024-04-03T01:00:00+00:00,24.14,31.33,14.8,68.37,20,40,Paris,,48.8566,2.3522,35,
2024-04-03T02:00:00+00:00,28.38,39.34,16.08,80.69,20,40,Paris,,48.8566,2.3522,35,
2024-04-03T03:00:00+00:00,23.92,28.99,15.72,79.25,20,40,Paris,,48.8566,2.3522,35,
2024-04-03T04:00:00+00:00,22.94,34.58,16.94,72.44,20,40,Paris,,48.8566,2.3522,35,
2024-04-03T05:00:00+00:00,31.4,44.49,17.19,87.14,20,40,Paris,,48.8566,2.3522,35,
2024-04-03T06:00:00+00:00,28.67,40.36,18.46,81.73,20,40,Paris,,48.8566,2.3522,35,
2024-04-03T07:00:00+00:00,25.22,32.66,16.64,78.46,20,40,Paris,,48.8566,2.3522,35,
2024-04-03T08:00:00+00:00,24.9,35.73,16.95,84.7,20,40,Paris,,48.8566,2.3522,35,
2024-04-03T09:00:00+00:00,20.89,31.55,15.98,70.53,20,40,Paris,,48.8566,2.3522,35,
2024-04-03T10:00:00+00:00,28.49,38.79,14.31,70.79,20,40,Paris,,48.8566,2.3522,35,
2024-04-03T11:00:00+00:00,25.5,36.59,15.11,67.04,20,40,Paris,,48.8566,2.3522,35,
2024-04-03T12:00:00+00:00,22.12,33.69,12.85,65.16,20,40,Paris,,48.8566,2.3522,35,
2024-04-03T13:00:00+00:00,28.16,40.93,11.08,71.56,20,40,Paris,,48.8566,2.3522,35,
2024-04-03T14:00:00+00:00,29.33,41.33,10.11,63.57,20,40,Paris,,48.8566,2.3522,35,
2024-04-03T15:00:00+00:00,28.75,41.88,9.87,70.28,20,40,Paris,,48.8566,2.3522,35,
2024-04-03T16:00:00+00:00,27.53,36.91,9.56,64.65,20,40,Paris,,48.8566,2.3522,35,
2024-04-03T17:00:00+00:00,25.73,36.77,10.29,58.47,20,40,Paris,,48.8566,2.3522,35,
2024-04-03T18:00:00+00:00,23.47,31.22,10.18,62.76,20,40,Paris,,48.8566,2.3522,35,
2024-04-03T19:00:00+00:00,27.99,35.25,7.8,59.28,20,40,Paris,,48.8566,2.3522,35,
2024-04-03T20:00:00+00:00,27.09,33.47,10.57,64.65,20,40,Paris,,48.8566,2.3522,35,
2024-04-03T21:00:00+00:00,20.2,27.44,10.48,57.62,20,40,Paris,,48.8566,2.3522,35,
2024-04-03T22:00:00+00:00,27.26,37.97,10.9,72.6,20,40,Paris,,48.8566,2.3522,35,
2024-04-03T23:00:00+00:00,22.72,33.37,11.5,75.25,20,40,Paris,,48.8566,2.3522,35,
2024-04-04T00:00:00+00:00,28.24,39.54,11.86,72.63,20,40,Paris,,48.8566,2.3522,35,
2024-04-04T01:00:00+00:00,21.28,31.49,15.35,67.77,20,40,Paris,,48.8566,2.3522,35,
2024-04-04T02:00:00+00:00,23.97,30.93,13.66,67.88,20,40,Paris,,48.8566,2.3522,35,
2024-04-04T03:00:00+00:00,29.06,42.63,14.45,80.07,20,40,Paris,,48.8566,2.3522,35,
2024-04-04T04:00:00+00:00,26.98,34.18,15.49,72.61,20,40,Paris,,48.8566,2.3522,35,
2024-04-04T05:00:00+00:00,29.92,37.46,15.54,77.12,20,40,Paris,,48.8566,2.3522,35,
2024-04-04T06:00:00+00:00,25.02,30.57,15.5,75.4,20,40,Paris,,48.8566,2.3522,35,
2024-04-04T07:00:00+00:00,31.39,39.61,15.45,85.65,20,40,Paris,,48.8566,2.3522,35,
2024-04-04T08:00:00+00:00,27.71,37.24,17.96,76.7,20,40,Paris,,48.8566,2.3522,35,
2024-04-04T09:00:00+00:00,22.33,27.84,17.22,83.1,20,40,Paris,,48.8566,2.3522,35,
2024-04-04T10:00:00+00:00,28.74,35.2,14.93,69.1,20,40,Paris,,48.8566,2.3522,35,
2024-04-04T11:00:00+00:00,21.85,26.31,14.39,67.92,20,40,Paris,,48.8566,2.3522,35,
2024-04-04T12:00:00+00:00,22.14,27.96,12.05,71.82,20,40,Paris,,48.8566,2.3522,35,
2024-04-04T13:00:00+00:00,23.15,33.45,12.6,70.98,20,40,Paris,,48.8566,2.3522,35,
2024-04-04T14:00:00+00:00,25.51,32.46,11.35,65.8,20,40,Paris,,48.8566,2.3522,35,
2024-04-04T15:00:00+00:00,23.69,30.8,9.1,68.15,20,40,Paris,,48.8566,2.3522,35,
2024-04-04T16:00:00+00:00,22.81,28.64,9.32,67.72,20,40,Paris,,48.8566,2.3522,35,
2024-04-04T17:00:00+00:00,21.77,31.75,10.61,61.1,20,40,Paris,,48.8566,2.3522,35,
2024-04-04T18:00:00+00:00,24.98,32.54,10.27,57.3,20,40,Paris,,48.8566,2.3522,35,
2024-04-04T19:00:00+00:00,23.12,34.42,10.05,63.83,20,40,Paris,,48.8566,2.3522,35,
2024-04-04T20:00:00+00:00,27.68,40.62,10.91,60.87,20,40,Paris,,48.8566,2.3522,35,
2024-04-04T21:00:00+00:00,22.24,26.03,8.82,63.32,20,40,Paris,,48.8566,2.3522,35,
2024-04-04T22:00:00+00:00,27.44,33.63,10.18,65.26,20,40,Paris,,48.8566,2.3522,35,
2024-04-04T23:00:00+00:00,27.77,39.34,11.83,74.19,20,40,Paris,,48.8566,2.3522,35,
2024-04-05T00:00:00+00:00,22.88,31.81,13.11,68.23,20,40,Paris,,48.8566,2.3522,35,
2024-04-05T01:00:00+00:00,28.36,41.38,14.78,72.39,20,40,Paris,,48.8566,2.3522,35,
2024-04-05T02:00:00+00:00,30.05,41.65,14.79,78.4,20,40,Paris,,48.8566,2.3522,35,
2024-04-05T03:00:00+00:00,23.61,30.76,15.04,83.38,20,40,Paris,,48.8566,2.3522,35,
2024-04-05T04:00:00+00:00,30.12,40.06,15.11,86.08,20,40,Paris,,48.8566,2.3522,35,
2024-04-05T05:00:00+00:00,26.77,32.16,16.51,80.85,20,40,Paris,,48.8566,2.3522,35,
2024-04-05T06:00:00+00:00,23.53,32.01,17.52,72.86,20,40,Paris,,48.8566,2.3522,35,
2024-04-05T07:00:00+00:00,21.57,30.09,15.58,76.03,20,40,Paris,,48.8566,2.3522,35,
2024-04-05T08:00:00+00:00,27.35,34.5,15.54,75.98,20,40,Paris,,48.8566,2.3522,35,
2024-04-05T09:00:00+00:00,27.76,34.24,15.97,76.76,20,40,Paris,,48.8566,2.3522,35,
2024-04-05T10:00:00+00:00,21.16,25.02,13.63,67.37,20,40,Paris,,48.8566,2.3522,35,
2024-04-05T11:00:00+00:00,25.76,34.65,13.63,77.44,20,40,Paris,,48.8566,2.3522,35,
2024-04-05T12:00:00+00:00,23.11,29.5,14.36,72.06,20,40,Paris,,48.8566,2.3522,35,
2024-04-05T13:00:00+00:00,22.2,29.21,13.38,65.6,20,40,Paris,,48.8566,2.3522,35,
2024-04-05T14:00:00+00:00,24.98,30.61,11.18,60.39,20,40,Paris,,48.8566,2.3522,35,
2024-04-05T15:00:00+00:00,24.58,35.01,9.88,57.59,20,40,Paris,,48.8566,2.3522,35,
2024-04-05T16:00:00+00:00,23.87,28.57,8.86,66.62,20,40,Paris,,48.8566,2.3522,35,
2024-04-05T17:00:00+00:00,21.54,29.09,8.07,60.94,20,40,Paris,,48.8566,2.3522,35,
2024-04-05T18:00:00+00:00,29.24,42.46,8.14,67.69,20,40,Paris,,48.8566,2.3522,35,
2024-04-05T19:00:00+00:00,28.87,41.62,10.18,67.11,20,40,Paris,,48.8566,2.3522,35,
2024-04-05T20:00:00+00:00,24.28,29.79,11.01,62.0,20,40,Paris,,48.8566,2.3522,35,
2024-04-05T21:00:00+00:00,23.33,28.95,9.09,55.07,20,40,Paris,,48.8566,2.3522,35,
2024-04-05T22:00:00+00:00,24.17,28.73,10.85,69.82,20,40,Paris,,48.8566,2.3522,35,
2024-04-05T23:00:00+00:00,26.41,32.47,12.47,67.83,20,40,Paris,,48.8566,2.3522,35,
2024-04-06T00:00:00+00:00,24.8,34.77,13.81,75.48,20,40,Paris,,48.8566,2.3522,35,
2024-04-06T01:00:00+00:00,29.39,43.61,14.72,71.05,20,40,Paris,,48.8566,2.3522,35,
2024-04-06T02:00:00+00:00,23.53,29.8,15.38,73.84,20,40,Paris,,48.8566,2.3522,35,
2024-04-06T03:00:00+00:00,24.52,36.34,15.48,73.5,20,40,Paris,,48.8566,2.3522,35,
2024-04-06T04:00:00+00:00,24.7,31.09,15.49,81.53,20,40,Paris,,48.8566,2.3522,35,
2024-04-06T05:00:00+00:00,22.15,29.37,16.98,77.35,20,40,Paris,,48.8566,2.3522,35,
2024-04-06T06:00:00+00:00,24.07,29.41,17.05,74.72,20,40,Paris,,48.8566,2.3522,35,
2024-04-06T07:00:00+00:00,23.7,35.22,16.48,87.44,20,40,Paris,,48.8566,2.3522,35,
2024-04-06T08:00:00+00:00,26.35,34.89,16.46,72.35,20,40,Paris,,48.8566,2.3522,35,
2024-04-06T09:00:00+00:00,27.3,36.49,16.41,84.09,20,40,Paris,,48.8566,2.3522,35,
2024-04-06T10:00:00+00:00,29.4,41.34,14.3,70.78,20,40,Paris,,48.8566,2.3522,35,
2024-04-06T11:00:00+00:00,24.64,32.9,13.26,71.34,20,40,Paris,,48.8566,2.3522,35,
2024-04-06T12:00:00+00:00,21.84,26.08,14.27,68.58,20,40,Paris,,48.8566,2.3522,35,
2024-04-06T13:00:00+00:00,21.6,32.74,12.75,61.23,20,40,Paris,,48.8566,2.3522,35,
2024-04-06T14:00:00+00:00,26.73,34.8,10.56,62.61,20,40,Paris,,48.8566,2.3522,35,
2024-04-06T15:00:00+00:00,24.6,32.35,10.61,59.52,20,40,Paris,,48.8566,2.3522,35,
2024-04-06T16:00:00+00:00,21.07,31.88,8.32,59.73,20,40,Paris,,48.8566,2.3522,35,
2024-04-06T17:00:00+00:00,25.27,30.75,8.39,60.06,20,40,Paris,,48.8566,2.3522,35,
2024-04-06T18:00:00+00:00,21.21,31.96,8.95,61.49,20,40,Paris,,48.8566,2.3522,35,
2024-04-06T19:00:00+00:00,26.58,32.88,8.98,56.08,20,40,Paris,,48.8566,2.3522,35,
2024-04-06T20:00:00+00:00,25.29,36.14,8.5,62.57,20,40,Paris,,48.8566,2.3522,35,
2024-04-06T21:00:00+00:00,27.51,41.01,10.27,62.13,20,40,Paris,,48.8566,2.3522,35,
2024-04-06T22:00:00+00:00,26.38,33.83,9.65,60.28,20,40,Paris,,48.8566,2.3522,35,
2024-04-06T23:00:00+00:00,23.25,29.18,11.47,61.2,20,40,Paris,,48.8566,2.3522,35,
2024-04-07T00:00:00+00:00,24.39,33.07,13.95,66.64,20,40,Paris,,48.8566,2.3522,35,
2024-04-07T01:00:00+00:00,22.49,32.88,15.05,67.44,20,40,Paris,,48.8566,2.3522,35,
2024-04-07T02:00:00+00:00,26.57,39.21,14.64,78.26,20,40,Paris,,48.8566,2.3522,35,
2024-04-07T03:00:00+00:00,29.54,42.65,15.96,76.64,20,40,Paris,,48.8566,2.3522,35,
2024-04-07T04:00:00+00:00,28.49,42.36,17.0,82.55,20,40,Paris,,48.8566,2.3522,35,
2024-04-07T05:00:00+00:00,29.5,38.38,18.36,80.33,20,40,Paris,,48.8566,2.3522,35,
2024-04-07T06:00:00+00:00,23.32,34.2,17.17,87.36,20,40,Paris,,48.8566,2.3522,35,
2024-04-07T07:00:00+00:00,27.24,36.54,17.36,77.76,20,40,Paris,,48.8566,2.3522,35,
2024-04-07T08:00:00+00:00,26.75,35.13,16.65,82.82,20,40,Paris,,48.8566,2.3522,35,
2024-04-07T09:00:00+00:00,21.76,27.03,16.61,71.03,20,40,Paris,,48.8566,2.3522,35,
2024-04-07T10:00:00+00:00,24.15,36.54,14.55,77.06,20,40,Paris,,48.8566,2.3522,35,
2024-04-07T11:00:00+00:00,30.02,41.54,12.71,75.04,20,40,Paris,,48.8566,2.3522,35,
2024-04-07T12:00:00+00:00,24.71,36.94,12.98,62.55,20,40,Paris,,48.8566,2.3522,35,
2024-04-07T13:00:00+00:00,28.53,34.89,11.28,61.74,20,40,Paris,,48.8566,2.3522,35,
2024-04-07T14:00:00+00:00,26.69,39.8,11.3,63.93,20,40,Paris,,48.8566,2.3522,35,
2024-04-07T15:00:00+00:00,26.79,35.8,11.55,67.38,20,40,Paris,,48.8566,2.3522,35,
2024-04-07T16:00:00+00:00,19.81,30.57,10.46,53.86,20,40,Paris,,48.8566,2.3522,35,
2024-04-07T17:00:00+00:00,27.43,33.57,8.67,53.68,20,40,Paris,,48.8566,2.3522,35,
2024-04-07T18:00:00+00:00,24.14,32.56,9.23,61.74,20,40,Paris,,48.8566,2.3522,35,
2024-04-07T19:00:00+00:00,27.3,40.8,10.45,67.17,20,40,Paris,,48.8566,2.3522,35,
2024-04-07T20:00:00+00:00,29.01,41.9,8.16,67.57,20,40,Paris,,48.8566,2.3522,35,
2024-04-07T21:00:00+00:00,27.97,36.11,11.27,63.25,20,40,Paris,,48.8566,2.3522,35,
2024-04-07T22:00:00+00:00,21.79,32.67,11.08,67.59,20,40,Paris,,48.8566,2.3522,35,
2024-04-07T23:00:00+00:00,29.05,40.63,11.52,67.12,20,40,Paris,,48.8566,2.3522,35,
2024-04-08T00:00:00+00:00,24.08,34.88,14.11,72.06,20,40,Paris,,48.8566,2.3522,35,
2024-04-08T01:00:00+00:00,28.89,40.43,13.6,70.53,20,40,Paris,,48.8566,2.3522,35,
2024-04-08T02:00:00+00:00,29.57,40.81,13.57,75.48,20,40,Paris,,48.8566,2.3522,35,
2024-04-08T03:00:00+00:00,25.53,33.47,16.16,73.8,20,40,Paris,,48.8566,2.3522,35,
2024-04-08T04:00:00+00:00,23.42,31.88,15.65,72.81,20,40,Paris,,48.8566,2.3522,35,
2024-04-08T05:00:00+00:00,28.69,38.63,18.34,82.04,20,40,Paris,,48.8566,2.3522,35,
2024-04-08T06:00:00+00:00,24.12,31.48,16.16,78.0,20,40,Paris,,48.8566,2.3522,35,
2024-04-08T07:00:00+00:00,25.43,37.06,17.9,77.46,20,40,Paris,,48.8566,2.3522,35,
2024-04-08T08:00:00+00:00,25.54,32.74,15.34,83.95,20,40,Paris,,48.8566,2.3522,35,
2024-04-08T09:00:00+00:00,29.39,43.67,15.04,77.21,20,40,Paris,,48.8566,2.3522,35,
2024-04-08T10:00:00+00:00,28.45,36.42,14.46,79.06,20,40,Paris,,48.8566,2.3522,35,
2024-04-08T11:00:00+00:00,26.22,37.84,14.5,79.64,20,40,Paris,,48.8566,2.3522,35,
2024-04-08T12:00:00+00:00,27.47,38.22,13.65,62.63,20,40,Paris,,48.8566,2.3522,35,
2024-04-08T13:00:00+00:00,22.41,31.01,11.66,69.78,20,40,Paris,,48.8566,2.3522,35,
2024-04-08T14:00:00+00:00,28.48,36.82,12.19,72.41,20,40,Paris,,48.8566,2.3522,35,
2024-04-08T15:00:00+00:00,28.16,36.41,10.47,58.15,20,40,Paris,,48.8566,2.3522,35,
2024-04-08T16:00:00+00:00,25.23,36.36,8.7,59.79,20,40,Paris,,48.8566,2.3522,35,
2024-04-08T17:00:00+00:00,23.53,35.58,10.52,53.53,20,40,Paris,,48.8566,2.3522,35,
2024-04-08T18:00:00+00:00,26.11,35.42,8.16,56.69,20,40,Paris,,48.8566,2.3522,35,
2024-04-08T19:00:00+00:00,25.42,36.97,7.9,62.66,20,40,Paris,,48.8566,2.3522,35,
2024-04-08T20:00:00+00:00,22.76,29.79,8.87,64.76,20,40,Paris,,48.8566,2.3522,35,
2024-04-08T21:00:00+00:00,25.07,32.93,9.24,68.63,20,40,Paris,,48.8566,2.3522,35,
2024-04-08T22:00:00+00:00,28.5,40.29,10.26,69.18,20,40,Paris,,48.8566,2.3522,35,
2024-04-08T23:00:00+00:00,24.61,35.35,12.04,59.97,20,40,Paris,,48.8566,2.3522,35,
2024-04-09T00:00:00+00:00,26.11,33.36,12.12,76.2,20,40,Paris,,48.8566,2.3522,35,
2024-04-09T01:00:00+00:00,29.05,42.56,13.22,71.07,20,40,Paris,,48.8566,2.3522,35,
2024-04-09T02:00:00+00:00,23.09,34.69,16.35,69.05,20,40,Paris,,48.8566,2.3522,35,
2024-04-09T03:00:00+00:00,23.25,30.56,14.59,84.39,20,40,Paris,,48.8566,2.3522,35,
2024-04-09T04:00:00+00:00,26.02,31.84,16.96,79.06,20,40,Paris,,48.8566,2.3522,35,
2024-04-09T05:00:00+00:00,24.98,30.42,17.03,77.56,20,40,Paris,,48.8566,2.3522,35,
2024-04-09T06:00:00+00:00,22.74,29.22,18.3,80.58,20,40,Paris,,48.8566,2.3522,35,
2024-04-09T07:00:00+00:00,30.34,41.21,16.06,78.6,20,40,Paris,,48.8566,2.3522,35,
2024-04-09T08:00:00+00:00,27.67,35.91,15.69,85.05,20,40,Paris,,48.8566,2.3522,35,
2024-04-09T09:00:00+00:00,25.49,37.02,15.54,75.23,20,40,Paris,,48.8566,2.3522,35,
2024-04-09T10:00:00+00:00,29.14,36.32,15.93,71.17,20,40,Paris,,48.8566,2.3522,35,
2024-04-09T11:00:00+00:00,22.98,27.13,13.86,69.19,20,40,Paris,,48.8566,2.3522,35,
2024-04-09T12:00:00+00:00,22.24,28.5,11.89,71.64,20,40,Paris,,48.8566,2.3522,35,
2024-04-09T13:00:00+00:00,27.43,37.23,12.4,68.53,20,40,Paris,,48.8566,2.3522,35,
2024-04-09T14:00:00+00:00,27.96,36.11,9.98,72.73,20,40,Paris,,48.8566,2.3522,35,
2024-04-09T15:00:00+00:00,27.46,35.57,9.9,70.9,20,40,Paris,,48.8566,2.3522,35,
2024-04-09T16:00:00+00:00,24.08,30.6,10.08,60.36,20,40,Paris,,48.8566,2.3522,35,
2024-04-09T17:00:00+00:00,28.18,40.91,7.83,60.63,20,40,Paris,,48.8566,2.3522,35,
2024-04-09T18:00:00+00:00,26.95,36.35,8.47,63.32,20,40,Paris,,48.8566,2.3522,35,
2024-04-09T19:00:00+00:00,29.11,42.61,7.73,63.8,20,40,Paris,,48.8566,2.3522,35,
2024-04-09T20:00:00+00:00,22.89,29.91,8.83,58.05,20,40,Paris,,48.8566,2.3522,35,
2024-04-09T21:00:00+00:00,22.21,29.63,8.68,58.13,20,40,Paris,,48.8566,2.3522,35,
2024-04-09T22:00:00+00:00,21.57,27.39,11.89,66.15,20,40,Paris,,48.8566,2.3522,35,
2024-04-09T23:00:00+00:00,23.89,33.4,11.32,66.57,20,40,Paris,,48.8566,2.3522,35,
2024-04-10T00:00:00+00:00,24.59,30.69,13.68,65.29,20,40,Paris,,48.8566,2.3522,35,
2024-04-10T01:00:00+00:00,28.33,35.33,13.98,67.45,20,40,Paris,,48.8566,2.3522,35,
2024-04-10T02:00:00+00:00,28.95,36.62,14.4,80.28,20,40,Paris,,48.8566,2.3522,35,
2024-04-10T03:00:00+00:00,28.97,41.83,15.53,73.87,20,40,Paris,,48.8566,2.3522,35,
2024-04-10T04:00:00+00:00,29.38,41.56,15.03,75.18,20,40,Paris,,48.8566,2.3522,35,
2024-04-10T05:00:00+00:00,23.54,28.14,17.77,84.75,20,40,Paris,,48.8566,2.3522,35,
2024-04-10T06:00:00+00:00,28.09,34.26,18.33,75.02,20,40,Paris,,48.8566,2.3522,35,
2024-04-10T07:00:00+00:00,29.08,37.58,17.22,82.81,20,40,Paris,,48.8566,2.3522,35,
2024-04-10T08:00:00+00:00,28.66,39.12,16.27,71.48,20,40,Paris,,48.8566,2.3522,35,
2024-04-10T09:00:00+00:00,29.24,35.54,15.18,75.26,20,40,Paris,,48.8566,2.3522,35,
2024-04-10T10:00:00+00:00,26.9,33.52,13.8,75.12,20,40,Paris,,48.8566,2.3522,35,
2024-04-10T11:00:00+00:00,26.86,36.73,13.11,69.82,20,40,Paris,,48.8566,2.3522,35,
2024-04-10T12:00:00+00:00,26.21,37.59,13.28,75.3,20,40,Paris,,48.8566,2.3522,35,
2024-04-10T13:00:00+00:00,25.76,38.04,12.53,68.15,20,40,Paris,,48.8566,2.3522,35,
2024-04-10T14:00:00+00:00,28.62,36.9,12.34,59.6,20,40,Paris,,48.8566,2.3522,35,
2024-04-10T15:00:00+00:00,29.15,37.36,9.05,61.91,20,40,Paris,,48.8566,2.3522,35,
2024-04-10T16:00:00+00:00,27.46,36.68,10.91,63.21,20,40,Paris,,48.8566,2.3522,35,
2024-04-10T17:00:00+00:00,21.84,28.29,9.69,63.38,20,40,Paris,,48.8566,2.3522,35,
2024-04-10T18:00:00+00:00,23.12,33.86,8.13,57.27,20,40,Paris,,48.8566,2.3522,35,
2024-04-10T19:00:00+00:00,28.86,35.08,8.07,67.39,20,40,Paris,,48.8566,2.3522,35,
2024-04-10T20:00:00+00:00,27.62,37.36,9.93,68.73,20,40,Paris,,48.8566,2.3522,35,
2024-04-10T21:00:00+00:00,28.13,34.73,11.07,65.23,20,40,Paris,,48.8566,2.3522,35,
2024-04-10T22:00:00+00:00,26.2,32.11,10.58,64.16,20,40,Paris,,48.8566,2.3522,35,
2024-04-10T23:00:00+00:00,30.1,42.6,12.32,71.12,20,40,Paris,,48.8566,2.3522,35,
2024-04-11T00:00:00+00:00,29.34,37.02,11.51,66.07,20,40,Paris,,48.8566,2.3522,35,
2024-04-11T01:00:00+00:00,29.39,39.38,15.37,79.49,20,40,Paris,,48.8566,2.3522,35,
2024-04-11T02:00:00+00:00,24.32,35.01,15.45,76.71,20,40,Paris,,48.8566,2.3522,35,
2024-04-11T03:00:00+00:00,27.71,36.6,14.39,69.32,20,40,Paris,,48.8566,2.3522,35,
2024-04-11T04:00:00+00:00,24.24,30.45,17.7,85.86,20,40,Paris,,48.8566,2.3522,35,
2024-04-11T05:00:00+00:00,26.88,39.64,15.85,73.4,20,40,Paris,,48.8566,2.3522,35,
2024-04-11T06:00:00+00:00,24.94,31.41,16.66,74.0,20,40,Paris,,48.8566,2.3522,35,
2024-04-11T07:00:00+00:00,26.99,38.15,16.75,75.51,20,40,Paris,,48.8566,2.3522,35,
2024-04-11T08:00:00+00:00,21.85,30.73,15.73,70.78,20,40,Paris,,48.8566,2.3522,35,
2024-04-11T09:00:00+00:00,25.89,32.48,16.05,74.28,20,40,Paris,,48.8566,2.3522,35,
2024-04-11T10:00:00+00:00,21.89,25.7,16.01,75.35,20,40,Paris,,48.8566,2.3522,35,
2024-04-11T11:00:00+00:00,29.07,41.95,14.92,71.03,20,40,Paris,,48.8566,2.3522,35,
2024-04-11T12:00:00+00:00,30.88,41.48,11.86,77.9,20,40,Paris,,48.8566,2.3522,35,
2024-04-11T13:00:00+00:00,22.23,29.84,10.57,63.17,20,40,Paris,,48.8566,2.3522,35,
2024-04-11T14:00:00+00:00,25.42,35.82,9.69,70.14,20,40,Paris,,48.8566,2.3522,35,
2024-04-11T15:00:00+00:00,23.35,31.57,9.02,62.58,20,40,Paris,,48.8566,2.3522,35,
2024-04-11T16:00:00+00:00,28.94,38.14,10.72,60.29,20,40,Paris,,48.8566,2.3522,35,
2024-04-11T17:00:00+00:00,20.35,29.71,10.1,58.99,20,40,Paris,,48.8566,2.3522,35,
2024-04-11T18:00:00+00:00,28.1,36.77,8.07,65.74,20,40,Paris,,48.8566,2.3522,35,
2024-04-11T19:00:00+00:00,26.34,33.2,7.88,59.69,20,40,Paris,,48.8566,2.3522,35,
2024-04-11T20:00:00+00:00,26.27,37.58,9.36,58.12,20,40,Paris,,48.8566,2.3522,35,
2024-04-11T21:00:00+00:00,23.75,30.55,11.39,67.68,20,40,Paris,,48.8566,2.3522,35,
2024-04-11T22:00:00+00:00,22.74,31.71,11.56,65.21,20,40,Paris,,48.8566,2.3522,35,
2024-04-11T23:00:00+00:00,21.45,25.8,11.57,68.53,20,40,Paris,,48.8566,2.3522,35,
2024-04-12T00:00:00+00:00,24.36,35.98,11.81,69.04,20,40,Paris,,48.8566,2.3522,35,
2024-04-12T01:00:00+00:00,24.19,34.72,13.53,73.27,20,40,Paris,,48.8566,2.3522,35,
2024-04-12T02:00:00+00:00,29.05,41.9,14.06,76.36,20,40,Paris,,48.8566,2.3522,35,
2024-04-12T03:00:00+00:00,28.86,38.04,14.83,76.36,20,40,Paris,,48.8566,2.3522,35,
2024-04-12T04:00:00+00:00,26.78,38.05,16.11,78.82,20,40,Paris,,48.8566,2.3522,35,
2024-04-12T05:00:00+00:00,27.81,35.78,15.61,72.75,20,40,Paris,,48.8566,2.3522,35,
2024-04-12T06:00:00+00:00,30.15,39.88,17.91,85.13,20,40,Paris,,48.8566,2.3522,35,
2024-04-12T07:00:00+00:00,28.91,36.67,17.31,72.95,20,40,Paris,,48.8566,2.3522,35,
2024-04-12T08:00:00+00:00,22.19,27.78,14.99,80.01,20,40,Paris,,48.8566,2.3522,35,
2024-04-12T09:00:00+00:00,29.06,38.04,16.3,79.23,20,40,Paris,,48.8566,2.3522,35,
2024-04-12T10:00:00+00:00,25.8,36.68,15.19,73.98,20,40,Paris,,48.8566,2.3522,35,
2024-04-12T11:00:00+00:00,28.92,42.93,14.95,70.78,20,40,Paris,,48.8566,2.3522,35,
2024-04-12T12:00:00+00:00,29.06,40.27,13.5,65.24,20,40,Paris,,48.8566,2.3522,35,
2024-04-12T13:00:00+00:00,23.26,29.6,13.13,66.71,20,40,Paris,,48.8566,2.3522,35,
2024-04-12T14:00:00+00:00,26.48,38.06,9.84,68.55,20,40,Paris,,48.8566,2.3522,35,
2024-04-12T15:00:00+00:00,27.85,39.31,10.77,70.33,20,40,Paris,,48.8566,2.3522,35,
2024-04-12T16:00:00+00:00,27.35,33.28,9.24,55.54,20,40,Paris,,48.8566,2.3522,35,
2024-04-12T17:00:00+00:00,29.02,41.87,10.37,65.81,20,40,Paris,,48.8566,2.3522,35,
2024-04-12T18:00:00+00:00,26.89,34.67,9.35,54.79,20,40,Paris,,48.8566,2.3522,35,
2024-04-12T19:00:00+00:00,25.35,37.44,7.83,53.07,20,40,Paris,,48.8566,2.3522,35,
2024-04-12T20:00:00+00:00,28.92,35.65,10.9,68.81,20,40,Paris,,48.8566,2.3522,35,
2024-04-12T21:00:00+00:00,26.07,39.16,11.19,56.07,20,40,Paris,,48.8566,2.3522,35,
2024-04-12T22:00:00+00:00,28.32,38.5,9.52,65.08,20,40,Paris,,48.8566,2.3522,35,
2024-04-12T23:00:00+00:00,26.31,34.71,11.12,72.73,20,40,Paris,,48.8566,2.3522,35,
2024-04-13T00:00:00+00:00,22.48,29.25,12.24,76.62,20,40,Paris,,48.8566,2.3522,35,
2024-04-13T01:00:00+00:00,22.61,26.58,13.44,75.12,20,40,Paris,,48.8566,2.3522,35,
2024-04-13T02:00:00+00:00,31.18,45.31,14.18,81.55,20,40,Paris,,48.8566,2.3522,35,
2024-04-13T03:00:00+00:00,25.93,31.31,16.09,72.66,20,40,Paris,,48.8566,2.3522,35,
2024-04-13T04:00:00+00:00,22.72,33.16,15.95,84.98,20,40,Paris,,48.8566,2.3522,35,
2024-04-13T05:00:00+00:00,28.39,35.93,16.69,75.88,20,40,Paris,,48.8566,2.3522,35,
2024-04-13T06:00:00+00:00,26.36,37.73,16.96,75.79,20,40,Paris,,48.8566,2.3522,35,
2024-04-13T07:00:00+00:00,26.03,38.26,17.13,83.26,20,40,Paris,,48.8566,2.3522,35,
2024-04-13T08:00:00+00:00,21.84,32.0,15.35,76.25,20,40,Paris,,48.8566,2.3522,35,
2024-04-13T09:00:00+00:00,30.78,41.08,14.39,81.46,20,40,Paris,,48.8566,2.3522,35,
2024-04-13T10:00:00+00:00,27.32,35.78,14.22,78.38,20,40,Paris,,48.8566,2.3522,35,
2024-04-13T11:00:00+00:00,24.51,31.32,14.31,69.4,20,40,Paris,,48.8566,2.3522,35,
2024-04-13T12:00:00+00:00,30.02,38.48,13.82,76.57,20,40,Paris,,48.8566,2.3522,35,
2024-04-13T13:00:00+00:00,21.86,28.86,12.5,70.72,20,40,Paris,,48.8566,2.3522,35,
2024-04-13T14:00:00+00:00,26.38,36.78,12.42,68.03,20,40,Paris,,48.8566,2.3522,35,
2024-04-13T15:00:00+00:00,20.82,31.37,10.44,56.0,20,40,Paris,,48.8566,2.3522,35,
2024-04-13T16:00:00+00:00,28.6,39.98,10.73,62.41,20,40,Paris,,48.8566,2.3522,35,
2024-04-13T17:00:00+00:00,27.61,37.68,9.25,61.86,20,40,Paris,,48.8566,2.3522,35,
2024-04-13T18:00:00+00:00,27.92,37.85,7.91,57.85,20,40,Paris,,48.8566,2.3522,35,
2024-04-13T19:00:00+00:00,24.42,31.63,10.62,56.06,20,40,Paris,,48.8566,2.3522,35,
2024-04-13T20:00:00+00:00,24.16,28.79,9.96,56.15,20,40,Paris,,48.8566,2.3522,35,
2024-04-13T21:00:00+00:00,26.49,33.21,10.56,56.22,20,40,Paris,,48.8566,2.3522,35,
2024-04-13T22:00:00+00:00,24.01,30.03,11.91,67.56,20,40,Paris,,48.8566,2.3522,35,
2024-04-13T23:00:00+00:00,28.71,39.41,11.45,64.04,20,40,Paris,,48.8566,2.3522,35,
2024-04-14T00:00:00+00:00,23.43,34.19,12.56,66.57,20,40,Paris,,48.8566,2.3522,35,
2024-04-14T01:00:00+00:00,26.95,39.36,15.21,64.66,20,40,Paris,,48.8566,2.3522,35,
2024-04-14T02:00:00+00:00,28.41,36.39,15.63,69.74,20,40,Paris,,48.8566,2.3522,35,
2024-04-14T03:00:00+00:00,28.34,34.62,15.98,70.18,20,40,Paris,,48.8566,2.3522,35,
2024-04-14T04:00:00+00:00,28.97,39.15,17.32,84.53,20,40,Paris,,48.8566,2.3522,35,
2024-04-14T05:00:00+00:00,21.85,28.05,16.12,73.41,20,40,Paris,,48.8566,2.3522,35,
2024-04-14T06:00:00+00:00,25.1,37.0,17.11,85.48,20,40,Paris,,48.8566,2.3522,35,
2024-04-14T07:00:00+00:00,28.21,34.75,17.11,81.12,20,40,Paris,,48.8566,2.3522,35,
2024-04-14T08:00:00+00:00,28.28,37.36,15.93,86.17,20,40,Paris,,48.8566,2.3522,35,
2024-04-14T09:00:00+00:00,23.78,33.19,17.07,82.78,20,40,Paris,,48.8566,2.3522,35,
2024-04-14T10:00:00+00:00,28.04,35.32,13.96,81.25,20,40,Paris,,48.8566,2.3522,35,
2024-04-14T11:00:00+00:00,23.27,29.46,15.26,67.64,20,40,Paris,,48.8566,2.3522,35,
2024-04-14T12:00:00+00:00,22.68,28.6,13.96,72.69,20,40,Paris,,48.8566,2.3522,35,
2024-04-14T13:00:00+00:00,27.39,37.94,10.55,73.05,20,40,Paris,,48.8566,2.3522,35,
2024-04-14T14:00:00+00:00,25.9,32.3,9.61,72.85,20,40,Paris,,48.8566,2.3522,35,
2024-04-14T15:00:00+00:00,27.28,39.12,8.93,63.2,20,40,Paris,,48.8566,2.3522,35,
2024-04-14T16:00:00+00:00,21.94,30.99,9.59,68.81,20,40,Paris,,48.8566,2.3522,35,
2024-04-14T17:00:00+00:00,25.45,37.29,8.57,63.36,20,40,Paris,,48.8566,2.3522,35,
2024-04-14T18:00:00+00:00,25.82,30.99,7.77,61.51,20,40,Paris,,48.8566,2.3522,35,
2024-04-14T19:00:00+00:00,21.45,28.14,10.16,57.66,20,40,Paris,,48.8566,2.3522,35,
2024-04-14T20:00:00+00:00,23.79,36.09,10.85,54.76,20,40,Paris,,48.8566,2.3522,35,
2024-04-14T21:00:00+00:00,27.76,40.82,10.61,59.03,20,40,Paris,,48.8566,2.3522,35,
2024-04-14T22:00:00+00:00,23.18,28.5,10.56,58.93,20,40,Paris,,48.8566,2.3522,35,
2024-04-14T23:00:00+00:00,29.65,39.85,11.95,70.83,20,40,Paris,,48.8566,2.3522,35,
2024-04-15T00:00:00+00:00,29.26,39.49,13.99,69.82,20,40,Paris,,48.8566,2.3522,35,
2024-04-15T01:00:00+00:00,27.76,40.26,15.11,73.0,20,40,Paris,,48.8566,2.3522,35,
2024-04-15T02:00:00+00:00,29.32,40.98,15.74,81.4,20,40,Paris,,48.8566,2.3522,35,
2024-04-15T03:00:00+00:00,28.95,39.82,16.49,81.45,20,40,Paris,,48.8566,2.3522,35,
2024-04-15T04:00:00+00:00,23.14,29.43,17.88,76.02,20,40,Paris,,48.8566,2.3522,35,
2024-04-15T05:00:00+00:00,30.38,40.6,17.56,85.58,20,40,Paris,,48.8566,2.3522,35,
2024-04-15T06:00:00+00:00,30.08,41.88,16.89,78.88,20,40,Paris,,48.8566,2.3522,35,
2024-04-15T07:00:00+00:00,29.28,39.75,15.58,78.17,20,40,Paris,,48.8566,2.3522,35,
2024-04-15T08:00:00+00:00,24.08,32.38,16.32,70.94,20,40,Paris,,48.8566,2.3522,35,
2024-04-15T09:00:00+00:00,27.26,34.95,16.5,75.31,20,40,Paris,,48.8566,2.3522,35,
2024-04-15T10:00:00+00:00,26.09,37.53,15.2,79.63,20,40,Paris,,48.8566,2.3522,35,
2024-04-15T11:00:00+00:00,28.09,36.81,14.33,72.22,20,40,Paris,,48.8566,2.3522,35,
2024-04-15T12:00:00+00:00,23.55,27.92,14.36,63.81,20,40,Paris,,48.8566,2.3522,35,
2024-04-15T13:00:00+00:00,22.28,28.28,11.11,61.93,20,40,Paris,,48.8566,2.3522,35,
2024-04-15T14:00:00+00:00,27.19,37.58,9.71,69.57,20,40,Paris,,48.8566,2.3522,35,
2024-04-15T15:00:00+00:00,23.27,27.5,11.32,58.38,20,40,Paris,,48.8566,2.3522,35,
2024-04-15T16:00:00+00:00,29.48,36.38,10.17,67.51,20,40,Paris,,48.8566,2.3522,35,
2024-04-15T17:00:00+00:00,21.78,30.19,10.3,57.3,20,40,Paris,,48.8566,2.3522,35,
2024-04-15T18:00:00+00:00,22.73,31.83,7.93,67.56,20,40,Paris,,48.8566,2.3522,35,
2024-04-15T19:00:00+00:00,21.66,33.09,9.69,60.07,20,40,Paris,,48.8566,2.3522,35,
2024-04-15T20:00:00+00:00,28.96,36.35,9.53,67.27,20,40,Paris,,48.8566,2.3522,35,
2024-04-15T21:00:00+00:00,23.59,33.49,11.25,59.3,20,40,Paris,,48.8566,2.3522,35,
2024-04-15T22:00:00+00:00,24.76,30.54,10.84,63.69,20,40,Paris,,48.8566,2.3522,35,
2024-04-15T23:00:00+00:00,29.63,40.98,13.2,75.13,20,40,Paris,,48.8566,2.3522,35,
2024-04-16T00:00:00+00:00,29.07,37.5,12.62,71.37,20,40,Paris,,48.8566,2.3522,35,
2024-04-16T01:00:00+00:00,30.34,41.35,13.36,76.66,20,40,Paris,,48.8566,2.3522,35,
2024-04-16T02:00:00+00:00,23.16,27.52,13.8,82.99,20,40,Paris,,48.8566,2.3522,35,
2024-04-16T03:00:00+00:00,28.45,41.32,15.08,83.3,20,40,Paris,,48.8566,2.3522,35,
2024-04-16T04:00:00+00:00,27.27,38.02,15.12,82.95,20,40,Paris,,48.8566,2.3522,35,
2024-04-16T05:00:00+00:00,29.39,41.76,16.94,87.1,20,40,Paris,,48.8566,2.3522,35,
2024-04-16T06:00:00+00:00,22.9,27.49,17.25,81.69,20,40,Paris,,48.8566,2.3522,35,
2024-04-16T07:00:00+00:00,23.35,29.69,15.71,77.56,20,40,Paris,,48.8566,2.3522,35,
2024-04-16T08:00:00+00:00,24.86,36.0,17.41,85.91,20,40,Paris,,48.8566,2.3522,35,
2024-04-16T09:00:00+00:00,28.12,41.93,15.36,79.08,20,40,Paris,,48.8566,2.3522,35,
2024-04-16T10:00:00+00:00,21.96,29.31,16.32,76.92,20,40,Paris,,48.8566,2.3522,35,
2024-04-16T11:00:00+00:00,25.18,30.73,15.15,73.57,20,40,Paris,,48.8566,2.3522,35,
2024-04-16T12:00:00+00:00,22.34,28.3,13.02,74.98,20,40,Paris,,48.8566,2.3522,35,
2024-04-16T13:00:00+00:00,30.45,44.54,11.5,74.51,20,40,Paris,,48.8566,2.3522,35,
2024-04-16T14:00:00+00:00,22.99,29.32,11.58,58.77,20,40,Paris,,48.8566,2.3522,35,
2024-04-16T15:00:00+00:00,23.92,35.28,11.47,70.72,20,40,Paris,,48.8566,2.3522,35,
2024-04-16T16:00:00+00:00,28.21,41.49,8.76,55.59,20,40,Paris,,48.8566,2.3522,35,
2024-04-16T17:00:00+00:00,20.56,30.24,9.52,53.16,20,40,Paris,,48.8566,2.3522,35,
2024-04-16T18:00:00+00:00,24.75,36.77,8.22,66.97,20,40,Paris,,48.8566,2.3522,35,
2024-04-16T19:00:00+00:00,23.46,34.61,9.47,53.34,20,40,Paris,,48.8566,2.3522,35,
2024-04-16T20:00:00+00:00,27.47,37.98,9.93,62.94,20,40,Paris,,48.8566,2.3522,35,
2024-04-16T21:00:00+00:00,28.04,37.06,8.93,62.72,20,40,Paris,,48.8566,2.3522,35,
2024-04-16T22:00:00+00:00,24.37,32.3,9.87,65.81,20,40,Paris,,48.8566,2.3522,35,
2024-04-16T23:00:00+00:00,23.55,33.21,11.86,67.76,20,40,Paris,,48.8566,2.3522,35,
2024-04-17T00:00:00+00:00,22.84,27.53,13.02,70.26,20,40,Paris,,48.8566,2.3522,35,
2024-04-17T01:00:00+00:00,20.87,28.76,14.52,64.73,20,40,Paris,,48.8566,2.3522,35,
2024-04-17T02:00:00+00:00,23.96,34.48,15.37,80.58,20,40,Paris,,48.8566,2.3522,35,
2024-04-17T03:00:00+00:00,24.95,30.47,16.84,76.81,20,40,Paris,,48.8566,2.3522,35,
2024-04-17T04:00:00+00:00,28.12,41.82,15.11,73.23,20,40,Paris,,48.8566,2.3522,35,
2024-04-17T05:00:00+00:00,27.06,38.63,17.51,76.67,20,40,Paris,,48.8566,2.3522,35,
2024-04-17T06:00:00+00:00,21.81,31.33,15.66,72.17,20,40,Paris,,48.8566,2.3522,35,
2024-04-17T07:00:00+00:00,29.63,37.64,16.48,86.57,20,40,Paris,,48.8566,2.3522,35,
2024-04-17T08:00:00+00:00,23.38,35.21,16.66,71.89,20,40,Paris,,48.8566,2.3522,35,
2024-04-17T09:00:00+00:00,25.3,33.53,15.37,75.76,20,40,Paris,,48.8566,2.3522,35,
2024-04-17T10:00:00+00:00,24.62,36.4,14.14,67.55,20,40,Paris,,48.8566,2.3522,35,
2024-04-17T11:00:00+00:00,24.68,32.88,14.72,74.81,20,40,Paris,,48.8566,2.3522,35,
2024-04-17T12:00:00+00:00,22.27,32.95,12.54,77.53,20,40,Paris,,48.8566,2.3522,35,
2024-04-17T13:00:00+00:00,28.04,37.94,11.4,61.18,20,40,Paris,,48.8566,2.3522,35,
2024-04-17T14:00:00+00:00,27.73,37.35,9.64,59.91,20,40,Paris,,48.8566,2.3522,35,
2024-04-17T15:00:00+00:00,23.56,29.54,8.95,60.68,20,40,Paris,,48.8566,2.3522,35,
2024-04-17T16:00:00+00:00,21.35,31.98,10.47,57.41,20,40,Paris,,48.8566,2.3522,35,
2024-04-17T17:00:00+00:00,27.4,34.88,9.21,62.77,20,40,Paris,,48.8566,2.3522,35,
2024-04-17T18:00:00+00:00,25.1,33.02,8.94,62.75,20,40,Paris,,48.8566,2.3522,35,
2024-04-17T19:00:00+00:00,22.24,26.32,9.56,56.59,20,40,Paris,,48.8566,2.3522,35,
2024-04-17T20:00:00+00:00,25.08,31.22,10.77,62.91,20,40,Paris,,48.8566,2.3522,35,
2024-04-17T21:00:00+00:00,28.25,34.84,10.85,70.2,20,40,Paris,,48.8566,2.3522,35,
2024-04-17T22:00:00+00:00,30.61,44.13,11.3,72.86,20,40,Paris,,48.8566,2.3522,35,
2024-04-17T23:00:00+00:00,28.84,39.04,11.95,66.99,20,40,Paris,,48.8566,2.3522,35,
2024-04-18T00:00:00+00:00,28.78,41.87,11.53,63.1,20,40,Paris,,48.8566,2.3522,35,
2024-04-18T01:00:00+00:00,25.41,36.87,15.39,64.63,20,40,Paris,,48.8566,2.3522,35,
2024-04-18T02:00:00+00:00,22.73,29.02,14.21,74.12,20,40,Paris,,48.8566,2.3522,35,
2024-04-18T03:00:00+00:00,24.19,36.53,15.83,69.62,20,40,Paris,,48.8566,2.3522,35,
2024-04-18T04:00:00+00:00,23.24,28.09,16.0,71.43,20,40,Paris,,48.8566,2.3522,35,
2024-04-18T05:00:00+00:00,28.35,35.61,15.62,83.15,20,40,Paris,,48.8566,2.3522,35,
2024-04-18T06:00:00+00:00,27.26,35.73,15.95,74.03,20,40,Paris,,48.8566,2.3522,35,
2024-04-18T07:00:00+00:00,30.48,42.88,18.34,81.12,20,40,Paris,,48.8566,2.3522,35,
2024-04-18T08:00:00+00:00,25.85,31.58,15.13,71.93,20,40,Paris,,48.8566,2.3522,35,
2024-04-18T09:00:00+00:00,30.9,39.72,15.8,80.92,20,40,Paris,,48.8566,2.3522,35,
2024-04-18T10:00:00+00:00,28.93,42.25,16.27,71.83,20,40,Paris,,48.8566,2.3522,35,
2024-04-18T11:00:00+00:00,28.48,38.4,15.38,74.34,20,40,Paris,,48.8566,2.3522,35,
2024-04-18T12:00:00+00:00,21.07,24.74,12.66,62.36,20,40,Paris,,48.8566,2.3522,35,
2024-04-18T13:00:00+00:00,30.48,38.28,10.53,73.96,20,40,Paris,,48.8566,2.3522,35,
2024-04-18T14:00:00+00:00,24.81,36.77,12.46,65.14,20,40,Paris,,48.8566,2.3522,35,
2024-04-18T15:00:00+00:00,28.07,37.11,11.09,61.79,20,40,Paris,,48.8566,2.3522,35,
2024-04-18T16:00:00+00:00,22.26,30.03,9.18,65.5,20,40,Paris,,48.8566,2.3522,35,
2024-04-18T17:00:00+00:00,24.47,34.68,9.71,54.17,20,40,Paris,,48.8566,2.3522,35,
2024-04-18T18:00:00+00:00,25.08,33.89,7.91,67.24,20,40,Paris,,48.8566,2.3522,35,
2024-04-18T19:00:00+00:00,29.47,41.59,9.05,67.18,20,40,Paris,,48.8566,2.3522,35,
2024-04-18T20:00:00+00:00,24.48,35.38,8.29,54.3,20,40,Paris,,48.8566,2.3522,35,
2024-04-18T21:00:00+00:00,24.35,29.32,9.41,66.39,20,40,Paris,,48.8566,2.3522,35,
2024-04-18T22:00:00+00:00,24.82,31.18,10.93,62.59,20,40,Paris,,48.8566,2.3522,35,
2024-04-18T23:00:00+00:00,24.14,29.24,12.15,65.16,20,40,Paris,,48.8566,2.3522,35,
2024-04-19T00:00:00+00:00,23.62,32.5,11.76,77.64,20,40,Paris,,48.8566,2.3522,35,
2024-04-19T01:00:00+00:00,24.4,36.72,15.3,68.14,20,40,Paris,,48.8566,2.3522,35,
2024-04-19T02:00:00+00:00,24.07,32.63,16.11,81.97,20,40,Paris,,48.8566,2.3522,35,
2024-04-19T03:00:00+00:00,29.15,41.5,14.34,81.57,20,40,Paris,,48.8566,2.3522,35,
2024-04-19T04:00:00+00:00,30.27,44.44,16.06,86.56,20,40,Paris,,48.8566,2.3522,35,
2024-04-19T05:00:00+00:00,27.07,36.37,16.36,79.43,20,40,Paris,,48.8566,2.3522,35,
2024-04-19T06:00:00+00:00,23.03,32.37,18.28,85.21,20,40,Paris,,48.8566,2.3522,35,
2024-04-19T07:00:00+00:00,27.72,36.11,16.02,75.43,20,40,Paris,,48.8566,2.3522,35,
2024-04-19T08:00:00+00:00,28.46,39.63,17.79,75.84,20,40,Paris,,48.8566,2.3522,35,
2024-04-19T09:00:00+00:00,24.93,36.23,17.01,74.17,20,40,Paris,,48.8566,2.3522,35,
2024-04-19T10:00:00+00:00,26.65,38.03,14.24,74.62,20,40,Paris,,48.8566,2.3522,35,
2024-04-19T11:00:00+00:00,22.23,31.35,14.76,70.11,20,40,Paris,,48.8566,2.3522,35,
2024-04-19T12:00:00+00:00,24.95,35.68,13.77,74.79,20,40,Paris,,48.8566,2.3522,35,
2024-04-19T13:00:00+00:00,28.96,43.05,10.79,63.54,20,40,Paris,,48.8566,2.3522,35,
2024-04-19T14:00:00+00:00,21.44,25.89,9.89,58.83,20,40,Paris,,48.8566,2.3522,35,
2024-04-19T15:00:00+00:00,26.17,35.29,9.79,58.32,20,40,Paris,,48.8566,2.3522,35,
2024-04-19T16:00:00+00:00,22.47,31.36,10.17,53.7,20,40,Paris,,48.8566,2.3522,35,
2024-04-19T17:00:00+00:00,21.08,24.54,8.15,61.93,20,40,Paris,,48.8566,2.3522,35,
2024-04-19T18:00:00+00:00,25.07,30.25,10.42,64.66,20,40,Paris,,48.8566,2.3522,35,
2024-04-19T19:00:00+00:00,29.45,36.71,8.31,67.1,20,40,Paris,,48.8566,2.3522,35,
2024-04-19T20:00:00+00:00,22.15,30.89,10.54,56.55,20,40,Paris,,48.8566,2.3522,35,
2024-04-19T21:00:00+00:00,27.33,37.24,8.68,59.27,20,40,Paris,,48.8566,2.3522,35,
2024-04-19T22:00:00+00:00,23.01,29.12,10.54,72.79,20,40,Paris,,48.8566,2.3522,35,
2024-04-19T23:00:00+00:00,28.93,37.96,12.55,62.5,20,40,Paris,,48.8566,2.3522,35,
2024-04-20T00:00:00+00:00,28.48,36.8,11.87,67.1,20,40,Paris,,48.8566,2.3522,35,
2024-04-20T01:00:00+00:00,26.07,36.5,15.15,78.66,20,40,Paris,,48.8566,2.3522,35,
2024-04-20T02:00:00+00:00,24.09,31.6,13.96,82.38,20,40,Paris,,48.8566,2.3522,35,
2024-04-20T03:00:00+00:00,23.53,33.02,15.69,73.94,20,40,Paris,,48.8566,2.3522,35,
2024-04-20T04:00:00+00:00,24.98,32.98,15.24,79.77,20,40,Paris,,48.8566,2.3522,35,
2024-04-20T05:00:00+00:00,23.42,31.2,18.13,75.66,20,40,Paris,,48.8566,2.3522,35,
2024-04-20T06:00:00+00:00,24.05,35.14,16.72,87.36,20,40,Paris,,48.8566,2.3522,35,
2024-04-20T07:00:00+00:00,22.75,32.4,16.15,83.06,20,40,Paris,,48.8566,2.3522,35,
2024-04-20T08:00:00+00:00,27.2,33.72,15.76,79.14,20,40,Paris,,48.8566,2.3522,35,
2024-04-20T09:00:00+00:00,26.08,36.49,15.55,84.81,20,40,Paris,,48.8566,2.3522,35,
2024-04-20T10:00:00+00:00,31.17,45.31,13.8,80.51,20,40,Paris,,48.8566,2.3522,35,
2024-04-20T11:00:00+00:00,22.91,28.46,14.74,74.89,20,40,Paris,,48.8566,2.3522,35,
2024-04-20T12:00:00+00:00,25.89,36.58,14.07,70.3,20,40,Paris,,48.8566,2.3522,35,
2024-04-20T13:00:00+00:00,27.31,40.31,12.9,63.74,20,40,Paris,,48.8566,2.3522,35,
2024-04-20T14:00:00+00:00,27.15,35.8,12.14,63.75,20,40,Paris,,48.8566,2.3522,35,
2024-04-20T15:00:00+00:00,25.83,32.73,11.33,63.8,20,40,Paris,,48.8566,2.3522,35,
2024-04-20T16:00:00+00:00,28.77,37.67,8.12,58.64,20,40,Paris,,48.8566,2.3522,35,
2024-04-20T17:00:00+00:00,27.13,37.59,8.84,67.85,20,40,Paris,,48.8566,2.3522,35,
2024-04-20T18:00:00+00:00,25.06,33.24,9.43,55.23,20,40,Paris,,48.8566,2.3522,35,
2024-04-20T19:00:00+00:00,22.38,29.02,10.04,65.47,20,40,Paris,,48.8566,2.3522,35,
2024-04-20T20:00:00+00:00,21.62,32.71,10.6,58.05,20,40,Paris,,48.8566,2.3522,35,
2024-04-20T21:00:00+00:00,26.02,32.29,8.93,61.23,20,40,Paris,,48.8566,2.3522,35,
2024-04-20T22:00:00+00:00,26.76,35.28,9.51,59.96,20,40,Paris,,48.8566,2.3522,35,
2024-04-20T23:00:00+00:00,28.32,40.39,12.88,73.38,20,40,Paris,,48.8566,2.3522,35,
2024-04-21T00:00:00+00:00,26.87,39.54,12.31,68.96,20,40,Paris,,48.8566,2.3522,35,
2024-04-21T01:00:00+00:00,27.57,38.7,13.93,71.55,20,40,Paris,,48.8566,2.3522,35,
2024-04-21T02:00:00+00:00,25.64,33.1,13.5,78.2,20,40,Paris,,48.8566,2.3522,35,
2024-04-21T03:00:00+00:00,23.76,30.86,14.39,73.62,20,40,Paris,,48.8566,2.3522,35,
2024-04-21T04:00:00+00:00,22.43,30.4,16.99,84.1,20,40,Paris,,48.8566,2.3522,35,
2024-04-21T05:00:00+00:00,26.09,31.98,18.0,86.92,20,40,Paris,,48.8566,2.3522,35,
2024-04-21T06:00:00+00:00,25.07,36.37,15.95,79.69,20,40,Paris,,48.8566,2.3522,35,
2024-04-21T07:00:00+00:00,22.77,30.73,15.75,77.24,20,40,Paris,,48.8566,2.3522,35,
2024-04-21T08:00:00+00:00,27.81,40.47,16.93,81.43,20,40,Paris,,48.8566,2.3522,35,
2024-04-21T09:00:00+00:00,25.42,36.5,15.05,77.2,20,40,Paris,,48.8566,2.3522,35,
2024-04-21T10:00:00+00:00,22.56,27.23,15.18,82.93,20,40,Paris,,48.8566,2.3522,35,
2024-04-21T11:00:00+00:00,30.21,37.5,12.81,71.93,20,40,Paris,,48.8566,2.3522,35,
2024-04-21T12:00:00+00:00,26.33,31.66,12.54,74.63,20,40,Paris,,48.8566,2.3522,35,
2024-04-21T13:00:00+00:00,21.08,25.47,12.99,63.88,20,40,Paris,,48.8566,2.3522,35,
2024-04-21T14:00:00+00:00,27.79,36.87,12.0,57.97,20,40,Paris,,48.8566,2.3522,35,
2024-04-21T15:00:00+00:00,26.98,34.77,9.69,60.09,20,40,Paris,,48.8566,2.3522,35,
2024-04-21T16:00:00+00:00,27.13,35.61,8.21,55.83,20,40,Paris,,48.8566,2.3522,35,
2024-04-21T17:00:00+00:00,26.68,39.36,10.39,58.47,20,40,Paris,,48.8566,2.3522,35,
2024-04-21T18:00:00+00:00,22.29,32.03,7.7,57.78,20,40,Paris,,48.8566,2.3522,35,
2024-04-21T19:00:00+00:00,20.83,29.86,8.02,60.17,20,40,Paris,,48.8566,2.3522,35,
2024-04-21T20:00:00+00:00,21.64,30.24,9.03,65.84,20,40,Paris,,48.8566,2.3522,35,
2024-04-21T21:00:00+00:00,24.73,37.08,9.71,60.92,20,40,Paris,,48.8566,2.3522,35,
2024-04-21T22:00:00+00:00,26.0,38.51,11.42,66.08,20,40,Paris,,48.8566,2.3522,35,
2024-04-21T23:00:00+00:00,22.29,31.68,13.37,73.69,20,40,Paris,,48.8566,2.3522,35,
2024-04-22T00:00:00+00:00,28.98,39.96,13.63,71.34,20,40,Paris,,48.8566,2.3522,35,
2024-04-22T01:00:00+00:00,28.35,35.45,14.6,67.05,20,40,Paris,,48.8566,2.3522,35,
2024-04-22T02:00:00+00:00,26.18,35.08,13.95,72.89,20,40,Paris,,48.8566,2.3522,35,
2024-04-22T03:00:00+00:00,25.7,37.02,16.64,84.05,20,40,Paris,,48.8566,2.3522,35,
2024-04-22T04:00:00+00:00,26.49,31.83,15.07,73.46,20,40,Paris,,48.8566,2.3522,35,
2024-04-22T05:00:00+00:00,29.07,42.24,15.56,77.76,20,40,Paris,,48.8566,2.3522,35,
2024-04-22T06:00:00+00:00,26.42,39.62,16.8,87.13,20,40,Paris,,48.8566,2.3522,35,
2024-04-22T07:00:00+00:00,25.1,35.89,17.25,72.68,20,40,Paris,,48.8566,2.3522,35,
2024-04-22T08:00:00+00:00,25.85,31.13,14.97,76.86,20,40,Paris,,48.8566,2.3522,35,
2024-04-22T09:00:00+00:00,29.9,43.52,15.08,82.37,20,40,Paris,,48.8566,2.3522,35,
2024-04-22T10:00:00+00:00,27.9,39.75,14.1,75.93,20,40,Paris,,48.8566,2.3522,35,
2024-04-22T11:00:00+00:00,29.18,41.61,15.39,75.33,20,40,Paris,,48.8566,2.3522,35,
2024-04-22T12:00:00+00:00,27.89,41.48,12.1,68.27,20,40,Paris,,48.8566,2.3522,35,
2024-04-22T13:00:00+00:00,26.45,34.36,13.28,63.92,20,40,Paris,,48.8566,2.3522,35,
2024-04-22T14:00:00+00:00,28.15,36.9,11.04,59.92,20,40,Paris,,48.8566,2.3522,35,
2024-04-22T15:00:00+00:00,21.54,30.55,10.06,68.12,20,40,Paris,,48.8566,2.3522,35,
2024-04-22T16:00:00+00:00,20.61,23.96,10.05,55.78,20,40,Paris,,48.8566,2.3522,35,
2024-04-22T17:00:00+00:00,25.0,30.82,7.72,59.2,20,40,Paris,,48.8566,2.3522,35,
2024-04-22T18:00:00+00:00,24.36,32.17,8.38,67.09,20,40,Paris,,48.8566,2.3522,35,
2024-04-22T19:00:00+00:00,21.76,28.22,9.05,65.17,20,40,Paris,,48.8566,2.3522,35,
2024-04-22T20:00:00+00:00,26.88,34.17,10.64,54.99,20,40,Paris,,48.8566,2.3522,35,
2024-04-22T21:00:00+00:00,25.04,33.05,10.56,63.82,20,40,Paris,,48.8566,2.3522,35,
2024-04-22T22:00:00+00:00,24.92,35.04,10.3,59.08,20,40,Paris,,48.8566,2.3522,35,
2024-04-22T23:00:00+00:00,26.16,34.64,11.93,72.28,20,40,Paris,,48.8566,2.3522,35,
2024-04-23T00:00:00+00:00,24.08,33.62,13.47,62.59,20,40,Paris,,48.8566,2.3522,35,
2024-04-23T01:00:00+00:00,23.42,28.4,13.7,65.37,20,40,Paris,,48.8566,2.3522,35,
2024-04-23T02:00:00+00:00,21.37,25.29,15.33,72.29,20,40,Paris,,48.8566,2.3522,35,
2024-04-23T03:00:00+00:00,29.96,39.62,14.91,76.19,20,40,Paris,,48.8566,2.3522,35,
2024-04-23T04:00:00+00:00,22.45,27.45,16.52,74.53,20,40,Paris,,48.8566,2.3522,35,
2024-04-23T05:00:00+00:00,26.85,34.16,18.36,87.09,20,40,Paris,,48.8566,2.3522,35,
2024-04-23T06:00:00+00:00,30.05,39.01,16.42,87.54,20,40,Paris,,48.8566,2.3522,35,
2024-04-23T07:00:00+00:00,26.48,36.26,17.07,84.2,20,40,Paris,,48.8566,2.3522,35,
2024-04-23T08:00:00+00:00,24.74,31.82,15.68,80.08,20,40,Paris,,48.8566,2.3522,35,
2024-04-23T09:00:00+00:00,22.5,31.64,14.56,73.96,20,40,Paris,,48.8566,2.3522,35,
2024-04-23T10:00:00+00:00,26.69,39.56,13.9,78.4,20,40,Paris,,48.8566,2.3522,35,
2024-04-23T11:00:00+00:00,29.59,36.21,12.82,79.49,20,40,Paris,,48.8566,2.3522,35,
2024-04-23T12:00:00+00:00,29.39,42.55,13.33,67.07,20,40,Paris,,48.8566,2.3522,35,
2024-04-23T13:00:00+00:00,22.16,29.2,11.39,67.89,20,40,Paris,,48.8566,2.3522,35,
2024-04-23T14:00:00+00:00,21.25,26.13,10.8,67.28,20,40,Paris,,48.8566,2.3522,35,
2024-04-23T15:00:00+00:00,29.65,37.32,9.96,70.73,20,40,Paris,,48.8566,2.3522,35,
2024-04-23T16:00:00+00:00,25.25,37.66,8.18,55.73,20,40,Paris,,48.8566,2.3522,35,
2024-04-23T17:00:00+00:00,27.78,39.69,10.04,59.76,20,40,Paris,,48.8566,2.3522,35,
2024-04-23T18:00:00+00:00,24.24,34.52,9.06,65.68,20,40,Paris,,48.8566,2.3522,35,
2024-04-23T19:00:00+00:00,29.19,41.18,9.75,61.5,20,40,Paris,,48.8566,2.3522,35,
2024-04-23T20:00:00+00:00,26.51,35.27,9.12,61.79,20,40,Paris,,48.8566,2.3522,35,
2024-04-23T21:00:00+00:00,22.85,28.75,9.19,61.78,20,40,Paris,,48.8566,2.3522,35,
2024-04-23T22:00:00+00:00,25.26,32.28,11.83,60.82,20,40,Paris,,48.8566,2.3522,35,
2024-04-23T23:00:00+00:00,21.08,32.0,10.64,62.51,20,40,Paris,,48.8566,2.3522,35,
2024-04-24T00:00:00+00:00,29.55,36.01,14.16,73.96,20,40,Paris,,48.8566,2.3522,35,
2024-04-24T01:00:00+00:00,22.41,32.74,14.87,80.23,20,40,Paris,,48.8566,2.3522,35,
2024-04-24T02:00:00+00:00,28.65,39.95,14.68,75.12,20,40,Paris,,48.8566,2.3522,35,
2024-04-24T03:00:00+00:00,30.52,42.59,15.73,83.88,20,40,Paris,,48.8566,2.3522,35,
2024-04-24T04:00:00+00:00,26.01,36.52,16.12,79.4,20,40,Paris,,48.8566,2.3522,35,
2024-04-24T05:00:00+00:00,29.31,43.13,15.55,76.04,20,40,Paris,,48.8566,2.3522,35,
2024-04-24T06:00:00+00:00,22.87,29.38,16.07,77.31,20,40,Paris,,48.8566,2.3522,35,
2024-04-24T07:00:00+00:00,25.08,31.22,15.4,79.25,20,40,Paris,,48.8566,2.3522,35,
2024-04-24T08:00:00+00:00,22.78,29.97,16.33,72.45,20,40,Paris,,48.8566,2.3522,35,
2024-04-24T09:00:00+00:00,27.33,39.11,16.83,74.69,20,40,Paris,,48.8566,2.3522,35,
2024-04-24T10:00:00+00:00,23.09,30.3,16.18,69.06,20,40,Paris,,48.8566,2.3522,35,
2024-04-24T11:00:00+00:00,24.52,29.88,13.73,73.44,20,40,Paris,,48.8566,2.3522,35,
2024-04-24T12:00:00+00:00,24.79,36.79,12.31,66.61,20,40,Paris,,48.8566,2.3522,35,
2024-04-24T13:00:00+00:00,21.62,32.92,12.27,67.41,20,40,Paris,,48.8566,2.3522,35,
2024-04-24T14:00:00+00:00,21.18,31.85,11.62,68.1,20,40,Paris,,48.8566,2.3522,35,
2024-04-24T15:00:00+00:00,23.43,32.78,11.43,68.67,20,40,Paris,,48.8566,2.3522,35,
2024-04-24T16:00:00+00:00,21.11,28.79,9.26,58.1,20,40,Paris,,48.8566,2.3522,35,
2024-04-24T17:00:00+00:00,22.35,28.1,10.33,65.86,20,40,Paris,,48.8566,2.3522,35,
2024-04-24T18:00:00+00:00,30.2,44.62,8.34,67.08,20,40,Paris,,48.8566,2.3522,35,
2024-04-24T19:00:00+00:00,27.62,38.45,10.07,59.44,20,40,Paris,,48.8566,2.3522,35,
2024-04-24T20:00:00+00:00,26.51,34.79,9.75,66.92,20,40,Paris,,48.8566,2.3522,35,
2024-04-24T21:00:00+00:00,26.05,36.66,11.13,62.89,20,40,Paris,,48.8566,2.3522,35,
2024-04-24T22:00:00+00:00,28.73,42.39,9.54,72.83,20,40,Paris,,48.8566,2.3522,35,
2024-04-24T23:00:00+00:00,29.54,42.13,13.1,74.12,20,40,Paris,,48.8566,2.3522,35,
2024-04-25T00:00:00+00:00,21.16,25.56,13.22,69.46,20,40,Paris,,48.8566,2.3522,35,
2024-04-25T01:00:00+00:00,30.76,44.29,14.49,80.39,20,40,Paris,,48.8566,2.3522,35,
2024-04-25T02:00:00+00:00,27.97,35.04,16.35,70.38,20,40,Paris,,48.8566,2.3522,35,
2024-04-25T03:00:00+00:00,28.48,37.33,14.79,82.61,20,40,Paris,,48.8566,2.3522,35,
2024-04-25T04:00:00+00:00,23.0,32.67,16.17,79.16,20,40,Paris,,48.8566,2.3522,35,
2024-04-25T05:00:00+00:00,29.46,43.58,15.91,87.23,20,40,Paris,,48.8566,2.3522,35,
2024-04-25T06:00:00+00:00,26.71,38.29,15.5,85.41,20,40,Paris,,48.8566,2.3522,35,
2024-04-25T07:00:00+00:00,27.6,34.34,16.54,86.2,20,40,Paris,,48.8566,2.3522,35,
2024-04-25T08:00:00+00:00,27.25,34.66,15.03,83.44,20,40,Paris,,48.8566,2.3522,35,
2024-04-25T09:00:00+00:00,23.88,35.12,16.13,84.93,20,40,Paris,,48.8566,2.3522,35,
2024-04-25T10:00:00+00:00,21.6,32.71,15.58,74.67,20,40,Paris,,48.8566,2.3522,35,
2024-04-25T11:00:00+00:00,26.57,38.34,13.39,79.37,20,40,Paris,,48.8566,2.3522,35,
2024-04-25T12:00:00+00:00,27.06,36.16,12.13,67.23,20,40,Paris,,48.8566,2.3522,35,
2024-04-25T13:00:00+00:00,26.13,34.53,12.51,62.55,20,40,Paris,,48.8566,2.3522,35,
2024-04-25T14:00:00+00:00,22.38,31.9,9.66,64.36,20,40,Paris,,48.8566,2.3522,35,
2024-04-25T15:00:00+00:00,27.76,40.22,9.86,54.99,20,40,Paris,,48.8566,2.3522,35,
2024-04-25T16:00:00+00:00,22.6,31.99,9.9,59.74,20,40,Paris,,48.8566,2.3522,35,
2024-04-25T17:00:00+00:00,25.73,31.61,10.19,56.53,20,40,Paris,,48.8566,2.3522,35,
2024-04-25T18:00:00+00:00,22.97,31.72,8.44,65.59,20,40,Paris,,48.8566,2.3522,35,
2024-04-25T19:00:00+00:00,22.01,28.0,10.21,52.81,20,40,Paris,,48.8566,2.3522,35,
2024-04-25T20:00:00+00:00,23.65,31.58,10.97,68.68,20,40,Paris,,48.8566,2.3522,35,
2024-04-25T21:00:00+00:00,28.6,35.41,10.25,59.0,20,40,Paris,,48.8566,2.3522,35,
2024-04-25T22:00:00+00:00,30.07,38.62,10.83,72.69,20,40,Paris,,48.8566,2.3522,35,
2024-04-25T23:00:00+00:00,28.9,38.25,11.38,63.93,20,40,Paris,,48.8566,2.3522,35,
2024-04-26T00:00:00+00:00,21.34,32.6,12.27,64.99,20,40,Paris,,48.8566,2.3522,35,
2024-04-26T01:00:00+00:00,27.59,37.83,13.89,68.61,20,40,Paris,,48.8566,2.3522,35,
2024-04-26T02:00:00+00:00,26.58,33.13,14.89,72.99,20,40,Paris,,48.8566,2.3522,35,
2024-04-26T03:00:00+00:00,23.39,34.16,17.01,75.05,20,40,Paris,,48.8566,2.3522,35,
2024-04-26T04:00:00+00:00,26.1,36.21,15.37,75.71,20,40,Paris,,48.8566,2.3522,35,
2024-04-26T05:00:00+00:00,22.66,30.48,17.83,83.59,20,40,Paris,,48.8566,2.3522,35,
2024-04-26T06:00:00+00:00,22.24,33.09,17.1,81.43,20,40,Paris,,48.8566,2.3522,35,
2024-04-26T07:00:00+00:00,24.77,32.11,15.7,72.23,20,40,Paris,,48.8566,2.3522,35,
2024-04-26T08:00:00+00:00,24.47,35.72,15.22,81.71,20,40,Paris,,48.8566,2.3522,35,
2024-04-26T09:00:00+00:00,28.58,37.66,16.11,78.27,20,40,Paris,,48.8566,2.3522,35,
2024-04-26T10:00:00+00:00,22.78,27.19,15.84,77.36,20,40,Paris,,48.8566,2.3522,35,
2024-04-26T11:00:00+00:00,23.14,27.69,12.73,75.81,20,40,Paris,,48.8566,2.3522,35,
2024-04-26T12:00:00+00:00,28.93,36.58,13.09,63.45,20,40,Paris,,48.8566,2.3522,35,
2024-04-26T13:00:00+00:00,26.42,36.05,12.87,69.1,20,40,Paris,,48.8566,2.3522,35,
2024-04-26T14:00:00+00:00,28.36,38.36,10.44,58.54,20,40,Paris,,48.8566,2.3522,35,
2024-04-26T15:00:00+00:00,24.24,32.74,9.63,57.44,20,40,Paris,,48.8566,2.3522,35,
2024-04-26T16:00:00+00:00,22.41,29.06,8.32,58.19,20,40,Paris,,48.8566,2.3522,35,
2024-04-26T17:00:00+00:00,24.68,35.82,7.94,66.39,20,40,Paris,,48.8566,2.3522,35,
2024-04-26T18:00:00+00:00,29.22,39.5,8.38,59.53,20,40,Paris,,48.8566,2.3522,35,
2024-04-26T19:00:00+00:00,27.3,33.61,9.97,62.24,20,40,Paris,,48.8566,2.3522,35,
2024-04-26T20:00:00+00:00,24.53,29.58,9.34,56.59,20,40,Paris,,48.8566,2.3522,35,
2024-04-26T21:00:00+00:00,24.31,31.23,10.7,67.17,20,40,Paris,,48.8566,2.3522,35,
2024-04-26T22:00:00+00:00,25.32,37.67,10.09,72.97,20,40,Paris,,48.8566,2.3522,35,
2024-04-26T23:00:00+00:00,21.38,30.5,10.6,63.45,20,40,Paris,,48.8566,2.3522,35,
2024-04-27T00:00:00+00:00,27.89,36.74,13.32,68.88,20,40,Paris,,48.8566,2.3522,35,
2024-04-27T01:00:00+00:00,24.11,31.03,13.11,73.81,20,40,Paris,,48.8566,2.3522,35,
2024-04-27T02:00:00+00:00,28.0,40.46,15.85,67.87,20,40,Paris,,48.8566,2.3522,35,
2024-04-27T03:00:00+00:00,22.68,31.68,16.88,78.06,20,40,Paris,,48.8566,2.3522,35,
2024-04-27T04:00:00+00:00,27.27,38.62,16.39,74.21,20,40,Paris,,48.8566,2.3522,35,
2024-04-27T05:00:00+00:00,23.22,29.21,17.36,84.11,20,40,Paris,,48.8566,2.3522,35,
2024-04-27T06:00:00+00:00,24.2,33.59,18.39,76.25,20,40,Paris,,48.8566,2.3522,35,
2024-04-27T07:00:00+00:00,29.63,37.71,15.95,86.29,20,40,Paris,,48.8566,2.3522,35,
2024-04-27T08:00:00+00:00,26.12,36.55,15.22,76.53,20,40,Paris,,48.8566,2.3522,35,
2024-04-27T09:00:00+00:00,25.3,36.12,17.27,75.97,20,40,Paris,,48.8566,2.3522,35,
2024-04-27T10:00:00+00:00,27.56,37.27,16.09,67.68,20,40,Paris,,48.8566,2.3522,35,
2024-04-27T11:00:00+00:00,21.72,25.65,15.06,65.3,20,40,Paris,,48.8566,2.3522,35,
2024-04-27T12:00:00+00:00,26.11,39.2,12.17,64.29,20,40,Paris,,48.8566,2.3522,35,
2024-04-27T13:00:00+00:00,25.78,34.49,12.15,60.94,20,40,Paris,,48.8566,2.3522,35,
2024-04-27T14:00:00+00:00,27.55,39.44,10.38,62.54,20,40,Paris,,48.8566,2.3522,35,
2024-04-27T15:00:00+00:00,23.26,30.63,8.72,62.0,20,40,Paris,,48.8566,2.3522,35,
2024-04-27T16:00:00+00:00,24.57,29.2,10.45,60.37,20,40,Paris,,48.8566,2.3522,35,
2024-04-27T17:00:00+00:00,23.48,31.97,8.3,56.35,20,40,Paris,,48.8566,2.3522,35,
2024-04-27T18:00:00+00:00,21.66,33.08,9.15,52.22,20,40,Paris,,48.8566,2.3522,35,
2024-04-27T19:00:00+00:00,26.54,36.78,8.45,64.38,20,40,Paris,,48.8566,2.3522,35,
2024-04-27T20:00:00+00:00,20.51,26.54,8.73,56.23,20,40,Paris,,48.8566,2.3522,35,
2024-04-27T21:00:00+00:00,22.26,28.75,9.97,64.11,20,40,Paris,,48.8566,2.3522,35,
2024-04-27T22:00:00+00:00,24.16,31.54,11.98,69.57,20,40,Paris,,48.8566,2.3522,35,
2024-04-27T23:00:00+00:00,24.16,33.4,13.24,69.6,20,40,Paris,,48.8566,2.3522,35,
2024-04-28T00:00:00+00:00,24.6,29.78,12.76,65.54,20,40,Paris,,48.8566,2.3522,35,
2024-04-28T01:00:00+00:00,29.88,40.34,15.5,78.92,20,40,Paris,,48.8566,2.3522,35,
2024-04-28T02:00:00+00:00,27.0,35.4,15.51,69.93,20,40,Paris,,48.8566,2.3522,35,
2024-04-28T03:00:00+00:00,29.34,41.24,15.9,77.86,20,40,Paris,,48.8566,2.3522,35,
2024-04-28T04:00:00+00:00,26.44,34.09,15.05,76.07,20,40,Paris,,48.8566,2.3522,35,
2024-04-28T05:00:00+00:00,29.32,43.13,16.27,85.05,20,40,Paris,,48.8566,2.3522,35,
2024-04-28T06:00:00+00:00,23.21,35.33,18.2,76.2,20,40,Paris,,48.8566,2.3522,35,
2024-04-28T07:00:00+00:00,23.59,31.85,16.8,77.5,20,40,Paris,,48.8566,2.3522,35,
2024-04-28T08:00:00+00:00,29.03,40.9,15.44,85.92,20,40,Paris,,48.8566,2.3522,35,
2024-04-28T09:00:00+00:00,27.97,38.26,16.38,80.63,20,40,Paris,,48.8566,2.3522,35,
2024-04-28T10:00:00+00:00,25.83,35.43,15.14,80.23,20,40,Paris,,48.8566,2.3522,35,
2024-04-28T11:00:00+00:00,26.3,37.6,14.95,67.76,20,40,Paris,,48.8566,2.3522,35,
2024-04-28T12:00:00+00:00,21.47,25.86,14.17,65.32,20,40,Paris,,48.8566,2.3522,35,
2024-04-28T13:00:00+00:00,23.0,30.59,10.72,74.82,20,40,Paris,,48.8566,2.3522,35,
2024-04-28T14:00:00+00:00,23.83,35.12,10.72,70.42,20,40,Paris,,48.8566,2.3522,35,
2024-04-28T15:00:00+00:00,29.91,42.86,9.33,67.71,20,40,Paris,,48.8566,2.3522,35,
2024-04-28T16:00:00+00:00,24.89,33.96,8.54,65.24,20,40,Paris,,48.8566,2.3522,35,
2024-04-28T17:00:00+00:00,26.21,35.52,9.47,53.35,20,40,Paris,,48.8566,2.3522,35,
2024-04-28T18:00:00+00:00,26.59,36.69,9.98,61.4,20,40,Paris,,48.8566,2.3522,35,
2024-04-28T19:00:00+00:00,22.84,33.5,8.89,58.8,20,40,Paris,,48.8566,2.3522,35,
2024-04-28T20:00:00+00:00,25.29,34.36,10.39,61.3,20,40,Paris,,48.8566,2.3522,35,
2024-04-28T21:00:00+00:00,27.49,34.35,9.01,69.5,20,40,Paris,,48.8566,2.3522,35,
2024-04-28T22:00:00+00:00,21.27,28.74,11.58,60.3,20,40,Paris,,48.8566,2.3522,35,
2024-04-28T23:00:00+00:00,24.04,34.35,11.86,61.9,20,40,Paris,,48.8566,2.3522,35,
2024-04-29T00:00:00+00:00,29.99,41.66,12.69,76.97,20,40,Paris,,48.8566,2.3522,35,
2024-04-29T01:00:00+00:00,29.05,42.88,13.29,68.28,20,40,Paris,,48.8566,2.3522,35,
2024-04-29T02:00:00+00:00,30.27,43.99,14.09,75.11,20,40,Paris,,48.8566,2.3522,35,
2024-04-29T03:00:00+00:00,27.71,40.59,16.05,84.52,20,40,Paris,,48.8566,2.3522,35,
2024-04-29T04:00:00+00:00,29.38,41.43,17.01,85.48,20,40,Paris,,48.8566,2.3522,35,
2024-04-29T05:00:00+00:00,26.69,38.91,17.62,75.38,20,40,Paris,,48.8566,2.3522,35,
2024-04-29T06:00:00+00:00,26.5,38.06,17.37,84.09,20,40,Paris,,48.8566,2.3522,35,
2024-04-29T07:00:00+00:00,28.51,42.38,16.72,72.09,20,40,Paris,,48.8566,2.3522,35,
2024-04-29T08:00:00+00:00,25.11,32.21,16.02,86.47,20,40,Paris,,48.8566,2.3522,35,
2024-04-29T09:00:00+00:00,25.31,31.32,15.85,81.55,20,40,Paris,,48.8566,2.3522,35,
2024-04-29T10:00:00+00:00,27.01,35.75,15.03,80.88,20,40,Paris,,48.8566,2.3522,35,
2024-04-29T11:00:00+00:00,27.57,35.52,15.34,76.9,20,40,Paris,,48.8566,2.3522,35,
2024-04-29T12:00:00+00:00,26.45,34.22,12.7,75.15,20,40,Paris,,48.8566,2.3522,35,
2024-04-29T13:00:00+00:00,24.19,36.63,12.74,73.78,20,40,Paris,,48.8566,2.3522,35,
2024-04-29T14:00:00+00:00,25.79,33.72,11.16,70.67,20,40,Paris,,48.8566,2.3522,35,
2024-04-29T15:00:00+00:00,24.97,37.11,8.85,55.83,20,40,Paris,,48.8566,2.3522,35,
2024-04-29T16:00:00+00:00,23.71,32.14,10.57,54.78,20,40,Paris,,48.8566,2.3522,35,
2024-04-29T17:00:00+00:00,26.29,38.62,9.77,58.22,20,40,Paris,,48.8566,2.3522,35,
2024-04-29T18:00:00+00:00,22.22,32.53,7.99,56.77,20,40,Paris,,48.8566,2.3522,35,
2024-04-29T19:00:00+00:00,22.65,34.06,9.11,55.02,20,40,Paris,,48.8566,2.3522,35,
2024-04-29T20:00:00+00:00,24.15,29.83,9.81,58.22,20,40,Paris,,48.8566,2.3522,35,
2024-04-29T21:00:00+00:00,22.41,30.87,9.75,61.61,20,40,Paris,,48.8566,2.3522,35,
2024-04-29T22:00:00+00:00,23.46,30.5,12.27,58.82,20,40,Paris,,48.8566,2.3522,35,
2024-04-29T23:00:00+00:00,23.47,35.21,13.37,70.62,20,40,Paris,,48.8566,2.3522,35,
2024-04-30T00:00:00+00:00,30.29,42.42,12.38,72.97,20,40,Paris,,48.8566,2.3522,35,
2024-04-30T01:00:00+00:00,28.07,40.0,13.87,69.26,20,40,Paris,,48.8566,2.3522,35,
2024-04-30T02:00:00+00:00,21.13,26.9,14.61,68.54,20,40,Paris,,48.8566,2.3522,35,
2024-04-30T03:00:00+00:00,28.33,37.34,14.42,84.77,20,40,Paris,,48.8566,2.3522,35,
2024-04-30T04:00:00+00:00,28.05,37.14,17.83,77.93,20,40,Paris,,48.8566,2.3522,35,
2024-04-30T05:00:00+00:00,24.63,34.31,17.76,82.26,20,40,Paris,,48.8566,2.3522,35,
2024-04-30T06:00:00+00:00,26.47,38.6,15.58,82.48,20,40,Paris,,48.8566,2.3522,35,
2024-04-30T07:00:00+00:00,30.4,37.17,15.51,81.04,20,40,Paris,,48.8566,2.3522,35,
2024-04-30T08:00:00+00:00,23.41,28.58,15.89,81.9,20,40,Paris,,48.8566,2.3522,35,
2024-04-30T09:00:00+00:00,25.55,37.02,15.76,84.53,20,40,Paris,,48.8566,2.3522,35,
2024-04-30T10:00:00+00:00,27.42,40.23,16.39,70.26,20,40,Paris,,48.8566,2.3522,35,
2024-04-30T11:00:00+00:00,23.01,34.97,14.52,73.94,20,40,Paris,,48.8566,2.3522,35,
2024-04-30T12:00:00+00:00,26.77,35.7,13.14,62.51,20,40,Paris,,48.8566,2.3522,35,
2024-04-30T13:00:00+00:00,24.2,32.83,10.73,75.32,20,40,Paris,,48.8566,2.3522,35,
2024-04-30T14:00:00+00:00,26.33,38.92,9.56,68.59,20,40,Paris,,48.8566,2.3522,35,
2024-04-30T15:00:00+00:00,25.74,37.02,9.33,64.88,20,40,Paris,,48.8566,2.3522,35,
2024-04-30T16:00:00+00:00,26.58,33.88,9.93,53.4,20,40,Paris,,48.8566,2.3522,35,
2024-04-30T17:00:00+00:00,28.05,39.3,10.03,61.71,20,40,Paris,,48.8566,2.3522,35,
2024-04-30T18:00:00+00:00,26.57,35.07,8.17,52.52,20,40,Paris,,48.8566,2.3522,35,
2024-04-30T19:00:00+00:00,22.3,30.02,9.09,60.97,20,40,Paris,,48.8566,2.3522,35,
2024-04-30T20:00:00+00:00,21.49,32.99,9.86,54.95,20,40,Paris,,48.8566,2.3522,35,
2024-04-30T21:00:00+00:00,27.49,34.88,9.94,58.55,20,40,Paris,,48.8566,2.3522,35,
2024-04-30T22:00:00+00:00,24.75,31.29,9.52,60.89,20,40,Paris,,48.8566,2.3522,35,
2024-04-30T23:00:00+00:00,24.14,33.22,13.2,65.23,20,40,Paris,,48.8566,2.3522,35,
2024-05-01T00:00:00+00:00,28.74,42.29,15.78,67.55,20,40,Paris,,48.8566,2.3522,35,
2024-05-01T01:00:00+00:00,24.0,28.93,17.5,79.52,20,40,Paris,,48.8566,2.3522,35,
2024-05-01T02:00:00+00:00,24.37,34.43,20.06,81.32,20,40,Paris,,48.8566,2.3522,35,
2024-05-01T03:00:00+00:00,24.37,30.72,20.66,72.02,20,40,Paris,,48.8566,2.3522,35,
2024-05-01T04:00:00+00:00,27.52,35.48,21.3,78.37,20,40,Paris,,48.8566,2.3522,35,
2024-05-01T05:00:00+00:00,23.3,29.67,21.07,83.56,20,40,Paris,,48.8566,2.3522,35,
2024-05-01T06:00:00+00:00,23.28,33.09,20.76,83.56,20,40,Paris,,48.8566,2.3522,35,
2024-05-01T07:00:00+00:00,23.67,35.67,20.41,83.96,20,40,Paris,,48.8566,2.3522,35,
2024-05-01T08:00:00+00:00,30.51,41.86,18.96,84.72,20,40,Paris,,48.8566,2.3522,35,
2024-05-01T09:00:00+00:00,28.31,37.07,18.59,76.17,20,40,Paris,,48.8566,2.3522,35,
2024-05-01T10:00:00+00:00,26.38,32.52,19.44,81.88,20,40,Paris,,48.8566,2.3522,35,
2024-05-01T11:00:00+00:00,24.52,29.19,19.27,78.11,20,40,Paris,,48.8566,2.3522,35,
2024-05-01T12:00:00+00:00,27.44,39.49,17.48,74.12,20,40,Paris,,48.8566,2.3522,35,
2024-05-01T13:00:00+00:00,27.78,40.82,17.05,61.56,20,40,Paris,,48.8566,2.3522,35,
2024-05-01T14:00:00+00:00,22.08,27.55,13.75,70.65,20,40,Paris,,48.8566,2.3522,35,
2024-05-01T15:00:00+00:00,25.59,34.08,14.97,67.37,20,40,Paris,,48.8566,2.3522,35,
2024-05-01T16:00:00+00:00,20.53,25.88,13.69,54.72,20,40,Paris,,48.8566,2.3522,35,
2024-05-01T17:00:00+00:00,21.35,30.92,11.77,52.37,20,40,Paris,,48.8566,2.3522,35,
2024-05-01T18:00:00+00:00,28.57,40.89,12.47,62.56,20,40,Paris,,48.8566,2.3522,35,
2024-05-01T19:00:00+00:00,22.45,31.83,11.93,68.19,20,40,Paris,,48.8566,2.3522,35,
2024-05-01T20:00:00+00:00,21.04,32.28,13.45,69.3,20,40,Paris,,48.8566,2.3522,35,
2024-05-01T21:00:00+00:00,27.31,38.7,12.81,55.47,20,40,Paris,,48.8566,2.3522,35,
2024-05-01T22:00:00+00:00,19.94,25.83,14.37,58.48,20,40,Paris,,48.8566,2.3522,35,
2024-05-01T23:00:00+00:00,24.11,29.85,16.56,69.22,20,40,Paris,,48.8566,2.3522,35,
2024-05-02T00:00:00+00:00,24.14,33.58,16.87,76.76,20,40,Paris,,48.8566,2.3522,35,
2024-05-02T01:00:00+00:00,30.03,36.97,19.38,79.22,20,40,Paris,,48.8566,2.3522,35,
2024-05-02T02:00:00+00:00,22.12,30.17,17.77,70.97,20,40,Paris,,48.8566,2.3522,35,
2024-05-02T03:00:00+00:00,23.63,27.99,18.45,71.28,20,40,Paris,,48.8566,2.3522,35,
2024-05-02T04:00:00+00:00,28.56,37.34,19.17,73.47,20,40,Paris,,48.8566,2.3522,35,
2024-05-02T05:00:00+00:00,28.82,42.09,21.69,73.97,20,40,Paris,,48.8566,2.3522,35,
2024-05-02T06:00:00+00:00,26.67,39.21,20.78,85.66,20,40,Paris,,48.8566,2.3522,35,
2024-05-02T07:00:00+00:00,26.11,33.38,21.95,72.26,20,40,Paris,,48.8566,2.3522,35,
2024-05-02T08:00:00+00:00,24.66,33.17,19.83,73.0,20,40,Paris,,48.8566,2.3522,35,
2024-05-02T09:00:00+00:00,26.72,36.24,20.92,73.31,20,40,Paris,,48.8566,2.3522,35,
2024-05-02T10:00:00+00:00,24.87,33.8,18.64,75.14,20,40,Paris,,48.8566,2.3522,35,
2024-05-02T11:00:00+00:00,29.44,40.99,18.34,73.72,20,40,Paris,,48.8566,2.3522,35,
2024-05-02T12:00:00+00:00,26.08,36.87,15.7,76.59,20,40,Paris,,48.8566,2.3522,35,
2024-05-02T13:00:00+00:00,22.8,26.85,15.69,71.82,20,40,Paris,,48.8566,2.3522,35,
2024-05-02T14:00:00+00:00,22.17,29.9,16.3,68.47,20,40,Paris,,48.8566,2.3522,35,
2024-05-02T15:00:00+00:00,26.08,32.49,14.18,67.18,20,40,Paris,,48.8566,2.3522,35,
2024-05-02T16:00:00+00:00,20.83,32.0,13.73,63.77,20,40,Paris,,48.8566,2.3522,35,
2024-05-02T17:00:00+00:00,28.18,40.2,12.14,56.31,20,40,Paris,,48.8566,2.3522,35,
2024-05-02T18:00:00+00:00,22.62,31.16,13.02,64.21,20,40,Paris,,48.8566,2.3522,35,
2024-05-02T19:00:00+00:00,25.82,37.92,13.02,55.15,20,40,Paris,,48.8566,2.3522,35,
2024-05-02T20:00:00+00:00,22.31,31.71,14.38,53.86,20,40,Paris,,48.8566,2.3522,35,
2024-05-02T21:00:00+00:00,27.48,34.03,12.8,55.47,20,40,Paris,,48.8566,2.3522,35,
2024-05-02T22:00:00+00:00,26.73,33.1,15.59,57.53,20,40,Paris,,48.8566,2.3522,35,
2024-05-02T23:00:00+00:00,26.96,38.44,17.19,72.15,20,40,Paris,,48.8566,2.3522,35,
2024-05-03T00:00:00+00:00,23.28,32.68,17.76,72.61,20,40,Paris,,48.8566,2.3522,35,
2024-05-03T01:00:00+00:00,25.34,37.37,17.85,74.96,20,40,Paris,,48.8566,2.3522,35,
2024-05-03T02:00:00+00:00,29.31,40.87,20.26,80.31,20,40,Paris,,48.8566,2.3522,35,
2024-05-03T03:00:00+00:00,27.45,36.19,19.31,71.78,20,40,Paris,,48.8566,2.3522,35,
2024-05-03T04:00:00+00:00,24.84,30.23,20.27,74.48,20,40,Paris,,48.8566,2.3522,35,
2024-05-03T05:00:00+00:00,20.73,28.56,22.23,77.12,20,40,Paris,,48.8566,2.3522,35,
2024-05-03T06:00:00+00:00,24.13,30.01,21.84,75.41,20,40,Paris,,48.8566,2.3522,35,
2024-05-03T07:00:00+00:00,24.85,36.68,22.31,77.08,20,40,Paris,,48.8566,2.3522,35,
2024-05-03T08:00:00+00:00,26.37,33.58,21.9,72.66,20,40,Paris,,48.8566,2.3522,35,
2024-05-03T09:00:00+00:00,25.25,31.75,18.42,70.91,20,40,Paris,,48.8566,2.3522,35,
2024-05-03T10:00:00+00:00,28.54,40.27,19.93,68.75,20,40,Paris,,48.8566,2.3522,35,
2024-05-03T11:00:00+00:00,28.07,36.89,16.81,69.98,20,40,Paris,,48.8566,2.3522,35,
2024-05-03T12:00:00+00:00,28.25,35.56,16.17,67.72,20,40,Paris,,48.8566,2.3522,35,
2024-05-03T13:00:00+00:00,28.07,37.29,15.94,71.32,20,40,Paris,,48.8566,2.3522,35,
2024-05-03T14:00:00+00:00,22.9,31.48,15.92,61.98,20,40,Paris,,48.8566,2.3522,35,
2024-05-03T15:00:00+00:00,25.8,34.98,13.25,60.45,20,40,Paris,,48.8566,2.3522,35,
2024-05-03T16:00:00+00:00,25.85,33.2,13.06,67.17,20,40,Paris,,48.8566,2.3522,35,
2024-05-03T17:00:00+00:00,21.29,31.72,13.8,59.46,20,40,Paris,,48.8566,2.3522,35,
2024-05-03T18:00:00+00:00,23.27,33.98,11.62,59.38,20,40,Paris,,48.8566,2.3522,35,
2024-05-03T19:00:00+00:00,28.25,37.15,14.08,61.38,20,40,Paris,,48.8566,2.3522,35,
2024-05-03T20:00:00+00:00,28.18,35.79,12.44,60.95,20,40,Paris,,48.8566,2.3522,35,
2024-05-03T21:00:00+00:00,28.68,38.24,15.12,64.29,20,40,Paris,,48.8566,2.3522,35,
2024-05-03T22:00:00+00:00,26.98,32.89,14.98,65.46,20,40,Paris,,48.8566,2.3522,35,
2024-05-03T23:00:00+00:00,20.63,30.5,17.11,67.07,20,40,Paris,,48.8566,2.3522,35,
2024-05-04T00:00:00+00:00,22.46,27.83,18.44,70.94,20,40,Paris,,48.8566,2.3522,35,
2024-05-04T01:00:00+00:00,21.46,25.67,17.82,64.84,20,40,Paris,,48.8566,2.3522,35,
2024-05-04T02:00:00+00:00,25.88,38.28,18.31,73.02,20,40,Paris,,48.8566,2.3522,35,
2024-05-04T03:00:00+00:00,25.04,32.66,19.58,78.29,20,40,Paris,,48.8566,2.3522,35,
2024-05-04T04:00:00+00:00,22.59,33.38,21.41,76.06,20,40,Paris,,48.8566,2.3522,35,
2024-05-04T05:00:00+00:00,22.67,28.8,22.13,75.85,20,40,Paris,,48.8566,2.3522,35,
2024-05-04T06:00:00+00:00,25.65,36.39,22.06,76.7,20,40,Paris,,48.8566,2.3522,35,
2024-05-04T07:00:00+00:00,23.11,34.59,21.48,76.85,20,40,Paris,,48.8566,2.3522,35,
2024-05-04T08:00:00+00:00,25.98,34.9,21.73,75.97,20,40,Paris,,48.8566,2.3522,35,
2024-05-04T09:00:00+00:00,26.03,35.27,18.84,72.97,20,40,Paris,,48.8566,2.3522,35,
2024-05-04T10:00:00+00:00,25.36,35.12,18.74,73.56,20,40,Paris,,48.8566,2.3522,35,
2024-05-04T11:00:00+00:00,29.05,41.61,19.12,73.84,20,40,Paris,,48.8566,2.3522,35,
2024-05-04T12:00:00+00:00,23.34,31.77,17.99,65.53,20,40,Paris,,48.8566,2.3522,35,
2024-05-04T13:00:00+00:00,28.38,35.59,17.18,72.33,20,40,Paris,,48.8566,2.3522,35,
2024-05-04T14:00:00+00:00,20.79,24.73,16.11,63.79,20,40,Paris,,48.8566,2.3522,35,
2024-05-04T15:00:00+00:00,28.34,34.61,14.01,63.36,20,40,Paris,,48.8566,2.3522,35,
2024-05-04T16:00:00+00:00,28.0,39.09,14.03,65.58,20,40,Paris,,48.8566,2.3522,35,
2024-05-04T17:00:00+00:00,22.86,27.21,14.24,55.26,20,40,Paris,,48.8566,2.3522,35,
2024-05-04T18:00:00+00:00,26.42,37.88,12.95,59.99,20,40,Paris,,48.8566,2.3522,35,
2024-05-04T19:00:00+00:00,26.41,38.78,11.78,56.26,20,40,Paris,,48.8566,2.3522,35,
2024-05-04T20:00:00+00:00,21.58,26.46,14.47,56.19,20,40,Paris,,48.8566,2.3522,35,
2024-05-04T21:00:00+00:00,21.65,30.12,14.61,59.55,20,40,Paris,,48.8566,2.3522,35,
2024-05-04T22:00:00+00:00,25.27,33.95,15.11,69.57,20,40,Paris,,48.8566,2.3522,35,
2024-05-04T23:00:00+00:00,25.19,33.35,15.96,61.27,20,40,Paris,,48.8566,2.3522,35,
2024-05-05T00:00:00+00:00,23.67,31.02,16.86,70.46,20,40,Paris,,48.8566,2.3522,35,
2024-05-05T01:00:00+00:00,20.71,26.85,19.07,66.76,20,40,Paris,,48.8566,2.3522,35,
2024-05-05T02:00:00+00:00,29.49,37.44,19.59,80.12,20,40,Paris,,48.8566,2.3522,35,
2024-05-05T03:00:00+00:00,26.25,34.94,18.88,83.98,20,40,Paris,,48.8566,2.3522,35,
2024-05-05T04:00:00+00:00,28.67,40.99,19.55,71.94,20,40,Paris,,48.8566,2.3522,35,
2024-05-05T05:00:00+00:00,29.31,39.2,20.06,73.97,20,40,Paris,,48.8566,2.3522,35,
2024-05-05T06:00:00+00:00,28.22,40.44,21.65,78.9,20,40,Paris,,48.8566,2.3522,35,
2024-05-05T07:00:00+00:00,27.69,40.0,19.6,86.97,20,40,Paris,,48.8566,2.3522,35,
2024-05-05T08:00:00+00:00,23.11,32.17,20.25,72.43,20,40,Paris,,48.8566,2.3522,35,
2024-05-05T09:00:00+00:00,27.02,37.15,18.74,74.26,20,40,Paris,,48.8566,2.3522,35,
2024-05-05T10:00:00+00:00,20.78,25.33,18.48,67.78,20,40,Paris,,48.8566,2.3522,35,
2024-05-05T11:00:00+00:00,25.57,37.14,16.98,80.55,20,40,Paris,,48.8566,2.3522,35,
2024-05-05T12:00:00+00:00,21.46,31.28,18.32,69.45,20,40,Paris,,48.8566,2.3522,35,
2024-05-05T13:00:00+00:00,27.47,38.41,16.57,71.1,20,40,Paris,,48.8566,2.3522,35,
2024-05-05T14:00:00+00:00,27.62,39.7,14.45,71.89,20,40,Paris,,48.8566,2.3522,35,
2024-05-05T15:00:00+00:00,23.96,35.92,14.05,57.51,20,40,Paris,,48.8566,2.3522,35,
2024-05-05T16:00:00+00:00,23.09,32.46,12.97,68.01,20,40,Paris,,48.8566,2.3522,35,
2024-05-05T17:00:00+00:00,22.88,34.55,14.26,55.13,20,40,Paris,,48.8566,2.3522,35,
2024-05-05T18:00:00+00:00,20.82,31.45,13.14,63.42,20,40,Paris,,48.8566,2.3522,35,
2024-05-05T19:00:00+00:00,28.89,37.54,14.16,64.35,20,40,Paris,,48.8566,2.3522,35,
2024-05-05T20:00:00+00:00,25.56,38.26,12.16,67.3,20,40,Paris,,48.8566,2.3522,35,
2024-05-05T21:00:00+00:00,23.18,32.75,14.5,66.01,20,40,Paris,,48.8566,2.3522,35,
2024-05-05T22:00:00+00:00,27.52,40.9,16.32,63.16,20,40,Paris,,48.8566,2.3522,35,
2024-05-05T23:00:00+00:00,20.24,28.88,15.12,62.25,20,40,Paris,,48.8566,2.3522,35,
2024-05-06T00:00:00+00:00,26.67,39.63,18.35,75.87,20,40,Paris,,48.8566,2.3522,35,
2024-05-06T01:00:00+00:00,22.56,31.62,16.75,73.6,20,40,Paris,,48.8566,2.3522,35,
2024-05-06T02:00:00+00:00,25.34,34.32,17.56,77.36,20,40,Paris,,48.8566,2.3522,35,
2024-05-06T03:00:00+00:00,21.12,26.38,20.94,76.76,20,40,Paris,,48.8566,2.3522,35,
2024-05-06T04:00:00+00:00,28.56,40.62,19.76,74.63,20,40,Paris,,48.8566,2.3522,35,
2024-05-06T05:00:00+00:00,27.96,34.73,21.68,77.36,20,40,Paris,,48.8566,2.3522,35,
2024-05-06T06:00:00+00:00,26.12,37.76,21.61,87.05,20,40,Paris,,48.8566,2.3522,35,
2024-05-06T07:00:00+00:00,30.69,44.19,19.88,85.02,20,40,Paris,,48.8566,2.3522,35,
2024-05-06T08:00:00+00:00,28.44,37.65,19.22,85.22,20,40,Paris,,48.8566,2.3522,35,
2024-05-06T09:00:00+00:00,22.36,26.59,19.98,75.22,20,40,Paris,,48.8566,2.3522,35,
2024-05-06T10:00:00+00:00,23.43,29.62,18.38,79.57,20,40,Paris,,48.8566,2.3522,35,
2024-05-06T11:00:00+00:00,26.61,33.31,16.82,76.29,20,40,Paris,,48.8566,2.3522,35,
2024-05-06T12:00:00+00:00,28.75,39.07,18.33,68.85,20,40,Paris,,48.8566,2.3522,35,
2024-05-06T13:00:00+00:00,26.4,38.3,15.8,75.02,20,40,Paris,,48.8566,2.3522,35,
2024-05-06T14:00:00+00:00,27.43,36.97,16.29,63.88,20,40,Paris,,48.8566,2.3522,35,
2024-05-06T15:00:00+00:00,27.82,38.03,14.06,57.52,20,40,Paris,,48.8566,2.3522,35,
2024-05-06T16:00:00+00:00,23.42,32.89,13.36,55.64,20,40,Paris,,48.8566,2.3522,35,
2024-05-06T17:00:00+00:00,22.01,32.55,13.45,54.46,20,40,Paris,,48.8566,2.3522,35,
2024-05-06T18:00:00+00:00,22.05,31.6,11.92,53.61,20,40,Paris,,48.8566,2.3522,35,
2024-05-06T19:00:00+00:00,23.15,31.39,11.83,58.55,20,40,Paris,,48.8566,2.3522,35,
2024-05-06T20:00:00+00:00,26.76,37.55,13.77,60.47,20,40,Paris,,48.8566,2.3522,35,
2024-05-06T21:00:00+00:00,25.74,35.61,12.68,67.23,20,40,Paris,,48.8566,2.3522,35,
2024-05-06T22:00:00+00:00,27.71,41.1,15.89,66.31,20,40,Paris,,48.8566,2.3522,35,
2024-05-06T23:00:00+00:00,29.71,36.88,15.26,72.12,20,40,Paris,,48.8566,2.3522,35,
2024-05-07T00:00:00+00:00,24.73,35.51,17.68,74.16,20,40,Paris,,48.8566,2.3522,35,
2024-05-07T01:00:00+00:00,29.95,41.53,16.91,76.07,20,40,Paris,,48.8566,2.3522,35,
2024-05-07T02:00:00+00:00,28.39,40.55,19.52,69.39,20,40,Paris,,48.8566,2.3522,35,
2024-05-07T03:00:00+00:00,28.38,35.2,18.45,83.02,20,40,Paris,,48.8566,2.3522,35,
2024-05-07T04:00:00+00:00,24.77,31.06,21.59,84.94,20,40,Paris,,48.8566,2.3522,35,
2024-05-07T05:00:00+00:00,21.4,28.2,19.91,79.7,20,40,Paris,,48.8566,2.3522,35,
2024-05-07T06:00:00+00:00,23.84,34.31,20.42,80.3,20,40,Paris,,48.8566,2.3522,35,
2024-05-07T07:00:00+00:00,26.95,32.83,22.06,86.9,20,40,Paris,,48.8566,2.3522,35,
2024-05-07T08:00:00+00:00,26.77,38.97,19.84,84.63,20,40,Paris,,48.8566,2.3522,35,
2024-05-07T09:00:00+00:00,22.23,32.21,19.05,84.93,20,40,Paris,,48.8566,2.3522,35,
2024-05-07T10:00:00+00:00,24.71,35.64,17.56,74.82,20,40,Paris,,48.8566,2.3522,35,
2024-05-07T11:00:00+00:00,24.02,32.09,18.16,67.07,20,40,Paris,,48.8566,2.3522,35,
2024-05-07T12:00:00+00:00,21.26,29.96,15.65,70.41,20,40,Paris,,48.8566,2.3522,35,
2024-05-07T13:00:00+00:00,24.18,36.31,16.71,60.58,20,40,Paris,,48.8566,2.3522,35,
2024-05-07T14:00:00+00:00,22.86,30.16,15.71,72.75,20,40,Paris,,48.8566,2.3522,35,
2024-05-07T15:00:00+00:00,27.95,41.14,15.4,68.28,20,40,Paris,,48.8566,2.3522,35,
2024-05-07T16:00:00+00:00,21.7,27.42,13.33,64.69,20,40,Paris,,48.8566,2.3522,35,
2024-05-07T17:00:00+00:00,29.46,37.76,12.52,67.95,20,40,Paris,,48.8566,2.3522,35,
2024-05-07T18:00:00+00:00,20.52,29.23,13.18,55.48,20,40,Paris,,48.8566,2.3522,35,
2024-05-07T19:00:00+00:00,26.18,35.54,12.53,65.66,20,40,Paris,,48.8566,2.3522,35,
2024-05-07T20:00:00+00:00,22.64,34.08,14.69,58.5,20,40,Paris,,48.8566,2.3522,35,
2024-05-07T21:00:00+00:00,24.03,31.64,12.74,55.93,20,40,Paris,,48.8566,2.3522,35,
2024-05-07T22:00:00+00:00,24.38,29.08,14.5,72.4,20,40,Paris,,48.8566,2.3522,35,
2024-05-07T23:00:00+00:00,23.45,32.23,15.56,65.92,20,40,Paris,,48.8566,2.3522,35,
2024-05-08T00:00:00+00:00,23.26,31.2,18.04,72.77,20,40,Paris,,48.8566,2.3522,35,
2024-05-08T01:00:00+00:00,28.34,40.01,19.28,73.83,20,40,Paris,,48.8566,2.3522,35,
2024-05-08T02:00:00+00:00,22.47,32.33,20.19,72.8,20,40,Paris,,48.8566,2.3522,35,
2024-05-08T03:00:00+00:00,22.98,29.13,20.27,77.9,20,40,Paris,,48.8566,2.3522,35,
2024-05-08T04:00:00+00:00,27.31,34.81,19.11,73.34,20,40,Paris,,48.8566,2.3522,35,
2024-05-08T05:00:00+00:00,21.9,31.71,21.19,77.78,20,40,Paris,,48.8566,2.3522,35,
2024-05-08T06:00:00+00:00,25.87,35.7,22.16,75.13,20,40,Paris,,48.8566,2.3522,35,
2024-05-08T07:00:00+00:00,23.95,30.6,20.27,79.8,20,40,Paris,,48.8566,2.3522,35,
2024-05-08T08:00:00+00:00,22.68,30.0,20.03,73.63,20,40,Paris,,48.8566,2.3522,35,
2024-05-08T09:00:00+00:00,22.09,27.97,19.77,69.62,20,40,Paris,,48.8566,2.3522,35,
2024-05-08T10:00:00+00:00,27.27,33.04,17.63,76.41,20,40,Paris,,48.8566,2.3522,35,
2024-05-08T11:00:00+00:00,21.49,26.61,16.8,67.61,20,40,Paris,,48.8566,2.3522,35,
2024-05-08T12:00:00+00:00,21.84,32.56,18.36,64.82,20,40,Paris,,48.8566,2.3522,35,
2024-05-08T13:00:00+00:00,22.25,26.28,17.37,75.08,20,40,Paris,,48.8566,2.3522,35,
2024-05-08T14:00:00+00:00,27.22,35.21,14.42,68.37,20,40,Paris,,48.8566,2.3522,35,
2024-05-08T15:00:00+00:00,28.98,37.99,14.91,69.83,20,40,Paris,,48.8566,2.3522,35,
2024-05-08T16:00:00+00:00,23.12,27.29,13.95,55.66,20,40,Paris,,48.8566,2.3522,35,
2024-05-08T17:00:00+00:00,25.69,33.92,13.95,58.11,20,40,Paris,,48.8566,2.3522,35,
2024-05-08T18:00:00+00:00,24.09,35.66,11.89,64.1,20,40,Paris,,48.8566,2.3522,35,
2024-05-08T19:00:00+00:00,24.09,30.45,12.56,64.78,20,40,Paris,,48.8566,2.3522,35,
2024-05-08T20:00:00+00:00,25.14,36.8,13.54,61.49,20,40,Paris,,48.8566,2.3522,35,
2024-05-08T21:00:00+00:00,22.78,26.9,12.7,56.95,20,40,Paris,,48.8566,2.3522,35,
2024-05-08T22:00:00+00:00,25.87,34.29,16.44,62.46,20,40,Paris,,48.8566,2.3522,35,
2024-05-08T23:00:00+00:00,27.64,35.95,15.88,72.8,20,40,Paris,,48.8566,2.3522,35,
2024-05-09T00:00:00+00:00,25.12,32.87,15.52,63.15,20,40,Paris,,48.8566,2.3522,35,
2024-05-09T01:00:00+00:00,26.12,33.97,18.29,72.57,20,40,Paris,,48.8566,2.3522,35,
2024-05-09T02:00:00+00:00,24.91,33.64,17.73,80.41,20,40,Paris,,48.8566,2.3522,35,
2024-05-09T03:00:00+00:00,26.9,38.16,20.05,82.64,20,40,Paris,,48.8566,2.3522,35,
2024-05-09T04:00:00+00:00,27.9,34.4,21.45,86.27,20,40,Paris,,48.8566,2.3522,35,
2024-05-09T05:00:00+00:00,22.7,34.54,20.71,83.07,20,40,Paris,,48.8566,2.3522,35,
2024-05-09T06:00:00+00:00,25.29,32.95,20.46,74.18,20,40,Paris,,48.8566,2.3522,35,
2024-05-09T07:00:00+00:00,27.7,36.17,19.39,83.59,20,40,Paris,,48.8566,2.3522,35,
2024-05-09T08:00:00+00:00,28.87,39.59,19.41,81.91,20,40,Paris,,48.8566,2.3522,35,
2024-05-09T09:00:00+00:00,26.97,38.46,19.35,81.84,20,40,Paris,,48.8566,2.3522,35,
2024-05-09T10:00:00+00:00,21.86,30.48,19.1,69.42,20,40,Paris,,48.8566,2.3522,35,
2024-05-09T11:00:00+00:00,24.34,34.15,17.84,74.32,20,40,Paris,,48.8566,2.3522,35,
2024-05-09T12:00:00+00:00,20.31,29.32,17.15,64.7,20,40,Paris,,48.8566,2.3522,35,
2024-05-09T13:00:00+00:00,28.63,42.55,14.95,70.21,20,40,Paris,,48.8566,2.3522,35,
2024-05-09T14:00:00+00:00,21.43,25.8,13.86,65.7,20,40,Paris,,48.8566,2.3522,35,
2024-05-09T15:00:00+00:00,27.02,35.58,13.12,59.77,20,40,Paris,,48.8566,2.3522,35,
2024-05-09T16:00:00+00:00,26.87,35.43,14.29,58.08,20,40,Paris,,48.8566,2.3522,35,
2024-05-09T17:00:00+00:00,23.05,34.91,11.74,62.62,20,40,Paris,,48.8566,2.3522,35,
2024-05-09T18:00:00+00:00,22.85,29.3,12.65,55.23,20,40,Paris,,48.8566,2.3522,35,
2024-05-09T19:00:00+00:00,24.97,33.15,12.35,62.56,20,40,Paris,,48.8566,2.3522,35,
2024-05-09T20:00:00+00:00,23.79,35.75,14.72,57.04,20,40,Paris,,48.8566,2.3522,35,
2024-05-09T21:00:00+00:00,23.31,31.25,15.41,59.65,20,40,Paris,,48.8566,2.3522,35,
2024-05-09T22:00:00+00:00,21.54,29.47,15.42,59.38,20,40,Paris,,48.8566,2.3522,35,
2024-05-09T23:00:00+00:00,20.85,27.05,17.23,63.53,20,40,Paris,,48.8566,2.3522,35,
2024-05-10T00:00:00+00:00,27.07,34.87,18.12,73.31,20,40,Paris,,48.8566,2.3522,35,
2024-05-10T01:00:00+00:00,24.18,36.37,17.66,65.17,20,40,Paris,,48.8566,2.3522,35,
2024-05-10T02:00:00+00:00,23.69,33.32,19.73,68.24,20,40,Paris,,48.8566,2.3522,35,
2024-05-10T03:00:00+00:00,20.86,29.26,19.04,70.76,20,40,Paris,,48.8566,2.3522,35,
2024-05-10T04:00:00+00:00,30.26,42.86,19.76,83.85,20,40,Paris,,48.8566,2.3522,35,
2024-05-10T05:00:00+00:00,22.9,27.06,20.18,73.2,20,40,Paris,,48.8566,2.3522,35,
2024-05-10T06:00:00+00:00,23.68,30.8,20.27,87.27,20,40,Paris,,48.8566,2.3522,35,
2024-05-10T07:00:00+00:00,20.93,31.67,20.24,71.7,20,40,Paris,,48.8566,2.3522,35,
2024-05-10T08:00:00+00:00,28.08,41.23,20.68,79.57,20,40,Paris,,48.8566,2.3522,35,
2024-05-10T09:00:00+00:00,21.25,29.09,19.92,69.5,20,40,Paris,,48.8566,2.3522,35,
2024-05-10T10:00:00+00:00,23.91,31.84,20.3,78.81,20,40,Paris,,48.8566,2.3522,35,
2024-05-10T11:00:00+00:00,26.62,38.2,18.71,72.3,20,40,Paris,,48.8566,2.3522,35,
2024-05-10T12:00:00+00:00,25.28,32.66,16.69,75.63,20,40,Paris,,48.8566,2.3522,35,
2024-05-10T13:00:00+00:00,27.79,36.02,14.47,73.06,20,40,Paris,,48.8566,2.3522,35,
2024-05-10T14:00:00+00:00,23.49,35.63,14.29,70.65,20,40,Paris,,48.8566,2.3522,35,
2024-05-10T15:00:00+00:00,26.94,34.1,14.58,64.83,20,40,Paris,,48.8566,2.3522,35,
2024-05-10T16:00:00+00:00,22.01,28.76,14.9,58.78,20,40,Paris,,48.8566,2.3522,35,
2024-05-10T17:00:00+00:00,28.52,38.21,13.3,62.04,20,40,Paris,,48.8566,2.3522,35,
2024-05-10T18:00:00+00:00,25.39,33.37,13.93,53.19,20,40,Paris,,48.8566,2.3522,35,
2024-05-10T19:00:00+00:00,28.0,34.79,12.23,64.39,20,40,Paris,,48.8566,2.3522,35,
2024-05-10T20:00:00+00:00,26.43,38.04,13.42,56.31,20,40,Paris,,48.8566,2.3522,35,
2024-05-10T21:00:00+00:00,22.71,28.02,14.84,68.72,20,40,Paris,,48.8566,2.3522,35,
2024-05-10T22:00:00+00:00,27.9,38.52,14.33,57.41,20,40,Paris,,48.8566,2.3522,35,
2024-05-10T23:00:00+00:00,24.06,32.98,16.94,74.41,20,40,Paris,,48.8566,2.3522,35,
2024-05-11T00:00:00+00:00,29.68,37.92,16.27,72.2,20,40,Paris,,48.8566,2.3522,35,
2024-05-11T01:00:00+00:00,23.77,30.24,18.73,71.22,20,40,Paris,,48.8566,2.3522,35,
2024-05-11T02:00:00+00:00,26.82,32.41,18.38,79.81,20,40,Paris,,48.8566,2.3522,35,
2024-05-11T03:00:00+00:00,27.28,35.74,20.61,76.78,20,40,Paris,,48.8566,2.3522,35,
2024-05-11T04:00:00+00:00,23.56,33.19,20.39,76.68,20,40,Paris,,48.8566,2.3522,35,
2024-05-11T05:00:00+00:00,26.04,37.7,19.48,72.08,20,40,Paris,,48.8566,2.3522,35,
2024-05-11T06:00:00+00:00,21.79,30.26,21.02,80.2,20,40,Paris,,48.8566,2.3522,35,
2024-05-11T07:00:00+00:00,29.46,36.2,20.0,82.42,20,40,Paris,,48.8566,2.3522,35,
2024-05-11T08:00:00+00:00,28.9,40.67,20.54,81.13,20,40,Paris,,48.8566,2.3522,35,
2024-05-11T09:00:00+00:00,28.3,40.8,21.15,77.97,20,40,Paris,,48.8566,2.3522,35,
2024-05-11T10:00:00+00:00,28.92,42.4,20.41,81.98,20,40,Paris,,48.8566,2.3522,35,
2024-05-11T11:00:00+00:00,25.03,32.07,19.4,73.25,20,40,Paris,,48.8566,2.3522,35,
2024-05-11T12:00:00+00:00,21.41,28.82,18.05,66.67,20,40,Paris,,48.8566,2.3522,35,
2024-05-11T13:00:00+00:00,21.62,26.42,14.56,69.09,20,40,Paris,,48.8566,2.3522,35,
2024-05-11T14:00:00+00:00,26.61,37.33,13.88,60.64,20,40,Paris,,48.8566,2.3522,35,
2024-05-11T15:00:00+00:00,21.16,29.98,13.92,69.26,20,40,Paris,,48.8566,2.3522,35,
2024-05-11T16:00:00+00:00,26.39,38.22,14.13,62.6,20,40,Paris,,48.8566,2.3522,35,
2024-05-11T17:00:00+00:00,27.82,36.15,14.15,61.81,20,40,Paris,,48.8566,2.3522,35,
2024-05-11T18:00:00+00:00,27.95,41.16,13.9,63.17,20,40,Paris,,48.8566,2.3522,35,
2024-05-11T19:00:00+00:00,27.84,36.98,14.37,56.57,20,40,Paris,,48.8566,2.3522,35,
2024-05-11T20:00:00+00:00,24.56,30.66,12.58,66.74,20,40,Paris,,48.8566,2.3522,35,
2024-05-11T21:00:00+00:00,29.04,42.31,13.36,69.91,20,40,Paris,,48.8566,2.3522,35,
2024-05-11T22:00:00+00:00,24.82,31.41,15.63,71.9,20,40,Paris,,48.8566,2.3522,35,
2024-05-11T23:00:00+00:00,21.6,29.14,16.94,65.02,20,40,Paris,,48.8566,2.3522,35,
2024-05-12T00:00:00+00:00,27.28,36.83,16.16,74.39,20,40,Paris,,48.8566,2.3522,35,
2024-05-12T01:00:00+00:00,28.23,35.98,19.11,67.63,20,40,Paris,,48.8566,2.3522,35,
2024-05-12T02:00:00+00:00,25.85,37.55,18.74,77.72,20,40,Paris,,48.8566,2.3522,35,
2024-05-12T03:00:00+00:00,26.49,37.15,18.81,79.54,20,40,Paris,,48.8566,2.3522,35,
2024-05-12T04:00:00+00:00,27.41,36.7,21.86,79.29,20,40,Paris,,48.8566,2.3522,35,
2024-05-12T05:00:00+00:00,28.18,34.22,20.95,85.12,20,40,Paris,,48.8566,2.3522,35,
2024-05-12T06:00:00+00:00,29.9,39.2,20.72,87.35,20,40,Paris,,48.8566,2.3522,35,
2024-05-12T07:00:00+00:00,26.99,34.19,21.66,86.07,20,40,Paris,,48.8566,2.3522,35,
2024-05-12T08:00:00+00:00,27.92,41.07,19.1,71.75,20,40,Paris,,48.8566,2.3522,35,
2024-05-12T09:00:00+00:00,26.85,36.77,18.52,70.75,20,40,Paris,,48.8566,2.3522,35,
2024-05-12T10:00:00+00:00,28.15,38.2,20.5,82.14,20,40,Paris,,48.8566,2.3522,35,
2024-05-12T11:00:00+00:00,29.78,39.11,18.82,76.17,20,40,Paris,,48.8566,2.3522,35,
2024-05-12T12:00:00+00:00,21.24,31.16,18.1,65.82,20,40,Paris,,48.8566,2.3522,35,
2024-05-12T13:00:00+00:00,24.46,35.83,15.47,66.31,20,40,Paris,,48.8566,2.3522,35,
2024-05-12T14:00:00+00:00,28.14,38.08,14.17,65.11,20,40,Paris,,48.8566,2.3522,35,
2024-05-12T15:00:00+00:00,25.85,33.29,13.93,69.53,20,40,Paris,,48.8566,2.3522,35,
2024-05-12T16:00:00+00:00,24.62,31.47,13.1,57.89,20,40,Paris,,48.8566,2.3522,35,
2024-05-12T17:00:00+00:00,26.88,36.29,12.99,57.36,20,40,Paris,,48.8566,2.3522,35,
2024-05-12T18:00:00+00:00,21.89,28.52,11.78,67.82,20,40,Paris,,48.8566,2.3522,35,
2024-05-12T19:00:00+00:00,27.29,33.08,13.77,61.97,20,40,Paris,,48.8566,2.3522,35,
2024-05-12T20:00:00+00:00,25.95,38.77,12.49,58.78,20,40,Paris,,48.8566,2.3522,35,
2024-05-12T21:00:00+00:00,21.53,28.93,14.15,63.99,20,40,Paris,,48.8566,2.3522,35,
2024-05-12T22:00:00+00:00,27.37,34.67,13.71,66.65,20,40,Paris,,48.8566,2.3522,35,
2024-05-12T23:00:00+00:00,28.59,35.16,15.32,62.97,20,40,Paris,,48.8566,2.3522,35,
2024-05-13T00:00:00+00:00,24.31,32.83,17.81,75.35,20,40,Paris,,48.8566,2.3522,35,
2024-05-13T01:00:00+00:00,25.26,37.22,18.09,80.46,20,40,Paris,,48.8566,2.3522,35,
2024-05-13T02:00:00+00:00,21.22,29.06,18.59,70.84,20,40,Paris,,48.8566,2.3522,35,
2024-05-13T03:00:00+00:00,25.92,31.97,18.81,73.62,20,40,Paris,,48.8566,2.3522,35,
2024-05-13T04:00:00+00:00,25.11,32.93,19.7,73.41,20,40,Paris,,48.8566,2.3522,35,
2024-05-13T05:00:00+00:00,27.65,38.88,20.53,75.29,20,40,Paris,,48.8566,2.3522,35,
2024-05-13T06:00:00+00:00,22.47,27.14,19.8,73.85,20,40,Paris,,48.8566,2.3522,35,
2024-05-13T07:00:00+00:00,26.38,31.89,20.85,83.42,20,40,Paris,,48.8566,2.3522,35,
2024-05-13T08:00:00+00:00,22.22,29.5,21.87,85.96,20,40,Paris,,48.8566,2.3522,35,
2024-05-13T09:00:00+00:00,29.25,40.35,19.68,81.76,20,40,Paris,,48.8566,2.3522,35,
2024-05-13T10:00:00+00:00,21.98,29.9,20.3,80.05,20,40,Paris,,48.8566,2.3522,35,
2024-05-13T11:00:00+00:00,28.72,41.99,16.57,75.55,20,40,Paris,,48.8566,2.3522,35,
2024-05-13T12:00:00+00:00,28.25,38.82,17.87,70.33,20,40,Paris,,48.8566,2.3522,35,
2024-05-13T13:00:00+00:00,23.09,29.27,15.85,66.67,20,40,Paris,,48.8566,2.3522,35,
2024-05-13T14:00:00+00:00,22.81,30.84,14.19,72.48,20,40,Paris,,48.8566,2.3522,35,
2024-05-13T15:00:00+00:00,23.48,33.69,12.81,58.36,20,40,Paris,,48.8566,2.3522,35,
2024-05-13T16:00:00+00:00,26.9,36.47,12.96,57.15,20,40,Paris,,48.8566,2.3522,35,
2024-05-13T17:00:00+00:00,27.31,34.03,12.49,56.51,20,40,Paris,,48.8566,2.3522,35,
2024-05-13T18:00:00+00:00,21.26,31.87,12.29,54.22,20,40,Paris,,48.8566,2.3522,35,
2024-05-13T19:00:00+00:00,26.93,35.83,14.18,59.42,20,40,Paris,,48.8566,2.3522,35,
2024-05-13T20:00:00+00:00,23.39,28.71,13.27,57.25,20,40,Paris,,48.8566,2.3522,35,
2024-05-13T21:00:00+00:00,24.32,32.04,12.88,70.81,20,40,Paris,,48.8566,2.3522,35,
2024-05-13T22:00:00+00:00,22.51,32.81,14.25,64.83,20,40,Paris,,48.8566,2.3522,35,
2024-05-13T23:00:00+00:00,27.55,35.69,15.37,73.45,20,40,Paris,,48.8566,2.3522,35,
2024-05-14T00:00:00+00:00,25.33,37.91,16.93,62.37,20,40,Paris,,48.8566,2.3522,35,
2024-05-14T01:00:00+00:00,28.62,40.07,16.58,65.31,20,40,Paris,,48.8566,2.3522,35,
2024-05-14T02:00:00+00:00,24.05,29.57,18.27,76.47,20,40,Paris,,48.8566,2.3522,35,
2024-05-14T03:00:00+00:00,26.52,34.77,19.17,70.12,20,40,Paris,,48.8566,2.3522,35,
2024-05-14T04:00:00+00:00,21.52,30.45,20.07,75.76,20,40,Paris,,48.8566,2.3522,35,
2024-05-14T05:00:00+00:00,26.44,34.46,20.77,72.17,20,40,Paris,,48.8566,2.3522,35,
2024-05-14T06:00:00+00:00,24.52,36.05,20.91,85.4,20,40,Paris,,48.8566,2.3522,35,
2024-05-14T07:00:00+00:00,20.69,30.4,19.79,74.63,20,40,Paris,,48.8566,2.3522,35,
2024-05-14T08:00:00+00:00,21.95,29.63,21.96,82.86,20,40,Paris,,48.8566,2.3522,35,
2024-05-14T09:00:00+00:00,22.46,33.12,20.03,69.87,20,40,Paris,,48.8566,2.3522,35,
2024-05-14T10:00:00+00:00,25.48,38.22,19.37,68.72,20,40,Paris,,48.8566,2.3522,35,
2024-05-14T11:00:00+00:00,20.42,25.95,17.19,68.52,20,40,Paris,,48.8566,2.3522,35,
2024-05-14T12:00:00+00:00,27.44,37.88,16.65,62.15,20,40,Paris,,48.8566,2.3522,35,
2024-05-14T13:00:00+00:00,28.54,38.01,14.86,65.34,20,40,Paris,,48.8566,2.3522,35,
2024-05-14T14:00:00+00:00,22.26,30.33,15.65,68.77,20,40,Paris,,48.8566,2.3522,35,
2024-05-14T15:00:00+00:00,21.05,29.77,15.01,59.61,20,40,Paris,,48.8566,2.3522,35,
2024-05-14T16:00:00+00:00,24.49,32.47,13.29,57.99,20,40,Paris,,48.8566,2.3522,35,
2024-05-14T17:00:00+00:00,20.25,26.34,14.12,59.79,20,40,Paris,,48.8566,2.3522,35,
2024-05-14T18:00:00+00:00,24.54,35.49,13.18,52.16,20,40,Paris,,48.8566,2.3522,35,
2024-05-14T19:00:00+00:00,24.29,36.16,13.33,63.09,20,40,Paris,,48.8566,2.3522,35,
2024-05-14T20:00:00+00:00,26.91,37.08,14.6,64.95,20,40,Paris,,48.8566,2.3522,35,
2024-05-14T21:00:00+00:00,26.68,34.92,13.38,61.25,20,40,Paris,,48.8566,2.3522,35,
2024-05-14T22:00:00+00:00,21.4,26.13,15.94,62.22,20,40,Paris,,48.8566,2.3522,35,
2024-05-14T23:00:00+00:00,25.9,32.56,16.5,64.03,20,40,Paris,,48.8566,2.3522,35,
2024-05-15T00:00:00+00:00,22.74,29.71,17.86,64.53,20,40,Paris,,48.8566,2.3522,35,
2024-05-15T01:00:00+00:00,23.59,35.75,17.85,64.84,20,40,Paris,,48.8566,2.3522,35,
2024-05-15T02:00:00+00:00,29.33,43.35,18.35,81.59,20,40,Paris,,48.8566,2.3522,35,
2024-05-15T03:00:00+00:00,24.6,33.79,20.18,69.84,20,40,Paris,,48.8566,2.3522,35,
2024-05-15T04:00:00+00:00,24.35,30.22,21.31,81.68,20,40,Paris,,48.8566,2.3522,35,
2024-05-15T05:00:00+00:00,29.94,43.78,21.19,82.19,20,40,Paris,,48.8566,2.3522,35,
2024-05-15T06:00:00+00:00,25.65,38.33,22.31,85.2,20,40,Paris,,48.8566,2.3522,35,
2024-05-15T07:00:00+00:00,22.42,30.8,21.95,78.13,20,40,Paris,,48.8566,2.3522,35,
2024-05-15T08:00:00+00:00,22.88,33.46,21.51,74.96,20,40,Paris,,48.8566,2.3522,35,
2024-05-15T09:00:00+00:00,28.08,36.32,19.39,78.29,20,40,Paris,,48.8566,2.3522,35,
2024-05-15T10:00:00+00:00,23.14,33.23,20.0,80.24,20,40,Paris,,48.8566,2.3522,35,
2024-05-15T11:00:00+00:00,26.59,33.99,16.82,66.08,20,40,Paris,,48.8566,2.3522,35,
2024-05-15T12:00:00+00:00,21.45,31.37,15.91,66.84,20,40,Paris,,48.8566,2.3522,35,
2024-05-15T13:00:00+00:00,23.72,28.99,15.1,73.93,20,40,Paris,,48.8566,2.3522,35,
2024-05-15T14:00:00+00:00,24.84,30.85,16.16,65.48,20,40,Paris,,48.8566,2.3522,35,
2024-05-15T15:00:00+00:00,25.2,36.53,13.49,55.75,20,40,Paris,,48.8566,2.3522,35,
2024-05-15T16:00:00+00:00,25.52,35.65,14.64,59.29,20,40,Paris,,48.8566,2.3522,35,
2024-05-15T17:00:00+00:00,23.82,29.86,12.91,53.28,20,40,Paris,,48.8566,2.3522,35,
2024-05-15T18:00:00+00:00,22.93,28.18,13.54,58.53,20,40,Paris,,48.8566,2.3522,35,
2024-05-15T19:00:00+00:00,22.26,33.49,13.03,61.44,20,40,Paris,,48.8566,2.3522,35,
2024-05-15T20:00:00+00:00,22.6,33.07,13.26,60.56,20,40,Paris,,48.8566,2.3522,35,
2024-05-15T21:00:00+00:00,25.98,34.3,13.59,70.93,20,40,Paris,,48.8566,2.3522,35,
2024-05-15T22:00:00+00:00,24.92,29.77,14.95,70.43,20,40,Paris,,48.8566,2.3522,35,
2024-05-15T23:00:00+00:00,25.37,31.73,15.61,69.25,20,40,Paris,,48.8566,2.3522,35,
2024-05-16T00:00:00+00:00,23.74,31.96,16.98,71.93,20,40,Paris,,48.8566,2.3522,35,
2024-05-16T01:00:00+00:00,28.42,40.07,17.38,65.45,20,40,Paris,,48.8566,2.3522,35,
2024-05-16T02:00:00+00:00,25.68,38.14,19.3,68.18,20,40,Paris,,48.8566,2.3522,35,
2024-05-16T03:00:00+00:00,22.4,31.53,19.03,83.79,20,40,Paris,,48.8566,2.3522,35,
2024-05-16T04:00:00+00:00,28.98,42.36,20.91,75.02,20,40,Paris,,48.8566,2.3522,35,
2024-05-16T05:00:00+00:00,27.34,38.56,20.0,77.23,20,40,Paris,,48.8566,2.3522,35,
2024-05-16T06:00:00+00:00,28.87,37.73,20.87,72.28,20,40,Paris,,48.8566,2.3522,35,
2024-05-16T07:00:00+00:00,26.36,32.34,20.57,76.23,20,40,Paris,,48.8566,2.3522,35,
2024-05-16T08:00:00+00:00,24.92,33.21,21.36,82.95,20,40,Paris,,48.8566,2.3522,35,
2024-05-16T09:00:00+00:00,23.86,33.26,19.67,76.03,20,40,Paris,,48.8566,2.3522,35,
2024-05-16T10:00:00+00:00,25.39,37.65,19.84,71.12,20,40,Paris,,48.8566,2.3522,35,
2024-05-16T11:00:00+00:00,25.1,35.51,16.77,74.36,20,40,Paris,,48.8566,2.3522,35,
2024-05-16T12:00:00+00:00,27.65,36.76,17.4,75.31,20,40,Paris,,48.8566,2.3522,35,
2024-05-16T13:00:00+00:00,27.35,34.19,14.56,63.77,20,40,Paris,,48.8566,2.3522,35,
2024-05-16T14:00:00+00:00,27.76,41.23,14.49,59.53,20,40,Paris,,48.8566,2.3522,35,
2024-05-16T15:00:00+00:00,24.4,35.47,13.87,63.29,20,40,Paris,,48.8566,2.3522,35,
2024-05-16T16:00:00+00:00,21.91,26.48,14.79,55.51,20,40,Paris,,48.8566,2.3522,35,
2024-05-16T17:00:00+00:00,20.81,29.65,12.0,65.88,20,40,Paris,,48.8566,2.3522,35,
2024-05-16T18:00:00+00:00,22.07,30.71,12.39,57.54,20,40,Paris,,48.8566,2.3522,35,
2024-05-16T19:00:00+00:00,28.18,37.46,13.64,67.47,20,40,Paris,,48.8566,2.3522,35,
2024-05-16T20:00:00+00:00,26.56,35.93,12.93,60.47,20,40,Paris,,48.8566,2.3522,35,
2024-05-16T21:00:00+00:00,28.37,38.75,15.47,65.35,20,40,Paris,,48.8566,2.3522,35,
2024-05-16T22:00:00+00:00,26.62,39.71,13.63,64.33,20,40,Paris,,48.8566,2.3522,35,
2024-05-16T23:00:00+00:00,26.04,34.48,14.74,63.78,20,40,Paris,,48.8566,2.3522,35,
2024-05-17T00:00:00+00:00,22.54,29.81,16.3,71.99,20,40,Paris,,48.8566,2.3522,35,
2024-05-17T01:00:00+00:00,23.33,31.07,17.32,77.95,20,40,Paris,,48.8566,2.3522,35,
2024-05-17T02:00:00+00:00,21.54,27.37,18.36,74.11,20,40,Paris,,48.8566,2.3522,35,
2024-05-17T03:00:00+00:00,21.38,30.09,18.78,77.23,20,40,Paris,,48.8566,2.3522,35,
2024-05-17T04:00:00+00:00,26.45,37.8,19.96,74.33,20,40,Paris,,48.8566,2.3522,35,
2024-05-17T05:00:00+00:00,26.25,35.21,19.78,78.51,20,40,Paris,,48.8566,2.3522,35,
2024-05-17T06:00:00+00:00,23.89,30.37,21.45,79.24,20,40,Paris,,48.8566,2.3522,35,
2024-05-17T07:00:00+00:00,27.72,41.02,21.87,84.61,20,40,Paris,,48.8566,2.3522,35,
2024-05-17T08:00:00+00:00,24.95,35.1,20.73,77.77,20,40,Paris,,48.8566,2.3522,35,
2024-05-17T09:00:00+00:00,23.87,36.01,18.34,71.0,20,40,Paris,,48.8566,2.3522,35,
2024-05-17T10:00:00+00:00,28.92,41.31,19.87,80.53,20,40,Paris,,48.8566,2.3522,35,
2024-05-17T11:00:00+00:00,25.66,35.52,16.96,74.93,20,40,Paris,,48.8566,2.3522,35,
2024-05-17T12:00:00+00:00,20.51,30.36,17.21,68.8,20,40,Paris,,48.8566,2.3522,35,
2024-05-17T13:00:00+00:00,20.74,27.59,15.46,65.67,20,40,Paris,,48.8566,2.3522,35,
2024-05-17T14:00:00+00:00,22.38,33.85,15.09,66.46,20,40,Paris,,48.8566,2.3522,35,
2024-05-17T15:00:00+00:00,22.66,29.27,13.59,63.47,20,40,Paris,,48.8566,2.3522,35,
2024-05-17T16:00:00+00:00,27.05,36.36,13.2,55.7,20,40,Paris,,48.8566,2.3522,35,
2024-05-17T17:00:00+00:00,21.87,27.43,14.09,66.79,20,40,Paris,,48.8566,2.3522,35,
2024-05-17T18:00:00+00:00,23.91,31.42,13.49,64.63,20,40,Paris,,48.8566,2.3522,35,
2024-05-17T19:00:00+00:00,27.78,36.04,13.39,63.87,20,40,Paris,,48.8566,2.3522,35,
2024-05-17T20:00:00+00:00,27.85,40.92,12.71,67.74,20,40,Paris,,48.8566,2.3522,35,
2024-05-17T21:00:00+00:00,27.33,38.59,14.68,60.25,20,40,Paris,,48.8566,2.3522,35,
2024-05-17T22:00:00+00:00,28.2,38.67,16.44,64.44,20,40,Paris,,48.8566,2.3522,35,
2024-05-17T23:00:00+00:00,29.29,40.61,15.02,72.09,20,40,Paris,,48.8566,2.3522,35,
2024-05-18T00:00:00+00:00,26.45,31.84,15.85,69.56,20,40,Paris,,48.8566,2.3522,35,
2024-05-18T01:00:00+00:00,20.04,23.6,18.36,67.8,20,40,Paris,,48.8566,2.3522,35,
2024-05-18T02:00:00+00:00,27.37,35.03,20.4,77.29,20,40,Paris,,48.8566,2.3522,35,
2024-05-18T03:00:00+00:00,21.41,29.31,20.49,77.76,20,40,Paris,,48.8566,2.3522,35,
2024-05-18T04:00:00+00:00,25.46,33.23,21.0,85.62,20,40,Paris,,48.8566,2.3522,35,
2024-05-18T05:00:00+00:00,28.39,35.89,20.07,76.65,20,40,Paris,,48.8566,2.3522,35,
2024-05-18T06:00:00+00:00,25.96,37.21,20.38,83.6,20,40,Paris,,48.8566,2.3522,35,
2024-05-18T07:00:00+00:00,29.22,35.92,22.05,76.49,20,40,Paris,,48.8566,2.3522,35,
2024-05-18T08:00:00+00:00,23.46,35.54,19.09,81.24,20,40,Paris,,48.8566,2.3522,35,
2024-05-18T09:00:00+00:00,23.9,35.57,20.61,75.33,20,40,Paris,,48.8566,2.3522,35,
2024-05-18T10:00:00+00:00,21.13,30.06,18.45,71.27,20,40,Paris,,48.8566,2.3522,35,
2024-05-18T11:00:00+00:00,26.13,38.34,17.93,79.3,20,40,Paris,,48.8566,2.3522,35,
2024-05-18T12:00:00+00:00,27.01,38.95,17.26,63.19,20,40,Paris,,48.8566,2.3522,35,
2024-05-18T13:00:00+00:00,25.61,30.68,15.92,67.45,20,40,Paris,,48.8566,2.3522,35,
2024-05-18T14:00:00+00:00,22.63,29.56,14.46,71.63,20,40,Paris,,48.8566,2.3522,35,
2024-05-18T15:00:00+00:00,27.62,34.08,13.14,69.59,20,40,Paris,,48.8566,2.3522,35,
2024-05-18T16:00:00+00:00,20.57,30.91,14.84,61.16,20,40,Paris,,48.8566,2.3522,35,
2024-05-18T17:00:00+00:00,26.88,35.19,12.58,56.77,20,40,Paris,,48.8566,2.3522,35,
2024-05-18T18:00:00+00:00,22.76,33.43,14.38,64.65,20,40,Paris,,48.8566,2.3522,35,
2024-05-18T19:00:00+00:00,28.38,35.43,14.53,63.51,20,40,Paris,,48.8566,2.3522,35,
2024-05-18T20:00:00+00:00,26.39,35.05,12.1,59.28,20,40,Paris,,48.8566,2.3522,35,
2024-05-18T21:00:00+00:00,22.13,33.46,13.13,69.14,20,40,Paris,,48.8566,2.3522,35,
2024-05-18T22:00:00+00:00,21.17,31.99,14.75,60.24,20,40,Paris,,48.8566,2.3522,35,
2024-05-18T23:00:00+00:00,21.27,30.41,15.61,65.18,20,40,Paris,,48.8566,2.3522,35,
2024-05-19T00:00:00+00:00,26.88,39.6,17.93,74.69,20,40,Paris,,48.8566,2.3522,35,
2024-05-19T01:00:00+00:00,28.43,40.54,18.41,66.49,20,40,Paris,,48.8566,2.3522,35,
2024-05-19T02:00:00+00:00,23.23,27.38,19.5,79.32,20,40,Paris,,48.8566,2.3522,35,
2024-05-19T03:00:00+00:00,27.49,37.98,18.35,70.07,20,40,Paris,,48.8566,2.3522,35,
2024-05-19T04:00:00+00:00,20.54,30.29,19.39,72.48,20,40,Paris,,48.8566,2.3522,35,
2024-05-19T05:00:00+00:00,22.6,34.35,21.43,78.98,20,40,Paris,,48.8566,2.3522,35,
2024-05-19T06:00:00+00:00,25.41,35.95,21.36,80.03,20,40,Paris,,48.8566,2.3522,35,
2024-05-19T07:00:00+00:00,25.68,36.43,22.05,78.57,20,40,Paris,,48.8566,2.3522,35,
2024-05-19T08:00:00+00:00,22.4,27.21,18.98,76.58,20,40,Paris,,48.8566,2.3522,35,
2024-05-19T09:00:00+00:00,24.46,36.17,20.65,69.32,20,40,Paris,,48.8566,2.3522,35,
2024-05-19T10:00:00+00:00,22.54,33.98,19.52,79.65,20,40,Paris,,48.8566,2.3522,35,
2024-05-19T11:00:00+00:00,25.18,34.44,17.98,77.64,20,40,Paris,,48.8566,2.3522,35,
2024-05-19T12:00:00+00:00,21.78,27.69,17.45,73.5,20,40,Paris,,48.8566,2.3522,35,
2024-05-19T13:00:00+00:00,27.84,34.13,17.25,59.85,20,40,Paris,,48.8566,2.3522,35,
2024-05-19T14:00:00+00:00,25.58,35.6,16.43,66.72,20,40,Paris,,48.8566,2.3522,35,
2024-05-19T15:00:00+00:00,25.33,32.53,12.88,61.87,20,40,Paris,,48.8566,2.3522,35,
2024-05-19T16:00:00+00:00,23.41,33.89,12.31,68.77,20,40,Paris,,48.8566,2.3522,35,
2024-05-19T17:00:00+00:00,21.58,27.3,12.88,58.88,20,40,Paris,,48.8566,2.3522,35,
2024-05-19T18:00:00+00:00,21.2,31.5,13.51,58.14,20,40,Paris,,48.8566,2.3522,35,
2024-05-19T19:00:00+00:00,23.37,31.73,11.73,59.78,20,40,Paris,,48.8566,2.3522,35,
2024-05-19T20:00:00+00:00,28.2,39.92,12.76,58.19,20,40,Paris,,48.8566,2.3522,35,
2024-05-19T21:00:00+00:00,26.56,35.2,15.01,60.49,20,40,Paris,,48.8566,2.3522,35,
2024-05-19T22:00:00+00:00,21.21,29.06,16.48,66.32,20,40,Paris,,48.8566,2.3522,35,
2024-05-19T23:00:00+00:00,21.7,32.4,14.95,62.09,20,40,Paris,,48.8566,2.3522,35,
2024-05-20T00:00:00+00:00,22.84,31.84,16.14,68.16,20,40,Paris,,48.8566,2.3522,35,
2024-05-20T01:00:00+00:00,20.4,26.14,19.21,67.36,20,40,Paris,,48.8566,2.3522,35,
2024-05-20T02:00:00+00:00,26.22,37.16,18.19,69.37,20,40,Paris,,48.8566,2.3522,35,
2024-05-20T03:00:00+00:00,24.82,31.06,20.79,80.49,20,40,Paris,,48.8566,2.3522,35,
2024-05-20T04:00:00+00:00,29.97,37.37,19.26,81.24,20,40,Paris,,48.8566,2.3522,35,
2024-05-20T05:00:00+00:00,28.13,38.46,21.03,80.21,20,40,Paris,,48.8566,2.3522,35,
2024-05-20T06:00:00+00:00,26.9,33.02,21.56,85.08,20,40,Paris,,48.8566,2.3522,35,
2024-05-20T07:00:00+00:00,29.44,43.16,21.65,83.13,20,40,Paris,,48.8566,2.3522,35,
2024-05-20T08:00:00+00:00,25.12,33.22,21.45,70.86,20,40,Paris,,48.8566,2.3522,35,
2024-05-20T09:00:00+00:00,28.12,39.93,19.74,69.6,20,40,Paris,,48.8566,2.3522,35,
2024-05-20T10:00:00+00:00,27.56,35.02,18.5,78.6,20,40,Paris,,48.8566,2.3522,35,
2024-05-20T11:00:00+00:00,24.02,30.91,17.6,72.77,20,40,Paris,,48.8566,2.3522,35,
2024-05-20T12:00:00+00:00,26.97,39.1,15.63,77.31,20,40,Paris,,48.8566,2.3522,35,
2024-05-20T13:00:00+00:00,25.64,35.28,15.44,60.52,20,40,Paris,,48.8566,2.3522,35,
2024-05-20T14:00:00+00:00,24.01,35.3,14.2,61.78,20,40,Paris,,48.8566,2.3522,35,
2024-05-20T15:00:00+00:00,20.9,24.3,15.2,63.54,20,40,Paris,,48.8566,2.3522,35,
2024-05-20T16:00:00+00:00,20.67,25.35,14.18,53.65,20,40,Paris,,48.8566,2.3522,35,
2024-05-20T17:00:00+00:00,24.12,29.32,11.89,56.98,20,40,Paris,,48.8566,2.3522,35,
2024-05-20T18:00:00+00:00,26.63,39.61,11.59,64.6,20,40,Paris,,48.8566,2.3522,35,
2024-05-20T19:00:00+00:00,27.43,36.67,12.43,63.47,20,40,Paris,,48.8566,2.3522,35,
2024-05-20T20:00:00+00:00,21.15,24.83,12.42,61.8,20,40,Paris,,48.8566,2.3522,35,
2024-05-20T21:00:00+00:00,21.82,25.92,15.56,55.05,20,40,Paris,,48.8566,2.3522,35,
2024-05-20T22:00:00+00:00,20.67,30.56,13.91,62.98,20,40,Paris,,48.8566,2.3522,35,
2024-05-20T23:00:00+00:00,22.89,27.19,17.17,66.4,20,40,Paris,,48.8566,2.3522,35,
2024-05-21T00:00:00+00:00,26.54,32.21,18.41,66.29,20,40,Paris,,48.8566,2.3522,35,
2024-05-21T01:00:00+00:00,22.36,31.74,17.35,65.21,20,40,Paris,,48.8566,2.3522,35,
2024-05-21T02:00:00+00:00,21.17,30.61,18.1,74.31,20,40,Paris,,48.8566,2.3522,35,
2024-05-21T03:00:00+00:00,22.87,33.56,19.84,74.87,20,40,Paris,,48.8566,2.3522,35,
2024-05-21T04:00:00+00:00,23.66,34.56,20.15,77.16,20,40,Paris,,48.8566,2.3522,35,
2024-05-21T05:00:00+00:00,21.81,33.1,20.74,78.89,20,40,Paris,,48.8566,2.3522,35,
2024-05-21T06:00:00+00:00,28.43,36.31,20.55,86.36,20,40,Paris,,48.8566,2.3522,35,
2024-05-21T07:00:00+00:00,30.26,40.11,19.44,86.07,20,40,Paris,,48.8566,2.3522,35,
2024-05-21T08:00:00+00:00,30.12,42.08,20.06,85.41,20,40,Paris,,48.8566,2.3522,35,
2024-05-21T09:00:00+00:00,28.55,39.02,19.73,70.87,20,40,Paris,,48.8566,2.3522,35,
2024-05-21T10:00:00+00:00,22.12,31.64,20.23,76.94,20,40,Paris,,48.8566,2.3522,35,
2024-05-21T11:00:00+00:00,22.38,26.83,18.74,78.38,20,40,Paris,,48.8566,2.3522,35,
2024-05-21T12:00:00+00:00,27.35,35.29,16.45,70.09,20,40,Paris,,48.8566,2.3522,35,
2024-05-21T13:00:00+00:00,26.26,35.7,17.11,70.71,20,40,Paris,,48.8566,2.3522,35,
2024-05-21T14:00:00+00:00,26.81,35.58,14.56,71.78,20,40,Paris,,48.8566,2.3522,35,
2024-05-21T15:00:00+00:00,24.02,35.03,14.78,70.1,20,40,Paris,,48.8566,2.3522,35,
2024-05-21T16:00:00+00:00,24.67,36.95,12.12,64.38,20,40,Paris,,48.8566,2.3522,35,
2024-05-21T17:00:00+00:00,21.7,30.32,14.11,53.18,20,40,Paris,,48.8566,2.3522,35,
2024-05-21T18:00:00+00:00,26.4,36.65,11.8,66.71,20,40,Paris,,48.8566,2.3522,35,
2024-05-21T19:00:00+00:00,25.17,32.56,13.92,60.26,20,40,Paris,,48.8566,2.3522,35,
2024-05-21T20:00:00+00:00,25.98,35.05,12.13,64.93,20,40,Paris,,48.8566,2.3522,35,
2024-05-21T21:00:00+00:00,23.1,30.91,15.63,58.7,20,40,Paris,,48.8566,2.3522,35,
2024-05-21T22:00:00+00:00,28.02,36.56,15.2,65.59,20,40,Paris,,48.8566,2.3522,35,
2024-05-21T23:00:00+00:00,23.68,35.38,16.47,71.6,20,40,Paris,,48.8566,2.3522,35,
2024-05-22T00:00:00+00:00,24.95,36.96,15.94,62.55,20,40,Paris,,48.8566,2.3522,35,
2024-05-22T01:00:00+00:00,24.49,32.61,17.67,76.71,20,40,Paris,,48.8566,2.3522,35,
2024-05-22T02:00:00+00:00,22.85,34.64,17.79,70.27,20,40,Paris,,48.8566,2.3522,35,
2024-05-22T03:00:00+00:00,27.74,35.64,20.3,72.65,20,40,Paris,,48.8566,2.3522,35,
2024-05-22T04:00:00+00:00,25.68,38.06,20.09,80.98,20,40,Paris,,48.8566,2.3522,35,
2024-05-22T05:00:00+00:00,22.04,29.37,22.23,86.36,20,40,Paris,,48.8566,2.3522,35,
2024-05-22T06:00:00+00:00,23.86,35.18,20.7,78.92,20,40,Paris,,48.8566,2.3522,35,
2024-05-22T07:00:00+00:00,21.02,31.41,21.08,73.31,20,40,Paris,,48.8566,2.3522,35,
2024-05-22T08:00:00+00:00,25.92,35.81,21.54,81.37,20,40,Paris,,48.8566,2.3522,35,
2024-05-22T09:00:00+00:00,21.7,28.49,20.3,72.79,20,40,Paris,,48.8566,2.3522,35,
2024-05-22T10:00:00+00:00,24.13,30.54,19.63,75.92,20,40,Paris,,48.8566,2.3522,35,
2024-05-22T11:00:00+00:00,22.04,27.79,18.11,67.27,20,40,Paris,,48.8566,2.3522,35,
2024-05-22T12:00:00+00:00,22.05,31.22,17.71,71.85,20,40,Paris,,48.8566,2.3522,35,
2024-05-22T13:00:00+00:00,27.88,41.37,15.88,68.78,20,40,Paris,,48.8566,2.3522,35,
2024-05-22T14:00:00+00:00,23.43,29.98,15.61,63.11,20,40,Paris,,48.8566,2.3522,35,
2024-05-22T15:00:00+00:00,25.0,36.77,15.11,56.76,20,40,Paris,,48.8566,2.3522,35,
2024-05-22T16:00:00+00:00,25.22,31.37,14.1,64.98,20,40,Paris,,48.8566,2.3522,35,
2024-05-22T17:00:00+00:00,26.42,33.6,12.87,65.75,20,40,Paris,,48.8566,2.3522,35,
2024-05-22T18:00:00+00:00,22.86,33.75,12.6,59.64,20,40,Paris,,48.8566,2.3522,35,
2024-05-22T19:00:00+00:00,20.08,30.9,12.19,57.03,20,40,Paris,,48.8566,2.3522,35,
2024-05-22T20:00:00+00:00,20.14,30.07,13.68,61.52,20,40,Paris,,48.8566,2.3522,35,
2024-05-22T21:00:00+00:00,26.69,36.12,12.81,57.79,20,40,Paris,,48.8566,2.3522,35,
2024-05-22T22:00:00+00:00,26.02,33.25,15.11,59.97,20,40,Paris,,48.8566,2.3522,35,
2024-05-22T23:00:00+00:00,24.3,30.05,15.74,62.28,20,40,Paris,,48.8566,2.3522,35,
2024-05-23T00:00:00+00:00,20.19,27.68,17.56,66.82,20,40,Paris,,48.8566,2.3522,35,
2024-05-23T01:00:00+00:00,21.95,30.41,17.03,69.9,20,40,Paris,,48.8566,2.3522,35,
2024-05-23T02:00:00+00:00,21.76,28.7,20.44,80.78,20,40,Paris,,48.8566,2.3522,35,
2024-05-23T03:00:00+00:00,27.49,33.93,19.28,80.22,20,40,Paris,,48.8566,2.3522,35,
2024-05-23T04:00:00+00:00,25.0,37.14,20.57,74.13,20,40,Paris,,48.8566,2.3522,35,
2024-05-23T05:00:00+00:00,21.76,26.86,21.92,79.96,20,40,Paris,,48.8566,2.3522,35,
2024-05-23T06:00:00+00:00,27.62,37.59,21.58,81.84,20,40,Paris,,48.8566,2.3522,35,
2024-05-23T07:00:00+00:00,27.64,40.61,21.56,85.94,20,40,Paris,,48.8566,2.3522,35,
2024-05-23T08:00:00+00:00,29.06,40.8,20.98,75.21,20,40,Paris,,48.8566,2.3522,35,
2024-05-23T09:00:00+00:00,28.41,40.72,18.91,70.24,20,40,Paris,,48.8566,2.3522,35,
2024-05-23T10:00:00+00:00,23.97,32.36,19.63,68.93,20,40,Paris,,48.8566,2.3522,35,
2024-05-23T11:00:00+00:00,27.14,33.8,17.4,72.68,20,40,Paris,,48.8566,2.3522,35,
2024-05-23T12:00:00+00:00,26.52,39.05,16.98,70.15,20,40,Paris,,48.8566,2.3522,35,
2024-05-23T13:00:00+00:00,27.52,35.7,14.98,62.74,20,40,Paris,,48.8566,2.3522,35,
2024-05-23T14:00:00+00:00,21.92,31.29,15.16,58.84,20,40,Paris,,48.8566,2.3522,35,
2024-05-23T15:00:00+00:00,21.86,28.64,14.09,55.44,20,40,Paris,,48.8566,2.3522,35,
2024-05-23T16:00:00+00:00,28.36,37.19,14.39,66.51,20,40,Paris,,48.8566,2.3522,35,
2024-05-23T17:00:00+00:00,26.95,37.14,13.56,53.41,20,40,Paris,,48.8566,2.3522,35,
2024-05-23T18:00:00+00:00,27.69,36.89,13.35,60.1,20,40,Paris,,48.8566,2.3522,35,
2024-05-23T19:00:00+00:00,20.78,29.12,13.92,62.83,20,40,Paris,,48.8566,2.3522,35,
2024-05-23T20:00:00+00:00,29.62,41.16,12.15,68.28,20,40,Paris,,48.8566,2.3522,35,
2024-05-23T21:00:00+00:00,24.89,31.95,14.37,58.35,20,40,Paris,,48.8566,2.3522,35,
2024-05-23T22:00:00+00:00,27.45,37.75,15.45,59.21,20,40,Paris,,48.8566,2.3522,35,
2024-05-23T23:00:00+00:00,28.4,37.25,16.25,71.98,20,40,Paris,,48.8566,2.3522,35,
2024-05-24T00:00:00+00:00,28.05,36.68,16.3,74.49,20,40,Paris,,48.8566,2.3522,35,
2024-05-24T01:00:00+00:00,26.64,33.99,16.64,65.48,20,40,Paris,,48.8566,2.3522,35,
2024-05-24T02:00:00+00:00,26.74,35.55,18.79,79.68,20,40,Paris,,48.8566,2.3522,35,
2024-05-24T03:00:00+00:00,23.4,30.28,20.34,77.85,20,40,Paris,,48.8566,2.3522,35,
2024-05-24T04:00:00+00:00,27.62,40.68,19.96,74.23,20,40,Paris,,48.8566,2.3522,35,
2024-05-24T05:00:00+00:00,29.98,39.1,21.58,83.55,20,40,Paris,,48.8566,2.3522,35,
2024-05-24T06:00:00+00:00,23.77,28.73,20.75,86.19,20,40,Paris,,48.8566,2.3522,35,
2024-05-24T07:00:00+00:00,26.25,37.22,21.16,77.13,20,40,Paris,,48.8566,2.3522,35,
2024-05-24T08:00:00+00:00,29.3,37.99,21.39,77.43,20,40,Paris,,48.8566,2.3522,35,
2024-05-24T09:00:00+00:00,25.74,32.86,21.1,69.34,20,40,Paris,,48.8566,2.3522,35,
2024-05-24T10:00:00+00:00,23.97,34.28,17.68,79.21,20,40,Paris,,48.8566,2.3522,35,
2024-05-24T11:00:00+00:00,26.97,33.41,17.32,69.2,20,40,Paris,,48.8566,2.3522,35,
2024-05-24T12:00:00+00:00,29.36,38.67,16.16,69.79,20,40,Paris,,48.8566,2.3522,35,
2024-05-24T13:00:00+00:00,27.81,37.9,16.57,74.01,20,40,Paris,,48.8566,2.3522,35,
2024-05-24T14:00:00+00:00,26.74,33.74,16.07,70.21,20,40,Paris,,48.8566,2.3522,35,
2024-05-24T15:00:00+00:00,20.86,30.65,14.18,62.31,20,40,Paris,,48.8566,2.3522,35,
2024-05-24T16:00:00+00:00,22.33,30.41,12.71,60.52,20,40,Paris,,48.8566,2.3522,35,
2024-05-24T17:00:00+00:00,27.94,37.18,12.48,61.32,20,40,Paris,,48.8566,2.3522,35,
2024-05-24T18:00:00+00:00,20.78,24.23,13.96,62.01,20,40,Paris,,48.8566,2.3522,35,
2024-05-24T19:00:00+00:00,28.62,35.65,12.38,67.67,20,40,Paris,,48.8566,2.3522,35,
2024-05-24T20:00:00+00:00,23.15,32.14,14.97,65.49,20,40,Paris,,48.8566,2.3522,35,
2024-05-24T21:00:00+00:00,21.71,31.49,15.41,63.65,20,40,Paris,,48.8566,2.3522,35,
2024-05-24T22:00:00+00:00,28.97,43.08,14.34,65.18,20,40,Paris,,48.8566,2.3522,35,
2024-05-24T23:00:00+00:00,21.93,28.58,16.44,59.48,20,40,Paris,,48.8566,2.3522,35,
2024-05-25T00:00:00+00:00,22.64,28.75,15.65,71.49,20,40,Paris,,48.8566,2.3522,35,
2024-05-25T01:00:00+00:00,21.08,29.43,16.75,70.65,20,40,Paris,,48.8566,2.3522,35,
2024-05-25T02:00:00+00:00,27.36,37.1,17.8,71.85,20,40,Paris,,48.8566,2.3522,35,
2024-05-25T03:00:00+00:00,27.95,36.91,19.82,79.37,20,40,Paris,,48.8566,2.3522,35,
2024-05-25T04:00:00+00:00,24.99,33.62,20.09,73.72,20,40,Paris,,48.8566,2.3522,35,
2024-05-25T05:00:00+00:00,23.77,35.9,19.87,72.94,20,40,Paris,,48.8566,2.3522,35,
2024-05-25T06:00:00+00:00,23.34,31.41,22.21,81.39,20,40,Paris,,48.8566,2.3522,35,
2024-05-25T07:00:00+00:00,25.97,38.98,21.1,81.05,20,40,Paris,,48.8566,2.3522,35,
2024-05-25T08:00:00+00:00,23.55,31.53,19.8,70.91,20,40,Paris,,48.8566,2.3522,35,
2024-05-25T09:00:00+00:00,22.58,32.06,18.47,73.84,20,40,Paris,,48.8566,2.3522,35,
2024-05-25T10:00:00+00:00,22.15,29.7,19.31,75.19,20,40,Paris,,48.8566,2.3522,35,
2024-05-25T11:00:00+00:00,21.07,25.51,18.61,66.21,20,40,Paris,,48.8566,2.3522,35,
2024-05-25T12:00:00+00:00,28.34,38.1,15.91,68.8,20,40,Paris,,48.8566,2.3522,35,
2024-05-25T13:00:00+00:00,25.81,33.62,14.66,73.13,20,40,Paris,,48.8566,2.3522,35,
2024-05-25T14:00:00+00:00,22.6,28.44,16.16,68.38,20,40,Paris,,48.8566,2.3522,35,
2024-05-25T15:00:00+00:00,27.29,39.0,13.2,67.78,20,40,Paris,,48.8566,2.3522,35,
2024-05-25T16:00:00+00:00,22.11,33.83,13.71,58.9,20,40,Paris,,48.8566,2.3522,35,
2024-05-25T17:00:00+00:00,25.75,38.0,12.27,68.18,20,40,Paris,,48.8566,2.3522,35,
2024-05-25T18:00:00+00:00,23.84,30.14,13.61,57.17,20,40,Paris,,48.8566,2.3522,35,
2024-05-25T19:00:00+00:00,19.8,27.51,12.93,58.85,20,40,Paris,,48.8566,2.3522,35,
2024-05-25T20:00:00+00:00,28.26,37.57,13.6,58.76,20,40,Paris,,48.8566,2.3522,35,
2024-05-25T21:00:00+00:00,26.88,34.41,13.87,63.12,20,40,Paris,,48.8566,2.3522,35,
2024-05-25T22:00:00+00:00,28.93,38.55,15.25,70.64,20,40,Paris,,48.8566,2.3522,35,
2024-05-25T23:00:00+00:00,27.18,40.3,16.3,71.85,20,40,Paris,,48.8566,2.3522,35,
2024-05-26T00:00:00+00:00,23.91,31.64,17.38,68.63,20,40,Paris,,48.8566,2.3522,35,
2024-05-26T01:00:00+00:00,28.82,42.35,17.36,72.62,20,40,Paris,,48.8566,2.3522,35,
2024-05-26T02:00:00+00:00,27.26,35.27,19.29,78.91,20,40,Paris,,48.8566,2.3522,35,
2024-05-26T03:00:00+00:00,29.55,38.27,18.45,77.14,20,40,Paris,,48.8566,2.3522,35,
2024-05-26T04:00:00+00:00,26.3,32.7,19.27,75.01,20,40,Paris,,48.8566,2.3522,35,
2024-05-26T05:00:00+00:00,23.03,29.2,20.21,75.53,20,40,Paris,,48.8566,2.3522,35,
2024-05-26T06:00:00+00:00,23.36,31.8,21.6,72.94,20,40,Paris,,48.8566,2.3522,35,
2024-05-26T07:00:00+00:00,24.92,31.56,21.78,74.39,20,40,Paris,,48.8566,2.3522,35,
2024-05-26T08:00:00+00:00,29.11,42.39,19.57,83.62,20,40,Paris,,48.8566,2.3522,35,
2024-05-26T09:00:00+00:00,22.83,31.17,18.92,79.63,20,40,Paris,,48.8566,2.3522,35,
2024-05-26T10:00:00+00:00,23.76,33.85,17.82,73.12,20,40,Paris,,48.8566,2.3522,35,
2024-05-26T11:00:00+00:00,22.2,31.59,17.44,65.42,20,40,Paris,,48.8566,2.3522,35,
2024-05-26T12:00:00+00:00,21.46,31.74,16.27,73.78,20,40,Paris,,48.8566,2.3522,35,
2024-05-26T13:00:00+00:00,29.46,41.36,15.53,74.38,20,40,Paris,,48.8566,2.3522,35,
2024-05-26T14:00:00+00:00,29.45,40.32,14.09,68.49,20,40,Paris,,48.8566,2.3522,35,
2024-05-26T15:00:00+00:00,24.77,33.08,15.26,70.51,20,40,Paris,,48.8566,2.3522,35,
2024-05-26T16:00:00+00:00,25.1,36.62,12.52,56.32,20,40,Paris,,48.8566,2.3522,35,
2024-05-26T17:00:00+00:00,24.83,35.37,12.55,66.66,20,40,Paris,,48.8566,2.3522,35,
2024-05-26T18:00:00+00:00,25.59,36.21,13.36,55.95,20,40,Paris,,48.8566,2.3522,35,
2024-05-26T19:00:00+00:00,29.32,37.39,12.13,66.32,20,40,Paris,,48.8566,2.3522,35,
2024-05-26T20:00:00+00:00,27.17,34.73,14.89,66.51,20,40,Paris,,48.8566,2.3522,35,
2024-05-26T21:00:00+00:00,24.6,29.66,14.54,55.65,20,40,Paris,,48.8566,2.3522,35,
2024-05-26T22:00:00+00:00,23.91,33.35,15.9,61.39,20,40,Paris,,48.8566,2.3522,35,
2024-05-26T23:00:00+00:00,24.49,31.95,14.99,68.61,20,40,Paris,,48.8566,2.3522,35,
2024-05-27T00:00:00+00:00,24.09,28.58,15.66,77.4,20,40,Paris,,48.8566,2.3522,35,
2024-05-27T01:00:00+00:00,24.58,32.36,18.86,73.7,20,40,Paris,,48.8566,2.3522,35,
2024-05-27T02:00:00+00:00,21.3,32.2,18.06,68.78,20,40,Paris,,48.8566,2.3522,35,
2024-05-27T03:00:00+00:00,27.96,37.02,20.17,70.75,20,40,Paris,,48.8566,2.3522,35,
2024-05-27T04:00:00+00:00,25.88,38.73,20.14,84.88,20,40,Paris,,48.8566,2.3522,35,
2024-05-27T05:00:00+00:00,29.07,41.5,22.17,85.59,20,40,Paris,,48.8566,2.3522,35,
2024-05-27T06:00:00+00:00,24.29,30.45,19.93,73.52,20,40,Paris,,48.8566,2.3522,35,
2024-05-27T07:00:00+00:00,28.35,37.7,19.64,77.47,20,40,Paris,,48.8566,2.3522,35,
2024-05-27T08:00:00+00:00,21.22,30.69,21.08,71.17,20,40,Paris,,48.8566,2.3522,35,
2024-05-27T09:00:00+00:00,23.94,35.42,18.39,76.4,20,40,Paris,,48.8566,2.3522,35,
2024-05-27T10:00:00+00:00,27.4,35.67,20.36,73.8,20,40,Paris,,48.8566,2.3522,35,
2024-05-27T11:00:00+00:00,22.35,33.2,19.36,70.97,20,40,Paris,,48.8566,2.3522,35,
2024-05-27T12:00:00+00:00,28.82,40.45,15.97,73.5,20,40,Paris,,48.8566,2.3522,35,
2024-05-27T13:00:00+00:00,29.07,38.92,15.91,69.59,20,40,Paris,,48.8566,2.3522,35,
2024-05-27T14:00:00+00:00,25.27,34.82,14.98,62.39,20,40,Paris,,48.8566,2.3522,35,
2024-05-27T15:00:00+00:00,25.98,37.68,15.02,70.68,20,40,Paris,,48.8566,2.3522,35,
2024-05-27T16:00:00+00:00,20.77,27.45,14.81,62.23,20,40,Paris,,48.8566,2.3522,35,
2024-05-27T17:00:00+00:00,27.37,38.7,14.29,57.9,20,40,Paris,,48.8566,2.3522,35,
2024-05-27T18:00:00+00:00,22.15,26.23,14.35,67.35,20,40,Paris,,48.8566,2.3522,35,
2024-05-27T19:00:00+00:00,25.99,35.44,14.62,56.56,20,40,Paris,,48.8566,2.3522,35,
2024-05-27T20:00:00+00:00,21.26,31.11,14.65,61.38,20,40,Paris,,48.8566,2.3522,35,
2024-05-27T21:00:00+00:00,23.17,30.93,13.93,65.16,20,40,Paris,,48.8566,2.3522,35,
2024-05-27T22:00:00+00:00,24.57,32.8,14.89,68.91,20,40,Paris,,48.8566,2.3522,35,
2024-05-27T23:00:00+00:00,24.28,34.26,16.93,70.38,20,40,Paris,,48.8566,2.3522,35,
2024-05-28T00:00:00+00:00,22.43,32.25,16.23,62.89,20,40,Paris,,48.8566,2.3522,35,
2024-05-28T01:00:00+00:00,28.52,38.91,16.92,68.72,20,40,Paris,,48.8566,2.3522,35,
2024-05-28T02:00:00+00:00,27.04,35.03,18.58,68.31,20,40,Paris,,48.8566,2.3522,35,
2024-05-28T03:00:00+00:00,23.56,30.46,18.4,69.74,20,40,Paris,,48.8566,2.3522,35,
2024-05-28T04:00:00+00:00,20.38,30.26,20.29,73.02,20,40,Paris,,48.8566,2.3522,35,
2024-05-28T05:00:00+00:00,25.92,36.99,20.42,75.47,20,40,Paris,,48.8566,2.3522,35,
2024-05-28T06:00:00+00:00,23.46,33.05,20.78,74.84,20,40,Paris,,48.8566,2.3522,35,
2024-05-28T07:00:00+00:00,27.19,35.96,19.95,81.9,20,40,Paris,,48.8566,2.3522,35,
2024-05-28T08:00:00+00:00,22.64,34.48,21.58,79.0,20,40,Paris,,48.8566,2.3522,35,
2024-05-28T09:00:00+00:00,22.32,29.46,19.38,84.69,20,40,Paris,,48.8566,2.3522,35,
2024-05-28T10:00:00+00:00,26.11,33.82,18.88,82.28,20,40,Paris,,48.8566,2.3522,35,
2024-05-28T11:00:00+00:00,26.9,37.18,18.26,73.34,20,40,Paris,,48.8566,2.3522,35,
2024-05-28T12:00:00+00:00,25.67,35.39,17.1,68.13,20,40,Paris,,48.8566,2.3522,35,
2024-05-28T13:00:00+00:00,21.7,29.54,15.72,65.38,20,40,Paris,,48.8566,2.3522,35,
2024-05-28T14:00:00+00:00,25.27,32.87,15.71,63.11,20,40,Paris,,48.8566,2.3522,35,
2024-05-28T15:00:00+00:00,29.33,39.15,13.25,68.29,20,40,Paris,,48.8566,2.3522,35,
2024-05-28T16:00:00+00:00,24.71,30.9,12.46,66.6,20,40,Paris,,48.8566,2.3522,35,
2024-05-28T17:00:00+00:00,20.54,31.44,13.33,57.9,20,40,Paris,,48.8566,2.3522,35,
2024-05-28T18:00:00+00:00,21.29,29.79,13.57,60.03,20,40,Paris,,48.8566,2.3522,35,
2024-05-28T19:00:00+00:00,28.43,37.27,12.85,59.89,20,40,Paris,,48.8566,2.3522,35,
2024-05-28T20:00:00+00:00,22.39,30.4,14.68,56.31,20,40,Paris,,48.8566,2.3522,35,
2024-05-28T21:00:00+00:00,21.01,30.99,15.53,62.83,20,40,Paris,,48.8566,2.3522,35,
2024-05-28T22:00:00+00:00,26.08,32.08,15.14,67.31,20,40,Paris,,48.8566,2.3522,35,
2024-05-28T23:00:00+00:00,20.83,26.39,16.02,61.71,20,40,Paris,,48.8566,2.3522,35,
2024-05-29T00:00:00+00:00,21.54,29.98,17.81,75.47,20,40,Paris,,48.8566,2.3522,35,
2024-05-29T01:00:00+00:00,25.75,32.47,18.45,73.62,20,40,Paris,,48.8566,2.3522,35,
2024-05-29T02:00:00+00:00,26.76,36.55,17.75,74.62,20,40,Paris,,48.8566,2.3522,35,
2024-05-29T03:00:00+00:00,20.62,31.45,21.3,70.47,20,40,Paris,,48.8566,2.3522,35,
2024-05-29T04:00:00+00:00,28.69,37.38,20.37,77.72,20,40,Paris,,48.8566,2.3522,35,
2024-05-29T05:00:00+00:00,27.2,36.25,21.21,87.49,20,40,Paris,,48.8566,2.3522,35,
2024-05-29T06:00:00+00:00,28.53,36.72,21.47,83.89,20,40,Paris,,48.8566,2.3522,35,
2024-05-29T07:00:00+00:00,25.25,37.67,22.09,76.16,20,40,Paris,,48.8566,2.3522,35,
2024-05-29T08:00:00+00:00,23.37,28.25,19.5,72.0,20,40,Paris,,48.8566,2.3522,35,
2024-05-29T09:00:00+00:00,21.66,31.51,21.1,70.3,20,40,Paris,,48.8566,2.3522,35,
2024-05-29T10:00:00+00:00,22.55,34.44,19.38,82.95,20,40,Paris,,48.8566,2.3522,35,
2024-05-29T11:00:00+00:00,25.96,34.5,18.92,69.49,20,40,Paris,,48.8566,2.3522,35,
2024-05-29T12:00:00+00:00,25.36,32.23,17.17,76.43,20,40,Paris,,48.8566,2.3522,35,
2024-05-29T13:00:00+00:00,28.04,38.35,17.25,75.15,20,40,Paris,,48.8566,2.3522,35,
2024-05-29T14:00:00+00:00,25.01,34.32,15.62,66.06,20,40,Paris,,48.8566,2.3522,35,
2024-05-29T15:00:00+00:00,22.69,33.71,14.58,56.23,20,40,Paris,,48.8566,2.3522,35,
2024-05-29T16:00:00+00:00,26.81,38.92,12.83,60.79,20,40,Paris,,48.8566,2.3522,35,
2024-05-29T17:00:00+00:00,28.29,38.83,12.17,63.2,20,40,Paris,,48.8566,2.3522,35,
2024-05-29T18:00:00+00:00,21.27,24.83,12.64,64.12,20,40,Paris,,48.8566,2.3522,35,
2024-05-29T19:00:00+00:00,22.76,32.08,11.67,60.07,20,40,Paris,,48.8566,2.3522,35,
2024-05-29T20:00:00+00:00,21.66,27.56,13.64,56.07,20,40,Paris,,48.8566,2.3522,35,
2024-05-29T21:00:00+00:00,24.43,33.68,14.13,57.53,20,40,Paris,,48.8566,2.3522,35,
2024-05-29T22:00:00+00:00,24.75,33.02,14.67,68.91,20,40,Paris,,48.8566,2.3522,35,
2024-05-29T23:00:00+00:00,22.54,33.9,14.78,63.42,20,40,Paris,,48.8566,2.3522,35,
2024-05-30T00:00:00+00:00,21.51,28.82,16.82,64.81,20,40,Paris,,48.8566,2.3522,35,
2024-05-30T01:00:00+00:00,27.25,40.77,18.92,71.77,20,40,Paris,,48.8566,2.3522,35,
2024-05-30T02:00:00+00:00,24.87,30.94,18.57,70.63,20,40,Paris,,48.8566,2.3522,35,
2024-05-30T03:00:00+00:00,22.64,32.23,19.45,77.11,20,40,Paris,,48.8566,2.3522,35,
2024-05-30T04:00:00+00:00,23.07,31.98,21.65,73.76,20,40,Paris,,48.8566,2.3522,35,
2024-05-30T05:00:00+00:00,28.52,35.07,20.07,79.01,20,40,Paris,,48.8566,2.3522,35,
2024-05-30T06:00:00+00:00,24.53,34.32,21.37,82.52,20,40,Paris,,48.8566,2.3522,35,
2024-05-30T07:00:00+00:00,26.4,35.02,22.0,74.57,20,40,Paris,,48.8566,2.3522,35,
2024-05-30T08:00:00+00:00,22.7,27.04,20.41,76.01,20,40,Paris,,48.8566,2.3522,35,
2024-05-30T09:00:00+00:00,27.61,37.99,21.1,83.01,20,40,Paris,,48.8566,2.3522,35,
2024-05-30T10:00:00+00:00,29.83,43.6,18.99,79.56,20,40,Paris,,48.8566,2.3522,35,
2024-05-30T11:00:00+00:00,21.2,25.34,16.82,74.17,20,40,Paris,,48.8566,2.3522,35,
2024-05-30T12:00:00+00:00,21.87,26.0,18.09,67.2,20,40,Paris,,48.8566,2.3522,35,
2024-05-30T13:00:00+00:00,28.6,41.38,16.43,68.75,20,40,Paris,,48.8566,2.3522,35,
2024-05-30T14:00:00+00:00,21.19,24.79,14.73,58.56,20,40,Paris,,48.8566,2.3522,35,
2024-05-30T15:00:00+00:00,26.28,32.32,15.41,67.95,20,40,Paris,,48.8566,2.3522,35,
2024-05-30T16:00:00+00:00,26.06,34.11,13.71,65.79,20,40,Paris,,48.8566,2.3522,35,
2024-05-30T17:00:00+00:00,23.78,33.6,13.46,64.85,20,40,Paris,,48.8566,2.3522,35,
2024-05-30T18:00:00+00:00,21.67,32.64,13.04,56.32,20,40,Paris,,48.8566,2.3522,35,
2024-05-30T19:00:00+00:00,26.05,35.17,12.08,56.68,20,40,Paris,,48.8566,2.3522,35,
2024-05-30T20:00:00+00:00,24.77,31.68,13.7,55.7,20,40,Paris,,48.8566,2.3522,35,
2024-05-30T21:00:00+00:00,28.05,40.16,13.98,64.81,20,40,Paris,,48.8566,2.3522,35,
2024-05-30T22:00:00+00:00,25.68,33.9,15.68,60.54,20,40,Paris,,48.8566,2.3522,35,
2024-05-30T23:00:00+00:00,22.31,28.17,16.51,66.59,20,40,Paris,,48.8566,2.3522,35,
2024-05-31T00:00:00+00:00,19.9,27.72,18.12,65.52,20,40,Paris,,48.8566,2.3522,35,
2024-05-31T01:00:00+00:00,27.5,35.41,18.12,78.09,20,40,Paris,,48.8566,2.3522,35,
2024-05-31T02:00:00+00:00,30.13,39.3,19.07,82.78,20,40,Paris,,48.8566,2.3522,35,
2024-05-31T03:00:00+00:00,27.09,37.88,20.63,69.75,20,40,Paris,,48.8566,2.3522,35,
2024-05-31T04:00:00+00:00,27.8,36.78,19.02,80.51,20,40,Paris,,48.8566,2.3522,35,
2024-05-31T05:00:00+00:00,23.48,34.92,20.76,75.73,20,40,Paris,,48.8566,2.3522,35,
2024-05-31T06:00:00+00:00,22.53,28.42,21.84,73.94,20,40,Paris,,48.8566,2.3522,35,
2024-05-31T07:00:00+00:00,21.58,31.79,22.16,74.38,20,40,Paris,,48.8566,2.3522,35,
2024-05-31T08:00:00+00:00,23.37,30.76,20.89,82.82,20,40,Paris,,48.8566,2.3522,35,
2024-05-31T09:00:00+00:00,25.12,30.92,20.24,79.91,20,40,Paris,,48.8566,2.3522,35,
2024-05-31T10:00:00+00:00,29.39,36.52,18.62,78.03,20,40,Paris,,48.8566,2.3522,35,
2024-05-31T11:00:00+00:00,23.2,29.62,16.64,69.86,20,40,Paris,,48.8566,2.3522,35,
2024-05-31T12:00:00+00:00,24.95,33.25,16.63,75.64,20,40,Paris,,48.8566,2.3522,35,
2024-05-31T13:00:00+00:00,23.68,31.75,16.11,71.2,20,40,Paris,,48.8566,2.3522,35,
2024-05-31T14:00:00+00:00,21.41,25.4,15.67,61.76,20,40,Paris,,48.8566,2.3522,35,
2024-05-31T15:00:00+00:00,23.49,33.36,13.86,56.53,20,40,Paris,,48.8566,2.3522,35,
2024-05-31T16:00:00+00:00,28.46,39.52,12.62,60.78,20,40,Paris,,48.8566,2.3522,35,
2024-05-31T17:00:00+00:00,28.69,42.12,13.41,64.89,20,40,Paris,,48.8566,2.3522,35,
2024-05-31T18:00:00+00:00,26.82,38.14,12.1,55.16,20,40,Paris,,48.8566,2.3522,35,
2024-05-31T19:00:00+00:00,22.7,32.46,12.55,62.74,20,40,Paris,,48.8566,2.3522,35,
2024-05-31T20:00:00+00:00,26.86,32.48,12.51,67.15,20,40,Paris,,48.8566,2.3522,35,
2024-05-31T21:00:00+00:00,25.46,33.26,14.06,66.55,20,40,Paris,,48.8566,2.3522,35,
2024-05-31T22:00:00+00:00,23.8,30.12,15.29,61.98,20,40,Paris,,48.8566,2.3522,35,
2024-05-31T23:00:00+00:00,27.02,35.12,14.59,61.56,20,40,Paris,,48.8566,2.3522,35,
2024-06-01T00:00:00+00:00,18.69,21.94,22.12,74.57,20,40,Paris,,48.8566,2.3522,35,
2024-06-01T01:00:00+00:00,20.73,31.89,20.77,70.91,20,40,Paris,,48.8566,2.3522,35,
2024-06-01T02:00:00+00:00,20.45,31.43,24.48,70.48,20,40,Paris,,48.8566,2.3522,35,
2024-06-01T03:00:00+00:00,19.09,28.22,24.8,72.91,20,40,Paris,,48.8566,2.3522,35,
2024-06-01T04:00:00+00:00,20.74,31.1,25.08,74.94,20,40,Paris,,48.8566,2.3522,35,
2024-06-01T05:00:00+00:00,20.2,30.87,26.0,77.38,20,40,Paris,,48.8566,2.3522,35,
2024-06-01T06:00:00+00:00,16.31,23.14,23.65,82.81,20,40,Paris,,48.8566,2.3522,35,
2024-06-01T07:00:00+00:00,16.38,18.76,25.32,72.62,20,40,Paris,,48.8566,2.3522,35,
2024-06-01T08:00:00+00:00,19.99,24.73,23.62,83.21,20,40,Paris,,48.8566,2.3522,35,
2024-06-01T09:00:00+00:00,15.6,18.5,22.47,73.72,20,40,Paris,,48.8566,2.3522,35,
2024-06-01T10:00:00+00:00,18.68,27.07,24.23,70.35,20,40,Paris,,48.8566,2.3522,35,
2024-06-01T11:00:00+00:00,16.67,18.75,21.77,70.53,20,40,Paris,,48.8566,2.3522,35,
2024-06-01T12:00:00+00:00,20.56,24.0,20.57,72.58,20,40,Paris,,48.8566,2.3522,35,
2024-06-01T13:00:00+00:00,13.89,21.2,21.29,61.98,20,40,Paris,,48.8566,2.3522,35,
2024-06-01T14:00:00+00:00,17.01,21.21,18.96,64.09,20,40,Paris,,48.8566,2.3522,35,
2024-06-01T15:00:00+00:00,15.4,24.28,17.99,55.06,20,40,Paris,,48.8566,2.3522,35,
2024-06-01T16:00:00+00:00,19.41,24.96,16.33,68.0,20,40,Paris,,48.8566,2.3522,35,
2024-06-01T17:00:00+00:00,19.03,25.44,17.75,63.42,20,40,Paris,,48.8566,2.3522,35,
2024-06-01T18:00:00+00:00,17.5,20.09,18.05,66.63,20,40,Paris,,48.8566,2.3522,35,
2024-06-01T19:00:00+00:00,19.19,28.31,15.96,55.66,20,40,Paris,,48.8566,2.3522,35,
2024-06-01T20:00:00+00:00,19.49,29.2,19.01,57.08,20,40,Paris,,48.8566,2.3522,35,
2024-06-01T21:00:00+00:00,15.87,21.09,19.23,67.66,20,40,Paris,,48.8566,2.3522,35,
2024-06-01T22:00:00+00:00,19.88,28.33,18.8,71.7,20,40,Paris,,48.8566,2.3522,35,
2024-06-01T23:00:00+00:00,21.27,32.19,19.31,75.05,20,40,Paris,,48.8566,2.3522,35,
2024-06-02T00:00:00+00:00,20.38,27.59,20.35,75.17,20,40,Paris,,48.8566,2.3522,35,
2024-06-02T01:00:00+00:00,16.95,25.78,20.54,69.68,20,40,Paris,,48.8566,2.3522,35,
2024-06-02T02:00:00+00:00,16.46,23.85,23.55,68.89,20,40,Paris,,48.8566,2.3522,35,
2024-06-02T03:00:00+00:00,17.14,23.17,23.35,84.58,20,40,Paris,,48.8566,2.3522,35,
2024-06-02T04:00:00+00:00,17.31,22.59,22.99,81.95,20,40,Paris,,48.8566,2.3522,35,
2024-06-02T05:00:00+00:00,16.58,21.22,24.32,86.84,20,40,Paris,,48.8566,2.3522,35,
2024-06-02T06:00:00+00:00,19.02,23.14,24.27,72.19,20,40,Paris,,48.8566,2.3522,35,
2024-06-02T07:00:00+00:00,19.88,29.38,26.23,73.69,20,40,Paris,,48.8566,2.3522,35,
2024-06-02T08:00:00+00:00,21.0,31.69,25.76,79.77,20,40,Paris,,48.8566,2.3522,35,
2024-06-02T09:00:00+00:00,16.41,19.21,24.06,73.59,20,40,Paris,,48.8566,2.3522,35,
2024-06-02T10:00:00+00:00,17.34,27.02,23.78,72.73,20,40,Paris,,48.8566,2.3522,35,
2024-06-02T11:00:00+00:00,19.89,26.47,22.94,77.73,20,40,Paris,,48.8566,2.3522,35,
2024-06-02T12:00:00+00:00,14.37,16.32,19.72,63.29,20,40,Paris,,48.8566,2.3522,35,
2024-06-02T13:00:00+00:00,15.13,23.86,18.84,71.82,20,40,Paris,,48.8566,2.3522,35,
2024-06-02T14:00:00+00:00,18.68,25.4,18.87,71.02,20,40,Paris,,48.8566,2.3522,35,
2024-06-02T15:00:00+00:00,16.66,24.42,16.9,68.97,20,40,Paris,,48.8566,2.3522,35,
2024-06-02T16:00:00+00:00,14.83,20.7,17.23,61.36,20,40,Paris,,48.8566,2.3522,35,
2024-06-02T17:00:00+00:00,18.33,23.75,17.53,55.7,20,40,Paris,,48.8566,2.3522,35,
2024-06-02T18:00:00+00:00,16.46,24.49,16.41,54.72,20,40,Paris,,48.8566,2.3522,35,
2024-06-02T19:00:00+00:00,14.71,17.02,16.6,66.59,20,40,Paris,,48.8566,2.3522,35,
2024-06-02T20:00:00+00:00,14.23,15.28,18.54,55.66,20,40,Paris,,48.8566,2.3522,35,
2024-06-02T21:00:00+00:00,18.37,21.46,17.94,67.28,20,40,Paris,,48.8566,2.3522,35,
2024-06-02T22:00:00+00:00,15.9,24.89,20.25,71.96,20,40,Paris,,48.8566,2.3522,35,
2024-06-02T23:00:00+00:00,14.99,17.51,19.95,66.39,20,40,Paris,,48.8566,2.3522,35,
2024-06-03T00:00:00+00:00,18.18,28.26,22.04,74.46,20,40,Paris,,48.8566,2.3522,35,
2024-06-03T01:00:00+00:00,20.05,25.74,21.03,80.31,20,40,Paris,,48.8566,2.3522,35,
2024-06-03T02:00:00+00:00,16.83,19.64,23.19,70.62,20,40,Paris,,48.8566,2.3522,35,
2024-06-03T03:00:00+00:00,20.06,27.65,22.69,83.17,20,40,Paris,,48.8566,2.3522,35,
2024-06-03T04:00:00+00:00,21.06,29.45,23.88,86.26,20,40,Paris,,48.8566,2.3522,35,
2024-06-03T05:00:00+00:00,21.14,25.39,24.15,83.34,20,40,Paris,,48.8566,2.3522,35,
2024-06-03T06:00:00+00:00,16.93,24.35,24.76,72.19,20,40,Paris,,48.8566,2.3522,35,
2024-06-03T07:00:00+00:00,20.92,25.83,25.28,80.79,20,40,Paris,,48.8566,2.3522,35,
2024-06-03T08:00:00+00:00,18.49,22.65,25.24,84.98,20,40,Paris,,48.8566,2.3522,35,
2024-06-03T09:00:00+00:00,20.19,27.08,23.43,79.81,20,40,Paris,,48.8566,2.3522,35,
2024-06-03T10:00:00+00:00,14.84,21.26,22.22,75.02,20,40,Paris,,48.8566,2.3522,35,
2024-06-03T11:00:00+00:00,19.38,24.84,21.71,65.38,20,40,Paris,,48.8566,2.3522,35,
2024-06-03T12:00:00+00:00,16.86,25.83,22.05,70.26,20,40,Paris,,48.8566,2.3522,35,
2024-06-03T13:00:00+00:00,17.53,26.75,21.0,59.6,20,40,Paris,,48.8566,2.3522,35,
2024-06-03T14:00:00+00:00,18.06,25.53,20.26,69.87,20,40,Paris,,48.8566,2.3522,35,
2024-06-03T15:00:00+00:00,15.87,19.6,18.99,66.55,20,40,Paris,,48.8566,2.3522,35,
2024-06-03T16:00:00+00:00,14.38,22.15,17.76,58.3,20,40,Paris,,48.8566,2.3522,35,
2024-06-03T17:00:00+00:00,16.06,24.99,15.99,67.64,20,40,Paris,,48.8566,2.3522,35,
2024-06-03T18:00:00+00:00,16.81,23.3,16.74,61.41,20,40,Paris,,48.8566,2.3522,35,
2024-06-03T19:00:00+00:00,18.54,27.9,16.01,54.27,20,40,Paris,,48.8566,2.3522,35,
2024-06-03T20:00:00+00:00,16.78,22.58,16.59,65.72,20,40,Paris,,48.8566,2.3522,35,
2024-06-03T21:00:00+00:00,17.09,23.34,17.64,63.07,20,40,Paris,,48.8566,2.3522,35,
2024-06-03T22:00:00+00:00,19.86,28.84,17.69,68.79,20,40,Paris,,48.8566,2.3522,35,
2024-06-03T23:00:00+00:00,15.39,21.44,20.53,66.63,20,40,Paris,,48.8566,2.3522,35,
2024-06-04T00:00:00+00:00,18.37,23.51,20.33,65.47,20,40,Paris,,48.8566,2.3522,35,
2024-06-04T01:00:00+00:00,19.17,26.32,23.39,74.81,20,40,Paris,,48.8566,2.3522,35,
2024-06-04T02:00:00+00:00,19.98,25.05,23.55,80.86,20,40,Paris,,48.8566,2.3522,35,
2024-06-04T03:00:00+00:00,19.11,21.96,24.86,72.61,20,40,Paris,,48.8566,2.3522,35,
2024-06-04T04:00:00+00:00,18.78,24.27,25.87,74.44,20,40,Paris,,48.8566,2.3522,35,
2024-06-04T05:00:00+00:00,18.24,22.09,26.14,76.59,20,40,Paris,,48.8566,2.3522,35,
2024-06-04T06:00:00+00:00,19.57,24.47,24.6,72.97,20,40,Paris,,48.8566,2.3522,35,
2024-06-04T07:00:00+00:00,19.12,27.1,25.36,84.2,20,40,Paris,,48.8566,2.3522,35,
2024-06-04T08:00:00+00:00,20.08,31.02,23.01,82.29,20,40,Paris,,48.8566,2.3522,35,
2024-06-04T09:00:00+00:00,20.53,26.45,24.97,82.35,20,40,Paris,,48.8566,2.3522,35,
2024-06-04T10:00:00+00:00,15.66,20.17,24.0,78.8,20,40,Paris,,48.8566,2.3522,35,
2024-06-04T11:00:00+00:00,20.75,30.83,22.41,76.13,20,40,Paris,,48.8566,2.3522,35,
2024-06-04T12:00:00+00:00,17.61,22.62,21.35,65.52,20,40,Paris,,48.8566,2.3522,35,
2024-06-04T13:00:00+00:00,16.66,23.74,19.95,64.65,20,40,Paris,,48.8566,2.3522,35,
2024-06-04T14:00:00+00:00,19.66,30.42,19.31,66.37,20,40,Paris,,48.8566,2.3522,35,
2024-06-04T15:00:00+00:00,17.7,21.24,17.84,67.55,20,40,Paris,,48.8566,2.3522,35,
2024-06-04T16:00:00+00:00,15.62,19.97,16.35,58.06,20,40,Paris,,48.8566,2.3522,35,
2024-06-04T17:00:00+00:00,19.13,22.91,17.9,65.58,20,40,Paris,,48.8566,2.3522,35,
2024-06-04T18:00:00+00:00,18.35,21.47,17.19,65.19,20,40,Paris,,48.8566,2.3522,35,
2024-06-04T19:00:00+00:00,14.89,21.18,15.7,66.2,20,40,Paris,,48.8566,2.3522,35,
2024-06-04T20:00:00+00:00,17.05,25.4,16.18,68.17,20,40,Paris,,48.8566,2.3522,35,
2024-06-04T21:00:00+00:00,13.74,20.75,19.06,58.07,20,40,Paris,,48.8566,2.3522,35,
2024-06-04T22:00:00+00:00,18.09,28.32,18.01,69.86,20,40,Paris,,48.8566,2.3522,35,
2024-06-04T23:00:00+00:00,14.86,22.06,21.21,68.84,20,40,Paris,,48.8566,2.3522,35,
2024-06-05T00:00:00+00:00,19.98,23.39,20.63,64.49,20,40,Paris,,48.8566,2.3522,35,
2024-06-05T01:00:00+00:00,20.23,24.12,22.02,72.17,20,40,Paris,,48.8566,2.3522,35,
2024-06-05T02:00:00+00:00,18.61,26.43,21.54,69.05,20,40,Paris,,48.8566,2.3522,35,
2024-06-05T03:00:00+00:00,17.03,24.29,22.37,76.09,20,40,Paris,,48.8566,2.3522,35,
2024-06-05T04:00:00+00:00,17.67,25.64,24.48,86.29,20,40,Paris,,48.8566,2.3522,35,
2024-06-05T05:00:00+00:00,18.36,27.17,24.44,74.07,20,40,Paris,,48.8566,2.3522,35,
2024-06-05T06:00:00+00:00,18.85,25.92,25.93,78.9,20,40,Paris,,48.8566,2.3522,35,
2024-06-05T07:00:00+00:00,21.11,30.66,23.68,84.52,20,40,Paris,,48.8566,2.3522,35,
2024-06-05T08:00:00+00:00,15.37,17.25,25.29,83.86,20,40,Paris,,48.8566,2.3522,35,
2024-06-05T09:00:00+00:00,20.06,29.34,24.29,78.79,20,40,Paris,,48.8566,2.3522,35,
2024-06-05T10:00:00+00:00,17.07,21.39,21.71,70.9,20,40,Paris,,48.8566,2.3522,35,
2024-06-05T11:00:00+00:00,15.57,17.9,22.78,72.73,20,40,Paris,,48.8566,2.3522,35,
2024-06-05T12:00:00+00:00,17.83,23.95,21.8,64.09,20,40,Paris,,48.8566,2.3522,35,
2024-06-05T13:00:00+00:00,20.78,32.02,20.97,70.88,20,40,Paris,,48.8566,2.3522,35,
2024-06-05T14:00:00+00:00,18.29,23.85,20.11,70.86,20,40,Paris,,48.8566,2.3522,35,
2024-06-05T15:00:00+00:00,18.66,22.99,19.57,61.82,20,40,Paris,,48.8566,2.3522,35,
2024-06-05T16:00:00+00:00,18.97,23.43,17.18,56.53,20,40,Paris,,48.8566,2.3522,35,
2024-06-05T17:00:00+00:00,15.65,19.51,18.1,66.73,20,40,Paris,,48.8566,2.3522,35,
2024-06-05T18:00:00+00:00,17.46,27.46,16.3,54.3,20,40,Paris,,48.8566,2.3522,35,
2024-06-05T19:00:00+00:00,17.74,24.81,17.24,53.88,20,40,Paris,,48.8566,2.3522,35,
2024-06-05T20:00:00+00:00,18.5,23.22,17.85,54.39,20,40,Paris,,48.8566,2.3522,35,
2024-06-05T21:00:00+00:00,16.98,25.04,17.43,58.12,20,40,Paris,,48.8566,2.3522,35,
2024-06-05T22:00:00+00:00,18.19,28.16,19.54,72.54,20,40,Paris,,48.8566,2.3522,35,
2024-06-05T23:00:00+00:00,20.27,27.86,19.1,73.51,20,40,Paris,,48.8566,2.3522,35,
2024-06-06T00:00:00+00:00,17.48,20.41,20.71,77.62,20,40,Paris,,48.8566,2.3522,35,
2024-06-06T01:00:00+00:00,15.02,18.49,21.58,64.87,20,40,Paris,,48.8566,2.3522,35,
2024-06-06T02:00:00+00:00,16.03,18.57,23.4,82.51,20,40,Paris,,48.8566,2.3522,35,
2024-06-06T03:00:00+00:00,20.45,24.59,22.78,77.95,20,40,Paris,,48.8566,2.3522,35,
2024-06-06T04:00:00+00:00,15.78,23.4,25.28,81.79,20,40,Paris,,48.8566,2.3522,35,
2024-06-06T05:00:00+00:00,20.51,25.27,23.38,77.48,20,40,Paris,,48.8566,2.3522,35,
2024-06-06T06:00:00+00:00,15.32,21.31,25.2,75.79,20,40,Paris,,48.8566,2.3522,35,
2024-06-06T07:00:00+00:00,17.17,19.86,23.79,73.98,20,40,Paris,,48.8566,2.3522,35,
2024-06-06T08:00:00+00:00,20.23,24.92,23.31,72.62,20,40,Paris,,48.8566,2.3522,35,
2024-06-06T09:00:00+00:00,18.3,22.7,22.46,81.68,20,40,Paris,,48.8566,2.3522,35,
2024-06-06T10:00:00+00:00,20.39,29.15,24.32,81.84,20,40,Paris,,48.8566,2.3522,35,
2024-06-06T11:00:00+00:00,15.85,20.13,22.92,70.95,20,40,Paris,,48.8566,2.3522,35,
2024-06-06T12:00:00+00:00,15.82,21.86,22.2,67.98,20,40,Paris,,48.8566,2.3522,35,
2024-06-06T13:00:00+00:00,14.53,20.87,20.37,65.9,20,40,Paris,,48.8566,2.3522,35,
2024-06-06T14:00:00+00:00,18.93,29.32,18.46,66.15,20,40,Paris,,48.8566,2.3522,35,
2024-06-06T15:00:00+00:00,19.91,24.73,17.77,70.02,20,40,Paris,,48.8566,2.3522,35,
2024-06-06T16:00:00+00:00,14.97,21.48,18.38,64.32,20,40,Paris,,48.8566,2.3522,35,
2024-06-06T17:00:00+00:00,18.78,22.68,16.81,68.01,20,40,Paris,,48.8566,2.3522,35,
2024-06-06T18:00:00+00:00,16.9,26.12,15.98,60.65,20,40,Paris,,48.8566,2.3522,35,
2024-06-06T19:00:00+00:00,20.62,28.66,15.92,62.03,20,40,Paris,,48.8566,2.3522,35,
2024-06-06T20:00:00+00:00,16.24,24.47,17.4,54.62,20,40,Paris,,48.8566,2.3522,35,
2024-06-06T21:00:00+00:00,19.85,29.4,18.86,67.44,20,40,Paris,,48.8566,2.3522,35,
2024-06-06T22:00:00+00:00,15.79,21.92,17.67,63.03,20,40,Paris,,48.8566,2.3522,35,
2024-06-06T23:00:00+00:00,19.01,28.06,20.23,75.2,20,40,Paris,,48.8566,2.3522,35,
2024-06-07T00:00:00+00:00,14.84,23.26,22.38,73.64,20,40,Paris,,48.8566,2.3522,35,
2024-06-07T01:00:00+00:00,16.42,24.18,23.13,74.93,20,40,Paris,,48.8566,2.3522,35,
2024-06-07T02:00:00+00:00,19.25,26.38,21.7,81.4,20,40,Paris,,48.8566,2.3522,35,
2024-06-07T03:00:00+00:00,16.43,19.88,23.94,75.19,20,40,Paris,,48.8566,2.3522,35,
2024-06-07T04:00:00+00:00,14.17,19.58,24.72,71.37,20,40,Paris,,48.8566,2.3522,35,
2024-06-07T05:00:00+00:00,15.99,17.96,23.65,78.49,20,40,Paris,,48.8566,2.3522,35,
2024-06-07T06:00:00+00:00,16.5,19.94,24.61,76.73,20,40,Paris,,48.8566,2.3522,35,
2024-06-07T07:00:00+00:00,17.23,21.02,24.93,84.37,20,40,Paris,,48.8566,2.3522,35,
2024-06-07T08:00:00+00:00,17.98,26.92,24.86,75.79,20,40,Paris,,48.8566,2.3522,35,
2024-06-07T09:00:00+00:00,21.24,26.28,23.42,84.85,20,40,Paris,,48.8566,2.3522,35,
2024-06-07T10:00:00+00:00,15.09,17.87,22.29,71.55,20,40,Paris,,48.8566,2.3522,35,
2024-06-07T11:00:00+00:00,16.88,24.0,21.14,73.25,20,40,Paris,,48.8566,2.3522,35,
2024-06-07T12:00:00+00:00,17.98,22.14,22.46,75.27,20,40,Paris,,48.8566,2.3522,35,
2024-06-07T13:00:00+00:00,20.05,28.12,18.7,69.5,20,40,Paris,,48.8566,2.3522,35,
2024-06-07T14:00:00+00:00,19.84,23.93,17.86,67.23,20,40,Paris,,48.8566,2.3522,35,
2024-06-07T15:00:00+00:00,16.5,18.28,17.13,60.37,20,40,Paris,,48.8566,2.3522,35,
2024-06-07T16:00:00+00:00,19.47,25.26,16.28,61.24,20,40,Paris,,48.8566,2.3522,35,
2024-06-07T17:00:00+00:00,16.7,24.95,17.98,67.5,20,40,Paris,,48.8566,2.3522,35,
2024-06-07T18:00:00+00:00,17.1,25.7,15.76,65.04,20,40,Paris,,48.8566,2.3522,35,
2024-06-07T19:00:00+00:00,13.91,18.83,17.07,59.54,20,40,Paris,,48.8566,2.3522,35,
2024-06-07T20:00:00+00:00,17.08,24.39,17.51,68.39,20,40,Paris,,48.8566,2.3522,35,
2024-06-07T21:00:00+00:00,18.11,21.12,18.79,63.48,20,40,Paris,,48.8566,2.3522,35,
2024-06-07T22:00:00+00:00,16.54,26.04,18.75,72.97,20,40,Paris,,48.8566,2.3522,35,
2024-06-07T23:00:00+00:00,15.67,17.3,18.48,65.49,20,40,Paris,,48.8566,2.3522,35,
2024-06-08T00:00:00+00:00,15.85,20.5,20.23,67.78,20,40,Paris,,48.8566,2.3522,35,
2024-06-08T01:00:00+00:00,15.05,22.67,20.57,68.65,20,40,Paris,,48.8566,2.3522,35,
2024-06-08T02:00:00+00:00,14.13,18.2,24.21,70.34,20,40,Paris,,48.8566,2.3522,35,
2024-06-08T03:00:00+00:00,16.01,20.61,22.49,74.01,20,40,Paris,,48.8566,2.3522,35,
2024-06-08T04:00:00+00:00,18.02,27.96,24.8,71.85,20,40,Paris,,48.8566,2.3522,35,
2024-06-08T05:00:00+00:00,15.42,16.86,25.89,85.35,20,40,Paris,,48.8566,2.3522,35,
2024-06-08T06:00:00+00:00,14.78,18.59,24.17,72.41,20,40,Paris,,48.8566,2.3522,35,
2024-06-08T07:00:00+00:00,18.32,24.69,23.72,82.36,20,40,Paris,,48.8566,2.3522,35,
2024-06-08T08:00:00+00:00,19.62,22.67,25.31,74.96,20,40,Paris,,48.8566,2.3522,35,
2024-06-08T09:00:00+00:00,19.59,28.35,22.99,78.56,20,40,Paris,,48.8566,2.3522,35,
2024-06-08T10:00:00+00:00,15.55,24.57,24.11,77.73,20,40,Paris,,48.8566,2.3522,35,
2024-06-08T11:00:00+00:00,17.97,24.62,21.1,71.65,20,40,Paris,,48.8566,2.3522,35,
2024-06-08T12:00:00+00:00,14.96,23.31,22.35,72.59,20,40,Paris,,48.8566,2.3522,35,
2024-06-08T13:00:00+00:00,16.01,24.93,20.85,61.53,20,40,Paris,,48.8566,2.3522,35,
2024-06-08T14:00:00+00:00,18.95,28.05,19.11,59.18,20,40,Paris,,48.8566,2.3522,35,
2024-06-08T15:00:00+00:00,17.32,20.72,17.49,58.11,20,40,Paris,,48.8566,2.3522,35,
2024-06-08T16:00:00+00:00,19.75,23.02,17.67,63.1,20,40,Paris,,48.8566,2.3522,35,
2024-06-08T17:00:00+00:00,16.59,19.71,17.84,68.04,20,40,Paris,,48.8566,2.3522,35,
2024-06-08T18:00:00+00:00,18.55,21.78,18.08,59.89,20,40,Paris,,48.8566,2.3522,35,
2024-06-08T19:00:00+00:00,18.43,22.85,18.29,60.6,20,40,Paris,,48.8566,2.3522,35,
2024-06-08T20:00:00+00:00,15.1,21.09,18.29,56.03,20,40,Paris,,48.8566,2.3522,35,
2024-06-08T21:00:00+00:00,18.45,22.45,17.27,60.7,20,40,Paris,,48.8566,2.3522,35,
2024-06-08T22:00:00+00:00,14.7,17.04,19.94,58.57,20,40,Paris,,48.8566,2.3522,35,
2024-06-08T23:00:00+00:00,19.03,29.27,19.16,61.26,20,40,Paris,,48.8566,2.3522,35,
2024-06-09T00:00:00+00:00,18.18,21.84,20.52,76.15,20,40,Paris,,48.8566,2.3522,35,
2024-06-09T01:00:00+00:00,19.44,27.84,22.95,76.97,20,40,Paris,,48.8566,2.3522,35,
2024-06-09T02:00:00+00:00,21.2,26.82,24.29,78.09,20,40,Paris,,48.8566,2.3522,35,
2024-06-09T03:00:00+00:00,19.34,24.48,25.03,76.76,20,40,Paris,,48.8566,2.3522,35,
2024-06-09T04:00:00+00:00,20.02,23.25,24.73,71.89,20,40,Paris,,48.8566,2.3522,35,
2024-06-09T05:00:00+00:00,21.01,29.86,25.58,82.67,20,40,Paris,,48.8566,2.3522,35,
2024-06-09T06:00:00+00:00,19.65,25.91,24.69,84.11,20,40,Paris,,48.8566,2.3522,35,
2024-06-09T07:00:00+00:00,17.3,22.69,24.25,75.59,20,40,Paris,,48.8566,2.3522,35,
2024-06-09T08:00:00+00:00,18.2,23.14,24.64,85.74,20,40,Paris,,48.8566,2.3522,35,
2024-06-09T09:00:00+00:00,19.0,29.13,22.66,71.45,20,40,Paris,,48.8566,2.3522,35,
2024-06-09T10:00:00+00:00,17.73,26.43,23.46,72.61,20,40,Paris,,48.8566,2.3522,35,
2024-06-09T11:00:00+00:00,15.36,24.01,21.73,77.74,20,40,Paris,,48.8566,2.3522,35,
2024-06-09T12:00:00+00:00,14.72,23.4,22.06,66.1,20,40,Paris,,48.8566,2.3522,35,
2024-06-09T13:00:00+00:00,19.61,25.42,21.18,61.16,20,40,Paris,,48.8566,2.3522,35,
2024-06-09T14:00:00+00:00,19.63,24.37,19.57,60.25,20,40,Paris,,48.8566,2.3522,35,
2024-06-09T15:00:00+00:00,18.54,25.66,17.09,59.06,20,40,Paris,,48.8566,2.3522,35,
2024-06-09T16:00:00+00:00,17.62,21.63,18.05,60.09,20,40,Paris,,48.8566,2.3522,35,
2024-06-09T17:00:00+00:00,18.73,25.7,17.3,64.92,20,40,Paris,,48.8566,2.3522,35,
2024-06-09T18:00:00+00:00,19.51,28.56,15.62,64.15,20,40,Paris,,48.8566,2.3522,35,
2024-06-09T19:00:00+00:00,14.02,18.47,15.79,57.96,20,40,Paris,,48.8566,2.3522,35,
2024-06-09T20:00:00+00:00,13.92,15.81,18.42,61.04,20,40,Paris,,48.8566,2.3522,35,
2024-06-09T21:00:00+00:00,18.44,27.3,18.45,63.45,20,40,Paris,,48.8566,2.3522,35,
2024-06-09T22:00:00+00:00,15.91,23.94,19.37,66.27,20,40,Paris,,48.8566,2.3522,35,
2024-06-09T23:00:00+00:00,14.36,16.31,20.33,64.74,20,40,Paris,,48.8566,2.3522,35,
2024-06-10T00:00:00+00:00,17.17,20.81,20.15,73.27,20,40,Paris,,48.8566,2.3522,35,
2024-06-10T01:00:00+00:00,21.36,26.89,21.52,77.76,20,40,Paris,,48.8566,2.3522,35,
2024-06-10T02:00:00+00:00,18.42,23.9,24.09,81.98,20,40,Paris,,48.8566,2.3522,35,
2024-06-10T03:00:00+00:00,18.79,27.58,25.19,81.34,20,40,Paris,,48.8566,2.3522,35,
2024-06-10T04:00:00+00:00,16.81,26.26,23.2,83.09,20,40,Paris,,48.8566,2.3522,35,
2024-06-10T05:00:00+00:00,19.66,30.26,26.24,84.88,20,40,Paris,,48.8566,2.3522,35,
2024-06-10T06:00:00+00:00,20.07,30.9,24.24,87.15,20,40,Paris,,48.8566,2.3522,35,
2024-06-10T07:00:00+00:00,19.28,24.14,25.48,73.66,20,40,Paris,,48.8566,2.3522,35,
2024-06-10T08:00:00+00:00,18.63,21.9,23.95,85.71,20,40,Paris,,48.8566,2.3522,35,
2024-06-10T09:00:00+00:00,19.2,23.59,24.92,76.25,20,40,Paris,,48.8566,2.3522,35,
2024-06-10T10:00:00+00:00,15.03,18.89,21.94,76.21,20,40,Paris,,48.8566,2.3522,35,
2024-06-10T11:00:00+00:00,20.32,31.25,23.18,70.24,20,40,Paris,,48.8566,2.3522,35,
2024-06-10T12:00:00+00:00,20.41,29.48,19.7,69.05,20,40,Paris,,48.8566,2.3522,35,
2024-06-10T13:00:00+00:00,20.86,27.51,20.71,72.98,20,40,Paris,,48.8566,2.3522,35,
2024-06-10T14:00:00+00:00,16.31,24.17,18.74,58.24,20,40,Paris,,48.8566,2.3522,35,
2024-06-10T15:00:00+00:00,18.25,22.48,16.71,60.44,20,40,Paris,,48.8566,2.3522,35,
2024-06-10T16:00:00+00:00,19.37,22.79,17.76,60.77,20,40,Paris,,48.8566,2.3522,35,
2024-06-10T17:00:00+00:00,16.0,22.99,16.2,61.46,20,40,Paris,,48.8566,2.3522,35,
2024-06-10T18:00:00+00:00,14.89,21.32,15.96,59.33,20,40,Paris,,48.8566,2.3522,35,
2024-06-10T19:00:00+00:00,16.01,17.85,16.51,66.37,20,40,Paris,,48.8566,2.3522,35,
2024-06-10T20:00:00+00:00,19.93,23.36,18.41,60.15,20,40,Paris,,48.8566,2.3522,35,
2024-06-10T21:00:00+00:00,16.88,25.68,17.6,67.92,20,40,Paris,,48.8566,2.3522,35,
2024-06-10T22:00:00+00:00,19.55,24.97,18.32,68.52,20,40,Paris,,48.8566,2.3522,35,
2024-06-10T23:00:00+00:00,19.15,21.93,18.79,69.67,20,40,Paris,,48.8566,2.3522,35,
2024-06-11T00:00:00+00:00,19.9,26.02,22.45,69.05,20,40,Paris,,48.8566,2.3522,35,
2024-06-11T01:00:00+00:00,14.36,18.7,21.99,69.99,20,40,Paris,,48.8566,2.3522,35,
2024-06-11T02:00:00+00:00,17.13,23.83,23.76,81.42,20,40,Paris,,48.8566,2.3522,35,
2024-06-11T03:00:00+00:00,16.06,19.74,23.95,72.99,20,40,Paris,,48.8566,2.3522,35,
2024-06-11T04:00:00+00:00,15.74,19.58,24.54,76.25,20,40,Paris,,48.8566,2.3522,35,
2024-06-11T05:00:00+00:00,19.84,25.17,25.16,77.31,20,40,Paris,,48.8566,2.3522,35,
2024-06-11T06:00:00+00:00,15.51,17.33,25.38,81.11,20,40,Paris,,48.8566,2.3522,35,
2024-06-11T07:00:00+00:00,20.88,30.38,25.98,80.76,20,40,Paris,,48.8566,2.3522,35,
2024-06-11T08:00:00+00:00,16.31,21.56,25.18,78.33,20,40,Paris,,48.8566,2.3522,35,
2024-06-11T09:00:00+00:00,20.98,26.99,24.51,78.83,20,40,Paris,,48.8566,2.3522,35,
2024-06-11T10:00:00+00:00,20.11,26.22,24.08,69.62,20,40,Paris,,48.8566,2.3522,35,
2024-06-11T11:00:00+00:00,19.54,26.0,22.99,78.93,20,40,Paris,,48.8566,2.3522,35,
2024-06-11T12:00:00+00:00,20.91,29.65,22.23,77.38,20,40,Paris,,48.8566,2.3522,35,
2024-06-11T13:00:00+00:00,15.61,21.46,20.5,65.16,20,40,Paris,,48.8566,2.3522,35,
2024-06-11T14:00:00+00:00,16.45,18.44,19.37,70.92,20,40,Paris,,48.8566,2.3522,35,
2024-06-11T15:00:00+00:00,13.96,20.83,17.88,55.04,20,40,Paris,,48.8566,2.3522,35,
2024-06-11T16:00:00+00:00,15.33,18.48,16.46,62.98,20,40,Paris,,48.8566,2.3522,35,
2024-06-11T17:00:00+00:00,18.51,21.81,16.63,54.75,20,40,Paris,,48.8566,2.3522,35,
2024-06-11T18:00:00+00:00,18.52,27.96,17.68,60.4,20,40,Paris,,48.8566,2.3522,35,
2024-06-11T19:00:00+00:00,15.93,18.91,18.51,64.37,20,40,Paris,,48.8566,2.3522,35,
2024-06-11T20:00:00+00:00,16.4,23.81,18.36,69.09,20,40,Paris,,48.8566,2.3522,35,
2024-06-11T21:00:00+00:00,16.77,25.02,19.02,56.6,20,40,Paris,,48.8566,2.3522,35,
2024-06-11T22:00:00+00:00,20.14,25.55,17.72,66.72,20,40,Paris,,48.8566,2.3522,35,
2024-06-11T23:00:00+00:00,19.99,28.33,21.22,71.97,20,40,Paris,,48.8566,2.3522,35,
2024-06-12T00:00:00+00:00,19.16,28.51,19.72,69.67,20,40,Paris,,48.8566,2.3522,35,
2024-06-12T01:00:00+00:00,17.06,21.39,21.22,67.24,20,40,Paris,,48.8566,2.3522,35,
2024-06-12T02:00:00+00:00,20.57,30.44,24.02,75.23,20,40,Paris,,48.8566,2.3522,35,
2024-06-12T03:00:00+00:00,20.66,26.95,22.44,74.64,20,40,Paris,,48.8566,2.3522,35,
2024-06-12T04:00:00+00:00,17.06,22.23,23.17,77.67,20,40,Paris,,48.8566,2.3522,35,
2024-06-12T05:00:00+00:00,17.4,19.76,25.0,79.66,20,40,Paris,,48.8566,2.3522,35,
2024-06-12T06:00:00+00:00,18.93,23.44,23.94,86.62,20,40,Paris,,48.8566,2.3522,35,
2024-06-12T07:00:00+00:00,20.64,28.81,25.83,74.08,20,40,Paris,,48.8566,2.3522,35,
2024-06-12T08:00:00+00:00,15.44,24.48,23.38,83.36,20,40,Paris,,48.8566,2.3522,35,
2024-06-12T09:00:00+00:00,17.52,27.36,23.42,83.15,20,40,Paris,,48.8566,2.3522,35,
2024-06-12T10:00:00+00:00,18.5,26.34,22.31,82.58,20,40,Paris,,48.8566,2.3522,35,
2024-06-12T11:00:00+00:00,17.02,25.15,22.88,67.18,20,40,Paris,,48.8566,2.3522,35,
2024-06-12T12:00:00+00:00,18.78,25.24,21.76,75.33,20,40,Paris,,48.8566,2.3522,35,
2024-06-12T13:00:00+00:00,14.99,18.34,18.98,61.09,20,40,Paris,,48.8566,2.3522,35,
2024-06-12T14:00:00+00:00,13.7,16.91,18.68,57.63,20,40,Paris,,48.8566,2.3522,35,
2024-06-12T15:00:00+00:00,15.55,23.21,19.51,55.09,20,40,Paris,,48.8566,2.3522,35,
2024-06-12T16:00:00+00:00,17.78,25.28,17.75,58.82,20,40,Paris,,48.8566,2.3522,35,
2024-06-12T17:00:00+00:00,16.17,20.08,16.15,61.67,20,40,Paris,,48.8566,2.3522,35,
2024-06-12T18:00:00+00:00,17.79,22.29,17.14,58.16,20,40,Paris,,48.8566,2.3522,35,
2024-06-12T19:00:00+00:00,17.24,20.73,16.38,59.6,20,40,Paris,,48.8566,2.3522,35,
2024-06-12T20:00:00+00:00,18.46,23.32,18.71,69.34,20,40,Paris,,48.8566,2.3522,35,
2024-06-12T21:00:00+00:00,16.22,24.38,18.32,64.49,20,40,Paris,,48.8566,2.3522,35,
2024-06-12T22:00:00+00:00,20.17,25.04,17.7,68.52,20,40,Paris,,48.8566,2.3522,35,
2024-06-12T23:00:00+00:00,17.89,21.94,19.48,61.63,20,40,Paris,,48.8566,2.3522,35,
2024-06-13T00:00:00+00:00,17.38,21.88,19.98,65.05,20,40,Paris,,48.8566,2.3522,35,
2024-06-13T01:00:00+00:00,17.89,27.97,22.58,79.51,20,40,Paris,,48.8566,2.3522,35,
2024-06-13T02:00:00+00:00,17.07,27.02,21.73,81.13,20,40,Paris,,48.8566,2.3522,35,
2024-06-13T03:00:00+00:00,19.42,23.57,23.85,79.94,20,40,Paris,,48.8566,2.3522,35,
2024-06-13T04:00:00+00:00,19.65,23.99,25.91,81.6,20,40,Paris,,48.8566,2.3522,35,
2024-06-13T05:00:00+00:00,19.88,29.67,25.71,76.15,20,40,Paris,,48.8566,2.3522,35,
2024-06-13T06:00:00+00:00,17.25,27.16,25.18,79.28,20,40,Paris,,48.8566,2.3522,35,
2024-06-13T07:00:00+00:00,15.67,23.88,24.99,72.53,20,40,Paris,,48.8566,2.3522,35,
2024-06-13T08:00:00+00:00,17.64,23.18,23.8,82.39,20,40,Paris,,48.8566,2.3522,35,
2024-06-13T09:00:00+00:00,18.51,23.1,24.12,70.23,20,40,Paris,,48.8566,2.3522,35,
2024-06-13T10:00:00+00:00,15.6,18.36,21.74,73.86,20,40,Paris,,48.8566,2.3522,35,
2024-06-13T11:00:00+00:00,15.17,21.95,23.1,69.13,20,40,Paris,,48.8566,2.3522,35,
2024-06-13T12:00:00+00:00,16.03,18.1,22.01,70.73,20,40,Paris,,48.8566,2.3522,35,
2024-06-13T13:00:00+00:00,15.33,22.06,19.05,69.94,20,40,Paris,,48.8566,2.3522,35,
2024-06-13T14:00:00+00:00,17.8,21.22,20.15,71.13,20,40,Paris,,48.8566,2.3522,35,
2024-06-13T15:00:00+00:00,15.2,21.78,17.89,55.92,20,40,Paris,,48.8566,2.3522,35,
2024-06-13T16:00:00+00:00,14.2,22.15,16.18,55.75,20,40,Paris,,48.8566,2.3522,35,
2024-06-13T17:00:00+00:00,19.62,26.35,18.61,67.1,20,40,Paris,,48.8566,2.3522,35,
2024-06-13T18:00:00+00:00,17.54,26.83,17.78,64.19,20,40,Paris,,48.8566,2.3522,35,
2024-06-13T19:00:00+00:00,18.66,26.84,17.07,59.53,20,40,Paris,,48.8566,2.3522,35,
2024-06-13T20:00:00+00:00,17.91,23.06,18.39,56.9,20,40,Paris,,48.8566,2.3522,35,
2024-06-13T21:00:00+00:00,14.48,19.22,18.52,62.28,20,40,Paris,,48.8566,2.3522,35,
2024-06-13T22:00:00+00:00,17.9,21.1,17.58,70.26,20,40,Paris,,48.8566,2.3522,35,
2024-06-13T23:00:00+00:00,18.56,27.17,20.67,68.09,20,40,Paris,,48.8566,2.3522,35,
2024-06-14T00:00:00+00:00,19.65,22.94,20.76,66.05,20,40,Paris,,48.8566,2.3522,35,
2024-06-14T01:00:00+00:00,18.2,24.39,21.67,73.48,20,40,Paris,,48.8566,2.3522,35,
2024-06-14T02:00:00+00:00,19.59,28.74,21.55,80.25,20,40,Paris,,48.8566,2.3522,35,
2024-06-14T03:00:00+00:00,16.09,25.57,22.39,69.37,20,40,Paris,,48.8566,2.3522,35,
2024-06-14T04:00:00+00:00,15.8,18.49,25.96,85.75,20,40,Paris,,48.8566,2.3522,35,
2024-06-14T05:00:00+00:00,20.51,26.1,24.52,71.92,20,40,Paris,,48.8566,2.3522,35,
2024-06-14T06:00:00+00:00,19.27,22.77,24.69,80.41,20,40,Paris,,48.8566,2.3522,35,
2024-06-14T07:00:00+00:00,18.69,23.87,24.21,75.87,20,40,Paris,,48.8566,2.3522,35,
2024-06-14T08:00:00+00:00,19.73,26.03,25.6,74.12,20,40,Paris,,48.8566,2.3522,35,
2024-06-14T09:00:00+00:00,17.52,20.18,22.4,72.08,20,40,Paris,,48.8566,2.3522,35,
2024-06-14T10:00:00+00:00,15.33,18.56,23.87,80.85,20,40,Paris,,48.8566,2.3522,35,
2024-06-14T11:00:00+00:00,19.4,29.26,23.14,74.25,20,40,Paris,,48.8566,2.3522,35,
2024-06-14T12:00:00+00:00,19.93,25.59,20.45,67.43,20,40,Paris,,48.8566,2.3522,35,
2024-06-14T13:00:00+00:00,17.21,26.79,20.86,64.8,20,40,Paris,,48.8566,2.3522,35,
2024-06-14T14:00:00+00:00,15.11,22.33,19.76,66.07,20,40,Paris,,48.8566,2.3522,35,
2024-06-14T15:00:00+00:00,15.9,25.46,16.69,61.3,20,40,Paris,,48.8566,2.3522,35,
2024-06-14T16:00:00+00:00,17.6,26.7,17.76,61.76,20,40,Paris,,48.8566,2.3522,35,
2024-06-14T17:00:00+00:00,19.62,25.28,18.28,60.67,20,40,Paris,,48.8566,2.3522,35,
2024-06-14T18:00:00+00:00,20.62,29.67,16.43,64.04,20,40,Paris,,48.8566,2.3522,35,
2024-06-14T19:00:00+00:00,16.74,20.57,17.42,54.59,20,40,Paris,,48.8566,2.3522,35,
2024-06-14T20:00:00+00:00,14.85,17.08,17.98,66.3,20,40,Paris,,48.8566,2.3522,35,
2024-06-14T21:00:00+00:00,19.15,24.04,17.78,68.71,20,40,Paris,,48.8566,2.3522,35,
2024-06-14T22:00:00+00:00,17.95,28.14,20.42,65.96,20,40,Paris,,48.8566,2.3522,35,
2024-06-14T23:00:00+00:00,17.07,19.91,19.02,60.63,20,40,Paris,,48.8566,2.3522,35,
2024-06-15T00:00:00+00:00,18.76,26.21,20.7,69.08,20,40,Paris,,48.8566,2.3522,35,
2024-06-15T01:00:00+00:00,15.05,17.64,23.52,69.08,20,40,Paris,,48.8566,2.3522,35,
2024-06-15T02:00:00+00:00,14.33,20.93,21.7,68.16,20,40,Paris,,48.8566,2.3522,35,
2024-06-15T03:00:00+00:00,17.93,24.79,22.81,71.88,20,40,Paris,,48.8566,2.3522,35,
2024-06-15T04:00:00+00:00,18.19,22.49,24.85,73.79,20,40,Paris,,48.8566,2.3522,35,
2024-06-15T05:00:00+00:00,21.07,26.06,23.49,82.96,20,40,Paris,,48.8566,2.3522,35,
2024-06-15T06:00:00+00:00,21.37,31.54,26.0,86.36,20,40,Paris,,48.8566,2.3522,35,
2024-06-15T07:00:00+00:00,16.69,22.05,23.72,74.12,20,40,Paris,,48.8566,2.3522,35,
2024-06-15T08:00:00+00:00,19.83,27.63,24.3,72.03,20,40,Paris,,48.8566,2.3522,35,
2024-06-15T09:00:00+00:00,14.62,21.07,24.04,70.17,20,40,Paris,,48.8566,2.3522,35,
2024-06-15T10:00:00+00:00,20.5,30.0,22.3,78.2,20,40,Paris,,48.8566,2.3522,35,
2024-06-15T11:00:00+00:00,19.9,27.58,22.41,64.63,20,40,Paris,,48.8566,2.3522,35,
2024-06-15T12:00:00+00:00,14.13,18.0,21.4,66.64,20,40,Paris,,48.8566,2.3522,35,
2024-06-15T13:00:00+00:00,15.19,17.77,18.64,62.85,20,40,Paris,,48.8566,2.3522,35,
2024-06-15T14:00:00+00:00,15.92,22.3,19.88,60.26,20,40,Paris,,48.8566,2.3522,35,
2024-06-15T15:00:00+00:00,18.32,25.49,18.58,61.79,20,40,Paris,,48.8566,2.3522,35,
2024-06-15T16:00:00+00:00,14.56,19.77,16.05,63.07,20,40,Paris,,48.8566,2.3522,35,
2024-06-15T17:00:00+00:00,15.04,20.13,16.3,62.64,20,40,Paris,,48.8566,2.3522,35,
2024-06-15T18:00:00+00:00,18.28,22.06,16.52,61.03,20,40,Paris,,48.8566,2.3522,35,
2024-06-15T19:00:00+00:00,16.68,25.0,18.35,55.81,20,40,Paris,,48.8566,2.3522,35,
2024-06-15T20:00:00+00:00,18.83,27.32,18.16,68.66,20,40,Paris,,48.8566,2.3522,35,
2024-06-15T21:00:00+00:00,18.04,26.06,17.05,68.5,20,40,Paris,,48.8566,2.3522,35,
2024-06-15T22:00:00+00:00,14.33,21.2,19.27,62.86,20,40,Paris,,48.8566,2.3522,35,
2024-06-15T23:00:00+00:00,17.84,26.6,19.15,62.57,20,40,Paris,,48.8566,2.3522,35,
2024-06-16T00:00:00+00:00,19.84,29.79,21.68,64.37,20,40,Paris,,48.8566,2.3522,35,
2024-06-16T01:00:00+00:00,19.7,25.87,21.51,73.92,20,40,Paris,,48.8566,2.3522,35,
2024-06-16T02:00:00+00:00,14.69,23.69,23.5,71.03,20,40,Paris,,48.8566,2.3522,35,
2024-06-16T03:00:00+00:00,19.55,26.86,24.18,81.47,20,40,Paris,,48.8566,2.3522,35,
2024-06-16T04:00:00+00:00,21.03,27.91,25.34,82.95,20,40,Paris,,48.8566,2.3522,35,
2024-06-16T05:00:00+00:00,19.88,26.2,24.54,77.07,20,40,Paris,,48.8566,2.3522,35,
2024-06-16T06:00:00+00:00,15.24,19.18,25.59,72.72,20,40,Paris,,48.8566,2.3522,35,
2024-06-16T07:00:00+00:00,15.73,23.3,25.06,72.68,20,40,Paris,,48.8566,2.3522,35,
2024-06-16T08:00:00+00:00,17.41,24.29,24.27,80.11,20,40,Paris,,48.8566,2.3522,35,
2024-06-16T09:00:00+00:00,15.3,23.04,22.89,69.47,20,40,Paris,,48.8566,2.3522,35,
2024-06-16T10:00:00+00:00,15.72,22.9,23.73,80.74,20,40,Paris,,48.8566,2.3522,35,
2024-06-16T11:00:00+00:00,19.3,27.03,23.05,72.69,20,40,Paris,,48.8566,2.3522,35,
2024-06-16T12:00:00+00:00,19.84,29.23,20.98,70.67,20,40,Paris,,48.8566,2.3522,35,
2024-06-16T13:00:00+00:00,20.11,28.93,19.85,69.7,20,40,Paris,,48.8566,2.3522,35,
2024-06-16T14:00:00+00:00,15.78,21.1,20.12,69.96,20,40,Paris,,48.8566,2.3522,35,
2024-06-16T15:00:00+00:00,19.42,25.85,18.04,60.24,20,40,Paris,,48.8566,2.3522,35,
2024-06-16T16:00:00+00:00,14.73,20.75,16.57,66.63,20,40,Paris,,48.8566,2.3522,35,
2024-06-16T17:00:00+00:00,19.81,22.85,17.52,65.61,20,40,Paris,,48.8566,2.3522,35,
2024-06-16T18:00:00+00:00,18.89,29.16,17.97,56.51,20,40,Paris,,48.8566,2.3522,35,
2024-06-16T19:00:00+00:00,17.74,24.28,17.02,65.69,20,40,Paris,,48.8566,2.3522,35,
2024-06-16T20:00:00+00:00,16.4,25.49,17.11,53.47,20,40,Paris,,48.8566,2.3522,35,
2024-06-16T21:00:00+00:00,19.11,26.26,17.67,62.84,20,40,Paris,,48.8566,2.3522,35,
2024-06-16T22:00:00+00:00,18.24,28.57,18.91,57.24,20,40,Paris,,48.8566,2.3522,35,
2024-06-16T23:00:00+00:00,16.36,26.04,19.83,66.45,20,40,Paris,,48.8566,2.3522,35,
2024-06-17T00:00:00+00:00,20.23,29.01,21.63,71.82,20,40,Paris,,48.8566,2.3522,35,
2024-06-17T01:00:00+00:00,19.6,26.11,22.66,66.28,20,40,Paris,,48.8566,2.3522,35,
2024-06-17T02:00:00+00:00,18.43,21.55,23.94,70.72,20,40,Paris,,48.8566,2.3522,35,
2024-06-17T03:00:00+00:00,17.72,21.1,23.34,76.91,20,40,Paris,,48.8566,2.3522,35,
2024-06-17T04:00:00+00:00,20.43,28.88,25.75,81.6,20,40,Paris,,48.8566,2.3522,35,
2024-06-17T05:00:00+00:00,18.2,28.14,23.7,75.15,20,40,Paris,,48.8566,2.3522,35,
2024-06-17T06:00:00+00:00,18.34,26.74,26.2,81.47,20,40,Paris,,48.8566,2.3522,35,
2024-06-17T07:00:00+00:00,18.11,24.63,25.65,78.39,20,40,Paris,,48.8566,2.3522,35,
2024-06-17T08:00:00+00:00,15.23,16.93,25.95,76.05,20,40,Paris,,48.8566,2.3522,35,
2024-06-17T09:00:00+00:00,20.57,26.91,23.48,81.26,20,40,Paris,,48.8566,2.3522,35,
2024-06-17T10:00:00+00:00,15.93,18.17,21.55,69.76,20,40,Paris,,48.8566,2.3522,35,
2024-06-17T11:00:00+00:00,16.67,21.49,23.51,64.76,20,40,Paris,,48.8566,2.3522,35,
2024-06-17T12:00:00+00:00,15.49,21.11,22.39,71.16,20,40,Paris,,48.8566,2.3522,35,
2024-06-17T13:00:00+00:00,17.36,24.29,18.64,69.78,20,40,Paris,,48.8566,2.3522,35,
2024-06-17T14:00:00+00:00,17.59,26.29,17.67,69.46,20,40,Paris,,48.8566,2.3522,35,
2024-06-17T15:00:00+00:00,19.83,27.18,17.87,56.81,20,40,Paris,,48.8566,2.3522,35,
2024-06-17T16:00:00+00:00,18.86,24.64,16.16,55.19,20,40,Paris,,48.8566,2.3522,35,
2024-06-17T17:00:00+00:00,15.77,18.76,18.3,55.84,20,40,Paris,,48.8566,2.3522,35,
2024-06-17T18:00:00+00:00,14.69,20.13,17.15,60.03,20,40,Paris,,48.8566,2.3522,35,
2024-06-17T19:00:00+00:00,18.0,23.73,17.25,60.78,20,40,Paris,,48.8566,2.3522,35,
2024-06-17T20:00:00+00:00,15.46,21.4,16.54,68.35,20,40,Paris,,48.8566,2.3522,35,
2024-06-17T21:00:00+00:00,19.77,28.55,19.3,63.34,20,40,Paris,,48.8566,2.3522,35,
2024-06-17T22:00:00+00:00,19.59,23.88,20.13,57.52,20,40,Paris,,48.8566,2.3522,35,
2024-06-17T23:00:00+00:00,18.98,25.86,20.86,65.01,20,40,Paris,,48.8566,2.3522,35,
2024-06-18T00:00:00+00:00,15.49,17.76,20.67,63.84,20,40,Paris,,48.8566,2.3522,35,
2024-06-18T01:00:00+00:00,14.73,23.73,20.88,70.55,20,40,Paris,,48.8566,2.3522,35,
2024-06-18T02:00:00+00:00,17.38,26.61,22.14,73.64,20,40,Paris,,48.8566,2.3522,35,
2024-06-18T03:00:00+00:00,19.82,30.33,25.17,70.67,20,40,Paris,,48.8566,2.3522,35,
2024-06-18T04:00:00+00:00,18.71,23.37,25.07,74.96,20,40,Paris,,48.8566,2.3522,35,
2024-06-18T05:00:00+00:00,16.95,21.92,23.68,76.36,20,40,Paris,,48.8566,2.3522,35,
2024-06-18T06:00:00+00:00,19.67,24.85,25.38,78.49,20,40,Paris,,48.8566,2.3522,35,
2024-06-18T07:00:00+00:00,20.01,28.03,23.86,82.97,20,40,Paris,,48.8566,2.3522,35,
2024-06-18T08:00:00+00:00,21.16,24.85,23.4,85.04,20,40,Paris,,48.8566,2.3522,35,
2024-06-18T09:00:00+00:00,15.09,19.23,24.6,69.15,20,40,Paris,,48.8566,2.3522,35,
2024-06-18T10:00:00+00:00,20.71,27.92,23.85,76.21,20,40,Paris,,48.8566,2.3522,35,
2024-06-18T11:00:00+00:00,17.14,21.49,21.14,77.01,20,40,Paris,,48.8566,2.3522,35,
2024-06-18T12:00:00+00:00,18.15,23.1,20.06,67.75,20,40,Paris,,48.8566,2.3522,35,
2024-06-18T13:00:00+00:00,20.59,25.37,20.99,74.94,20,40,Paris,,48.8566,2.3522,35,
2024-06-18T14:00:00+00:00,15.51,22.62,18.07,57.97,20,40,Paris,,48.8566,2.3522,35,
2024-06-18T15:00:00+00:00,19.38,25.17,19.06,67.28,20,40,Paris,,48.8566,2.3522,35,
2024-06-18T16:00:00+00:00,16.55,20.8,17.35,61.73,20,40,Paris,,48.8566,2.3522,35,
2024-06-18T17:00:00+00:00,18.2,22.36,16.6,55.11,20,40,Paris,,48.8566,2.3522,35,
2024-06-18T18:00:00+00:00,13.48,19.38,18.03,52.88,20,40,Paris,,48.8566,2.3522,35,
2024-06-18T19:00:00+00:00,17.76,25.7,18.34,63.13,20,40,Paris,,48.8566,2.3522,35,
2024-06-18T20:00:00+00:00,18.64,24.95,17.92,62.87,20,40,Paris,,48.8566,2.3522,35,
2024-06-18T21:00:00+00:00,18.51,22.73,18.41,68.61,20,40,Paris,,48.8566,2.3522,35,
2024-06-18T22:00:00+00:00,20.44,27.53,18.98,71.73,20,40,Paris,,48.8566,2.3522,35,
2024-06-18T23:00:00+00:00,19.07,29.5,19.7,70.04,20,40,Paris,,48.8566,2.3522,35,
2024-06-19T00:00:00+00:00,15.82,23.21,21.21,70.48,20,40,Paris,,48.8566,2.3522,35,
2024-06-19T01:00:00+00:00,16.33,24.0,22.34,77.76,20,40,Paris,,48.8566,2.3522,35,
2024-06-19T02:00:00+00:00,14.98,16.87,21.9,71.02,20,40,Paris,,48.8566,2.3522,35,
2024-06-19T03:00:00+00:00,19.86,29.91,24.64,82.06,20,40,Paris,,48.8566,2.3522,35,
2024-06-19T04:00:00+00:00,17.61,19.94,25.86,71.76,20,40,Paris,,48.8566,2.3522,35,
2024-06-19T05:00:00+00:00,19.83,30.19,23.6,77.05,20,40,Paris,,48.8566,2.3522,35,
2024-06-19T06:00:00+00:00,20.85,30.6,24.47,85.37,20,40,Paris,,48.8566,2.3522,35,
2024-06-19T07:00:00+00:00,20.46,28.61,26.25,82.42,20,40,Paris,,48.8566,2.3522,35,
2024-06-19T08:00:00+00:00,18.21,25.78,25.87,75.96,20,40,Paris,,48.8566,2.3522,35,
2024-06-19T09:00:00+00:00,19.09,22.06,22.65,70.25,20,40,Paris,,48.8566,2.3522,35,
2024-06-19T10:00:00+00:00,18.72,25.13,22.48,76.86,20,40,Paris,,48.8566,2.3522,35,
2024-06-19T11:00:00+00:00,15.29,22.11,22.03,76.12,20,40,Paris,,48.8566,2.3522,35,
2024-06-19T12:00:00+00:00,17.52,27.09,20.95,66.38,20,40,Paris,,48.8566,2.3522,35,
2024-06-19T13:00:00+00:00,19.68,29.94,21.12,64.8,20,40,Paris,,48.8566,2.3522,35,
2024-06-19T14:00:00+00:00,14.4,22.91,20.35,62.69,20,40,Paris,,48.8566,2.3522,35,
2024-06-19T15:00:00+00:00,19.43,30.18,17.21,63.0,20,40,Paris,,48.8566,2.3522,35,
2024-06-19T16:00:00+00:00,18.74,21.48,16.81,54.61,20,40,Paris,,48.8566,2.3522,35,
2024-06-19T17:00:00+00:00,19.14,22.88,16.55,52.4,20,40,Paris,,48.8566,2.3522,35,
2024-06-19T18:00:00+00:00,16.42,22.1,18.19,57.93,20,40,Paris,,48.8566,2.3522,35,
2024-06-19T19:00:00+00:00,18.76,24.19,17.72,54.12,20,40,Paris,,48.8566,2.3522,35,
2024-06-19T20:00:00+00:00,18.9,26.12,17.67,68.74,20,40,Paris,,48.8566,2.3522,35,
2024-06-19T21:00:00+00:00,15.01,21.21,19.22,70.05,20,40,Paris,,48.8566,2.3522,35,
2024-06-19T22:00:00+00:00,17.92,24.66,19.33,64.91,20,40,Paris,,48.8566,2.3522,35,
2024-06-19T23:00:00+00:00,19.35,29.53,19.78,74.69,20,40,Paris,,48.8566,2.3522,35,
2024-06-20T00:00:00+00:00,16.25,18.28,21.15,62.5,20,40,Paris,,48.8566,2.3522,35,
2024-06-20T01:00:00+00:00,20.1,28.36,21.68,74.83,20,40,Paris,,48.8566,2.3522,35,
2024-06-20T02:00:00+00:00,20.9,24.93,22.32,78.72,20,40,Paris,,48.8566,2.3522,35,
2024-06-20T03:00:00+00:00,20.23,26.59,25.25,75.26,20,40,Paris,,48.8566,2.3522,35,
2024-06-20T04:00:00+00:00,17.31,22.05,24.32,73.12,20,40,Paris,,48.8566,2.3522,35,
2024-06-20T05:00:00+00:00,19.98,24.46,24.57,82.37,20,40,Paris,,48.8566,2.3522,35,
2024-06-20T06:00:00+00:00,20.77,26.77,25.83,83.97,20,40,Paris,,48.8566,2.3522,35,
2024-06-20T07:00:00+00:00,18.45,22.47,24.5,78.38,20,40,Paris,,48.8566,2.3522,35,
2024-06-20T08:00:00+00:00,18.23,28.58,24.36,72.94,20,40,Paris,,48.8566,2.3522,35,
2024-06-20T09:00:00+00:00,15.53,19.78,22.59,80.34,20,40,Paris,,48.8566,2.3522,35,
2024-06-20T10:00:00+00:00,19.98,28.65,22.2,70.5,20,40,Paris,,48.8566,2.3522,35,
2024-06-20T11:00:00+00:00,17.61,21.3,22.05,64.59,20,40,Paris,,48.8566,2.3522,35,
2024-06-20T12:00:00+00:00,16.89,22.35,20.43,77.16,20,40,Paris,,48.8566,2.3522,35,
2024-06-20T13:00:00+00:00,14.36,21.58,21.04,67.19,20,40,Paris,,48.8566,2.3522,35,
2024-06-20T14:00:00+00:00,16.24,20.0,19.01,70.52,20,40,Paris,,48.8566,2.3522,35,
2024-06-20T15:00:00+00:00,18.06,24.95,16.86,70.37,20,40,Paris,,48.8566,2.3522,35,
2024-06-20T16:00:00+00:00,19.74,23.4,16.44,61.82,20,40,Paris,,48.8566,2.3522,35,
2024-06-20T17:00:00+00:00,20.04,28.41,16.65,67.7,20,40,Paris,,48.8566,2.3522,35,
2024-06-20T18:00:00+00:00,16.35,23.43,18.43,63.97,20,40,Paris,,48.8566,2.3522,35,
2024-06-20T19:00:00+00:00,17.55,21.0,17.62,63.14,20,40,Paris,,48.8566,2.3522,35,
2024-06-20T20:00:00+00:00,18.07,21.28,16.73,63.68,20,40,Paris,,48.8566,2.3522,35,
2024-06-20T21:00:00+00:00,17.53,22.88,18.3,56.13,20,40,Paris,,48.8566,2.3522,35,
2024-06-20T22:00:00+00:00,18.21,27.61,19.11,63.25,20,40,Paris,,48.8566,2.3522,35,
2024-06-20T23:00:00+00:00,17.98,21.65,19.33,64.23,20,40,Paris,,48.8566,2.3522,35,
2024-06-21T00:00:00+00:00,16.92,21.91,19.72,76.34,20,40,Paris,,48.8566,2.3522,35,
2024-06-21T01:00:00+00:00,15.05,16.44,20.92,71.02,20,40,Paris,,48.8566,2.3522,35,
2024-06-21T02:00:00+00:00,20.87,30.64,22.51,79.19,20,40,Paris,,48.8566,2.3522,35,
2024-06-21T03:00:00+00:00,18.48,22.56,23.56,71.34,20,40,Paris,,48.8566,2.3522,35,
2024-06-21T04:00:00+00:00,16.9,20.79,24.73,82.33,20,40,Paris,,48.8566,2.3522,35,
2024-06-21T05:00:00+00:00,17.29,25.02,24.72,83.89,20,40,Paris,,48.8566,2.3522,35,
2024-06-21T06:00:00+00:00,16.84,26.67,24.44,84.88,20,40,Paris,,48.8566,2.3522,35,
2024-06-21T07:00:00+00:00,18.77,27.71,24.72,80.88,20,40,Paris,,48.8566,2.3522,35,
2024-06-21T08:00:00+00:00,20.6,29.89,24.56,83.12,20,40,Paris,,48.8566,2.3522,35,
2024-06-21T09:00:00+00:00,17.74,27.33,24.96,77.53,20,40,Paris,,48.8566,2.3522,35,
2024-06-21T10:00:00+00:00,19.06,27.39,21.51,71.06,20,40,Paris,,48.8566,2.3522,35,
2024-06-21T11:00:00+00:00,14.0,21.78,22.93,65.55,20,40,Paris,,48.8566,2.3522,35,
2024-06-21T12:00:00+00:00,16.77,22.68,20.5,64.67,20,40,Paris,,48.8566,2.3522,35,
2024-06-21T13:00:00+00:00,14.56,20.55,18.95,67.44,20,40,Paris,,48.8566,2.3522,35,
2024-06-21T14:00:00+00:00,14.43,20.96,19.27,58.89,20,40,Paris,,48.8566,2.3522,35,
2024-06-21T15:00:00+00:00,18.24,27.57,17.11,67.05,20,40,Paris,,48.8566,2.3522,35,
2024-06-21T16:00:00+00:00,14.37,18.83,18.71,58.9,20,40,Paris,,48.8566,2.3522,35,
2024-06-21T17:00:00+00:00,14.87,22.85,17.3,53.6,20,40,Paris,,48.8566,2.3522,35,
2024-06-21T18:00:00+00:00,16.03,21.11,17.87,60.77,20,40,Paris,,48.8566,2.3522,35,
2024-06-21T19:00:00+00:00,19.89,28.62,16.02,58.79,20,40,Paris,,48.8566,2.3522,35,
2024-06-21T20:00:00+00:00,14.12,15.25,17.04,59.47,20,40,Paris,,48.8566,2.3522,35,
2024-06-21T21:00:00+00:00,17.92,25.16,18.75,65.26,20,40,Paris,,48.8566,2.3522,35,
2024-06-21T22:00:00+00:00,15.4,23.92,19.1,66.3,20,40,Paris,,48.8566,2.3522,35,
2024-06-21T23:00:00+00:00,17.82,22.82,21.43,59.52,20,40,Paris,,48.8566,2.3522,35,
2024-06-22T00:00:00+00:00,16.76,25.61,21.47,74.92,20,40,Paris,,48.8566,2.3522,35,
2024-06-22T01:00:00+00:00,16.96,23.58,23.04,76.29,20,40,Paris,,48.8566,2.3522,35,
2024-06-22T02:00:00+00:00,17.65,20.65,22.37,74.69,20,40,Paris,,48.8566,2.3522,35,
2024-06-22T03:00:00+00:00,17.09,25.95,23.11,75.08,20,40,Paris,,48.8566,2.3522,35,
2024-06-22T04:00:00+00:00,15.41,20.08,25.68,71.21,20,40,Paris,,48.8566,2.3522,35,
2024-06-22T05:00:00+00:00,15.97,20.27,24.09,84.66,20,40,Paris,,48.8566,2.3522,35,
2024-06-22T06:00:00+00:00,17.43,22.97,24.01,87.15,20,40,Paris,,48.8566,2.3522,35,
2024-06-22T07:00:00+00:00,17.44,25.51,24.14,74.56,20,40,Paris,,48.8566,2.3522,35,
2024-06-22T08:00:00+00:00,20.07,26.72,23.44,86.22,20,40,Paris,,48.8566,2.3522,35,
2024-06-22T09:00:00+00:00,18.83,23.13,24.8,84.16,20,40,Paris,,48.8566,2.3522,35,
2024-06-22T10:00:00+00:00,16.53,24.55,24.03,80.19,20,40,Paris,,48.8566,2.3522,35,
2024-06-22T11:00:00+00:00,20.85,27.22,22.71,78.45,20,40,Paris,,48.8566,2.3522,35,
2024-06-22T12:00:00+00:00,19.66,29.17,19.68,71.85,20,40,Paris,,48.8566,2.3522,35,
2024-06-22T13:00:00+00:00,19.73,27.28,18.96,68.89,20,40,Paris,,48.8566,2.3522,35,
2024-06-22T14:00:00+00:00,19.4,22.73,18.37,62.17,20,40,Paris,,48.8566,2.3522,35,
2024-06-22T15:00:00+00:00,19.77,29.64,17.88,70.35,20,40,Paris,,48.8566,2.3522,35,
2024-06-22T16:00:00+00:00,18.22,22.83,18.56,60.41,20,40,Paris,,48.8566,2.3522,35,
2024-06-22T17:00:00+00:00,19.11,25.32,16.27,56.35,20,40,Paris,,48.8566,2.3522,35,
2024-06-22T18:00:00+00:00,17.52,21.9,16.99,62.09,20,40,Paris,,48.8566,2.3522,35,
2024-06-22T19:00:00+00:00,16.33,22.3,16.3,66.61,20,40,Paris,,48.8566,2.3522,35,
2024-06-22T20:00:00+00:00,17.14,22.98,18.59,60.83,20,40,Paris,,48.8566,2.3522,35,
2024-06-22T21:00:00+00:00,17.15,26.03,17.88,54.99,20,40,Paris,,48.8566,2.3522,35,
2024-06-22T22:00:00+00:00,15.1,17.33,18.73,64.37,20,40,Paris,,48.8566,2.3522,35,
2024-06-22T23:00:00+00:00,19.15,28.47,18.62,60.0,20,40,Paris,,48.8566,2.3522,35,
2024-06-23T00:00:00+00:00,17.18,25.68,20.15,64.77,20,40,Paris,,48.8566,2.3522,35,
2024-06-23T01:00:00+00:00,19.28,26.97,22.71,74.04,20,40,Paris,,48.8566,2.3522,35,
2024-06-23T02:00:00+00:00,17.48,23.58,21.67,82.66,20,40,Paris,,48.8566,2.3522,35,
2024-06-23T03:00:00+00:00,19.83,27.99,24.21,82.51,20,40,Paris,,48.8566,2.3522,35,
2024-06-23T04:00:00+00:00,18.08,27.59,23.21,77.84,20,40,Paris,,48.8566,2.3522,35,
2024-06-23T05:00:00+00:00,19.76,29.6,23.77,75.0,20,40,Paris,,48.8566,2.3522,35,
2024-06-23T06:00:00+00:00,16.27,25.3,25.27,75.17,20,40,Paris,,48.8566,2.3522,35,
2024-06-23T07:00:00+00:00,18.49,20.98,23.65,80.51,20,40,Paris,,48.8566,2.3522,35,
2024-06-23T08:00:00+00:00,20.39,26.43,25.7,79.71,20,40,Paris,,48.8566,2.3522,35,
2024-06-23T09:00:00+00:00,15.66,24.07,24.7,71.95,20,40,Paris,,48.8566,2.3522,35,
2024-06-23T10:00:00+00:00,18.58,27.35,22.98,82.87,20,40,Paris,,48.8566,2.3522,35,
2024-06-23T11:00:00+00:00,18.03,20.83,22.02,72.24,20,40,Paris,,48.8566,2.3522,35,
2024-06-23T12:00:00+00:00,16.36,25.66,21.24,77.31,20,40,Paris,,48.8566,2.3522,35,
2024-06-23T13:00:00+00:00,15.03,19.04,20.83,65.17,20,40,Paris,,48.8566,2.3522,35,
2024-06-23T14:00:00+00:00,18.27,25.37,17.69,62.74,20,40,Paris,,48.8566,2.3522,35,
2024-06-23T15:00:00+00:00,15.98,21.27,17.47,65.49,20,40,Paris,,48.8566,2.3522,35,
2024-06-23T16:00:00+00:00,15.66,17.99,17.94,58.86,20,40,Paris,,48.8566,2.3522,35,
2024-06-23T17:00:00+00:00,19.52,26.36,18.37,61.17,20,40,Paris,,48.8566,2.3522,35,
2024-06-23T18:00:00+00:00,16.04,19.35,17.16,52.09,20,40,Paris,,48.8566,2.3522,35,
2024-06-23T19:00:00+00:00,17.31,23.96,18.01,61.43,20,40,Paris,,48.8566,2.3522,35,
2024-06-23T20:00:00+00:00,15.49,19.3,18.73,54.23,20,40,Paris,,48.8566,2.3522,35,
2024-06-23T21:00:00+00:00,14.05,22.26,16.91,59.06,20,40,Paris,,48.8566,2.3522,35,
2024-06-23T22:00:00+00:00,18.03,21.88,18.32,58.02,20,40,Paris,,48.8566,2.3522,35,
2024-06-23T23:00:00+00:00,15.26,23.32,21.19,72.2,20,40,Paris,,48.8566,2.3522,35,
2024-06-24T00:00:00+00:00,15.49,24.04,19.51,75.64,20,40,Paris,,48.8566,2.3522,35,
2024-06-24T01:00:00+00:00,19.59,23.33,21.33,65.06,20,40,Paris,,48.8566,2.3522,35,
2024-06-24T02:00:00+00:00,18.53,24.52,22.86,77.79,20,40,Paris,,48.8566,2.3522,35,
2024-06-24T03:00:00+00:00,15.49,22.55,23.29,77.78,20,40,Paris,,48.8566,2.3522,35,
2024-06-24T04:00:00+00:00,18.99,26.24,24.08,71.9,20,40,Paris,,48.8566,2.3522,35,
2024-06-24T05:00:00+00:00,17.97,26.89,24.2,71.86,20,40,Paris,,48.8566,2.3522,35,
2024-06-24T06:00:00+00:00,18.84,27.78,23.81,76.39,20,40,Paris,,48.8566,2.3522,35,
2024-06-24T07:00:00+00:00,18.15,21.48,25.36,72.56,20,40,Paris,,48.8566,2.3522,35,
2024-06-24T08:00:00+00:00,14.8,21.39,23.79,76.93,20,40,Paris,,48.8566,2.3522,35,
2024-06-24T09:00:00+00:00,16.32,19.07,24.81,74.45,20,40,Paris,,48.8566,2.3522,35,
2024-06-24T10:00:00+00:00,19.01,23.52,22.69,76.2,20,40,Paris,,48.8566,2.3522,35,
2024-06-24T11:00:00+00:00,15.55,24.01,20.74,73.14,20,40,Paris,,48.8566,2.3522,35,
2024-06-24T12:00:00+00:00,14.98,21.66,21.02,73.57,20,40,Paris,,48.8566,2.3522,35,
2024-06-24T13:00:00+00:00,17.38,26.53,20.55,61.85,20,40,Paris,,48.8566,2.3522,35,
2024-06-24T14:00:00+00:00,17.54,20.73,18.31,59.77,20,40,Paris,,48.8566,2.3522,35,
2024-06-24T15:00:00+00:00,18.72,28.08,18.44,59.14,20,40,Paris,,48.8566,2.3522,35,
2024-06-24T16:00:00+00:00,16.05,20.95,16.48,56.23,20,40,Paris,,48.8566,2.3522,35,
2024-06-24T17:00:00+00:00,18.5,24.84,17.76,56.36,20,40,Paris,,48.8566,2.3522,35,
2024-06-24T18:00:00+00:00,14.84,21.49,16.48,52.96,20,40,Paris,,48.8566,2.3522,35,
2024-06-24T19:00:00+00:00,15.89,20.18,16.98,57.55,20,40,Paris,,48.8566,2.3522,35,
2024-06-24T20:00:00+00:00,14.8,16.21,18.58,57.18,20,40,Paris,,48.8566,2.3522,35,
2024-06-24T21:00:00+00:00,15.73,20.71,16.74,59.34,20,40,Paris,,48.8566,2.3522,35,
2024-06-24T22:00:00+00:00,17.92,27.2,18.13,59.87,20,40,Paris,,48.8566,2.3522,35,
2024-06-24T23:00:00+00:00,15.03,20.64,20.48,63.93,20,40,Paris,,48.8566,2.3522,35,
2024-06-25T00:00:00+00:00,14.8,23.05,21.06,62.03,20,40,Paris,,48.8566,2.3522,35,
2024-06-25T01:00:00+00:00,19.75,24.98,20.59,68.94,20,40,Paris,,48.8566,2.3522,35,
2024-06-25T02:00:00+00:00,21.0,26.04,22.04,77.97,20,40,Paris,,48.8566,2.3522,35,
2024-06-25T03:00:00+00:00,19.77,26.57,23.07,76.5,20,40,Paris,,48.8566,2.3522,35,
2024-06-25T04:00:00+00:00,15.51,22.27,25.55,81.58,20,40,Paris,,48.8566,2.3522,35,
2024-06-25T05:00:00+00:00,15.35,19.44,24.68,74.43,20,40,Paris,,48.8566,2.3522,35,
2024-06-25T06:00:00+00:00,17.51,22.54,25.33,86.82,20,40,Paris,,48.8566,2.3522,35,
2024-06-25T07:00:00+00:00,21.26,28.75,24.95,81.46,20,40,Paris,,48.8566,2.3522,35,
2024-06-25T08:00:00+00:00,21.64,26.29,24.51,84.03,20,40,Paris,,48.8566,2.3522,35,
2024-06-25T09:00:00+00:00,20.35,23.6,22.88,84.3,20,40,Paris,,48.8566,2.3522,35,
2024-06-25T10:00:00+00:00,21.18,25.41,21.78,81.97,20,40,Paris,,48.8566,2.3522,35,
2024-06-25T11:00:00+00:00,17.21,23.0,21.01,68.81,20,40,Paris,,48.8566,2.3522,35,
2024-06-25T12:00:00+00:00,19.21,28.59,20.19,68.31,20,40,Paris,,48.8566,2.3522,35,
2024-06-25T13:00:00+00:00,15.78,19.25,19.53,62.82,20,40,Paris,,48.8566,2.3522,35,
2024-06-25T14:00:00+00:00,20.39,29.41,18.59,68.21,20,40,Paris,,48.8566,2.3522,35,
2024-06-25T15:00:00+00:00,17.98,27.5,18.34,56.03,20,40,Paris,,48.8566,2.3522,35,
2024-06-25T16:00:00+00:00,19.76,25.62,16.67,62.44,20,40,Paris,,48.8566,2.3522,35,
2024-06-25T17:00:00+00:00,20.56,30.92,16.09,63.71,20,40,Paris,,48.8566,2.3522,35,
2024-06-25T18:00:00+00:00,18.13,26.26,15.8,61.08,20,40,Paris,,48.8566,2.3522,35,
2024-06-25T19:00:00+00:00,14.99,23.71,15.95,56.66,20,40,Paris,,48.8566,2.3522,35,
2024-06-25T20:00:00+00:00,17.94,26.77,16.18,64.1,20,40,Paris,,48.8566,2.3522,35,
2024-06-25T21:00:00+00:00,15.9,23.0,17.29,67.07,20,40,Paris,,48.8566,2.3522,35,
2024-06-25T22:00:00+00:00,18.75,28.78,18.41,58.56,20,40,Paris,,48.8566,2.3522,35,
2024-06-25T23:00:00+00:00,17.44,26.88,20.51,63.2,20,40,Paris,,48.8566,2.3522,35,
2024-06-26T00:00:00+00:00,18.76,22.74,21.27,63.49,20,40,Paris,,48.8566,2.3522,35,
2024-06-26T01:00:00+00:00,21.51,28.1,21.52,78.73,20,40,Paris,,48.8566,2.3522,35,
2024-06-26T02:00:00+00:00,17.99,20.61,24.36,73.35,20,40,Paris,,48.8566,2.3522,35,
2024-06-26T03:00:00+00:00,17.25,20.17,24.71,77.03,20,40,Paris,,48.8566,2.3522,35,
2024-06-26T04:00:00+00:00,16.67,21.33,23.95,85.59,20,40,Paris,,48.8566,2.3522,35,
2024-06-26T05:00:00+00:00,17.45,26.87,24.75,75.04,20,40,Paris,,48.8566,2.3522,35,
2024-06-26T06:00:00+00:00,18.75,24.45,26.33,77.63,20,40,Paris,,48.8566,2.3522,35,
2024-06-26T07:00:00+00:00,15.12,22.55,24.97,72.73,20,40,Paris,,48.8566,2.3522,35,
2024-06-26T08:00:00+00:00,16.98,25.98,23.64,71.95,20,40,Paris,,48.8566,2.3522,35,
2024-06-26T09:00:00+00:00,16.73,22.92,22.47,81.27,20,40,Paris,,48.8566,2.3522,35,
2024-06-26T10:00:00+00:00,19.73,23.64,22.39,81.61,20,40,Paris,,48.8566,2.3522,35,
2024-06-26T11:00:00+00:00,17.46,27.14,20.77,64.6,20,40,Paris,,48.8566,2.3522,35,
2024-06-26T12:00:00+00:00,17.93,27.08,21.05,70.62,20,40,Paris,,48.8566,2.3522,35,
2024-06-26T13:00:00+00:00,16.93,25.27,20.04,62.58,20,40,Paris,,48.8566,2.3522,35,
2024-06-26T14:00:00+00:00,21.21,29.37,18.63,71.57,20,40,Paris,,48.8566,2.3522,35,
2024-06-26T15:00:00+00:00,18.68,28.53,19.0,62.98,20,40,Paris,,48.8566,2.3522,35,
2024-06-26T16:00:00+00:00,19.23,23.67,17.89,68.18,20,40,Paris,,48.8566,2.3522,35,
2024-06-26T17:00:00+00:00,16.5,23.59,18.13,67.11,20,40,Paris,,48.8566,2.3522,35,
2024-06-26T18:00:00+00:00,17.19,22.85,15.59,56.31,20,40,Paris,,48.8566,2.3522,35,
2024-06-26T19:00:00+00:00,14.91,20.61,18.24,60.53,20,40,Paris,,48.8566,2.3522,35,
2024-06-26T20:00:00+00:00,16.02,20.53,16.97,58.2,20,40,Paris,,48.8566,2.3522,35,
2024-06-26T21:00:00+00:00,18.16,22.53,19.63,56.71,20,40,Paris,,48.8566,2.3522,35,
2024-06-26T22:00:00+00:00,19.72,25.56,19.4,63.8,20,40,Paris,,48.8566,2.3522,35,
2024-06-26T23:00:00+00:00,19.48,26.8,20.72,67.33,20,40,Paris,,48.8566,2.3522,35,
2024-06-27T00:00:00+00:00,18.15,22.44,22.08,71.41,20,40,Paris,,48.8566,2.3522,35,
2024-06-27T01:00:00+00:00,17.86,24.25,22.94,80.1,20,40,Paris,,48.8566,2.3522,35,
2024-06-27T02:00:00+00:00,21.23,32.37,23.16,82.8,20,40,Paris,,48.8566,2.3522,35,
2024-06-27T03:00:00+00:00,21.73,27.7,23.25,84.0,20,40,Paris,,48.8566,2.3522,35,
2024-06-27T04:00:00+00:00,19.03,25.09,24.01,84.26,20,40,Paris,,48.8566,2.3522,35,
2024-06-27T05:00:00+00:00,19.83,23.7,25.7,71.71,20,40,Paris,,48.8566,2.3522,35,
2024-06-27T06:00:00+00:00,17.05,22.65,23.62,77.86,20,40,Paris,,48.8566,2.3522,35,
2024-06-27T07:00:00+00:00,18.51,27.13,24.11,79.19,20,40,Paris,,48.8566,2.3522,35,
2024-06-27T08:00:00+00:00,21.08,28.28,23.63,86.18,20,40,Paris,,48.8566,2.3522,35,
2024-06-27T09:00:00+00:00,19.31,24.18,22.68,70.99,20,40,Paris,,48.8566,2.3522,35,
2024-06-27T10:00:00+00:00,16.18,21.34,24.29,81.1,20,40,Paris,,48.8566,2.3522,35,
2024-06-27T11:00:00+00:00,18.88,24.62,21.33,72.26,20,40,Paris,,48.8566,2.3522,35,
2024-06-27T12:00:00+00:00,19.92,23.21,21.78,69.04,20,40,Paris,,48.8566,2.3522,35,
2024-06-27T13:00:00+00:00,19.34,23.11,19.08,73.78,20,40,Paris,,48.8566,2.3522,35,
2024-06-27T14:00:00+00:00,18.45,28.26,19.15,64.86,20,40,Paris,,48.8566,2.3522,35,
2024-06-27T15:00:00+00:00,17.96,24.25,19.35,59.76,20,40,Paris,,48.8566,2.3522,35,
2024-06-27T16:00:00+00:00,16.86,19.93,18.71,61.48,20,40,Paris,,48.8566,2.3522,35,
2024-06-27T17:00:00+00:00,17.95,26.81,15.69,66.43,20,40,Paris,,48.8566,2.3522,35,
2024-06-27T18:00:00+00:00,18.63,22.35,17.91,55.22,20,40,Paris,,48.8566,2.3522,35,
2024-06-27T19:00:00+00:00,18.74,21.7,16.79,54.01,20,40,Paris,,48.8566,2.3522,35,
2024-06-27T20:00:00+00:00,16.79,20.6,16.14,57.04,20,40,Paris,,48.8566,2.3522,35,
2024-06-27T21:00:00+00:00,17.22,27.16,19.25,70.74,20,40,Paris,,48.8566,2.3522,35,
2024-06-27T22:00:00+00:00,20.61,27.69,18.39,67.33,20,40,Paris,,48.8566,2.3522,35,
2024-06-27T23:00:00+00:00,20.42,26.88,20.54,67.04,20,40,Paris,,48.8566,2.3522,35,
2024-06-28T00:00:00+00:00,14.26,16.01,21.63,62.59,20,40,Paris,,48.8566,2.3522,35,
2024-06-28T01:00:00+00:00,20.44,26.23,22.11,68.42,20,40,Paris,,48.8566,2.3522,35,
2024-06-28T02:00:00+00:00,19.05,24.96,23.12,67.7,20,40,Paris,,48.8566,2.3522,35,
2024-06-28T03:00:00+00:00,19.14,25.19,24.1,79.38,20,40,Paris,,48.8566,2.3522,35,
2024-06-28T04:00:00+00:00,20.39,25.14,25.39,76.83,20,40,Paris,,48.8566,2.3522,35,
2024-06-28T05:00:00+00:00,15.21,24.16,25.13,74.67,20,40,Paris,,48.8566,2.3522,35,
2024-06-28T06:00:00+00:00,18.58,24.67,24.08,77.75,20,40,Paris,,48.8566,2.3522,35,
2024-06-28T07:00:00+00:00,20.42,25.95,23.71,85.9,20,40,Paris,,48.8566,2.3522,35,
2024-06-28T08:00:00+00:00,15.19,21.85,25.65,71.01,20,40,Paris,,48.8566,2.3522,35,
2024-06-28T09:00:00+00:00,20.68,24.75,22.73,78.77,20,40,Paris,,48.8566,2.3522,35,
2024-06-28T10:00:00+00:00,18.72,24.63,22.5,71.51,20,40,Paris,,48.8566,2.3522,35,
2024-06-28T11:00:00+00:00,16.71,19.6,23.24,66.23,20,40,Paris,,48.8566,2.3522,35,
2024-06-28T12:00:00+00:00,19.59,27.81,21.44,63.81,20,40,Paris,,48.8566,2.3522,35,
2024-06-28T13:00:00+00:00,15.15,21.92,18.89,61.7,20,40,Paris,,48.8566,2.3522,35,
2024-06-28T14:00:00+00:00,18.84,25.87,19.94,63.37,20,40,Paris,,48.8566,2.3522,35,
2024-06-28T15:00:00+00:00,18.76,23.27,19.32,69.02,20,40,Paris,,48.8566,2.3522,35,
2024-06-28T16:00:00+00:00,19.51,22.95,16.42,66.92,20,40,Paris,,48.8566,2.3522,35,
2024-06-28T17:00:00+00:00,15.59,19.67,16.2,63.08,20,40,Paris,,48.8566,2.3522,35,
2024-06-28T18:00:00+00:00,17.9,25.75,18.38,66.75,20,40,Paris,,48.8566,2.3522,35,
2024-06-28T19:00:00+00:00,18.29,21.39,17.5,56.16,20,40,Paris,,48.8566,2.3522,35,
2024-06-28T20:00:00+00:00,16.72,25.93,16.29,61.49,20,40,Paris,,48.8566,2.3522,35,
2024-06-28T21:00:00+00:00,15.93,20.74,18.1,56.03,20,40,Paris,,48.8566,2.3522,35,
2024-06-28T22:00:00+00:00,18.66,23.16,19.88,60.85,20,40,Paris,,48.8566,2.3522,35,
2024-06-28T23:00:00+00:00,16.65,19.03,20.09,66.82,20,40,Paris,,48.8566,2.3522,35,
2024-06-29T00:00:00+00:00,15.57,22.68,21.17,63.48,20,40,Paris,,48.8566,2.3522,35,
2024-06-29T01:00:00+00:00,16.63,20.76,22.68,69.56,20,40,Paris,,48.8566,2.3522,35,
2024-06-29T02:00:00+00:00,19.71,26.88,22.68,70.43,20,40,Paris,,48.8566,2.3522,35,
2024-06-29T03:00:00+00:00,17.64,22.98,23.51,74.1,20,40,Paris,,48.8566,2.3522,35,
2024-06-29T04:00:00+00:00,19.82,24.53,25.7,75.2,20,40,Paris,,48.8566,2.3522,35,
2024-06-29T05:00:00+00:00,16.73,26.4,25.87,87.57,20,40,Paris,,48.8566,2.3522,35,
2024-06-29T06:00:00+00:00,17.22,26.93,24.08,80.52,20,40,Paris,,48.8566,2.3522,35,
2024-06-29T07:00:00+00:00,16.29,19.29,23.98,80.31,20,40,Paris,,48.8566,2.3522,35,
2024-06-29T08:00:00+00:00,21.42,29.84,25.02,85.54,20,40,Paris,,48.8566,2.3522,35,
2024-06-29T09:00:00+00:00,16.11,23.17,22.42,79.92,20,40,Paris,,48.8566,2.3522,35,
2024-06-29T10:00:00+00:00,16.6,22.5,22.45,74.85,20,40,Paris,,48.8566,2.3522,35,
2024-06-29T11:00:00+00:00,21.16,28.87,22.36,79.61,20,40,Paris,,48.8566,2.3522,35,
2024-06-29T12:00:00+00:00,20.11,31.14,21.11,67.86,20,40,Paris,,48.8566,2.3522,35,
2024-06-29T13:00:00+00:00,18.21,25.14,19.88,70.3,20,40,Paris,,48.8566,2.3522,35,
2024-06-29T14:00:00+00:00,15.21,20.57,20.13,64.99,20,40,Paris,,48.8566,2.3522,35,
2024-06-29T15:00:00+00:00,17.66,23.05,18.48,57.3,20,40,Paris,,48.8566,2.3522,35,
2024-06-29T16:00:00+00:00,19.21,23.39,18.83,57.62,20,40,Paris,,48.8566,2.3522,35,
2024-06-29T17:00:00+00:00,14.59,23.39,18.26,61.01,20,40,Paris,,48.8566,2.3522,35,
2024-06-29T18:00:00+00:00,15.82,20.13,17.02,53.88,20,40,Paris,,48.8566,2.3522,35,
2024-06-29T19:00:00+00:00,14.32,21.72,17.39,57.63,20,40,Paris,,48.8566,2.3522,35,
2024-06-29T20:00:00+00:00,15.62,21.44,19.03,55.9,20,40,Paris,,48.8566,2.3522,35,
2024-06-29T21:00:00+00:00,18.13,24.17,17.05,62.1,20,40,Paris,,48.8566,2.3522,35,
2024-06-29T22:00:00+00:00,14.89,23.27,20.37,61.83,20,40,Paris,,48.8566,2.3522,35,
2024-06-29T23:00:00+00:00,16.4,18.65,18.52,61.81,20,40,Paris,,48.8566,2.3522,35,
2024-06-30T00:00:00+00:00,15.25,19.5,21.32,64.36,20,40,Paris,,48.8566,2.3522,35,
2024-06-30T01:00:00+00:00,16.18,21.16,21.38,73.37,20,40,Paris,,48.8566,2.3522,35,
2024-06-30T02:00:00+00:00,19.23,28.03,22.04,81.35,20,40,Paris,,48.8566,2.3522,35,
2024-06-30T03:00:00+00:00,17.89,26.52,22.34,74.06,20,40,Paris,,48.8566,2.3522,35,
2024-06-30T04:00:00+00:00,17.88,26.68,23.77,74.0,20,40,Paris,,48.8566,2.3522,35,
2024-06-30T05:00:00+00:00,21.32,29.02,26.33,87.63,20,40,Paris,,48.8566,2.3522,35,
2024-06-30T06:00:00+00:00,19.49,25.7,24.52,75.59,20,40,Paris,,48.8566,2.3522,35,
2024-06-30T07:00:00+00:00,20.74,27.29,23.46,80.23,20,40,Paris,,48.8566,2.3522,35,
2024-06-30T08:00:00+00:00,17.73,25.21,25.3,80.09,20,40,Paris,,48.8566,2.3522,35,
2024-06-30T09:00:00+00:00,18.31,24.2,24.58,78.83,20,40,Paris,,48.8566,2.3522,35,
2024-06-30T10:00:00+00:00,19.94,24.08,21.8,79.93,20,40,Paris,,48.8566,2.3522,35,
2024-06-30T11:00:00+00:00,18.22,20.64,22.11,79.91,20,40,Paris,,48.8566,2.3522,35,
2024-06-30T12:00:00+00:00,17.23,24.76,21.48,63.99,20,40,Paris,,48.8566,2.3522,35,
2024-06-30T13:00:00+00:00,18.99,29.03,20.05,70.83,20,40,Paris,,48.8566,2.3522,35,
2024-06-30T14:00:00+00:00,16.37,18.73,17.88,59.34,20,40,Paris,,48.8566,2.3522,35,
2024-06-30T15:00:00+00:00,16.02,19.1,17.08,58.97,20,40,Paris,,48.8566,2.3522,35,
2024-06-30T16:00:00+00:00,16.09,23.99,16.38,58.48,20,40,Paris,,48.8566,2.3522,35,
2024-06-30T17:00:00+00:00,16.96,23.77,16.7,61.09,20,40,Paris,,48.8566,2.3522,35,
2024-06-30T18:00:00+00:00,19.55,23.52,16.26,61.39,20,40,Paris,,48.8566,2.3522,35,
2024-06-30T19:00:00+00:00,17.93,24.88,18.18,59.8,20,40,Paris,,48.8566,2.3522,35,
2024-06-30T20:00:00+00:00,16.3,18.52,16.44,61.25,20,40,Paris,,48.8566,2.3522,35,
2024-06-30T21:00:00+00:00,16.13,22.81,17.21,69.79,20,40,Paris,,48.8566,2.3522,35,
2024-06-30T22:00:00+00:00,18.09,20.49,20.47,63.35,20,40,Paris,,48.8566,2.3522,35,
2024-06-30T23:00:00+00:00,19.34,25.58,19.84,62.01,20,40,Paris,,48.8566,2.3522,35,
2024-07-01T00:00:00+00:00,16.73,22.17,23.07,62.07,20,40,Paris,,48.8566,2.3522,35,
2024-07-01T01:00:00+00:00,17.38,26.68,24.3,77.48,20,40,Paris,,48.8566,2.3522,35,
2024-07-01T02:00:00+00:00,17.6,21.03,26.9,80.43,20,40,Paris,,48.8566,2.3522,35,
2024-07-01T03:00:00+00:00,15.74,22.66,25.72,69.59,20,40,Paris,,48.8566,2.3522,35,
2024-07-01T04:00:00+00:00,14.54,22.28,27.91,71.78,20,40,Paris,,48.8566,2.3522,35,
2024-07-01T05:00:00+00:00,18.41,25.92,28.31,83.46,20,40,Paris,,48.8566,2.3522,35,
2024-07-01T06:00:00+00:00,16.73,23.9,27.39,75.61,20,40,Paris,,48.8566,2.3522,35,
2024-07-01T07:00:00+00:00,14.24,19.16,28.2,75.31,20,40,Paris,,48.8566,2.3522,35,
2024-07-01T08:00:00+00:00,17.28,19.74,27.81,74.99,20,40,Paris,,48.8566,2.3522,35,
2024-07-01T09:00:00+00:00,16.53,19.07,27.01,80.38,20,40,Paris,,48.8566,2.3522,35,
2024-07-01T10:00:00+00:00,19.3,27.64,25.26,72.6,20,40,Paris,,48.8566,2.3522,35,
2024-07-01T11:00:00+00:00,20.21,27.96,25.54,74.16,20,40,Paris,,48.8566,2.3522,35,
2024-07-01T12:00:00+00:00,18.16,26.63,24.9,63.55,20,40,Paris,,48.8566,2.3522,35,
2024-07-01T13:00:00+00:00,16.21,22.24,24.39,60.09,20,40,Paris,,48.8566,2.3522,35,
2024-07-01T14:00:00+00:00,20.79,31.32,20.77,70.8,20,40,Paris,,48.8566,2.3522,35,
2024-07-01T15:00:00+00:00,19.55,28.46,20.96,57.43,20,40,Paris,,48.8566,2.3522,35,
2024-07-01T16:00:00+00:00,14.26,21.41,20.68,67.06,20,40,Paris,,48.8566,2.3522,35,
2024-07-01T17:00:00+00:00,19.12,25.77,21.33,56.38,20,40,Paris,,48.8566,2.3522,35,
2024-07-01T18:00:00+00:00,15.33,16.99,19.61,54.4,20,40,Paris,,48.8566,2.3522,35,
2024-07-01T19:00:00+00:00,15.01,16.41,21.14,65.79,20,40,Paris,,48.8566,2.3522,35,
2024-07-01T20:00:00+00:00,13.84,20.79,20.39,58.55,20,40,Paris,,48.8566,2.3522,35,
2024-07-01T21:00:00+00:00,13.43,15.46,20.3,57.96,20,40,Paris,,48.8566,2.3522,35,
2024-07-01T22:00:00+00:00,18.11,26.78,22.61,59.38,20,40,Paris,,48.8566,2.3522,35,
2024-07-01T23:00:00+00:00,14.41,20.92,21.66,62.26,20,40,Paris,,48.8566,2.3522,35,
2024-07-02T00:00:00+00:00,18.25,27.98,22.81,65.76,20,40,Paris,,48.8566,2.3522,35,
2024-07-02T01:00:00+00:00,15.22,21.35,25.86,75.13,20,40,Paris,,48.8566,2.3522,35,
2024-07-02T02:00:00+00:00,14.92,16.79,27.08,75.18,20,40,Paris,,48.8566,2.3522,35,
2024-07-02T03:00:00+00:00,18.67,22.36,26.54,70.45,20,40,Paris,,48.8566,2.3522,35,
2024-07-02T04:00:00+00:00,20.53,26.84,26.67,86.45,20,40,Paris,,48.8566,2.3522,35,
2024-07-02T05:00:00+00:00,21.43,30.74,26.99,85.08,20,40,Paris,,48.8566,2.3522,35,
2024-07-02T06:00:00+00:00,14.79,20.67,29.1,79.97,20,40,Paris,,48.8566,2.3522,35,
2024-07-02T07:00:00+00:00,15.84,24.6,28.22,83.69,20,40,Paris,,48.8566,2.3522,35,
2024-07-02T08:00:00+00:00,16.16,24.9,28.74,75.85,20,40,Paris,,48.8566,2.3522,35,
2024-07-02T09:00:00+00:00,14.66,23.45,27.74,74.73,20,40,Paris,,48.8566,2.3522,35,
2024-07-02T10:00:00+00:00,19.53,27.23,26.18,67.94,20,40,Paris,,48.8566,2.3522,35,
2024-07-02T11:00:00+00:00,20.98,25.34,25.73,78.41,20,40,Paris,,48.8566,2.3522,35,
2024-07-02T12:00:00+00:00,17.76,27.04,23.18,77.89,20,40,Paris,,48.8566,2.3522,35,
2024-07-02T13:00:00+00:00,16.69,22.98,23.35,65.02,20,40,Paris,,48.8566,2.3522,35,
2024-07-02T14:00:00+00:00,15.01,18.44,21.85,58.63,20,40,Paris,,48.8566,2.3522,35,
2024-07-02T15:00:00+00:00,15.32,23.75,21.7,61.23,20,40,Paris,,48.8566,2.3522,35,
2024-07-02T16:00:00+00:00,20.43,27.11,20.08,67.69,20,40,Paris,,48.8566,2.3522,35,
2024-07-02T17:00:00+00:00,15.9,24.13,21.18,54.85,20,40,Paris,,48.8566,2.3522,35,
2024-07-02T18:00:00+00:00,13.82,20.75,21.15,55.98,20,40,Paris,,48.8566,2.3522,35,
2024-07-02T19:00:00+00:00,17.13,24.31,20.55,55.27,20,40,Paris,,48.8566,2.3522,35,
2024-07-02T20:00:00+00:00,14.52,18.02,20.45,59.0,20,40,Paris,,48.8566,2.3522,35,
2024-07-02T21:00:00+00:00,14.93,21.09,22.14,57.13,20,40,Paris,,48.8566,2.3522,35,
2024-07-02T22:00:00+00:00,17.45,24.67,22.63,71.15,20,40,Paris,,48.8566,2.3522,35,
2024-07-02T23:00:00+00:00,17.69,25.58,22.56,61.85,20,40,Paris,,48.8566,2.3522,35,
2024-07-03T00:00:00+00:00,17.99,25.17,24.24,73.36,20,40,Paris,,48.8566,2.3522,35,
2024-07-03T01:00:00+00:00,17.01,24.45,23.6,77.11,20,40,Paris,,48.8566,2.3522,35,
2024-07-03T02:00:00+00:00,21.14,28.94,24.63,80.8,20,40,Paris,,48.8566,2.3522,35,
2024-07-03T03:00:00+00:00,16.81,26.48,25.71,82.47,20,40,Paris,,48.8566,2.3522,35,
2024-07-03T04:00:00+00:00,19.7,27.97,26.79,86.53,20,40,Paris,,48.8566,2.3522,35,
2024-07-03T05:00:00+00:00,19.57,23.78,27.83,85.69,20,40,Paris,,48.8566,2.3522,35,
2024-07-03T06:00:00+00:00,17.7,21.3,27.97,72.39,20,40,Paris,,48.8566,2.3522,35,
2024-07-03T07:00:00+00:00,17.4,21.8,26.59,73.15,20,40,Paris,,48.8566,2.3522,35,
2024-07-03T08:00:00+00:00,16.83,20.3,27.41,74.12,20,40,Paris,,48.8566,2.3522,35,
2024-07-03T09:00:00+00:00,21.05,26.62,25.69,81.32,20,40,Paris,,48.8566,2.3522,35,
2024-07-03T10:00:00+00:00,18.45,22.31,24.99,73.75,20,40,Paris,,48.8566,2.3522,35,
2024-07-03T11:00:00+00:00,20.15,26.55,23.57,67.75,20,40,Paris,,48.8566,2.3522,35,
2024-07-03T12:00:00+00:00,16.28,18.47,23.24,77.25,20,40,Paris,,48.8566,2.3522,35,
2024-07-03T13:00:00+00:00,19.84,25.52,22.25,74.14,20,40,Paris,,48.8566,2.3522,35,
2024-07-03T14:00:00+00:00,18.05,20.83,20.69,70.22,20,40,Paris,,48.8566,2.3522,35,
2024-07-03T15:00:00+00:00,16.64,18.59,20.56,56.17,20,40,Paris,,48.8566,2.3522,35,
2024-07-03T16:00:00+00:00,16.98,25.94,19.4,60.49,20,40,Paris,,48.8566,2.3522,35,
2024-07-03T17:00:00+00:00,18.75,26.04,21.37,60.75,20,40,Paris,,48.8566,2.3522,35,
2024-07-03T18:00:00+00:00,15.01,21.7,19.29,53.42,20,40,Paris,,48.8566,2.3522,35,
2024-07-03T19:00:00+00:00,16.13,22.0,20.65,60.62,20,40,Paris,,48.8566,2.3522,35,
2024-07-03T20:00:00+00:00,17.44,21.92,19.22,68.06,20,40,Paris,,48.8566,2.3522,35,
2024-07-03T21:00:00+00:00,13.11,17.49,22.17,56.14,20,40,Paris,,48.8566,2.3522,35,
2024-07-03T22:00:00+00:00,18.45,21.2,20.75,60.03,20,40,Paris,,48.8566,2.3522,35,
2024-07-03T23:00:00+00:00,16.87,23.99,22.78,64.52,20,40,Paris,,48.8566,2.3522,35,
2024-07-04T00:00:00+00:00,17.14,25.88,24.63,64.82,20,40,Paris,,48.8566,2.3522,35,
2024-07-04T01:00:00+00:00,20.71,25.5,25.28,79.68,20,40,Paris,,48.8566,2.3522,35,
2024-07-04T02:00:00+00:00,14.92,22.32,25.48,67.68,20,40,Paris,,48.8566,2.3522,35,
2024-07-04T03:00:00+00:00,15.79,18.66,25.92,79.23,20,40,Paris,,48.8566,2.3522,35,
2024-07-04T04:00:00+00:00,17.92,25.15,27.91,75.8,20,40,Paris,,48.8566,2.3522,35,
2024-07-04T05:00:00+00:00,17.03,23.11,27.75,82.73,20,40,Paris,,48.8566,2.3522,35,
2024-07-04T06:00:00+00:00,20.68,29.24,28.61,85.56,20,40,Paris,,48.8566,2.3522,35,
2024-07-04T07:00:00+00:00,19.98,27.03,29.23,86.59,20,40,Paris,,48.8566,2.3522,35,
2024-07-04T08:00:00+00:00,15.8,19.33,26.28,76.73,20,40,Paris,,48.8566,2.3522,35,
2024-07-04T09:00:00+00:00,17.4,19.8,28.32,72.12,20,40,Paris,,48.8566,2.3522,35,
2024-07-04T10:00:00+00:00,14.26,18.29,25.52,67.2,20,40,Paris,,48.8566,2.3522,35,
2024-07-04T11:00:00+00:00,14.06,18.62,25.15,67.88,20,40,Paris,,48.8566,2.3522,35,
2024-07-04T12:00:00+00:00,15.56,20.58,24.18,69.34,20,40,Paris,,48.8566,2.3522,35,
2024-07-04T13:00:00+00:00,19.97,27.73,23.27,66.65,20,40,Paris,,48.8566,2.3522,35,
2024-07-04T14:00:00+00:00,15.06,18.28,22.56,64.18,20,40,Paris,,48.8566,2.3522,35,
2024-07-04T15:00:00+00:00,17.61,27.0,20.76,61.09,20,40,Paris,,48.8566,2.3522,35,
2024-07-04T16:00:00+00:00,16.8,22.31,20.12,53.93,20,40,Paris,,48.8566,2.3522,35,
2024-07-04T17:00:00+00:00,17.41,23.1,19.97,54.88,20,40,Paris,,48.8566,2.3522,35,
2024-07-04T18:00:00+00:00,19.88,23.09,19.96,61.96,20,40,Paris,,48.8566,2.3522,35,
2024-07-04T19:00:00+00:00,19.47,22.44,19.98,60.75,20,40,Paris,,48.8566,2.3522,35,
2024-07-04T20:00:00+00:00,13.69,21.58,21.56,53.57,20,40,Paris,,48.8566,2.3522,35,
2024-07-04T21:00:00+00:00,13.48,17.8,21.05,57.21,20,40,Paris,,48.8566,2.3522,35,
2024-07-04T22:00:00+00:00,15.55,21.16,21.76,65.03,20,40,Paris,,48.8566,2.3522,35,
2024-07-04T23:00:00+00:00,19.3,24.59,21.77,69.56,20,40,Paris,,48.8566,2.3522,35,
2024-07-05T00:00:00+00:00,18.26,27.7,23.13,68.29,20,40,Paris,,48.8566,2.3522,35,
2024-07-05T01:00:00+00:00,17.24,23.35,25.67,68.58,20,40,Paris,,48.8566,2.3522,35,
2024-07-05T02:00:00+00:00,18.36,26.65,25.43,72.28,20,40,Paris,,48.8566,2.3522,35,
2024-07-05T03:00:00+00:00,18.66,26.99,25.37,81.7,20,40,Paris,,48.8566,2.3522,35,
2024-07-05T04:00:00+00:00,17.57,25.5,28.31,71.47,20,40,Paris,,48.8566,2.3522,35,
2024-07-05T05:00:00+00:00,20.2,24.48,29.34,86.89,20,40,Paris,,48.8566,2.3522,35,
2024-07-05T06:00:00+00:00,16.33,25.41,29.08,85.17,20,40,Paris,,48.8566,2.3522,35,
2024-07-05T07:00:00+00:00,20.56,30.6,27.77,82.52,20,40,Paris,,48.8566,2.3522,35,
2024-07-05T08:00:00+00:00,19.93,29.64,26.5,83.43,20,40,Paris,,48.8566,2.3522,35,
2024-07-05T09:00:00+00:00,18.23,28.26,27.34,83.54,20,40,Paris,,48.8566,2.3522,35,
2024-07-05T10:00:00+00:00,16.09,20.65,24.52,73.83,20,40,Paris,,48.8566,2.3522,35,
2024-07-05T11:00:00+00:00,17.22,19.72,25.43,73.54,20,40,Paris,,48.8566,2.3522,35,
2024-07-05T12:00:00+00:00,18.54,21.3,23.81,76.8,20,40,Paris,,48.8566,2.3522,35,
2024-07-05T13:00:00+00:00,14.03,22.0,23.76,60.47,20,40,Paris,,48.8566,2.3522,35,
2024-07-05T14:00:00+00:00,15.58,21.9,23.11,61.16,20,40,Paris,,48.8566,2.3522,35,
2024-07-05T15:00:00+00:00,16.93,24.26,21.61,59.64,20,40,Paris,,48.8566,2.3522,35,
2024-07-05T16:00:00+00:00,14.57,17.74,21.62,53.75,20,40,Paris,,48.8566,2.3522,35,
2024-07-05T17:00:00+00:00,16.73,23.25,19.27,53.61,20,40,Paris,,48.8566,2.3522,35,
2024-07-05T18:00:00+00:00,15.25,21.25,19.85,59.73,20,40,Paris,,48.8566,2.3522,35,
2024-07-05T19:00:00+00:00,15.27,17.86,21.48,60.82,20,40,Paris,,48.8566,2.3522,35,
2024-07-05T20:00:00+00:00,18.83,22.87,20.32,61.72,20,40,Paris,,48.8566,2.3522,35,
2024-07-05T21:00:00+00:00,19.79,30.5,19.77,59.32,20,40,Paris,,48.8566,2.3522,35,
2024-07-05T22:00:00+00:00,17.53,20.04,22.82,72.89,20,40,Paris,,48.8566,2.3522,35,
2024-07-05T23:00:00+00:00,18.98,24.25,22.15,66.58,20,40,Paris,,48.8566,2.3522,35,
2024-07-06T00:00:00+00:00,15.58,24.11,22.98,66.07,20,40,Paris,,48.8566,2.3522,35,
2024-07-06T01:00:00+00:00,18.63,21.76,24.78,77.67,20,40,Paris,,48.8566,2.3522,35,
2024-07-06T02:00:00+00:00,17.12,24.8,25.25,78.62,20,40,Paris,,48.8566,2.3522,35,
2024-07-06T03:00:00+00:00,15.48,18.73,25.78,78.94,20,40,Paris,,48.8566,2.3522,35,
2024-07-06T04:00:00+00:00,16.89,24.24,28.41,76.66,20,40,Paris,,48.8566,2.3522,35,
2024-07-06T05:00:00+00:00,16.26,23.62,28.47,75.96,20,40,Paris,,48.8566,2.3522,35,
2024-07-06T06:00:00+00:00,17.85,21.22,27.95,87.35,20,40,Paris,,48.8566,2.3522,35,
2024-07-06T07:00:00+00:00,17.2,26.25,28.14,85.75,20,40,Paris,,48.8566,2.3522,35,
2024-07-06T08:00:00+00:00,19.61,24.14,26.93,72.65,20,40,Paris,,48.8566,2.3522,35,
2024-07-06T09:00:00+00:00,16.34,23.28,26.23,80.49,20,40,Paris,,48.8566,2.3522,35,
2024-07-06T10:00:00+00:00,15.92,23.49,26.67,71.7,20,40,Paris,,48.8566,2.3522,35,
2024-07-06T11:00:00+00:00,17.55,23.35,23.85,69.85,20,40,Paris,,48.8566,2.3522,35,
2024-07-06T12:00:00+00:00,14.56,18.32,23.08,63.86,20,40,Paris,,48.8566,2.3522,35,
2024-07-06T13:00:00+00:00,17.22,26.15,24.38,67.82,20,40,Paris,,48.8566,2.3522,35,
2024-07-06T14:00:00+00:00,18.78,21.52,20.74,69.64,20,40,Paris,,48.8566,2.3522,35,
2024-07-06T15:00:00+00:00,17.91,20.3,20.67,55.39,20,40,Paris,,48.8566,2.3522,35,
2024-07-06T16:00:00+00:00,19.64,30.35,21.95,62.3,20,40,Paris,,48.8566,2.3522,35,
2024-07-06T17:00:00+00:00,15.43,23.93,19.85,58.22,20,40,Paris,,48.8566,2.3522,35,
2024-07-06T18:00:00+00:00,16.71,21.01,18.62,61.14,20,40,Paris,,48.8566,2.3522,35,
2024-07-06T19:00:00+00:00,16.9,23.48,20.41,62.54,20,40,Paris,,48.8566,2.3522,35,
2024-07-06T20:00:00+00:00,15.6,22.03,19.83,57.26,20,40,Paris,,48.8566,2.3522,35,
2024-07-06T21:00:00+00:00,19.51,26.9,20.42,69.01,20,40,Paris,,48.8566,2.3522,35,
2024-07-06T22:00:00+00:00,16.83,21.26,22.63,67.77,20,40,Paris,,48.8566,2.3522,35,
2024-07-06T23:00:00+00:00,16.98,26.16,23.47,71.75,20,40,Paris,,48.8566,2.3522,35,
2024-07-07T00:00:00+00:00,17.08,26.63,24.11,76.15,20,40,Paris,,48.8566,2.3522,35,
2024-07-07T01:00:00+00:00,19.84,27.86,25.73,75.38,20,40,Paris,,48.8566,2.3522,35,
2024-07-07T02:00:00+00:00,19.32,27.48,24.99,82.82,20,40,Paris,,48.8566,2.3522,35,
2024-07-07T03:00:00+00:00,18.14,20.61,25.58,71.08,20,40,Paris,,48.8566,2.3522,35,
2024-07-07T04:00:00+00:00,15.4,20.78,27.49,74.37,20,40,Paris,,48.8566,2.3522,35,
2024-07-07T05:00:00+00:00,18.33,24.06,28.21,81.99,20,40,Paris,,48.8566,2.3522,35,
2024-07-07T06:00:00+00:00,16.31,20.58,27.62,80.77,20,40,Paris,,48.8566,2.3522,35,
2024-07-07T07:00:00+00:00,17.34,23.9,26.45,72.53,20,40,Paris,,48.8566,2.3522,35,
2024-07-07T08:00:00+00:00,15.39,18.36,26.9,86.37,20,40,Paris,,48.8566,2.3522,35,
2024-07-07T09:00:00+00:00,19.18,24.51,28.22,69.86,20,40,Paris,,48.8566,2.3522,35,
2024-07-07T10:00:00+00:00,15.17,23.52,25.62,78.58,20,40,Paris,,48.8566,2.3522,35,
2024-07-07T11:00:00+00:00,16.67,24.44,24.59,73.35,20,40,Paris,,48.8566,2.3522,35,
2024-07-07T12:00:00+00:00,19.92,23.13,22.64,77.28,20,40,Paris,,48.8566,2.3522,35,
2024-07-07T13:00:00+00:00,17.12,25.59,23.47,71.17,20,40,Paris,,48.8566,2.3522,35,
2024-07-07T14:00:00+00:00,15.26,22.7,22.77,63.47,20,40,Paris,,48.8566,2.3522,35,
2024-07-07T15:00:00+00:00,14.89,21.52,20.5,67.26,20,40,Paris,,48.8566,2.3522,35,
2024-07-07T16:00:00+00:00,17.18,21.31,20.87,60.01,20,40,Paris,,48.8566,2.3522,35,
2024-07-07T17:00:00+00:00,19.0,27.85,21.6,64.6,20,40,Paris,,48.8566,2.3522,35,
2024-07-07T18:00:00+00:00,17.97,20.62,20.7,56.9,20,40,Paris,,48.8566,2.3522,35,
2024-07-07T19:00:00+00:00,17.44,27.37,18.87,64.09,20,40,Paris,,48.8566,2.3522,35,
2024-07-07T20:00:00+00:00,15.75,24.68,20.18,66.6,20,40,Paris,,48.8566,2.3522,35,
2024-07-07T21:00:00+00:00,19.05,26.93,20.5,69.58,20,40,Paris,,48.8566,2.3522,35,
2024-07-07T22:00:00+00:00,17.33,23.61,21.74,66.63,20,40,Paris,,48.8566,2.3522,35,
2024-07-07T23:00:00+00:00,17.61,25.71,23.01,60.57,20,40,Paris,,48.8566,2.3522,35,
2024-07-08T00:00:00+00:00,19.03,28.64,25.36,66.04,20,40,Paris,,48.8566,2.3522,35,
2024-07-08T01:00:00+00:00,15.25,24.1,23.85,74.18,20,40,Paris,,48.8566,2.3522,35,
2024-07-08T02:00:00+00:00,18.0,24.78,25.82,78.11,20,40,Paris,,48.8566,2.3522,35,
2024-07-08T03:00:00+00:00,19.85,29.81,25.5,75.66,20,40,Paris,,48.8566,2.3522,35,
2024-07-08T04:00:00+00:00,20.22,30.88,26.1,78.76,20,40,Paris,,48.8566,2.3522,35,
2024-07-08T05:00:00+00:00,17.13,24.89,27.39,77.38,20,40,Paris,,48.8566,2.3522,35,
2024-07-08T06:00:00+00:00,20.48,31.52,27.05,79.88,20,40,Paris,,48.8566,2.3522,35,
2024-07-08T07:00:00+00:00,20.09,25.93,27.51,72.67,20,40,Paris,,48.8566,2.3522,35,
2024-07-08T08:00:00+00:00,18.54,27.27,26.02,72.62,20,40,Paris,,48.8566,2.3522,35,
2024-07-08T09:00:00+00:00,17.02,19.54,25.95,77.92,20,40,Paris,,48.8566,2.3522,35,
2024-07-08T10:00:00+00:00,17.45,19.83,27.09,70.56,20,40,Paris,,48.8566,2.3522,35,
2024-07-08T11:00:00+00:00,18.22,24.05,25.37,74.04,20,40,Paris,,48.8566,2.3522,35,
2024-07-08T12:00:00+00:00,20.56,28.84,24.27,72.04,20,40,Paris,,48.8566,2.3522,35,
2024-07-08T13:00:00+00:00,19.52,30.04,23.97,73.58,20,40,Paris,,48.8566,2.3522,35,
2024-07-08T14:00:00+00:00,18.95,27.08,21.73,72.6,20,40,Paris,,48.8566,2.3522,35,
2024-07-08T15:00:00+00:00,15.96,19.58,21.1,70.24,20,40,Paris,,48.8566,2.3522,35,
2024-07-08T16:00:00+00:00,17.7,24.85,21.29,63.91,20,40,Paris,,48.8566,2.3522,35,
2024-07-08T17:00:00+00:00,18.01,26.18,19.25,59.7,20,40,Paris,,48.8566,2.3522,35,
2024-07-08T18:00:00+00:00,17.72,22.04,19.84,58.37,20,40,Paris,,48.8566,2.3522,35,
2024-07-08T19:00:00+00:00,20.01,26.26,19.13,60.28,20,40,Paris,,48.8566,2.3522,35,
2024-07-08T20:00:00+00:00,19.53,23.82,21.16,67.51,20,40,Paris,,48.8566,2.3522,35,
2024-07-08T21:00:00+00:00,14.32,21.99,22.13,65.31,20,40,Paris,,48.8566,2.3522,35,
2024-07-08T22:00:00+00:00,17.35,26.31,21.45,68.92,20,40,Paris,,48.8566,2.3522,35,
2024-07-08T23:00:00+00:00,15.07,16.93,23.29,60.64,20,40,Paris,,48.8566,2.3522,35,
2024-07-09T00:00:00+00:00,15.75,20.32,23.06,63.22,20,40,Paris,,48.8566,2.3522,35,
2024-07-09T01:00:00+00:00,14.88,22.67,24.28,67.25,20,40,Paris,,48.8566,2.3522,35,
2024-07-09T02:00:00+00:00,15.16,23.02,24.8,70.08,20,40,Paris,,48.8566,2.3522,35,
2024-07-09T03:00:00+00:00,19.29,22.36,26.68,82.12,20,40,Paris,,48.8566,2.3522,35,
2024-07-09T04:00:00+00:00,15.71,24.54,26.7,86.28,20,40,Paris,,48.8566,2.3522,35,
2024-07-09T05:00:00+00:00,20.42,31.03,27.84,80.08,20,40,Paris,,48.8566,2.3522,35,
2024-07-09T06:00:00+00:00,17.13,19.71,28.58,87.91,20,40,Paris,,48.8566,2.3522,35,
2024-07-09T07:00:00+00:00,16.45,25.17,26.53,85.96,20,40,Paris,,48.8566,2.3522,35,
2024-07-09T08:00:00+00:00,16.63,21.93,28.39,80.07,20,40,Paris,,48.8566,2.3522,35,
2024-07-09T09:00:00+00:00,19.18,28.68,25.9,75.45,20,40,Paris,,48.8566,2.3522,35,
2024-07-09T10:00:00+00:00,16.23,23.13,25.6,82.52,20,40,Paris,,48.8566,2.3522,35,
2024-07-09T11:00:00+00:00,17.96,22.47,24.38,69.41,20,40,Paris,,48.8566,2.3522,35,
2024-07-09T12:00:00+00:00,16.65,25.66,22.78,77.71,20,40,Paris,,48.8566,2.3522,35,
2024-07-09T13:00:00+00:00,17.78,22.27,24.02,72.44,20,40,Paris,,48.8566,2.3522,35,
2024-07-09T14:00:00+00:00,19.47,23.26,22.6,60.65,20,40,Paris,,48.8566,2.3522,35,
2024-07-09T15:00:00+00:00,14.54,20.73,20.56,68.25,20,40,Paris,,48.8566,2.3522,35,
2024-07-09T16:00:00+00:00,17.11,25.66,21.69,59.42,20,40,Paris,,48.8566,2.3522,35,
2024-07-09T17:00:00+00:00,16.68,25.88,20.36,65.32,20,40,Paris,,48.8566,2.3522,35,
2024-07-09T18:00:00+00:00,19.05,25.73,19.84,61.28,20,40,Paris,,48.8566,2.3522,35,
2024-07-09T19:00:00+00:00,20.09,30.63,21.55,67.12,20,40,Paris,,48.8566,2.3522,35,
2024-07-09T20:00:00+00:00,15.42,18.52,19.28,63.7,20,40,Paris,,48.8566,2.3522,35,
2024-07-09T21:00:00+00:00,14.04,19.79,21.7,58.89,20,40,Paris,,48.8566,2.3522,35,
2024-07-09T22:00:00+00:00,14.84,18.46,22.64,70.8,20,40,Paris,,48.8566,2.3522,35,
2024-07-09T23:00:00+00:00,19.14,24.29,22.79,59.96,20,40,Paris,,48.8566,2.3522,35,
2024-07-10T00:00:00+00:00,17.88,25.17,25.41,75.76,20,40,Paris,,48.8566,2.3522,35,
2024-07-10T01:00:00+00:00,18.12,25.31,25.51,80.23,20,40,Paris,,48.8566,2.3522,35,
2024-07-10T02:00:00+00:00,18.73,22.21,25.38,70.76,20,40,Paris,,48.8566,2.3522,35,
2024-07-10T03:00:00+00:00,18.73,22.88,27.68,70.73,20,40,Paris,,48.8566,2.3522,35,
2024-07-10T04:00:00+00:00,15.54,18.75,28.13,86.05,20,40,Paris,,48.8566,2.3522,35,
2024-07-10T05:00:00+00:00,15.73,21.76,28.94,85.23,20,40,Paris,,48.8566,2.3522,35,
2024-07-10T06:00:00+00:00,18.61,25.02,28.46,77.19,20,40,Paris,,48.8566,2.3522,35,
2024-07-10T07:00:00+00:00,15.9,21.11,26.48,79.19,20,40,Paris,,48.8566,2.3522,35,
2024-07-10T08:00:00+00:00,19.79,29.81,28.05,77.88,20,40,Paris,,48.8566,2.3522,35,
2024-07-10T09:00:00+00:00,16.91,19.01,27.05,80.98,20,40,Paris,,48.8566,2.3522,35,
2024-07-10T10:00:00+00:00,20.15,26.04,25.05,72.59,20,40,Paris,,48.8566,2.3522,35,
2024-07-10T11:00:00+00:00,18.74,21.36,25.17,75.58,20,40,Paris,,48.8566,2.3522,35,
2024-07-10T12:00:00+00:00,14.91,24.07,24.85,73.79,20,40,Paris,,48.8566,2.3522,35,
2024-07-10T13:00:00+00:00,16.82,19.22,23.74,61.22,20,40,Paris,,48.8566,2.3522,35,
2024-07-10T14:00:00+00:00,18.41,21.06,20.7,60.74,20,40,Paris,,48.8566,2.3522,35,
2024-07-10T15:00:00+00:00,20.32,29.78,21.26,70.06,20,40,Paris,,48.8566,2.3522,35,
2024-07-10T16:00:00+00:00,16.19,20.39,19.97,67.63,20,40,Paris,,48.8566,2.3522,35,
2024-07-10T17:00:00+00:00,16.71,23.94,19.08,63.19,20,40,Paris,,48.8566,2.3522,35,
2024-07-10T18:00:00+00:00,14.27,20.34,19.11,59.84,20,40,Paris,,48.8566,2.3522,35,
2024-07-10T19:00:00+00:00,18.17,25.64,19.33,54.49,20,40,Paris,,48.8566,2.3522,35,
2024-07-10T20:00:00+00:00,18.9,28.99,21.49,56.27,20,40,Paris,,48.8566,2.3522,35,
2024-07-10T21:00:00+00:00,17.11,26.35,22.58,67.54,20,40,Paris,,48.8566,2.3522,35,
2024-07-10T22:00:00+00:00,19.23,23.25,22.07,59.88,20,40,Paris,,48.8566,2.3522,35,
2024-07-10T23:00:00+00:00,14.95,20.87,21.79,65.71,20,40,Paris,,48.8566,2.3522,35,
2024-07-11T00:00:00+00:00,17.44,26.2,23.54,70.04,20,40,Paris,,48.8566,2.3522,35,
2024-07-11T01:00:00+00:00,19.78,24.86,25.28,72.56,20,40,Paris,,48.8566,2.3522,35,
2024-07-11T02:00:00+00:00,20.16,27.91,25.45,76.44,20,40,Paris,,48.8566,2.3522,35,
2024-07-11T03:00:00+00:00,19.94,27.63,25.92,73.57,20,40,Paris,,48.8566,2.3522,35,
2024-07-11T04:00:00+00:00,16.94,26.67,25.99,77.19,20,40,Paris,,48.8566,2.3522,35,
2024-07-11T05:00:00+00:00,20.12,26.52,27.29,74.64,20,40,Paris,,48.8566,2.3522,35,
2024-07-11T06:00:00+00:00,21.43,29.0,26.68,84.1,20,40,Paris,,48.8566,2.3522,35,
2024-07-11T07:00:00+00:00,19.38,24.44,28.16,72.36,20,40,Paris,,48.8566,2.3522,35,
2024-07-11T08:00:00+00:00,18.71,26.92,26.0,83.87,20,40,Paris,,48.8566,2.3522,35,
2024-07-11T09:00:00+00:00,15.62,17.63,27.09,74.22,20,40,Paris,,48.8566,2.3522,35,
2024-07-11T10:00:00+00:00,18.68,21.41,25.07,81.65,20,40,Paris,,48.8566,2.3522,35,
2024-07-11T11:00:00+00:00,14.43,22.24,24.63,69.1,20,40,Paris,,48.8566,2.3522,35,
2024-07-11T12:00:00+00:00,19.73,24.16,22.87,77.63,20,40,Paris,,48.8566,2.3522,35,
2024-07-11T13:00:00+00:00,17.02,21.68,22.64,69.13,20,40,Paris,,48.8566,2.3522,35,
2024-07-11T14:00:00+00:00,19.57,23.65,22.17,70.88,20,40,Paris,,48.8566,2.3522,35,
2024-07-11T15:00:00+00:00,16.99,23.42,21.47,62.45,20,40,Paris,,48.8566,2.3522,35,
2024-07-11T16:00:00+00:00,15.05,16.83,20.03,60.75,20,40,Paris,,48.8566,2.3522,35,
2024-07-11T17:00:00+00:00,15.87,23.3,19.1,67.27,20,40,Paris,,48.8566,2.3522,35,
2024-07-11T18:00:00+00:00,15.19,20.63,20.09,58.52,20,40,Paris,,48.8566,2.3522,35,
2024-07-11T19:00:00+00:00,16.94,19.69,19.87,54.33,20,40,Paris,,48.8566,2.3522,35,
2024-07-11T20:00:00+00:00,20.57,28.54,20.87,68.05,20,40,Paris,,48.8566,2.3522,35,
2024-07-11T21:00:00+00:00,20.02,24.4,20.89,61.68,20,40,Paris,,48.8566,2.3522,35,
2024-07-11T22:00:00+00:00,18.55,26.67,21.48,66.1,20,40,Paris,,48.8566,2.3522,35,
2024-07-11T23:00:00+00:00,16.73,24.23,22.64,74.7,20,40,Paris,,48.8566,2.3522,35,
2024-07-12T00:00:00+00:00,19.2,23.57,23.15,77.19,20,40,Paris,,48.8566,2.3522,35,
2024-07-12T01:00:00+00:00,17.85,27.95,25.23,74.25,20,40,Paris,,48.8566,2.3522,35,
2024-07-12T02:00:00+00:00,17.56,25.12,26.62,69.18,20,40,Paris,,48.8566,2.3522,35,
2024-07-12T03:00:00+00:00,15.42,22.11,25.8,83.85,20,40,Paris,,48.8566,2.3522,35,
2024-07-12T04:00:00+00:00,18.93,22.88,26.18,81.87,20,40,Paris,,48.8566,2.3522,35,
2024-07-12T05:00:00+00:00,19.73,26.26,26.71,84.8,20,40,Paris,,48.8566,2.3522,35,
2024-07-12T06:00:00+00:00,16.45,20.46,29.09,72.59,20,40,Paris,,48.8566,2.3522,35,
2024-07-12T07:00:00+00:00,20.66,25.99,27.84,76.86,20,40,Paris,,48.8566,2.3522,35,
2024-07-12T08:00:00+00:00,16.52,23.47,26.61,80.16,20,40,Paris,,48.8566,2.3522,35,
2024-07-12T09:00:00+00:00,18.46,25.96,26.17,75.68,20,40,Paris,,48.8566,2.3522,35,
2024-07-12T10:00:00+00:00,19.98,27.3,25.78,69.06,20,40,Paris,,48.8566,2.3522,35,
2024-07-12T11:00:00+00:00,17.02,19.32,25.38,70.09,20,40,Paris,,48.8566,2.3522,35,
2024-07-12T12:00:00+00:00,14.86,23.85,24.98,65.46,20,40,Paris,,48.8566,2.3522,35,
2024-07-12T13:00:00+00:00,14.54,16.79,22.51,61.22,20,40,Paris,,48.8566,2.3522,35,
2024-07-12T14:00:00+00:00,14.17,15.97,22.68,58.88,20,40,Paris,,48.8566,2.3522,35,
2024-07-12T15:00:00+00:00,15.58,24.54,20.02,62.09,20,40,Paris,,48.8566,2.3522,35,
2024-07-12T16:00:00+00:00,19.18,24.32,20.67,68.16,20,40,Paris,,48.8566,2.3522,35,
2024-07-12T17:00:00+00:00,13.71,17.24,21.1,60.86,20,40,Paris,,48.8566,2.3522,35,
2024-07-12T18:00:00+00:00,15.04,18.13,20.81,67.63,20,40,Paris,,48.8566,2.3522,35,
2024-07-12T19:00:00+00:00,19.47,25.79,21.6,64.56,20,40,Paris,,48.8566,2.3522,35,
2024-07-12T20:00:00+00:00,15.23,22.15,20.41,68.29,20,40,Paris,,48.8566,2.3522,35,
2024-07-12T21:00:00+00:00,17.67,20.51,19.82,59.46,20,40,Paris,,48.8566,2.3522,35,
2024-07-12T22:00:00+00:00,17.86,26.31,22.95,71.21,20,40,Paris,,48.8566,2.3522,35,
2024-07-12T23:00:00+00:00,15.84,19.34,21.58,65.72,20,40,Paris,,48.8566,2.3522,35,
2024-07-13T00:00:00+00:00,15.26,23.34,24.75,75.8,20,40,Paris,,48.8566,2.3522,35,
2024-07-13T01:00:00+00:00,13.45,17.5,26.47,65.02,20,40,Paris,,48.8566,2.3522,35,
2024-07-13T02:00:00+00:00,18.77,26.63,26.63,70.22,20,40,Paris,,48.8566,2.3522,35,
2024-07-13T03:00:00+00:00,16.58,24.77,28.19,81.93,20,40,Paris,,48.8566,2.3522,35,
2024-07-13T04:00:00+00:00,17.62,27.39,28.89,77.6,20,40,Paris,,48.8566,2.3522,35,
2024-07-13T05:00:00+00:00,18.75,24.35,27.04,78.3,20,40,Paris,,48.8566,2.3522,35,
2024-07-13T06:00:00+00:00,15.77,21.54,29.34,84.95,20,40,Paris,,48.8566,2.3522,35,
2024-07-13T07:00:00+00:00,17.04,26.72,29.11,77.52,20,40,Paris,,48.8566,2.3522,35,
2024-07-13T08:00:00+00:00,18.49,24.4,28.11,83.78,20,40,Paris,,48.8566,2.3522,35,
2024-07-13T09:00:00+00:00,19.25,27.92,26.65,69.39,20,40,Paris,,48.8566,2.3522,35,
2024-07-13T10:00:00+00:00,17.11,24.87,26.62,76.83,20,40,Paris,,48.8566,2.3522,35,
2024-07-13T11:00:00+00:00,18.48,24.1,24.58,68.24,20,40,Paris,,48.8566,2.3522,35,
2024-07-13T12:00:00+00:00,18.56,22.74,22.57,74.64,20,40,Paris,,48.8566,2.3522,35,
2024-07-13T13:00:00+00:00,17.28,19.67,21.91,62.47,20,40,Paris,,48.8566,2.3522,35,
2024-07-13T14:00:00+00:00,15.68,18.54,22.37,71.09,20,40,Paris,,48.8566,2.3522,35,
2024-07-13T15:00:00+00:00,15.69,19.13,21.04,58.79,20,40,Paris,,48.8566,2.3522,35,
2024-07-13T16:00:00+00:00,17.21,19.93,19.36,59.0,20,40,Paris,,48.8566,2.3522,35,
2024-07-13T17:00:00+00:00,18.74,23.32,20.65,56.4,20,40,Paris,,48.8566,2.3522,35,
2024-07-13T18:00:00+00:00,16.68,24.2,21.12,67.84,20,40,Paris,,48.8566,2.3522,35,
2024-07-13T19:00:00+00:00,18.94,25.39,19.75,60.53,20,40,Paris,,48.8566,2.3522,35,
2024-07-13T20:00:00+00:00,16.47,18.25,21.47,67.58,20,40,Paris,,48.8566,2.3522,35,
2024-07-13T21:00:00+00:00,17.83,26.86,21.31,61.09,20,40,Paris,,48.8566,2.3522,35,
2024-07-13T22:00:00+00:00,16.84,19.01,20.83,60.46,20,40,Paris,,48.8566,2.3522,35,
2024-07-13T23:00:00+00:00,17.12,22.83,23.03,67.4,20,40,Paris,,48.8566,2.3522,35,
2024-07-14T00:00:00+00:00,20.39,26.32,23.03,75.36,20,40,Paris,,48.8566,2.3522,35,
2024-07-14T01:00:00+00:00,18.41,23.19,26.34,74.69,20,40,Paris,,48.8566,2.3522,35,
2024-07-14T02:00:00+00:00,14.91,19.63,26.27,73.5,20,40,Paris,,48.8566,2.3522,35,
2024-07-14T03:00:00+00:00,15.61,17.84,25.34,79.15,20,40,Paris,,48.8566,2.3522,35,
2024-07-14T04:00:00+00:00,19.97,29.88,26.11,71.61,20,40,Paris,,48.8566,2.3522,35,
2024-07-14T05:00:00+00:00,20.59,25.59,28.33,79.89,20,40,Paris,,48.8566,2.3522,35,
2024-07-14T06:00:00+00:00,21.14,28.04,28.06,85.33,20,40,Paris,,48.8566,2.3522,35,
2024-07-14T07:00:00+00:00,18.11,27.87,27.54,83.85,20,40,Paris,,48.8566,2.3522,35,
2024-07-14T08:00:00+00:00,18.77,21.67,26.67,74.63,20,40,Paris,,48.8566,2.3522,35,
2024-07-14T09:00:00+00:00,18.18,25.03,25.72,80.39,20,40,Paris,,48.8566,2.3522,35,
2024-07-14T10:00:00+00:00,14.96,17.35,25.4,76.93,20,40,Paris,,48.8566,2.3522,35,
2024-07-14T11:00:00+00:00,19.76,25.18,25.43,70.96,20,40,Paris,,48.8566,2.3522,35,
2024-07-14T12:00:00+00:00,17.87,23.02,24.35,77.28,20,40,Paris,,48.8566,2.3522,35,
2024-07-14T13:00:00+00:00,16.98,24.17,21.93,61.62,20,40,Paris,,48.8566,2.3522,35,
2024-07-14T14:00:00+00:00,16.88,22.24,23.09,72.71,20,40,Paris,,48.8566,2.3522,35,
2024-07-14T15:00:00+00:00,14.87,16.62,20.59,67.52,20,40,Paris,,48.8566,2.3522,35,
2024-07-14T16:00:00+00:00,18.95,26.87,21.5,67.67,20,40,Paris,,48.8566,2.3522,35,
2024-07-14T17:00:00+00:00,20.2,26.5,20.6,64.67,20,40,Paris,,48.8566,2.3522,35,
2024-07-14T18:00:00+00:00,18.23,23.19,19.68,58.9,20,40,Paris,,48.8566,2.3522,35,
2024-07-14T19:00:00+00:00,15.54,20.5,18.95,55.76,20,40,Paris,,48.8566,2.3522,35,
2024-07-14T20:00:00+00:00,18.85,23.62,19.06,65.51,20,40,Paris,,48.8566,2.3522,35,
2024-07-14T21:00:00+00:00,13.69,18.62,20.05,56.38,20,40,Paris,,48.8566,2.3522,35,
2024-07-14T22:00:00+00:00,16.36,23.74,21.48,70.17,20,40,Paris,,48.8566,2.3522,35,
2024-07-14T23:00:00+00:00,16.55,23.01,23.82,63.05,20,40,Paris,,48.8566,2.3522,35,
2024-07-15T00:00:00+00:00,16.55,20.9,24.73,73.69,20,40,Paris,,48.8566,2.3522,35,
2024-07-15T01:00:00+00:00,18.72,26.42,25.71,80.45,20,40,Paris,,48.8566,2.3522,35,
2024-07-15T02:00:00+00:00,17.83,27.98,26.14,73.58,20,40,Paris,,48.8566,2.3522,35,
2024-07-15T03:00:00+00:00,17.88,25.14,25.45,81.81,20,40,Paris,,48.8566,2.3522,35,
2024-07-15T04:00:00+00:00,20.11,30.2,26.75,76.51,20,40,Paris,,48.8566,2.3522,35,
2024-07-15T05:00:00+00:00,16.28,24.01,29.31,86.31,20,40,Paris,,48.8566,2.3522,35,
2024-07-15T06:00:00+00:00,16.25,23.63,26.8,78.31,20,40,Paris,,48.8566,2.3522,35,
2024-07-15T07:00:00+00:00,19.94,26.75,27.86,87.29,20,40,Paris,,48.8566,2.3522,35,
2024-07-15T08:00:00+00:00,16.46,22.67,27.02,85.4,20,40,Paris,,48.8566,2.3522,35,
2024-07-15T09:00:00+00:00,19.25,28.81,26.69,76.99,20,40,Paris,,48.8566,2.3522,35,
2024-07-15T10:00:00+00:00,16.79,22.05,27.03,80.79,20,40,Paris,,48.8566,2.3522,35,
2024-07-15T11:00:00+00:00,16.59,24.66,23.92,70.56,20,40,Paris,,48.8566,2.3522,35,
2024-07-15T12:00:00+00:00,15.0,21.1,22.88,62.02,20,40,Paris,,48.8566,2.3522,35,
2024-07-15T13:00:00+00:00,17.22,25.95,22.22,66.69,20,40,Paris,,48.8566,2.3522,35,
2024-07-15T14:00:00+00:00,19.21,23.67,21.8,63.71,20,40,Paris,,48.8566,2.3522,35,
2024-07-15T15:00:00+00:00,19.17,22.72,21.35,57.95,20,40,Paris,,48.8566,2.3522,35,
2024-07-15T16:00:00+00:00,17.35,23.16,20.35,56.8,20,40,Paris,,48.8566,2.3522,35,
2024-07-15T17:00:00+00:00,13.84,21.56,20.59,54.91,20,40,Paris,,48.8566,2.3522,35,
2024-07-15T18:00:00+00:00,14.01,17.11,21.17,56.02,20,40,Paris,,48.8566,2.3522,35,
2024-07-15T19:00:00+00:00,17.34,19.8,20.8,63.97,20,40,Paris,,48.8566,2.3522,35,
2024-07-15T20:00:00+00:00,14.83,22.69,21.6,64.81,20,40,Paris,,48.8566,2.3522,35,
2024-07-15T21:00:00+00:00,18.46,21.95,22.32,68.59,20,40,Paris,,48.8566,2.3522,35,
2024-07-15T22:00:00+00:00,15.1,16.96,22.41,62.27,20,40,Paris,,48.8566,2.3522,35,
2024-07-15T23:00:00+00:00,15.2,22.63,24.24,75.31,20,40,Paris,,48.8566,2.3522,35,
2024-07-16T00:00:00+00:00,16.25,23.22,24.2,70.9,20,40,Paris,,48.8566,2.3522,35,
2024-07-16T01:00:00+00:00,20.37,28.65,25.72,73.88,20,40,Paris,,48.8566,2.3522,35,
2024-07-16T02:00:00+00:00,19.16,27.26,24.59,72.96,20,40,Paris,,48.8566,2.3522,35,
2024-07-16T03:00:00+00:00,15.29,20.7,27.32,70.47,20,40,Paris,,48.8566,2.3522,35,
2024-07-16T04:00:00+00:00,15.67,23.38,28.76,84.05,20,40,Paris,,48.8566,2.3522,35,
2024-07-16T05:00:00+00:00,16.6,23.51,28.34,86.33,20,40,Paris,,48.8566,2.3522,35,
2024-07-16T06:00:00+00:00,17.76,24.63,27.95,78.42,20,40,Paris,,48.8566,2.3522,35,
2024-07-16T07:00:00+00:00,18.95,22.71,27.18,79.8,20,40,Paris,,48.8566,2.3522,35,
2024-07-16T08:00:00+00:00,17.68,21.31,27.35,82.57,20,40,Paris,,48.8566,2.3522,35,
2024-07-16T09:00:00+00:00,15.33,19.72,25.88,82.4,20,40,Paris,,48.8566,2.3522,35,
2024-07-16T10:00:00+00:00,14.72,22.34,26.03,69.48,20,40,Paris,,48.8566,2.3522,35,
2024-07-16T11:00:00+00:00,15.76,22.65,26.5,67.69,20,40,Paris,,48.8566,2.3522,35,
2024-07-16T12:00:00+00:00,18.93,24.94,24.73,64.95,20,40,Paris,,48.8566,2.3522,35,
2024-07-16T13:00:00+00:00,20.28,23.66,22.16,71.1,20,40,Paris,,48.8566,2.3522,35,
2024-07-16T14:00:00+00:00,15.98,24.41,21.7,71.79,20,40,Paris,,48.8566,2.3522,35,
2024-07-16T15:00:00+00:00,14.73,19.43,21.49,67.64,20,40,Paris,,48.8566,2.3522,35,
2024-07-16T16:00:00+00:00,14.92,22.5,19.52,61.85,20,40,Paris,,48.8566,2.3522,35,
2024-07-16T17:00:00+00:00,14.03,17.24,20.72,55.44,20,40,Paris,,48.8566,2.3522,35,
2024-07-16T18:00:00+00:00,15.76,18.78,19.61,60.17,20,40,Paris,,48.8566,2.3522,35,
2024-07-16T19:00:00+00:00,16.13,21.27,21.14,58.63,20,40,Paris,,48.8566,2.3522,35,
2024-07-16T20:00:00+00:00,14.43,18.04,19.78,56.43,20,40,Paris,,48.8566,2.3522,35,
2024-07-16T21:00:00+00:00,16.36,22.46,20.14,64.98,20,40,Paris,,48.8566,2.3522,35,
2024-07-16T22:00:00+00:00,16.43,21.91,21.54,63.54,20,40,Paris,,48.8566,2.3522,35,
2024-07-16T23:00:00+00:00,17.19,22.19,22.3,60.52,20,40,Paris,,48.8566,2.3522,35,
2024-07-17T00:00:00+00:00,14.88,16.76,24.02,66.67,20,40,Paris,,48.8566,2.3522,35,
2024-07-17T01:00:00+00:00,16.82,22.58,25.83,79.19,20,40,Paris,,48.8566,2.3522,35,
2024-07-17T02:00:00+00:00,17.15,22.22,25.48,73.61,20,40,Paris,,48.8566,2.3522,35,
2024-07-17T03:00:00+00:00,15.07,21.83,28.32,69.18,20,40,Paris,,48.8566,2.3522,35,
2024-07-17T04:00:00+00:00,15.14,16.74,27.79,78.14,20,40,Paris,,48.8566,2.3522,35,
2024-07-17T05:00:00+00:00,15.52,20.75,27.72,86.72,20,40,Paris,,48.8566,2.3522,35,
2024-07-17T06:00:00+00:00,15.59,19.05,27.61,86.91,20,40,Paris,,48.8566,2.3522,35,
2024-07-17T07:00:00+00:00,16.92,25.01,26.5,75.53,20,40,Paris,,48.8566,2.3522,35,
2024-07-17T08:00:00+00:00,15.53,23.28,27.49,76.65,20,40,Paris,,48.8566,2.3522,35,
2024-07-17T09:00:00+00:00,15.56,17.22,28.14,80.99,20,40,Paris,,48.8566,2.3522,35,
2024-07-17T10:00:00+00:00,15.97,24.26,26.33,79.02,20,40,Paris,,48.8566,2.3522,35,
2024-07-17T11:00:00+00:00,18.46,28.83,25.52,73.11,20,40,Paris,,48.8566,2.3522,35,
2024-07-17T12:00:00+00:00,15.95,20.29,24.03,69.18,20,40,Paris,,48.8566,2.3522,35,
2024-07-17T13:00:00+00:00,19.6,22.63,23.72,66.7,20,40,Paris,,48.8566,2.3522,35,
2024-07-17T14:00:00+00:00,17.22,23.85,21.23,58.56,20,40,Paris,,48.8566,2.3522,35,
2024-07-17T15:00:00+00:00,15.27,21.64,20.55,60.72,20,40,Paris,,48.8566,2.3522,35,
2024-07-17T16:00:00+00:00,18.63,23.74,21.07,62.58,20,40,Paris,,48.8566,2.3522,35,
2024-07-17T17:00:00+00:00,17.21,24.97,18.81,64.63,20,40,Paris,,48.8566,2.3522,35,
2024-07-17T18:00:00+00:00,14.73,17.79,19.48,66.62,20,40,Paris,,48.8566,2.3522,35,
2024-07-17T19:00:00+00:00,18.7,27.08,20.01,68.18,20,40,Paris,,48.8566,2.3522,35,
2024-07-17T20:00:00+00:00,17.95,20.59,21.18,67.65,20,40,Paris,,48.8566,2.3522,35,
2024-07-17T21:00:00+00:00,15.59,21.1,22.01,69.43,20,40,Paris,,48.8566,2.3522,35,
2024-07-17T22:00:00+00:00,14.78,20.71,22.55,60.9,20,40,Paris,,48.8566,2.3522,35,
2024-07-17T23:00:00+00:00,18.05,24.49,23.33,69.1,20,40,Paris,,48.8566,2.3522,35,
2024-07-18T00:00:00+00:00,20.53,31.08,23.92,73.72,20,40,Paris,,48.8566,2.3522,35,
2024-07-18T01:00:00+00:00,18.9,29.47,24.31,67.64,20,40,Paris,,48.8566,2.3522,35,
2024-07-18T02:00:00+00:00,15.9,21.19,24.62,70.69,20,40,Paris,,48.8566,2.3522,35,
2024-07-18T03:00:00+00:00,20.12,27.64,27.3,76.96,20,40,Paris,,48.8566,2.3522,35,
2024-07-18T04:00:00+00:00,17.46,21.71,28.92,73.6,20,40,Paris,,48.8566,2.3522,35,
2024-07-18T05:00:00+00:00,19.52,23.12,26.46,78.93,20,40,Paris,,48.8566,2.3522,35,
2024-07-18T06:00:00+00:00,16.79,24.63,27.3,81.06,20,40,Paris,,48.8566,2.3522,35,
2024-07-18T07:00:00+00:00,17.08,23.46,28.95,87.55,20,40,Paris,,48.8566,2.3522,35,
2024-07-18T08:00:00+00:00,20.22,31.24,26.26,79.97,20,40,Paris,,48.8566,2.3522,35,
2024-07-18T09:00:00+00:00,20.11,23.53,26.8,82.95,20,40,Paris,,48.8566,2.3522,35,
2024-07-18T10:00:00+00:00,19.25,23.33,25.42,67.29,20,40,Paris,,48.8566,2.3522,35,
2024-07-18T11:00:00+00:00,13.4,19.67,25.85,64.65,20,40,Paris,,48.8566,2.3522,35,
2024-07-18T12:00:00+00:00,19.65,30.15,22.51,70.85,20,40,Paris,,48.8566,2.3522,35,
2024-07-18T13:00:00+00:00,16.86,21.44,22.57,70.41,20,40,Paris,,48.8566,2.3522,35,
2024-07-18T14:00:00+00:00,17.23,25.2,23.23,71.23,20,40,Paris,,48.8566,2.3522,35,
2024-07-18T15:00:00+00:00,16.87,22.25,19.84,68.51,20,40,Paris,,48.8566,2.3522,35,
2024-07-18T16:00:00+00:00,15.36,20.83,20.57,68.39,20,40,Paris,,48.8566,2.3522,35,
2024-07-18T17:00:00+00:00,15.63,20.25,19.19,62.97,20,40,Paris,,48.8566,2.3522,35,
2024-07-18T18:00:00+00:00,15.08,23.25,19.43,59.69,20,40,Paris,,48.8566,2.3522,35,
2024-07-18T19:00:00+00:00,15.49,17.52,21.37,68.2,20,40,Paris,,48.8566,2.3522,35,
2024-07-18T20:00:00+00:00,19.83,26.78,19.99,66.49,20,40,Paris,,48.8566,2.3522,35,
2024-07-18T21:00:00+00:00,17.06,26.18,20.31,59.43,20,40,Paris,,48.8566,2.3522,35,
2024-07-18T22:00:00+00:00,15.86,17.99,21.9,61.27,20,40,Paris,,48.8566,2.3522,35,
2024-07-18T23:00:00+00:00,17.63,21.59,23.92,66.93,20,40,Paris,,48.8566,2.3522,35,
2024-07-19T00:00:00+00:00,18.33,27.8,25.17,63.52,20,40,Paris,,48.8566,2.3522,35,
2024-07-19T01:00:00+00:00,15.6,20.98,23.93,66.64,20,40,Paris,,48.8566,2.3522,35,
2024-07-19T02:00:00+00:00,18.54,23.49,27.02,78.23,20,40,Paris,,48.8566,2.3522,35,
2024-07-19T03:00:00+00:00,15.0,17.99,25.89,74.56,20,40,Paris,,48.8566,2.3522,35,
2024-07-19T04:00:00+00:00,20.31,27.36,28.52,82.3,20,40,Paris,,48.8566,2.3522,35,
2024-07-19T05:00:00+00:00,17.36,19.81,26.92,81.83,20,40,Paris,,48.8566,2.3522,35,
2024-07-19T06:00:00+00:00,18.19,24.87,27.57,84.0,20,40,Paris,,48.8566,2.3522,35,
2024-07-19T07:00:00+00:00,17.46,22.07,29.08,74.07,20,40,Paris,,48.8566,2.3522,35,
2024-07-19T08:00:00+00:00,18.01,22.25,26.6,74.9,20,40,Paris,,48.8566,2.3522,35,
2024-07-19T09:00:00+00:00,14.33,22.27,26.49,75.58,20,40,Paris,,48.8566,2.3522,35,
2024-07-19T10:00:00+00:00,19.87,30.64,27.42,73.23,20,40,Paris,,48.8566,2.3522,35,
2024-07-19T11:00:00+00:00,16.71,20.85,24.1,77.14,20,40,Paris,,48.8566,2.3522,35,
2024-07-19T12:00:00+00:00,17.72,22.9,24.9,73.67,20,40,Paris,,48.8566,2.3522,35,
2024-07-19T13:00:00+00:00,20.76,24.55,22.62,74.13,20,40,Paris,,48.8566,2.3522,35,
2024-07-19T14:00:00+00:00,19.39,26.37,23.21,66.92,20,40,Paris,,48.8566,2.3522,35,
2024-07-19T15:00:00+00:00,13.68,21.59,21.39,59.19,20,40,Paris,,48.8566,2.3522,35,
2024-07-19T16:00:00+00:00,16.98,25.04,19.4,53.58,20,40,Paris,,48.8566,2.3522,35,
2024-07-19T17:00:00+00:00,15.11,19.61,21.29,54.5,20,40,Paris,,48.8566,2.3522,35,
2024-07-19T18:00:00+00:00,17.56,20.32,21.31,54.91,20,40,Paris,,48.8566,2.3522,35,
2024-07-19T19:00:00+00:00,15.92,18.18,19.17,56.85,20,40,Paris,,48.8566,2.3522,35,
2024-07-19T20:00:00+00:00,17.87,21.9,20.63,56.76,20,40,Paris,,48.8566,2.3522,35,
2024-07-19T21:00:00+00:00,19.45,29.83,22.21,66.67,20,40,Paris,,48.8566,2.3522,35,
2024-07-19T22:00:00+00:00,17.08,20.78,23.06,65.72,20,40,Paris,,48.8566,2.3522,35,
2024-07-19T23:00:00+00:00,19.32,30.07,21.52,64.38,20,40,Paris,,48.8566,2.3522,35,
2024-07-20T00:00:00+00:00,13.91,17.83,25.32,62.05,20,40,Paris,,48.8566,2.3522,35,
2024-07-20T01:00:00+00:00,15.34,24.27,23.7,66.98,20,40,Paris,,48.8566,2.3522,35,
2024-07-20T02:00:00+00:00,16.02,24.05,24.54,71.01,20,40,Paris,,48.8566,2.3522,35,
2024-07-20T03:00:00+00:00,16.14,21.58,26.94,80.47,20,40,Paris,,48.8566,2.3522,35,
2024-07-20T04:00:00+00:00,17.08,21.06,26.7,76.0,20,40,Paris,,48.8566,2.3522,35,
2024-07-20T05:00:00+00:00,17.76,21.09,27.09,86.64,20,40,Paris,,48.8566,2.3522,35,
2024-07-20T06:00:00+00:00,20.7,30.64,28.49,80.58,20,40,Paris,,48.8566,2.3522,35,
2024-07-20T07:00:00+00:00,18.06,24.67,27.44,78.7,20,40,Paris,,48.8566,2.3522,35,
2024-07-20T08:00:00+00:00,18.49,27.34,26.89,72.36,20,40,Paris,,48.8566,2.3522,35,
2024-07-20T09:00:00+00:00,16.86,19.05,26.11,83.88,20,40,Paris,,48.8566,2.3522,35,
2024-07-20T10:00:00+00:00,15.08,18.98,25.72,76.95,20,40,Paris,,48.8566,2.3522,35,
2024-07-20T11:00:00+00:00,18.45,27.01,24.02,68.92,20,40,Paris,,48.8566,2.3522,35,
2024-07-20T12:00:00+00:00,16.4,24.06,25.02,75.29,20,40,Paris,,48.8566,2.3522,35,
2024-07-20T13:00:00+00:00,19.14,27.7,23.91,60.11,20,40,Paris,,48.8566,2.3522,35,
2024-07-20T14:00:00+00:00,14.88,16.7,21.5,61.94,20,40,Paris,,48.8566,2.3522,35,
2024-07-20T15:00:00+00:00,15.62,21.12,21.74,70.66,20,40,Paris,,48.8566,2.3522,35,
2024-07-20T16:00:00+00:00,16.4,21.26,21.06,62.86,20,40,Paris,,48.8566,2.3522,35,
2024-07-20T17:00:00+00:00,17.21,24.87,18.87,62.17,20,40,Paris,,48.8566,2.3522,35,
2024-07-20T18:00:00+00:00,16.7,20.18,21.3,55.84,20,40,Paris,,48.8566,2.3522,35,
2024-07-20T19:00:00+00:00,15.94,17.57,19.35,58.78,20,40,Paris,,48.8566,2.3522,35,
2024-07-20T20:00:00+00:00,15.23,22.45,21.87,60.42,20,40,Paris,,48.8566,2.3522,35,
2024-07-20T21:00:00+00:00,18.83,23.24,21.78,60.09,20,40,Paris,,48.8566,2.3522,35,
2024-07-20T22:00:00+00:00,16.43,18.5,23.07,68.7,20,40,Paris,,48.8566,2.3522,35,
2024-07-20T23:00:00+00:00,17.84,24.1,22.44,64.95,20,40,Paris,,48.8566,2.3522,35,
2024-07-21T00:00:00+00:00,15.26,22.69,23.28,74.88,20,40,Paris,,48.8566,2.3522,35,
2024-07-21T01:00:00+00:00,20.35,23.67,25.84,74.97,20,40,Paris,,48.8566,2.3522,35,
2024-07-21T02:00:00+00:00,20.07,30.24,25.63,81.86,20,40,Paris,,48.8566,2.3522,35,
2024-07-21T03:00:00+00:00,18.59,24.15,26.71,73.49,20,40,Paris,,48.8566,2.3522,35,
2024-07-21T04:00:00+00:00,17.76,22.33,26.38,72.91,20,40,Paris,,48.8566,2.3522,35,
2024-07-21T05:00:00+00:00,20.23,29.04,27.85,87.42,20,40,Paris,,48.8566,2.3522,35,
2024-07-21T06:00:00+00:00,15.15,21.06,29.27,84.52,20,40,Paris,,48.8566,2.3522,35,
2024-07-21T07:00:00+00:00,16.38,23.63,27.13,75.07,20,40,Paris,,48.8566,2.3522,35,
2024-07-21T08:00:00+00:00,15.02,19.59,26.56,76.97,20,40,Paris,,48.8566,2.3522,35,
2024-07-21T09:00:00+00:00,15.66,21.16,27.75,73.53,20,40,Paris,,48.8566,2.3522,35,
2024-07-21T10:00:00+00:00,18.91,23.54,24.98,75.14,20,40,Paris,,48.8566,2.3522,35,
2024-07-21T11:00:00+00:00,15.6,23.56,25.36,65.07,20,40,Paris,,48.8566,2.3522,35,
2024-07-21T12:00:00+00:00,19.84,28.49,23.1,70.16,20,40,Paris,,48.8566,2.3522,35,
2024-07-21T13:00:00+00:00,14.64,18.62,24.03,62.32,20,40,Paris,,48.8566,2.3522,35,
2024-07-21T14:00:00+00:00,17.32,21.81,21.15,66.94,20,40,Paris,,48.8566,2.3522,35,
2024-07-21T15:00:00+00:00,15.37,24.52,21.76,66.8,20,40,Paris,,48.8566,2.3522,35,
2024-07-21T16:00:00+00:00,14.36,18.46,20.36,65.52,20,40,Paris,,48.8566,2.3522,35,
2024-07-21T17:00:00+00:00,16.47,23.03,19.77,66.22,20,40,Paris,,48.8566,2.3522,35,
2024-07-21T18:00:00+00:00,16.13,22.55,20.27,61.65,20,40,Paris,,48.8566,2.3522,35,
2024-07-21T19:00:00+00:00,13.13,20.98,19.34,54.03,20,40,Paris,,48.8566,2.3522,35,
2024-07-21T20:00:00+00:00,17.91,22.16,20.45,66.23,20,40,Paris,,48.8566,2.3522,35,
2024-07-21T21:00:00+00:00,16.71,18.86,21.79,69.36,20,40,Paris,,48.8566,2.3522,35,
2024-07-21T22:00:00+00:00,15.91,19.58,22.92,70.22,20,40,Paris,,48.8566,2.3522,35,
2024-07-21T23:00:00+00:00,14.19,20.14,23.0,64.85,20,40,Paris,,48.8566,2.3522,35,
2024-07-22T00:00:00+00:00,15.4,23.89,23.5,65.49,20,40,Paris,,48.8566,2.3522,35,
2024-07-22T01:00:00+00:00,15.16,21.91,25.73,72.66,20,40,Paris,,48.8566,2.3522,35,
2024-07-22T02:00:00+00:00,17.38,25.13,27.43,74.73,20,40,Paris,,48.8566,2.3522,35,
2024-07-22T03:00:00+00:00,16.56,23.21,27.23,76.36,20,40,Paris,,48.8566,2.3522,35,
2024-07-22T04:00:00+00:00,16.55,18.9,26.43,79.52,20,40,Paris,,48.8566,2.3522,35,
2024-07-22T05:00:00+00:00,16.11,23.08,29.12,75.62,20,40,Paris,,48.8566,2.3522,35,
2024-07-22T06:00:00+00:00,14.81,23.36,27.71,77.07,20,40,Paris,,48.8566,2.3522,35,
2024-07-22T07:00:00+00:00,18.14,22.74,28.28,75.59,20,40,Paris,,48.8566,2.3522,35,
2024-07-22T08:00:00+00:00,19.13,21.88,26.09,78.34,20,40,Paris,,48.8566,2.3522,35,
2024-07-22T09:00:00+00:00,20.24,28.33,26.38,73.83,20,40,Paris,,48.8566,2.3522,35,
2024-07-22T10:00:00+00:00,19.68,27.07,25.1,75.3,20,40,Paris,,48.8566,2.3522,35,
2024-07-22T11:00:00+00:00,18.07,26.34,24.25,67.39,20,40,Paris,,48.8566,2.3522,35,
2024-07-22T12:00:00+00:00,20.58,29.42,24.38,76.91,20,40,Paris,,48.8566,2.3522,35,
2024-07-22T13:00:00+00:00,15.04,20.37,21.74,65.68,20,40,Paris,,48.8566,2.3522,35,
2024-07-22T14:00:00+00:00,17.47,23.42,21.88,65.47,20,40,Paris,,48.8566,2.3522,35,
2024-07-22T15:00:00+00:00,17.43,23.02,21.33,60.74,20,40,Paris,,48.8566,2.3522,35,
2024-07-22T16:00:00+00:00,13.22,15.64,20.48,53.43,20,40,Paris,,48.8566,2.3522,35,
2024-07-22T17:00:00+00:00,15.43,17.07,20.99,58.04,20,40,Paris,,48.8566,2.3522,35,
2024-07-22T18:00:00+00:00,17.59,24.45,19.16,60.55,20,40,Paris,,48.8566,2.3522,35,
2024-07-22T19:00:00+00:00,20.1,29.41,20.53,61.92,20,40,Paris,,48.8566,2.3522,35,
2024-07-22T20:00:00+00:00,17.24,25.83,21.43,54.75,20,40,Paris,,48.8566,2.3522,35,
2024-07-22T21:00:00+00:00,16.9,20.2,20.68,58.42,20,40,Paris,,48.8566,2.3522,35,
2024-07-22T22:00:00+00:00,18.72,27.6,22.94,71.58,20,40,Paris,,48.8566,2.3522,35,
2024-07-22T23:00:00+00:00,14.21,20.82,23.5,59.86,20,40,Paris,,48.8566,2.3522,35,
2024-07-23T00:00:00+00:00,15.46,17.11,23.52,75.15,20,40,Paris,,48.8566,2.3522,35,
2024-07-23T01:00:00+00:00,14.56,21.95,25.75,73.79,20,40,Paris,,48.8566,2.3522,35,
2024-07-23T02:00:00+00:00,18.0,27.68,27.35,78.93,20,40,Paris,,48.8566,2.3522,35,
2024-07-23T03:00:00+00:00,20.74,24.78,27.43,78.51,20,40,Paris,,48.8566,2.3522,35,
2024-07-23T04:00:00+00:00,20.2,28.72,27.66,79.81,20,40,Paris,,48.8566,2.3522,35,
2024-07-23T05:00:00+00:00,16.62,24.2,26.49,81.43,20,40,Paris,,48.8566,2.3522,35,
2024-07-23T06:00:00+00:00,19.61,23.23,28.47,81.89,20,40,Paris,,48.8566,2.3522,35,
2024-07-23T07:00:00+00:00,17.06,21.82,27.5,74.0,20,40,Paris,,48.8566,2.3522,35,
2024-07-23T08:00:00+00:00,15.18,20.07,26.98,75.3,20,40,Paris,,48.8566,2.3522,35,
2024-07-23T09:00:00+00:00,17.13,24.63,25.79,73.73,20,40,Paris,,48.8566,2.3522,35,
2024-07-23T10:00:00+00:00,18.64,26.46,25.83,76.37,20,40,Paris,,48.8566,2.3522,35,
2024-07-23T11:00:00+00:00,17.7,23.5,24.69,67.57,20,40,Paris,,48.8566,2.3522,35,
2024-07-23T12:00:00+00:00,16.28,22.29,23.83,67.48,20,40,Paris,,48.8566,2.3522,35,
2024-07-23T13:00:00+00:00,15.38,24.01,22.23,67.57,20,40,Paris,,48.8566,2.3522,35,
2024-07-23T14:00:00+00:00,18.52,26.48,20.83,67.32,20,40,Paris,,48.8566,2.3522,35,
2024-07-23T15:00:00+00:00,13.8,19.09,22.3,62.19,20,40,Paris,,48.8566,2.3522,35,
2024-07-23T16:00:00+00:00,17.18,24.67,19.92,59.14,20,40,Paris,,48.8566,2.3522,35,
2024-07-23T17:00:00+00:00,19.69,28.93,20.6,64.9,20,40,Paris,,48.8566,2.3522,35,
2024-07-23T18:00:00+00:00,19.85,27.74,20.04,66.55,20,40,Paris,,48.8566,2.3522,35,
2024-07-23T19:00:00+00:00,16.21,21.99,19.3,59.67,20,40,Paris,,48.8566,2.3522,35,
2024-07-23T20:00:00+00:00,18.25,26.77,19.68,58.29,20,40,Paris,,48.8566,2.3522,35,
2024-07-23T21:00:00+00:00,18.45,26.97,19.84,55.19,20,40,Paris,,48.8566,2.3522,35,
2024-07-23T22:00:00+00:00,20.19,24.19,22.2,65.73,20,40,Paris,,48.8566,2.3522,35,
2024-07-23T23:00:00+00:00,18.15,21.04,23.16,66.45,20,40,Paris,,48.8566,2.3522,35,
2024-07-24T00:00:00+00:00,20.67,28.39,22.67,72.69,20,40,Paris,,48.8566,2.3522,35,
2024-07-24T01:00:00+00:00,13.73,15.37,24.75,66.63,20,40,Paris,,48.8566,2.3522,35,
2024-07-24T02:00:00+00:00,19.65,28.32,27.18,73.59,20,40,Paris,,48.8566,2.3522,35,
2024-07-24T03:00:00+00:00,18.57,28.48,26.2,79.52,20,40,Paris,,48.8566,2.3522,35,
2024-07-24T04:00:00+00:00,19.67,24.1,27.96,78.24,20,40,Paris,,48.8566,2.3522,35,
2024-07-24T05:00:00+00:00,15.11,19.32,28.73,84.88,20,40,Paris,,48.8566,2.3522,35,
2024-07-24T06:00:00+00:00,18.55,27.18,26.61,72.64,20,40,Paris,,48.8566,2.3522,35,
2024-07-24T07:00:00+00:00,18.85,29.09,27.15,75.62,20,40,Paris,,48.8566,2.3522,35,
2024-07-24T08:00:00+00:00,20.05,27.24,28.04,73.46,20,40,Paris,,48.8566,2.3522,35,
2024-07-24T09:00:00+00:00,20.55,24.06,25.97,82.53,20,40,Paris,,48.8566,2.3522,35,
2024-07-24T10:00:00+00:00,18.42,24.43,26.15,73.77,20,40,Paris,,48.8566,2.3522,35,
2024-07-24T11:00:00+00:00,18.95,26.51,25.96,80.17,20,40,Paris,,48.8566,2.3522,35,
2024-07-24T12:00:00+00:00,14.49,17.92,25.42,72.99,20,40,Paris,,48.8566,2.3522,35,
2024-07-24T13:00:00+00:00,20.09,30.55,21.61,74.7,20,40,Paris,,48.8566,2.3522,35,
2024-07-24T14:00:00+00:00,14.81,20.74,22.2,72.62,20,40,Paris,,48.8566,2.3522,35,
2024-07-24T15:00:00+00:00,17.17,26.22,22.36,64.79,20,40,Paris,,48.8566,2.3522,35,
2024-07-24T16:00:00+00:00,17.67,27.36,20.24,56.81,20,40,Paris,,48.8566,2.3522,35,
2024-07-24T17:00:00+00:00,19.62,27.67,19.03,66.57,20,40,Paris,,48.8566,2.3522,35,
2024-07-24T18:00:00+00:00,14.88,20.19,20.51,55.61,20,40,Paris,,48.8566,2.3522,35,
2024-07-24T19:00:00+00:00,18.96,21.84,21.47,66.58,20,40,Paris,,48.8566,2.3522,35,
2024-07-24T20:00:00+00:00,18.86,22.1,19.63,66.88,20,40,Paris,,48.8566,2.3522,35,
2024-07-24T21:00:00+00:00,16.31,24.21,20.0,63.86,20,40,Paris,,48.8566,2.3522,35,
2024-07-24T22:00:00+00:00,13.6,20.07,22.76,62.94,20,40,Paris,,48.8566,2.3522,35,
2024-07-24T23:00:00+00:00,14.82,23.24,21.87,67.83,20,40,Paris,,48.8566,2.3522,35,
2024-07-25T00:00:00+00:00,18.33,26.65,25.06,76.62,20,40,Paris,,48.8566,2.3522,35,
2024-07-25T01:00:00+00:00,17.09,24.44,26.44,73.17,20,40,Paris,,48.8566,2.3522,35,
2024-07-25T02:00:00+00:00,16.69,25.55,27.32,72.08,20,40,Paris,,48.8566,2.3522,35,
2024-07-25T03:00:00+00:00,19.63,23.46,26.77,76.2,20,40,Paris,,48.8566,2.3522,35,
2024-07-25T04:00:00+00:00,15.25,24.37,27.38,78.09,20,40,Paris,,48.8566,2.3522,35,
2024-07-25T05:00:00+00:00,16.78,23.79,26.83,74.25,20,40,Paris,,48.8566,2.3522,35,
2024-07-25T06:00:00+00:00,17.68,23.61,27.32,75.38,20,40,Paris,,48.8566,2.3522,35,
2024-07-25T07:00:00+00:00,16.51,20.29,27.22,79.85,20,40,Paris,,48.8566,2.3522,35,
2024-07-25T08:00:00+00:00,19.17,27.14,26.58,80.84,20,40,Paris,,48.8566,2.3522,35,
2024-07-25T09:00:00+00:00,18.04,23.21,28.08,73.65,20,40,Paris,,48.8566,2.3522,35,
2024-07-25T10:00:00+00:00,17.76,20.29,27.07,75.84,20,40,Paris,,48.8566,2.3522,35,
2024-07-25T11:00:00+00:00,18.38,27.46,24.86,72.0,20,40,Paris,,48.8566,2.3522,35,
2024-07-25T12:00:00+00:00,15.1,20.72,24.97,69.1,20,40,Paris,,48.8566,2.3522,35,
2024-07-25T13:00:00+00:00,17.63,27.04,21.92,60.39,20,40,Paris,,48.8566,2.3522,35,
2024-07-25T14:00:00+00:00,18.94,27.68,22.42,62.14,20,40,Paris,,48.8566,2.3522,35,
2024-07-25T15:00:00+00:00,18.37,26.85,21.64,63.87,20,40,Paris,,48.8566,2.3522,35,
2024-07-25T16:00:00+00:00,17.97,22.59,21.39,57.78,20,40,Paris,,48.8566,2.3522,35,
2024-07-25T17:00:00+00:00,16.49,23.06,18.74,53.97,20,40,Paris,,48.8566,2.3522,35,
2024-07-25T18:00:00+00:00,17.14,25.84,19.15,56.88,20,40,Paris,,48.8566,2.3522,35,
2024-07-25T19:00:00+00:00,17.27,19.77,19.67,62.97,20,40,Paris,,48.8566,2.3522,35,
2024-07-25T20:00:00+00:00,16.43,18.73,19.95,58.13,20,40,Paris,,48.8566,2.3522,35,
2024-07-25T21:00:00+00:00,16.98,24.91,21.39,55.38,20,40,Paris,,48.8566,2.3522,35,
2024-07-25T22:00:00+00:00,17.47,25.97,22.34,57.54,20,40,Paris,,48.8566,2.3522,35,
2024-07-25T23:00:00+00:00,16.09,22.9,22.85,68.32,20,40,Paris,,48.8566,2.3522,35,
2024-07-26T00:00:00+00:00,20.17,26.72,24.27,73.47,20,40,Paris,,48.8566,2.3522,35,
2024-07-26T01:00:00+00:00,15.89,21.19,25.34,77.63,20,40,Paris,,48.8566,2.3522,35,
2024-07-26T02:00:00+00:00,15.7,20.35,26.5,77.55,20,40,Paris,,48.8566,2.3522,35,
2024-07-26T03:00:00+00:00,14.55,19.38,27.57,70.38,20,40,Paris,,48.8566,2.3522,35,
2024-07-26T04:00:00+00:00,18.16,28.07,28.19,78.29,20,40,Paris,,48.8566,2.3522,35,
2024-07-26T05:00:00+00:00,15.09,20.0,28.6,74.15,20,40,Paris,,48.8566,2.3522,35,
2024-07-26T06:00:00+00:00,15.61,17.29,27.1,85.15,20,40,Paris,,48.8566,2.3522,35,
2024-07-26T07:00:00+00:00,15.33,23.55,28.23,80.9,20,40,Paris,,48.8566,2.3522,35,
2024-07-26T08:00:00+00:00,16.86,20.69,28.43,75.73,20,40,Paris,,48.8566,2.3522,35,
2024-07-26T09:00:00+00:00,17.26,22.83,26.84,74.66,20,40,Paris,,48.8566,2.3522,35,
2024-07-26T10:00:00+00:00,18.38,24.66,25.06,70.62,20,40,Paris,,48.8566,2.3522,35,
2024-07-26T11:00:00+00:00,19.26,26.24,23.87,65.5,20,40,Paris,,48.8566,2.3522,35,
2024-07-26T12:00:00+00:00,15.6,21.46,25.21,62.48,20,40,Paris,,48.8566,2.3522,35,
2024-07-26T13:00:00+00:00,16.95,26.82,24.43,68.39,20,40,Paris,,48.8566,2.3522,35,
2024-07-26T14:00:00+00:00,14.28,17.87,22.1,60.18,20,40,Paris,,48.8566,2.3522,35,
2024-07-26T15:00:00+00:00,17.49,24.5,21.07,60.9,20,40,Paris,,48.8566,2.3522,35,
2024-07-26T16:00:00+00:00,15.45,22.04,20.81,61.4,20,40,Paris,,48.8566,2.3522,35,
2024-07-26T17:00:00+00:00,14.32,19.58,21.6,55.33,20,40,Paris,,48.8566,2.3522,35,
2024-07-26T18:00:00+00:00,17.37,22.15,19.97,64.13,20,40,Paris,,48.8566,2.3522,35,
2024-07-26T19:00:00+00:00,15.45,17.64,21.39,67.63,20,40,Paris,,48.8566,2.3522,35,
2024-07-26T20:00:00+00:00,13.77,16.46,20.57,62.16,20,40,Paris,,48.8566,2.3522,35,
2024-07-26T21:00:00+00:00,14.77,16.81,19.8,62.52,20,40,Paris,,48.8566,2.3522,35,
2024-07-26T22:00:00+00:00,17.09,26.38,22.67,61.67,20,40,Paris,,48.8566,2.3522,35,
2024-07-26T23:00:00+00:00,17.87,20.71,22.01,60.68,20,40,Paris,,48.8566,2.3522,35,
2024-07-27T00:00:00+00:00,18.24,24.3,23.52,70.22,20,40,Paris,,48.8566,2.3522,35,
2024-07-27T01:00:00+00:00,19.83,26.09,25.15,66.23,20,40,Paris,,48.8566,2.3522,35,
2024-07-27T02:00:00+00:00,16.04,25.26,25.52,76.8,20,40,Paris,,48.8566,2.3522,35,
2024-07-27T03:00:00+00:00,17.46,25.85,25.49,72.96,20,40,Paris,,48.8566,2.3522,35,
2024-07-27T04:00:00+00:00,20.1,29.98,28.0,72.93,20,40,Paris,,48.8566,2.3522,35,
2024-07-27T05:00:00+00:00,20.4,25.51,29.24,78.62,20,40,Paris,,48.8566,2.3522,35,
2024-07-27T06:00:00+00:00,19.95,24.92,29.34,77.82,20,40,Paris,,48.8566,2.3522,35,
2024-07-27T07:00:00+00:00,17.45,23.98,27.88,73.9,20,40,Paris,,48.8566,2.3522,35,
2024-07-27T08:00:00+00:00,19.19,29.65,27.07,75.85,20,40,Paris,,48.8566,2.3522,35,
2024-07-27T09:00:00+00:00,19.89,26.5,26.14,71.32,20,40,Paris,,48.8566,2.3522,35,
2024-07-27T10:00:00+00:00,15.22,21.35,25.01,77.19,20,40,Paris,,48.8566,2.3522,35,
2024-07-27T11:00:00+00:00,20.96,25.67,25.58,80.38,20,40,Paris,,48.8566,2.3522,35,
2024-07-27T12:00:00+00:00,14.87,20.92,23.25,63.07,20,40,Paris,,48.8566,2.3522,35,
2024-07-27T13:00:00+00:00,17.74,27.19,24.14,61.62,20,40,Paris,,48.8566,2.3522,35,
2024-07-27T14:00:00+00:00,15.89,21.31,22.2,61.28,20,40,Paris,,48.8566,2.3522,35,
2024-07-27T15:00:00+00:00,15.73,20.05,22.49,57.21,20,40,Paris,,48.8566,2.3522,35,
2024-07-27T16:00:00+00:00,19.83,30.29,21.15,69.3,20,40,Paris,,48.8566,2.3522,35,
2024-07-27T17:00:00+00:00,15.64,24.39,19.45,52.97,20,40,Paris,,48.8566,2.3522,35,
2024-07-27T18:00:00+00:00,14.45,20.07,21.19,58.86,20,40,Paris,,48.8566,2.3522,35,
2024-07-27T19:00:00+00:00,19.08,22.38,19.67,58.95,20,40,Paris,,48.8566,2.3522,35,
2024-07-27T20:00:00+00:00,18.82,22.59,21.3,57.61,20,40,Paris,,48.8566,2.3522,35,
2024-07-27T21:00:00+00:00,15.19,18.59,21.14,67.52,20,40,Paris,,48.8566,2.3522,35,
2024-07-27T22:00:00+00:00,17.5,21.64,23.45,64.83,20,40,Paris,,48.8566,2.3522,35,
2024-07-27T23:00:00+00:00,21.02,28.45,21.55,73.92,20,40,Paris,,48.8566,2.3522,35,
2024-07-28T00:00:00+00:00,14.29,17.46,25.31,67.81,20,40,Paris,,48.8566,2.3522,35,
2024-07-28T01:00:00+00:00,16.39,20.29,25.42,79.73,20,40,Paris,,48.8566,2.3522,35,
2024-07-28T02:00:00+00:00,16.38,22.91,24.99,71.25,20,40,Paris,,48.8566,2.3522,35,
2024-07-28T03:00:00+00:00,18.34,21.83,27.36,70.92,20,40,Paris,,48.8566,2.3522,35,
2024-07-28T04:00:00+00:00,15.22,16.74,26.09,84.36,20,40,Paris,,48.8566,2.3522,35,
2024-07-28T05:00:00+00:00,19.95,28.9,27.65,78.95,20,40,Paris,,48.8566,2.3522,35,
2024-07-28T06:00:00+00:00,19.14,25.47,29.08,79.34,20,40,Paris,,48.8566,2.3522,35,
2024-07-28T07:00:00+00:00,14.17,15.7,27.82,74.17,20,40,Paris,,48.8566,2.3522,35,
2024-07-28T08:00:00+00:00,18.43,25.63,26.34,83.07,20,40,Paris,,48.8566,2.3522,35,
2024-07-28T09:00:00+00:00,18.28,26.65,26.3,75.4,20,40,Paris,,48.8566,2.3522,35,
2024-07-28T10:00:00+00:00,15.72,18.52,24.96,76.85,20,40,Paris,,48.8566,2.3522,35,
2024-07-28T11:00:00+00:00,14.7,23.3,26.53,70.66,20,40,Paris,,48.8566,2.3522,35,
2024-07-28T12:00:00+00:00,14.99,19.66,25.39,62.43,20,40,Paris,,48.8566,2.3522,35,
2024-07-28T13:00:00+00:00,18.79,28.31,22.15,61.79,20,40,Paris,,48.8566,2.3522,35,
2024-07-28T14:00:00+00:00,19.72,23.63,22.83,67.52,20,40,Paris,,48.8566,2.3522,35,
2024-07-28T15:00:00+00:00,15.03,17.88,22.27,61.64,20,40,Paris,,48.8566,2.3522,35,
2024-07-28T16:00:00+00:00,15.93,23.03,19.44,62.02,20,40,Paris,,48.8566,2.3522,35,
2024-07-28T17:00:00+00:00,15.33,21.69,19.73,61.45,20,40,Paris,,48.8566,2.3522,35,
2024-07-28T18:00:00+00:00,18.68,22.49,19.34,58.3,20,40,Paris,,48.8566,2.3522,35,
2024-07-28T19:00:00+00:00,15.09,16.49,19.3,52.63,20,40,Paris,,48.8566,2.3522,35,
2024-07-28T20:00:00+00:00,15.45,22.26,19.73,59.33,20,40,Paris,,48.8566,2.3522,35,
2024-07-28T21:00:00+00:00,17.15,24.65,20.71,62.16,20,40,Paris,,48.8566,2.3522,35,
2024-07-28T22:00:00+00:00,16.51,18.56,22.42,70.12,20,40,Paris,,48.8566,2.3522,35,
2024-07-28T23:00:00+00:00,19.06,25.65,23.82,68.15,20,40,Paris,,48.8566,2.3522,35,
2024-07-29T00:00:00+00:00,18.97,23.82,23.43,68.19,20,40,Paris,,48.8566,2.3522,35,
2024-07-29T01:00:00+00:00,18.03,25.32,25.82,69.21,20,40,Paris,,48.8566,2.3522,35,
2024-07-29T02:00:00+00:00,20.44,26.48,26.06,81.39,20,40,Paris,,48.8566,2.3522,35,
2024-07-29T03:00:00+00:00,15.43,22.23,26.14,79.45,20,40,Paris,,48.8566,2.3522,35,
2024-07-29T04:00:00+00:00,16.38,21.12,26.36,72.44,20,40,Paris,,48.8566,2.3522,35,
2024-07-29T05:00:00+00:00,20.83,26.16,26.91,79.97,20,40,Paris,,48.8566,2.3522,35,
2024-07-29T06:00:00+00:00,18.27,22.59,27.7,82.72,20,40,Paris,,48.8566,2.3522,35,
2024-07-29T07:00:00+00:00,17.69,22.41,27.29,82.74,20,40,Paris,,48.8566,2.3522,35,
2024-07-29T08:00:00+00:00,17.2,19.35,26.98,74.88,20,40,Paris,,48.8566,2.3522,35,
2024-07-29T09:00:00+00:00,16.09,19.99,28.27,70.66,20,40,Paris,,48.8566,2.3522,35,
2024-07-29T10:00:00+00:00,17.68,23.17,27.09,73.98,20,40,Paris,,48.8566,2.3522,35,
2024-07-29T11:00:00+00:00,17.39,22.32,25.99,71.77,20,40,Paris,,48.8566,2.3522,35,
2024-07-29T12:00:00+00:00,15.78,20.92,25.13,70.86,20,40,Paris,,48.8566,2.3522,35,
2024-07-29T13:00:00+00:00,19.62,24.64,22.67,62.31,20,40,Paris,,48.8566,2.3522,35,
2024-07-29T14:00:00+00:00,14.3,17.56,23.07,70.78,20,40,Paris,,48.8566,2.3522,35,
2024-07-29T15:00:00+00:00,16.25,20.97,20.75,64.17,20,40,Paris,,48.8566,2.3522,35,
2024-07-29T16:00:00+00:00,14.25,16.73,21.39,61.19,20,40,Paris,,48.8566,2.3522,35,
2024-07-29T17:00:00+00:00,15.18,17.06,18.85,54.07,20,40,Paris,,48.8566,2.3522,35,
2024-07-29T18:00:00+00:00,17.02,23.58,18.58,52.37,20,40,Paris,,48.8566,2.3522,35,
2024-07-29T19:00:00+00:00,14.73,18.48,21.35,58.24,20,40,Paris,,48.8566,2.3522,35,
2024-07-29T20:00:00+00:00,18.19,22.05,20.17,58.31,20,40,Paris,,48.8566,2.3522,35,
2024-07-29T21:00:00+00:00,17.81,24.6,19.72,56.25,20,40,Paris,,48.8566,2.3522,35,
2024-07-29T22:00:00+00:00,19.72,26.24,22.55,62.68,20,40,Paris,,48.8566,2.3522,35,
2024-07-29T23:00:00+00:00,16.81,24.4,23.26,73.93,20,40,Paris,,48.8566,2.3522,35,
2024-07-30T00:00:00+00:00,15.96,18.19,23.99,68.73,20,40,Paris,,48.8566,2.3522,35,
2024-07-30T01:00:00+00:00,15.42,21.22,23.55,78.14,20,40,Paris,,48.8566,2.3522,35,
2024-07-30T02:00:00+00:00,17.48,21.9,26.76,80.96,20,40,Paris,,48.8566,2.3522,35,
2024-07-30T03:00:00+00:00,19.73,24.12,27.77,72.78,20,40,Paris,,48.8566,2.3522,35,
2024-07-30T04:00:00+00:00,16.48,18.69,26.46,77.08,20,40,Paris,,48.8566,2.3522,35,
2024-07-30T05:00:00+00:00,20.65,28.65,27.99,84.86,20,40,Paris,,48.8566,2.3522,35,
2024-07-30T06:00:00+00:00,14.13,19.96,29.2,74.4,20,40,Paris,,48.8566,2.3522,35,
2024-07-30T07:00:00+00:00,15.96,21.75,28.54,82.79,20,40,Paris,,48.8566,2.3522,35,
2024-07-30T08:00:00+00:00,17.64,26.4,26.74,78.18,20,40,Paris,,48.8566,2.3522,35,
2024-07-30T09:00:00+00:00,19.08,22.8,28.09,80.92,20,40,Paris,,48.8566,2.3522,35,
2024-07-30T10:00:00+00:00,17.01,24.49,26.21,75.02,20,40,Paris,,48.8566,2.3522,35,
2024-07-30T11:00:00+00:00,16.12,25.29,24.31,80.13,20,40,Paris,,48.8566,2.3522,35,
2024-07-30T12:00:00+00:00,19.2,28.84,24.36,71.65,20,40,Paris,,48.8566,2.3522,35,
2024-07-30T13:00:00+00:00,19.4,22.43,23.34,65.36,20,40,Paris,,48.8566,2.3522,35,
2024-07-30T14:00:00+00:00,16.71,20.09,21.75,60.11,20,40,Paris,,48.8566,2.3522,35,
2024-07-30T15:00:00+00:00,18.92,22.2,21.95,68.06,20,40,Paris,,48.8566,2.3522,35,
2024-07-30T16:00:00+00:00,17.65,24.82,20.39,63.55,20,40,Paris,,48.8566,2.3522,35,
2024-07-30T17:00:00+00:00,18.56,27.2,20.5,59.1,20,40,Paris,,48.8566,2.3522,35,
2024-07-30T18:00:00+00:00,18.27,27.49,20.82,61.51,20,40,Paris,,48.8566,2.3522,35,
2024-07-30T19:00:00+00:00,16.02,20.25,21.02,62.24,20,40,Paris,,48.8566,2.3522,35,
2024-07-30T20:00:00+00:00,15.45,17.65,21.49,61.62,20,40,Paris,,48.8566,2.3522,35,
2024-07-30T21:00:00+00:00,15.83,21.16,21.55,62.13,20,40,Paris,,48.8566,2.3522,35,
2024-07-30T22:00:00+00:00,18.68,26.56,20.85,67.34,20,40,Paris,,48.8566,2.3522,35,
2024-07-30T23:00:00+00:00,20.23,26.38,22.46,75.35,20,40,Paris,,48.8566,2.3522,35,
2024-07-31T00:00:00+00:00,18.15,23.2,24.15,76.25,20,40,Paris,,48.8566,2.3522,35,
2024-07-31T01:00:00+00:00,19.92,27.99,26.36,78.76,20,40,Paris,,48.8566,2.3522,35,
2024-07-31T02:00:00+00:00,15.77,17.67,27.17,67.16,20,40,Paris,,48.8566,2.3522,35,
2024-07-31T03:00:00+00:00,18.57,25.44,25.44,75.4,20,40,Paris,,48.8566,2.3522,35,
2024-07-31T04:00:00+00:00,19.17,28.82,26.72,82.16,20,40,Paris,,48.8566,2.3522,35,
2024-07-31T05:00:00+00:00,19.06,25.89,27.88,77.11,20,40,Paris,,48.8566,2.3522,35,
2024-07-31T06:00:00+00:00,18.29,26.05,29.26,82.47,20,40,Paris,,48.8566,2.3522,35,
2024-07-31T07:00:00+00:00,18.65,27.23,27.92,83.83,20,40,Paris,,48.8566,2.3522,35,
2024-07-31T08:00:00+00:00,17.97,25.41,26.61,76.25,20,40,Paris,,48.8566,2.3522,35,
2024-07-31T09:00:00+00:00,16.38,22.52,26.95,70.61,20,40,Paris,,48.8566,2.3522,35,
2024-07-31T10:00:00+00:00,13.91,22.08,24.73,67.35,20,40,Paris,,48.8566,2.3522,35,
2024-07-31T11:00:00+00:00,19.15,27.25,24.6,72.98,20,40,Paris,,48.8566,2.3522,35,
2024-07-31T12:00:00+00:00,16.52,24.16,23.73,77.71,20,40,Paris,,48.8566,2.3522,35,
2024-07-31T13:00:00+00:00,15.69,21.06,22.33,64.09,20,40,Paris,,48.8566,2.3522,35,
2024-07-31T14:00:00+00:00,16.61,21.57,23.09,69.78,20,40,Paris,,48.8566,2.3522,35,
2024-07-31T15:00:00+00:00,15.74,23.3,21.21,63.97,20,40,Paris,,48.8566,2.3522,35,
2024-07-31T16:00:00+00:00,18.47,27.59,19.4,61.42,20,40,Paris,,48.8566,2.3522,35,
2024-07-31T17:00:00+00:00,15.0,18.29,19.74,54.99,20,40,Paris,,48.8566,2.3522,35,
2024-07-31T18:00:00+00:00,14.89,17.0,20.21,63.98,20,40,Paris,,48.8566,2.3522,35,
2024-07-31T19:00:00+00:00,17.46,21.2,20.39,66.7,20,40,Paris,,48.8566,2.3522,35,
2024-07-31T20:00:00+00:00,19.13,23.61,19.79,57.78,20,40,Paris,,48.8566,2.3522,35,
2024-07-31T21:00:00+00:00,15.23,20.16,21.94,62.65,20,40,Paris,,48.8566,2.3522,35,
2024-07-31T22:00:00+00:00,20.01,24.45,20.65,67.46,20,40,Paris,,48.8566,2.3522,35,
2024-07-31T23:00:00+00:00,17.91,21.04,23.93,62.21,20,40,Paris,,48.8566,2.3522,35,
2024-08-01T00:00:00+00:00,19.57,27.02,23.58,69.22,20,40,Paris,,48.8566,2.3522,35,
2024-08-01T01:00:00+00:00,15.85,21.43,24.1,76.97,20,40,Paris,,48.8566,2.3522,35,
2024-08-01T02:00:00+00:00,17.49,21.06,24.85,74.34,20,40,Paris,,48.8566,2.3522,35,
2024-08-01T03:00:00+00:00,16.32,18.2,27.94,77.12,20,40,Paris,,48.8566,2.3522,35,
2024-08-01T04:00:00+00:00,14.45,15.76,28.57,73.96,20,40,Paris,,48.8566,2.3522,35,
2024-08-01T05:00:00+00:00,14.58,19.12,27.36,76.1,20,40,Paris,,48.8566,2.3522,35,
2024-08-01T06:00:00+00:00,16.99,21.32,26.58,76.89,20,40,Paris,,48.8566,2.3522,35,
2024-08-01T07:00:00+00:00,20.8,28.84,28.66,85.76,20,40,Paris,,48.8566,2.3522,35,
2024-08-01T08:00:00+00:00,16.43,19.36,26.78,82.02,20,40,Paris,,48.8566,2.3522,35,
2024-08-01T09:00:00+00:00,15.83,22.38,27.13,72.28,20,40,Paris,,48.8566,2.3522,35,
2024-08-01T10:00:00+00:00,16.25,20.13,24.58,67.72,20,40,Paris,,48.8566,2.3522,35,
2024-08-01T11:00:00+00:00,16.75,21.4,26.05,66.35,20,40,Paris,,48.8566,2.3522,35,
2024-08-01T12:00:00+00:00,15.08,24.25,25.15,75.49,20,40,Paris,,48.8566,2.3522,35,
2024-08-01T13:00:00+00:00,18.56,26.12,23.71,63.27,20,40,Paris,,48.8566,2.3522,35,
2024-08-01T14:00:00+00:00,14.27,17.03,22.68,70.33,20,40,Paris,,48.8566,2.3522,35,
2024-08-01T15:00:00+00:00,17.52,20.57,20.53,62.58,20,40,Paris,,48.8566,2.3522,35,
2024-08-01T16:00:00+00:00,17.41,21.77,20.93,59.83,20,40,Paris,,48.8566,2.3522,35,
2024-08-01T17:00:00+00:00,17.08,20.51,20.62,59.34,20,40,Paris,,48.8566,2.3522,35,
2024-08-01T18:00:00+00:00,13.72,17.78,20.1,59.08,20,40,Paris,,48.8566,2.3522,35,
2024-08-01T19:00:00+00:00,18.83,28.6,20.79,63.94,20,40,Paris,,48.8566,2.3522,35,
2024-08-01T20:00:00+00:00,19.19,28.56,20.98,66.88,20,40,Paris,,48.8566,2.3522,35,
2024-08-01T21:00:00+00:00,19.56,25.26,21.97,68.05,20,40,Paris,,48.8566,2.3522,35,
2024-08-01T22:00:00+00:00,16.26,24.32,21.84,63.07,20,40,Paris,,48.8566,2.3522,35,
2024-08-01T23:00:00+00:00,15.75,23.43,21.84,67.37,20,40,Paris,,48.8566,2.3522,35,
2024-08-02T00:00:00+00:00,14.24,20.8,22.69,63.8,20,40,Paris,,48.8566,2.3522,35,
2024-08-02T01:00:00+00:00,19.64,26.42,24.25,79.64,20,40,Paris,,48.8566,2.3522,35,
2024-08-02T02:00:00+00:00,20.04,23.81,25.08,80.78,20,40,Paris,,48.8566,2.3522,35,
2024-08-02T03:00:00+00:00,20.77,30.58,26.28,82.23,20,40,Paris,,48.8566,2.3522,35,
2024-08-02T04:00:00+00:00,16.36,24.15,27.17,75.27,20,40,Paris,,48.8566,2.3522,35,
2024-08-02T05:00:00+00:00,17.19,23.58,28.0,74.81,20,40,Paris,,48.8566,2.3522,35,
2024-08-02T06:00:00+00:00,16.8,19.89,27.23,80.19,20,40,Paris,,48.8566,2.3522,35,
2024-08-02T07:00:00+00:00,20.13,27.92,28.44,84.78,20,40,Paris,,48.8566,2.3522,35,
2024-08-02T08:00:00+00:00,20.22,23.53,26.76,75.42,20,40,Paris,,48.8566,2.3522,35,
2024-08-02T09:00:00+00:00,17.45,25.49,27.84,83.82,20,40,Paris,,48.8566,2.3522,35,
2024-08-02T10:00:00+00:00,19.07,22.25,25.59,79.75,20,40,Paris,,48.8566,2.3522,35,
2024-08-02T11:00:00+00:00,20.96,26.45,24.61,76.24,20,40,Paris,,48.8566,2.3522,35,
2024-08-02T12:00:00+00:00,17.92,26.18,24.96,63.43,20,40,Paris,,48.8566,2.3522,35,
2024-08-02T13:00:00+00:00,14.48,15.91,22.2,67.55,20,40,Paris,,48.8566,2.3522,35,
2024-08-02T14:00:00+00:00,14.67,21.06,20.93,69.43,20,40,Paris,,48.8566,2.3522,35,
2024-08-02T15:00:00+00:00,17.51,21.39,20.35,59.2,20,40,Paris,,48.8566,2.3522,35,
2024-08-02T16:00:00+00:00,16.9,23.82,21.78,55.76,20,40,Paris,,48.8566,2.3522,35,
2024-08-02T17:00:00+00:00,19.01,27.93,20.76,64.77,20,40,Paris,,48.8566,2.3522,35,
2024-08-02T18:00:00+00:00,19.74,30.44,20.24,58.73,20,40,Paris,,48.8566,2.3522,35,
2024-08-02T19:00:00+00:00,18.54,21.4,19.19,66.19,20,40,Paris,,48.8566,2.3522,35,
2024-08-02T20:00:00+00:00,14.93,20.28,19.51,64.83,20,40,Paris,,48.8566,2.3522,35,
2024-08-02T21:00:00+00:00,17.77,24.93,20.3,65.86,20,40,Paris,,48.8566,2.3522,35,
2024-08-02T22:00:00+00:00,17.28,20.03,22.7,72.53,20,40,Paris,,48.8566,2.3522,35,
2024-08-02T23:00:00+00:00,18.81,28.0,23.1,61.42,20,40,Paris,,48.8566,2.3522,35,
2024-08-03T00:00:00+00:00,19.09,27.58,23.15,76.07,20,40,Paris,,48.8566,2.3522,35,
2024-08-03T01:00:00+00:00,18.75,28.31,23.72,69.52,20,40,Paris,,48.8566,2.3522,35,
2024-08-03T02:00:00+00:00,16.59,25.69,24.82,71.23,20,40,Paris,,48.8566,2.3522,35,
2024-08-03T03:00:00+00:00,14.59,20.73,26.33,70.16,20,40,Paris,,48.8566,2.3522,35,
2024-08-03T04:00:00+00:00,17.24,24.53,28.61,73.67,20,40,Paris,,48.8566,2.3522,35,
2024-08-03T05:00:00+00:00,16.59,22.55,27.73,76.0,20,40,Paris,,48.8566,2.3522,35,
2024-08-03T06:00:00+00:00,19.76,30.34,27.14,79.99,20,40,Paris,,48.8566,2.3522,35,
2024-08-03T07:00:00+00:00,17.27,23.97,28.62,83.48,20,40,Paris,,48.8566,2.3522,35,
2024-08-03T08:00:00+00:00,18.67,24.75,26.27,72.33,20,40,Paris,,48.8566,2.3522,35,
2024-08-03T09:00:00+00:00,20.54,26.08,25.73,75.6,20,40,Paris,,48.8566,2.3522,35,
2024-08-03T10:00:00+00:00,18.05,22.57,26.06,76.05,20,40,Paris,,48.8566,2.3522,35,
2024-08-03T11:00:00+00:00,17.35,24.7,26.45,75.6,20,40,Paris,,48.8566,2.3522,35,
2024-08-03T12:00:00+00:00,19.09,28.15,22.52,66.04,20,40,Paris,,48.8566,2.3522,35,
2024-08-03T13:00:00+00:00,17.5,26.13,23.13,63.87,20,40,Paris,,48.8566,2.3522,35,
2024-08-03T14:00:00+00:00,15.96,21.08,21.54,70.48,20,40,Paris,,48.8566,2.3522,35,
2024-08-03T15:00:00+00:00,14.98,20.35,21.3,63.61,20,40,Paris,,48.8566,2.3522,35,
2024-08-03T16:00:00+00:00,15.35,17.73,19.94,60.17,20,40,Paris,,48.8566,2.3522,35,
2024-08-03T17:00:00+00:00,17.29,22.75,19.14,66.91,20,40,Paris,,48.8566,2.3522,35,
2024-08-03T18:00:00+00:00,18.1,21.04,20.37,54.03,20,40,Paris,,48.8566,2.3522,35,
2024-08-03T19:00:00+00:00,14.33,20.17,19.77,65.22,20,40,Paris,,48.8566,2.3522,35,
2024-08-03T20:00:00+00:00,14.11,19.25,20.47,58.84,20,40,Paris,,48.8566,2.3522,35,
2024-08-03T21:00:00+00:00,19.82,28.32,20.09,66.13,20,40,Paris,,48.8566,2.3522,35,
2024-08-03T22:00:00+00:00,18.6,25.28,20.88,70.66,20,40,Paris,,48.8566,2.3522,35,
2024-08-03T23:00:00+00:00,15.83,24.71,24.04,66.93,20,40,Paris,,48.8566,2.3522,35,
2024-08-04T00:00:00+00:00,20.25,24.34,22.65,74.59,20,40,Paris,,48.8566,2.3522,35,
2024-08-04T01:00:00+00:00,14.97,20.37,24.98,75.67,20,40,Paris,,48.8566,2.3522,35,
2024-08-04T02:00:00+00:00,16.29,18.06,27.1,69.19,20,40,Paris,,48.8566,2.3522,35,
2024-08-04T03:00:00+00:00,19.83,27.75,26.59,76.51,20,40,Paris,,48.8566,2.3522,35,
2024-08-04T04:00:00+00:00,20.3,30.85,28.86,74.37,20,40,Paris,,48.8566,2.3522,35,
2024-08-04T05:00:00+00:00,20.31,24.02,28.23,78.98,20,40,Paris,,48.8566,2.3522,35,
2024-08-04T06:00:00+00:00,17.85,21.99,27.26,81.47,20,40,Paris,,48.8566,2.3522,35,
2024-08-04T07:00:00+00:00,18.41,28.66,26.91,81.28,20,40,Paris,,48.8566,2.3522,35,
2024-08-04T08:00:00+00:00,21.12,30.04,26.51,81.45,20,40,Paris,,48.8566,2.3522,35,
2024-08-04T09:00:00+00:00,17.4,26.37,27.67,81.81,20,40,Paris,,48.8566,2.3522,35,
2024-08-04T10:00:00+00:00,18.2,21.68,27.03,73.84,20,40,Paris,,48.8566,2.3522,35,
2024-08-04T11:00:00+00:00,20.66,27.58,25.33,74.9,20,40,Paris,,48.8566,2.3522,35,
2024-08-04T12:00:00+00:00,15.21,16.55,23.65,67.26,20,40,Paris,,48.8566,2.3522,35,
2024-08-04T13:00:00+00:00,15.05,22.83,22.95,62.38,20,40,Paris,,48.8566,2.3522,35,
2024-08-04T14:00:00+00:00,17.76,20.98,22.52,72.37,20,40,Paris,,48.8566,2.3522,35,
2024-08-04T15:00:00+00:00,19.87,30.38,22.03,66.4,20,40,Paris,,48.8566,2.3522,35,
2024-08-04T16:00:00+00:00,17.81,24.63,20.35,54.75,20,40,Paris,,48.8566,2.3522,35,
2024-08-04T17:00:00+00:00,15.53,24.09,20.78,57.02,20,40,Paris,,48.8566,2.3522,35,
2024-08-04T18:00:00+00:00,15.38,18.26,19.16,67.15,20,40,Paris,,48.8566,2.3522,35,
2024-08-04T19:00:00+00:00,13.86,15.52,19.97,54.0,20,40,Paris,,48.8566,2.3522,35,
2024-08-04T20:00:00+00:00,16.37,23.15,19.37,66.84,20,40,Paris,,48.8566,2.3522,35,
2024-08-04T21:00:00+00:00,15.39,21.23,22.16,63.44,20,40,Paris,,48.8566,2.3522,35,
2024-08-04T22:00:00+00:00,13.67,14.88,21.03,57.85,20,40,Paris,,48.8566,2.3522,35,
2024-08-04T23:00:00+00:00,17.1,26.75,22.09,59.61,20,40,Paris,,48.8566,2.3522,35,
2024-08-05T00:00:00+00:00,19.08,24.85,23.33,77.28,20,40,Paris,,48.8566,2.3522,35,
2024-08-05T01:00:00+00:00,15.43,20.49,24.35,65.79,20,40,Paris,,48.8566,2.3522,35,
2024-08-05T02:00:00+00:00,17.97,23.13,26.68,76.89,20,40,Paris,,48.8566,2.3522,35,
2024-08-05T03:00:00+00:00,15.91,20.29,26.88,80.32,20,40,Paris,,48.8566,2.3522,35,
2024-08-05T04:00:00+00:00,15.62,18.1,28.91,81.63,20,40,Paris,,48.8566,2.3522,35,
2024-08-05T05:00:00+00:00,18.19,25.48,27.39,73.51,20,40,Paris,,48.8566,2.3522,35,
2024-08-05T06:00:00+00:00,17.26,23.97,26.95,84.53,20,40,Paris,,48.8566,2.3522,35,
2024-08-05T07:00:00+00:00,19.62,25.87,28.6,78.76,20,40,Paris,,48.8566,2.3522,35,
2024-08-05T08:00:00+00:00,19.92,26.92,26.21,85.84,20,40,Paris,,48.8566,2.3522,35,
2024-08-05T09:00:00+00:00,17.45,19.96,27.7,69.4,20,40,Paris,,48.8566,2.3522,35,
2024-08-05T10:00:00+00:00,20.81,30.27,24.52,77.43,20,40,Paris,,48.8566,2.3522,35,
2024-08-05T11:00:00+00:00,14.86,19.94,24.41,68.39,20,40,Paris,,48.8566,2.3522,35,
2024-08-05T12:00:00+00:00,14.03,19.74,25.01,64.99,20,40,Paris,,48.8566,2.3522,35,
2024-08-05T13:00:00+00:00,16.62,20.7,24.06,63.0,20,40,Paris,,48.8566,2.3522,35,
2024-08-05T14:00:00+00:00,19.78,23.62,20.52,62.08,20,40,Paris,,48.8566,2.3522,35,
2024-08-05T15:00:00+00:00,16.31,20.59,20.62,66.31,20,40,Paris,,48.8566,2.3522,35,
2024-08-05T16:00:00+00:00,16.9,25.32,20.68,68.63,20,40,Paris,,48.8566,2.3522,35,
2024-08-05T17:00:00+00:00,17.71,24.15,21.53,62.29,20,40,Paris,,48.8566,2.3522,35,
2024-08-05T18:00:00+00:00,18.09,24.85,20.92,56.56,20,40,Paris,,48.8566,2.3522,35,
2024-08-05T19:00:00+00:00,14.7,17.51,21.42,65.8,20,40,Paris,,48.8566,2.3522,35,
2024-08-05T20:00:00+00:00,14.26,15.81,20.47,64.69,20,40,Paris,,48.8566,2.3522,35,
2024-08-05T21:00:00+00:00,14.2,16.86,22.37,55.06,20,40,Paris,,48.8566,2.3522,35,
2024-08-05T22:00:00+00:00,18.55,24.09,22.27,59.83,20,40,Paris,,48.8566,2.3522,35,
2024-08-05T23:00:00+00:00,18.09,27.18,21.92,65.59,20,40,Paris,,48.8566,2.3522,35,
2024-08-06T00:00:00+00:00,19.1,28.1,24.34,73.16,20,40,Paris,,48.8566,2.3522,35,
2024-08-06T01:00:00+00:00,18.13,20.69,25.07,70.66,20,40,Paris,,48.8566,2.3522,35,
2024-08-06T02:00:00+00:00,15.64,21.99,24.96,75.22,20,40,Paris,,48.8566,2.3522,35,
2024-08-06T03:00:00+00:00,19.35,25.62,26.58,77.44,20,40,Paris,,48.8566,2.3522,35,
2024-08-06T04:00:00+00:00,15.73,17.55,27.07,79.74,20,40,Paris,,48.8566,2.3522,35,
2024-08-06T05:00:00+00:00,19.33,30.07,26.53,86.14,20,40,Paris,,48.8566,2.3522,35,
2024-08-06T06:00:00+00:00,17.49,20.43,26.75,77.91,20,40,Paris,,48.8566,2.3522,35,
2024-08-06T07:00:00+00:00,17.27,23.06,27.83,82.33,20,40,Paris,,48.8566,2.3522,35,
2024-08-06T08:00:00+00:00,16.93,22.28,27.81,72.02,20,40,Paris,,48.8566,2.3522,35,
2024-08-06T09:00:00+00:00,20.18,24.93,26.16,71.48,20,40,Paris,,48.8566,2.3522,35,
2024-08-06T10:00:00+00:00,18.49,24.33,26.32,69.78,20,40,Paris,,48.8566,2.3522,35,
2024-08-06T11:00:00+00:00,20.52,24.09,24.59,80.42,20,40,Paris,,48.8566,2.3522,35,
2024-08-06T12:00:00+00:00,14.1,17.05,24.77,67.59,20,40,Paris,,48.8566,2.3522,35,
2024-08-06T13:00:00+00:00,17.95,22.7,23.12,66.94,20,40,Paris,,48.8566,2.3522,35,
2024-08-06T14:00:00+00:00,15.4,22.8,20.99,61.99,20,40,Paris,,48.8566,2.3522,35,
2024-08-06T15:00:00+00:00,14.91,22.47,21.99,59.61,20,40,Paris,,48.8566,2.3522,35,
2024-08-06T16:00:00+00:00,16.59,23.85,20.07,56.99,20,40,Paris,,48.8566,2.3522,35,
2024-08-06T17:00:00+00:00,16.81,23.77,20.76,57.83,20,40,Paris,,48.8566,2.3522,35,
2024-08-06T18:00:00+00:00,16.24,24.45,20.21,65.93,20,40,Paris,,48.8566,2.3522,35,
2024-08-06T19:00:00+00:00,14.58,18.72,21.43,67.06,20,40,Paris,,48.8566,2.3522,35,
2024-08-06T20:00:00+00:00,15.18,22.55,20.84,61.22,20,40,Paris,,48.8566,2.3522,35,
2024-08-06T21:00:00+00:00,19.79,23.37,20.31,61.01,20,40,Paris,,48.8566,2.3522,35,
2024-08-06T22:00:00+00:00,13.99,20.24,22.56,64.15,20,40,Paris,,48.8566,2.3522,35,
2024-08-06T23:00:00+00:00,17.82,20.71,22.4,66.42,20,40,Paris,,48.8566,2.3522,35,
2024-08-07T00:00:00+00:00,18.83,22.35,22.53,75.63,20,40,Paris,,48.8566,2.3522,35,
2024-08-07T01:00:00+00:00,18.09,23.05,24.84,66.97,20,40,Paris,,48.8566,2.3522,35,
2024-08-07T02:00:00+00:00,14.96,23.92,26.47,80.71,20,40,Paris,,48.8566,2.3522,35,
2024-08-07T03:00:00+00:00,17.61,26.64,26.84,77.08,20,40,Paris,,48.8566,2.3522,35,
2024-08-07T04:00:00+00:00,16.75,22.86,26.59,72.79,20,40,Paris,,48.8566,2.3522,35,
2024-08-07T05:00:00+00:00,15.41,24.15,26.51,85.84,20,40,Paris,,48.8566,2.3522,35,
2024-08-07T06:00:00+00:00,20.31,30.73,28.83,75.57,20,40,Paris,,48.8566,2.3522,35,
2024-08-07T07:00:00+00:00,19.19,24.3,27.25,74.42,20,40,Paris,,48.8566,2.3522,35,
2024-08-07T08:00:00+00:00,18.79,24.18,27.31,84.89,20,40,Paris,,48.8566,2.3522,35,
2024-08-07T09:00:00+00:00,19.06,26.54,28.18,70.29,20,40,Paris,,48.8566,2.3522,35,
2024-08-07T10:00:00+00:00,19.19,26.74,25.64,70.4,20,40,Paris,,48.8566,2.3522,35,
2024-08-07T11:00:00+00:00,14.0,16.68,25.05,68.97,20,40,Paris,,48.8566,2.3522,35,
2024-08-07T12:00:00+00:00,17.99,24.36,25.46,75.36,20,40,Paris,,48.8566,2.3522,35,
2024-08-07T13:00:00+00:00,20.55,26.45,22.73,72.22,20,40,Paris,,48.8566,2.3522,35,
2024-08-07T14:00:00+00:00,18.35,25.32,21.5,70.3,20,40,Paris,,48.8566,2.3522,35,
2024-08-07T15:00:00+00:00,16.0,22.9,20.69,64.01,20,40,Paris,,48.8566,2.3522,35,
2024-08-07T16:00:00+00:00,13.97,20.91,19.75,62.96,20,40,Paris,,48.8566,2.3522,35,
2024-08-07T17:00:00+00:00,17.41,20.87,18.76,62.94,20,40,Paris,,48.8566,2.3522,35,
2024-08-07T18:00:00+00:00,19.06,26.71,19.78,67.13,20,40,Paris,,48.8566,2.3522,35,
2024-08-07T19:00:00+00:00,18.04,21.43,20.69,52.42,20,40,Paris,,48.8566,2.3522,35,
2024-08-07T20:00:00+00:00,13.99,20.1,19.14,60.23,20,40,Paris,,48.8566,2.3522,35,
2024-08-07T21:00:00+00:00,16.33,23.61,22.64,63.8,20,40,Paris,,48.8566,2.3522,35,
2024-08-07T22:00:00+00:00,16.52,19.02,23.29,62.67,20,40,Paris,,48.8566,2.3522,35,
2024-08-07T23:00:00+00:00,19.34,30.01,24.14,68.99,20,40,Paris,,48.8566,2.3522,35,
2024-08-08T00:00:00+00:00,17.3,26.41,23.96,68.4,20,40,Paris,,48.8566,2.3522,35,
2024-08-08T01:00:00+00:00,18.68,26.38,23.75,71.52,20,40,Paris,,48.8566,2.3522,35,
2024-08-08T02:00:00+00:00,18.13,20.84,26.05,69.58,20,40,Paris,,48.8566,2.3522,35,
2024-08-08T03:00:00+00:00,18.68,25.49,25.77,81.74,20,40,Paris,,48.8566,2.3522,35,
2024-08-08T04:00:00+00:00,16.53,24.12,28.73,86.55,20,40,Paris,,48.8566,2.3522,35,
2024-08-08T05:00:00+00:00,18.91,29.07,27.99,76.03,20,40,Paris,,48.8566,2.3522,35,
2024-08-08T06:00:00+00:00,15.56,17.7,28.96,78.49,20,40,Paris,,48.8566,2.3522,35,
2024-08-08T07:00:00+00:00,18.7,27.31,26.76,81.7,20,40,Paris,,48.8566,2.3522,35,
2024-08-08T08:00:00+00:00,17.9,22.51,28.9,73.29,20,40,Paris,,48.8566,2.3522,35,
2024-08-08T09:00:00+00:00,18.01,22.47,26.33,81.75,20,40,Paris,,48.8566,2.3522,35,
2024-08-08T10:00:00+00:00,19.68,28.07,26.08,75.87,20,40,Paris,,48.8566,2.3522,35,
2024-08-08T11:00:00+00:00,15.57,19.3,23.75,78.84,20,40,Paris,,48.8566,2.3522,35,
2024-08-08T12:00:00+00:00,18.33,25.04,23.31,64.21,20,40,Paris,,48.8566,2.3522,35,
2024-08-08T13:00:00+00:00,19.64,25.05,24.18,61.96,20,40,Paris,,48.8566,2.3522,35,
2024-08-08T14:00:00+00:00,14.49,23.11,21.32,68.75,20,40,Paris,,48.8566,2.3522,35,
2024-08-08T15:00:00+00:00,16.03,20.2,21.39,69.15,20,40,Paris,,48.8566,2.3522,35,
2024-08-08T16:00:00+00:00,17.59,21.44,21.4,66.06,20,40,Paris,,48.8566,2.3522,35,
2024-08-08T17:00:00+00:00,17.68,25.09,21.08,66.07,20,40,Paris,,48.8566,2.3522,35,
2024-08-08T18:00:00+00:00,18.65,24.1,19.99,54.81,20,40,Paris,,48.8566,2.3522,35,
2024-08-08T19:00:00+00:00,20.04,30.08,20.63,67.66,20,40,Paris,,48.8566,2.3522,35,
2024-08-08T20:00:00+00:00,15.5,19.68,19.28,59.02,20,40,Paris,,48.8566,2.3522,35,
2024-08-08T21:00:00+00:00,18.75,22.48,20.93,64.39,20,40,Paris,,48.8566,2.3522,35,
2024-08-08T22:00:00+00:00,18.62,27.69,20.87,60.28,20,40,Paris,,48.8566,2.3522,35,
2024-08-08T23:00:00+00:00,17.66,26.34,23.78,61.79,20,40,Paris,,48.8566,2.3522,35,
2024-08-09T00:00:00+00:00,15.94,19.54,23.78,73.49,20,40,Paris,,48.8566,2.3522,35,
2024-08-09T01:00:00+00:00,19.93,28.53,23.97,78.83,20,40,Paris,,48.8566,2.3522,35,
2024-08-09T02:00:00+00:00,19.34,27.74,26.1,81.36,20,40,Paris,,48.8566,2.3522,35,
2024-08-09T03:00:00+00:00,20.99,28.33,26.73,81.47,20,40,Paris,,48.8566,2.3522,35,
2024-08-09T04:00:00+00:00,16.14,18.25,26.75,79.92,20,40,Paris,,48.8566,2.3522,35,
2024-08-09T05:00:00+00:00,17.92,26.53,26.92,80.59,20,40,Paris,,48.8566,2.3522,35,
2024-08-09T06:00:00+00:00,16.32,19.03,27.52,87.28,20,40,Paris,,48.8566,2.3522,35,
2024-08-09T07:00:00+00:00,19.89,29.82,26.58,86.92,20,40,Paris,,48.8566,2.3522,35,
2024-08-09T08:00:00+00:00,19.23,27.71,27.53,73.65,20,40,Paris,,48.8566,2.3522,35,
2024-08-09T09:00:00+00:00,19.2,25.8,26.78,80.75,20,40,Paris,,48.8566,2.3522,35,
2024-08-09T10:00:00+00:00,18.44,24.12,27.47,82.84,20,40,Paris,,48.8566,2.3522,35,
2024-08-09T11:00:00+00:00,14.95,23.54,24.38,74.91,20,40,Paris,,48.8566,2.3522,35,
2024-08-09T12:00:00+00:00,14.88,23.63,24.13,68.33,20,40,Paris,,48.8566,2.3522,35,
2024-08-09T13:00:00+00:00,16.41,24.75,22.47,68.89,20,40,Paris,,48.8566,2.3522,35,
2024-08-09T14:00:00+00:00,18.35,23.64,21.19,60.12,20,40,Paris,,48.8566,2.3522,35,
2024-08-09T15:00:00+00:00,17.0,25.83,19.99,56.83,20,40,Paris,,48.8566,2.3522,35,
2024-08-09T16:00:00+00:00,14.62,23.73,19.33,64.24,20,40,Paris,,48.8566,2.3522,35,
2024-08-09T17:00:00+00:00,16.55,18.49,20.73,52.43,20,40,Paris,,48.8566,2.3522,35,
2024-08-09T18:00:00+00:00,17.82,25.71,20.19,55.86,20,40,Paris,,48.8566,2.3522,35,
2024-08-09T19:00:00+00:00,18.7,25.23,20.78,65.82,20,40,Paris,,48.8566,2.3522,35,
2024-08-09T20:00:00+00:00,18.24,24.03,21.6,61.47,20,40,Paris,,48.8566,2.3522,35,
2024-08-09T21:00:00+00:00,18.26,26.39,22.63,66.26,20,40,Paris,,48.8566,2.3522,35,
2024-08-09T22:00:00+00:00,17.79,25.08,22.16,60.43,20,40,Paris,,48.8566,2.3522,35,
2024-08-09T23:00:00+00:00,14.31,20.02,21.75,62.18,20,40,Paris,,48.8566,2.3522,35,
2024-08-10T00:00:00+00:00,19.84,30.02,24.56,70.31,20,40,Paris,,48.8566,2.3522,35,
2024-08-10T01:00:00+00:00,15.72,23.23,25.71,72.92,20,40,Paris,,48.8566,2.3522,35,
2024-08-10T02:00:00+00:00,14.56,18.46,25.01,69.01,20,40,Paris,,48.8566,2.3522,35,
2024-08-10T03:00:00+00:00,18.12,23.96,27.28,73.79,20,40,Paris,,48.8566,2.3522,35,
2024-08-10T04:00:00+00:00,15.75,17.79,26.19,72.91,20,40,Paris,,48.8566,2.3522,35,
2024-08-10T05:00:00+00:00,17.25,24.24,26.67,72.8,20,40,Paris,,48.8566,2.3522,35,
2024-08-10T06:00:00+00:00,19.55,26.89,26.93,80.82,20,40,Paris,,48.8566,2.3522,35,
2024-08-10T07:00:00+00:00,14.86,18.16,29.28,75.35,20,40,Paris,,48.8566,2.3522,35,
2024-08-10T08:00:00+00:00,19.6,28.82,27.54,77.76,20,40,Paris,,48.8566,2.3522,35,
2024-08-10T09:00:00+00:00,18.13,26.59,27.76,81.7,20,40,Paris,,48.8566,2.3522,35,
2024-08-10T10:00:00+00:00,17.0,24.21,26.75,77.11,20,40,Paris,,48.8566,2.3522,35,
2024-08-10T11:00:00+00:00,20.27,25.38,25.0,69.08,20,40,Paris,,48.8566,2.3522,35,
2024-08-10T12:00:00+00:00,17.21,23.77,24.27,69.47,20,40,Paris,,48.8566,2.3522,35,
2024-08-10T13:00:00+00:00,15.16,20.47,21.91,70.62,20,40,Paris,,48.8566,2.3522,35,
2024-08-10T14:00:00+00:00,17.06,21.26,20.73,58.4,20,40,Paris,,48.8566,2.3522,35,
2024-08-10T15:00:00+00:00,15.79,23.54,20.48,62.28,20,40,Paris,,48.8566,2.3522,35,
2024-08-10T16:00:00+00:00,14.52,22.29,21.82,66.43,20,40,Paris,,48.8566,2.3522,35,
2024-08-10T17:00:00+00:00,19.0,22.82,20.69,52.88,20,40,Paris,,48.8566,2.3522,35,
2024-08-10T18:00:00+00:00,15.56,24.91,21.18,66.45,20,40,Paris,,48.8566,2.3522,35,
2024-08-10T19:00:00+00:00,16.73,23.52,20.58,58.5,20,40,Paris,,48.8566,2.3522,35,
2024-08-10T20:00:00+00:00,19.78,24.14,21.02,60.95,20,40,Paris,,48.8566,2.3522,35,
2024-08-10T21:00:00+00:00,17.09,19.46,20.68,58.89,20,40,Paris,,48.8566,2.3522,35,
2024-08-10T22:00:00+00:00,16.35,19.76,20.55,59.17,20,40,Paris,,48.8566,2.3522,35,
2024-08-10T23:00:00+00:00,16.03,21.0,23.95,70.25,20,40,Paris,,48.8566,2.3522,35,
2024-08-11T00:00:00+00:00,18.2,28.14,25.48,68.36,20,40,Paris,,48.8566,2.3522,35,
2024-08-11T01:00:00+00:00,19.29,22.37,24.46,72.61,20,40,Paris,,48.8566,2.3522,35,
2024-08-11T02:00:00+00:00,16.41,22.08,25.77,73.32,20,40,Paris,,48.8566,2.3522,35,
2024-08-11T03:00:00+00:00,18.0,24.23,27.05,72.15,20,40,Paris,,48.8566,2.3522,35,
2024-08-11T04:00:00+00:00,15.57,24.66,27.38,76.6,20,40,Paris,,48.8566,2.3522,35,
2024-08-11T05:00:00+00:00,17.75,25.54,26.65,83.34,20,40,Paris,,48.8566,2.3522,35,
2024-08-11T06:00:00+00:00,15.57,23.09,28.63,85.84,20,40,Paris,,48.8566,2.3522,35,
2024-08-11T07:00:00+00:00,16.88,18.87,26.94,83.78,20,40,Paris,,48.8566,2.3522,35,
2024-08-11T08:00:00+00:00,15.63,21.31,27.14,73.33,20,40,Paris,,48.8566,2.3522,35,
2024-08-11T09:00:00+00:00,19.03,26.1,25.76,83.34,20,40,Paris,,48.8566,2.3522,35,
2024-08-11T10:00:00+00:00,20.24,23.39,24.69,77.19,20,40,Paris,,48.8566,2.3522,35,
2024-08-11T11:00:00+00:00,15.85,21.36,25.8,78.68,20,40,Paris,,48.8566,2.3522,35,
2024-08-11T12:00:00+00:00,14.09,20.97,22.56,65.89,20,40,Paris,,48.8566,2.3522,35,
2024-08-11T13:00:00+00:00,17.49,26.11,23.33,68.69,20,40,Paris,,48.8566,2.3522,35,
2024-08-11T14:00:00+00:00,16.04,23.3,22.12,65.18,20,40,Paris,,48.8566,2.3522,35,
2024-08-11T15:00:00+00:00,17.11,20.66,19.9,55.69,20,40,Paris,,48.8566,2.3522,35,
2024-08-11T16:00:00+00:00,18.66,23.81,19.65,63.83,20,40,Paris,,48.8566,2.3522,35,
2024-08-11T17:00:00+00:00,18.39,22.37,19.08,66.24,20,40,Paris,,48.8566,2.3522,35,
2024-08-11T18:00:00+00:00,15.68,24.16,19.0,63.01,20,40,Paris,,48.8566,2.3522,35,
2024-08-11T19:00:00+00:00,17.57,25.07,19.79,59.57,20,40,Paris,,48.8566,2.3522,35,
2024-08-11T20:00:00+00:00,15.32,22.36,20.51,66.48,20,40,Paris,,48.8566,2.3522,35,
2024-08-11T21:00:00+00:00,14.32,21.69,22.63,61.24,20,40,Paris,,48.8566,2.3522,35,
2024-08-11T22:00:00+00:00,19.48,30.14,22.6,64.82,20,40,Paris,,48.8566,2.3522,35,
2024-08-11T23:00:00+00:00,18.08,21.98,23.29,67.77,20,40,Paris,,48.8566,2.3522,35,
2024-08-12T00:00:00+00:00,17.82,21.05,22.72,70.79,20,40,Paris,,48.8566,2.3522,35,
2024-08-12T01:00:00+00:00,18.08,22.92,24.06,76.24,20,40,Paris,,48.8566,2.3522,35,
2024-08-12T02:00:00+00:00,19.41,25.67,24.94,78.32,20,40,Paris,,48.8566,2.3522,35,
2024-08-12T03:00:00+00:00,15.26,21.32,27.44,78.37,20,40,Paris,,48.8566,2.3522,35,
2024-08-12T04:00:00+00:00,20.5,27.25,26.58,84.3,20,40,Paris,,48.8566,2.3522,35,
2024-08-12T05:00:00+00:00,19.47,30.21,28.43,83.21,20,40,Paris,,48.8566,2.3522,35,
2024-08-12T06:00:00+00:00,18.82,29.33,29.21,77.08,20,40,Paris,,48.8566,2.3522,35,
2024-08-12T07:00:00+00:00,17.85,22.73,29.18,82.71,20,40,Paris,,48.8566,2.3522,35,
2024-08-12T08:00:00+00:00,16.75,20.0,27.88,76.69,20,40,Paris,,48.8566,2.3522,35,
2024-08-12T09:00:00+00:00,15.16,20.86,27.33,75.24,20,40,Paris,,48.8566,2.3522,35,
2024-08-12T10:00:00+00:00,18.87,25.03,25.76,76.99,20,40,Paris,,48.8566,2.3522,35,
2024-08-12T11:00:00+00:00,18.41,28.59,24.97,73.88,20,40,Paris,,48.8566,2.3522,35,
2024-08-12T12:00:00+00:00,19.44,24.05,22.62,68.54,20,40,Paris,,48.8566,2.3522,35,
2024-08-12T13:00:00+00:00,13.78,17.32,24.0,63.44,20,40,Paris,,48.8566,2.3522,35,
2024-08-12T14:00:00+00:00,20.01,30.22,22.33,67.55,20,40,Paris,,48.8566,2.3522,35,
2024-08-12T15:00:00+00:00,18.11,27.02,22.37,66.99,20,40,Paris,,48.8566,2.3522,35,
2024-08-12T16:00:00+00:00,15.05,23.97,20.93,60.42,20,40,Paris,,48.8566,2.3522,35,
2024-08-12T17:00:00+00:00,17.71,26.89,19.15,64.05,20,40,Paris,,48.8566,2.3522,35,
2024-08-12T18:00:00+00:00,17.01,25.08,19.13,53.7,20,40,Paris,,48.8566,2.3522,35,
2024-08-12T19:00:00+00:00,14.71,18.69,21.38,64.85,20,40,Paris,,48.8566,2.3522,35,
2024-08-12T20:00:00+00:00,15.03,17.85,21.58,60.31,20,40,Paris,,48.8566,2.3522,35,
2024-08-12T21:00:00+00:00,19.42,24.65,22.17,69.26,20,40,Paris,,48.8566,2.3522,35,
2024-08-12T22:00:00+00:00,16.79,21.68,21.14,60.83,20,40,Paris,,48.8566,2.3522,35,
2024-08-12T23:00:00+00:00,15.42,20.96,21.93,64.38,20,40,Paris,,48.8566,2.3522,35,
2024-08-13T00:00:00+00:00,21.05,32.12,22.85,74.72,20,40,Paris,,48.8566,2.3522,35,
2024-08-13T01:00:00+00:00,17.33,25.42,23.68,65.68,20,40,Paris,,48.8566,2.3522,35,
2024-08-13T02:00:00+00:00,17.53,26.97,25.43,70.33,20,40,Paris,,48.8566,2.3522,35,
2024-08-13T03:00:00+00:00,18.67,24.1,25.76,69.31,20,40,Paris,,48.8566,2.3522,35,
2024-08-13T04:00:00+00:00,18.89,22.08,28.69,78.76,20,40,Paris,,48.8566,2.3522,35,
2024-08-13T05:00:00+00:00,16.75,19.25,26.55,82.75,20,40,Paris,,48.8566,2.3522,35,
2024-08-13T06:00:00+00:00,20.75,25.68,28.23,86.04,20,40,Paris,,48.8566,2.3522,35,
2024-08-13T07:00:00+00:00,19.04,28.04,27.67,81.25,20,40,Paris,,48.8566,2.3522,35,
2024-08-13T08:00:00+00:00,20.08,24.55,28.87,81.26,20,40,Paris,,48.8566,2.3522,35,
2024-08-13T09:00:00+00:00,21.4,32.26,26.48,83.5,20,40,Paris,,48.8566,2.3522,35,
2024-08-13T10:00:00+00:00,15.64,24.59,25.91,68.81,20,40,Paris,,48.8566,2.3522,35,
2024-08-13T11:00:00+00:00,17.39,22.83,24.85,70.38,20,40,Paris,,48.8566,2.3522,35,
2024-08-13T12:00:00+00:00,16.71,20.23,22.83,74.16,20,40,Paris,,48.8566,2.3522,35,
2024-08-13T13:00:00+00:00,14.43,20.17,21.75,64.68,20,40,Paris,,48.8566,2.3522,35,
2024-08-13T14:00:00+00:00,20.06,25.45,22.02,64.12,20,40,Paris,,48.8566,2.3522,35,
2024-08-13T15:00:00+00:00,16.05,23.75,22.15,60.77,20,40,Paris,,48.8566,2.3522,35,
2024-08-13T16:00:00+00:00,15.39,16.91,19.59,62.03,20,40,Paris,,48.8566,2.3522,35,
2024-08-13T17:00:00+00:00,13.48,20.03,20.08,54.8,20,40,Paris,,48.8566,2.3522,35,
2024-08-13T18:00:00+00:00,13.98,18.79,21.21,57.16,20,40,Paris,,48.8566,2.3522,35,
2024-08-13T19:00:00+00:00,15.73,18.97,20.55,56.22,20,40,Paris,,48.8566,2.3522,35,
2024-08-13T20:00:00+00:00,17.24,23.99,19.04,65.21,20,40,Paris,,48.8566,2.3522,35,
2024-08-13T21:00:00+00:00,15.55,19.0,21.63,58.43,20,40,Paris,,48.8566,2.3522,35,
2024-08-13T22:00:00+00:00,15.89,21.02,22.21,72.76,20,40,Paris,,48.8566,2.3522,35,
2024-08-13T23:00:00+00:00,16.12,25.04,23.07,65.19,20,40,Paris,,48.8566,2.3522,35,
2024-08-14T00:00:00+00:00,19.73,28.95,24.12,76.79,20,40,Paris,,48.8566,2.3522,35,
2024-08-14T01:00:00+00:00,16.51,23.79,26.09,67.23,20,40,Paris,,48.8566,2.3522,35,
2024-08-14T02:00:00+00:00,19.44,22.68,24.87,75.38,20,40,Paris,,48.8566,2.3522,35,
2024-08-14T03:00:00+00:00,20.12,28.24,25.69,82.6,20,40,Paris,,48.8566,2.3522,35,
2024-08-14T04:00:00+00:00,19.66,25.83,27.77,77.03,20,40,Paris,,48.8566,2.3522,35,
2024-08-14T05:00:00+00:00,15.57,20.63,27.02,79.73,20,40,Paris,,48.8566,2.3522,35,
2024-08-14T06:00:00+00:00,15.91,17.65,27.29,81.88,20,40,Paris,,48.8566,2.3522,35,
2024-08-14T07:00:00+00:00,19.99,26.8,27.41,75.58,20,40,Paris,,48.8566,2.3522,35,
2024-08-14T08:00:00+00:00,20.81,24.61,28.34,85.58,20,40,Paris,,48.8566,2.3522,35,
2024-08-14T09:00:00+00:00,18.1,25.33,26.46,69.45,20,40,Paris,,48.8566,2.3522,35,
2024-08-14T10:00:00+00:00,19.73,24.41,27.05,68.29,20,40,Paris,,48.8566,2.3522,35,
2024-08-14T11:00:00+00:00,17.33,20.38,23.82,71.61,20,40,Paris,,48.8566,2.3522,35,
2024-08-14T12:00:00+00:00,19.4,23.28,23.52,76.33,20,40,Paris,,48.8566,2.3522,35,
2024-08-14T13:00:00+00:00,15.29,18.88,23.95,62.74,20,40,Paris,,48.8566,2.3522,35,
2024-08-14T14:00:00+00:00,16.56,18.89,21.41,62.96,20,40,Paris,,48.8566,2.3522,35,
2024-08-14T15:00:00+00:00,13.66,18.48,19.72,60.12,20,40,Paris,,48.8566,2.3522,35,
2024-08-14T16:00:00+00:00,17.63,21.66,19.34,58.12,20,40,Paris,,48.8566,2.3522,35,
2024-08-14T17:00:00+00:00,19.15,22.2,21.1,57.52,20,40,Paris,,48.8566,2.3522,35,
2024-08-14T18:00:00+00:00,14.06,22.56,21.01,52.26,20,40,Paris,,48.8566,2.3522,35,
2024-08-14T19:00:00+00:00,14.27,17.44,21.49,64.53,20,40,Paris,,48.8566,2.3522,35,
2024-08-14T20:00:00+00:00,15.1,17.79,21.73,68.93,20,40,Paris,,48.8566,2.3522,35,
2024-08-14T21:00:00+00:00,14.99,21.14,20.42,63.54,20,40,Paris,,48.8566,2.3522,35,
2024-08-14T22:00:00+00:00,16.06,22.18,23.05,65.87,20,40,Paris,,48.8566,2.3522,35,
2024-08-14T23:00:00+00:00,17.09,20.28,23.59,74.44,20,40,Paris,,48.8566,2.3522,35,
2024-08-15T00:00:00+00:00,16.76,19.73,24.83,67.44,20,40,Paris,,48.8566,2.3522,35,
2024-08-15T01:00:00+00:00,19.83,23.13,25.57,65.74,20,40,Paris,,48.8566,2.3522,35,
2024-08-15T02:00:00+00:00,13.93,19.31,27.36,70.83,20,40,Paris,,48.8566,2.3522,35,
2024-08-15T03:00:00+00:00,17.32,20.0,27.05,77.78,20,40,Paris,,48.8566,2.3522,35,
2024-08-15T04:00:00+00:00,15.78,21.39,27.51,77.52,20,40,Paris,,48.8566,2.3522,35,
2024-08-15T05:00:00+00:00,20.87,29.64,27.2,85.46,20,40,Paris,,48.8566,2.3522,35,
2024-08-15T06:00:00+00:00,19.12,27.01,27.82,75.93,20,40,Paris,,48.8566,2.3522,35,
2024-08-15T07:00:00+00:00,14.94,20.9,27.6,80.03,20,40,Paris,,48.8566,2.3522,35,
2024-08-15T08:00:00+00:00,20.18,25.13,27.68,85.94,20,40,Paris,,48.8566,2.3522,35,
2024-08-15T09:00:00+00:00,20.78,25.65,26.78,78.6,20,40,Paris,,48.8566,2.3522,35,
2024-08-15T10:00:00+00:00,15.34,18.61,26.36,81.4,20,40,Paris,,48.8566,2.3522,35,
2024-08-15T11:00:00+00:00,16.09,23.71,24.85,78.03,20,40,Paris,,48.8566,2.3522,35,
2024-08-15T12:00:00+00:00,15.76,20.5,24.56,62.69,20,40,Paris,,48.8566,2.3522,35,
2024-08-15T13:00:00+00:00,16.67,25.71,22.84,74.45,20,40,Paris,,48.8566,2.3522,35,
2024-08-15T14:00:00+00:00,19.6,28.42,22.52,62.02,20,40,Paris,,48.8566,2.3522,35,
2024-08-15T15:00:00+00:00,14.31,17.89,20.1,61.32,20,40,Paris,,48.8566,2.3522,35,
2024-08-15T16:00:00+00:00,15.74,21.96,21.88,66.04,20,40,Paris,,48.8566,2.3522,35,
2024-08-15T17:00:00+00:00,15.38,20.92,20.93,61.75,20,40,Paris,,48.8566,2.3522,35,
2024-08-15T18:00:00+00:00,18.59,24.5,20.5,56.95,20,40,Paris,,48.8566,2.3522,35,
2024-08-15T19:00:00+00:00,14.65,19.8,20.99,53.83,20,40,Paris,,48.8566,2.3522,35,
2024-08-15T20:00:00+00:00,17.65,24.38,21.38,63.78,20,40,Paris,,48.8566,2.3522,35,
2024-08-15T21:00:00+00:00,15.76,17.49,21.71,67.3,20,40,Paris,,48.8566,2.3522,35,
2024-08-15T22:00:00+00:00,18.63,28.75,21.96,57.48,20,40,Paris,,48.8566,2.3522,35,
2024-08-15T23:00:00+00:00,16.79,25.09,22.79,73.81,20,40,Paris,,48.8566,2.3522,35,
2024-08-16T00:00:00+00:00,15.69,17.33,23.56,71.49,20,40,Paris,,48.8566,2.3522,35,
2024-08-16T01:00:00+00:00,14.85,22.35,25.36,76.22,20,40,Paris,,48.8566,2.3522,35,
2024-08-16T02:00:00+00:00,15.6,24.4,26.47,82.23,20,40,Paris,,48.8566,2.3522,35,
2024-08-16T03:00:00+00:00,19.76,30.25,27.45,84.94,20,40,Paris,,48.8566,2.3522,35,
2024-08-16T04:00:00+00:00,15.02,24.21,28.58,77.91,20,40,Paris,,48.8566,2.3522,35,
2024-08-16T05:00:00+00:00,14.88,23.9,29.07,79.28,20,40,Paris,,48.8566,2.3522,35,
2024-08-16T06:00:00+00:00,17.89,22.66,27.66,86.26,20,40,Paris,,48.8566,2.3522,35,
2024-08-16T07:00:00+00:00,19.1,22.1,26.79,84.88,20,40,Paris,,48.8566,2.3522,35,
2024-08-16T08:00:00+00:00,15.46,22.17,27.33,74.78,20,40,Paris,,48.8566,2.3522,35,
2024-08-16T09:00:00+00:00,19.24,28.52,26.78,83.65,20,40,Paris,,48.8566,2.3522,35,
2024-08-16T10:00:00+00:00,17.07,19.52,24.52,80.34,20,40,Paris,,48.8566,2.3522,35,
2024-08-16T11:00:00+00:00,20.22,25.63,24.2,78.12,20,40,Paris,,48.8566,2.3522,35,
2024-08-16T12:00:00+00:00,17.36,24.75,22.83,64.88,20,40,Paris,,48.8566,2.3522,35,
2024-08-16T13:00:00+00:00,19.54,25.03,24.06,70.52,20,40,Paris,,48.8566,2.3522,35,
2024-08-16T14:00:00+00:00,15.14,16.58,22.34,72.68,20,40,Paris,,48.8566,2.3522,35,
2024-08-16T15:00:00+00:00,15.31,19.52,21.44,63.56,20,40,Paris,,48.8566,2.3522,35,
2024-08-16T16:00:00+00:00,18.6,21.18,21.38,66.09,20,40,Paris,,48.8566,2.3522,35,
2024-08-16T17:00:00+00:00,14.38,15.65,19.63,64.5,20,40,Paris,,48.8566,2.3522,35,
2024-08-16T18:00:00+00:00,16.52,18.48,18.67,57.39,20,40,Paris,,48.8566,2.3522,35,
2024-08-16T19:00:00+00:00,16.43,19.41,20.45,65.43,20,40,Paris,,48.8566,2.3522,35,
2024-08-16T20:00:00+00:00,15.67,21.65,21.1,58.08,20,40,Paris,,48.8566,2.3522,35,
2024-08-16T21:00:00+00:00,17.13,21.21,21.04,65.59,20,40,Paris,,48.8566,2.3522,35,
2024-08-16T22:00:00+00:00,19.21,22.8,21.55,71.51,20,40,Paris,,48.8566,2.3522,35,
2024-08-16T23:00:00+00:00,15.13,21.42,21.63,65.43,20,40,Paris,,48.8566,2.3522,35,
2024-08-17T00:00:00+00:00,14.66,21.95,23.87,75.84,20,40,Paris,,48.8566,2.3522,35,
2024-08-17T01:00:00+00:00,15.52,17.81,24.63,65.22,20,40,Paris,,48.8566,2.3522,35,
2024-08-17T02:00:00+00:00,14.52,17.87,25.77,73.09,20,40,Paris,,48.8566,2.3522,35,
2024-08-17T03:00:00+00:00,14.26,19.09,27.2,75.07,20,40,Paris,,48.8566,2.3522,35,
2024-08-17T04:00:00+00:00,15.52,24.38,27.5,80.46,20,40,Paris,,48.8566,2.3522,35,
2024-08-17T05:00:00+00:00,16.78,24.97,26.63,78.78,20,40,Paris,,48.8566,2.3522,35,
2024-08-17T06:00:00+00:00,16.91,20.75,29.24,73.49,20,40,Paris,,48.8566,2.3522,35,
2024-08-17T07:00:00+00:00,17.86,21.49,28.52,80.95,20,40,Paris,,48.8566,2.3522,35,
2024-08-17T08:00:00+00:00,18.66,22.49,26.54,84.35,20,40,Paris,,48.8566,2.3522,35,
2024-08-17T09:00:00+00:00,18.03,25.53,27.77,71.63,20,40,Paris,,48.8566,2.3522,35,
2024-08-17T10:00:00+00:00,19.7,25.87,24.82,69.14,20,40,Paris,,48.8566,2.3522,35,
2024-08-17T11:00:00+00:00,15.46,20.94,24.9,64.86,20,40,Paris,,48.8566,2.3522,35,
2024-08-17T12:00:00+00:00,20.37,24.7,24.74,72.88,20,40,Paris,,48.8566,2.3522,35,
2024-08-17T13:00:00+00:00,19.91,25.85,21.59,73.02,20,40,Paris,,48.8566,2.3522,35,
2024-08-17T14:00:00+00:00,16.15,18.37,21.77,64.07,20,40,Paris,,48.8566,2.3522,35,
2024-08-17T15:00:00+00:00,17.01,24.9,19.96,61.83,20,40,Paris,,48.8566,2.3522,35,
2024-08-17T16:00:00+00:00,15.58,23.93,19.84,67.02,20,40,Paris,,48.8566,2.3522,35,
2024-08-17T17:00:00+00:00,13.63,18.4,20.89,57.44,20,40,Paris,,48.8566,2.3522,35,
2024-08-17T18:00:00+00:00,20.23,26.8,18.99,66.72,20,40,Paris,,48.8566,2.3522,35,
2024-08-17T19:00:00+00:00,18.91,28.78,19.31,68.2,20,40,Paris,,48.8566,2.3522,35,
2024-08-17T20:00:00+00:00,15.6,23.83,19.97,58.23,20,40,Paris,,48.8566,2.3522,35,
2024-08-17T21:00:00+00:00,17.8,22.68,21.72,65.3,20,40,Paris,,48.8566,2.3522,35,
2024-08-17T22:00:00+00:00,16.59,21.02,21.21,63.24,20,40,Paris,,48.8566,2.3522,35,
2024-08-17T23:00:00+00:00,15.07,22.22,22.96,74.88,20,40,Paris,,48.8566,2.3522,35,
2024-08-18T00:00:00+00:00,15.23,19.24,22.94,62.49,20,40,Paris,,48.8566,2.3522,35,
2024-08-18T01:00:00+00:00,17.77,26.17,25.63,75.33,20,40,Paris,,48.8566,2.3522,35,
2024-08-18T02:00:00+00:00,16.04,24.56,26.5,75.84,20,40,Paris,,48.8566,2.3522,35,
2024-08-18T03:00:00+00:00,17.37,21.74,26.31,80.43,20,40,Paris,,48.8566,2.3522,35,
2024-08-18T04:00:00+00:00,19.89,23.78,28.7,86.38,20,40,Paris,,48.8566,2.3522,35,
2024-08-18T05:00:00+00:00,18.64,23.23,26.92,82.58,20,40,Paris,,48.8566,2.3522,35,
2024-08-18T06:00:00+00:00,16.46,25.07,27.89,73.23,20,40,Paris,,48.8566,2.3522,35,
2024-08-18T07:00:00+00:00,18.1,28.32,28.01,86.48,20,40,Paris,,48.8566,2.3522,35,
2024-08-18T08:00:00+00:00,18.75,23.49,27.1,77.49,20,40,Paris,,48.8566,2.3522,35,
2024-08-18T09:00:00+00:00,17.21,25.59,25.33,75.7,20,40,Paris,,48.8566,2.3522,35,
2024-08-18T10:00:00+00:00,18.44,23.97,24.5,69.59,20,40,Paris,,48.8566,2.3522,35,
2024-08-18T11:00:00+00:00,20.44,26.25,24.4,73.95,20,40,Paris,,48.8566,2.3522,35,
2024-08-18T12:00:00+00:00,18.21,28.52,22.64,65.39,20,40,Paris,,48.8566,2.3522,35,
2024-08-18T13:00:00+00:00,18.81,23.52,22.48,67.87,20,40,Paris,,48.8566,2.3522,35,
2024-08-18T14:00:00+00:00,17.35,25.42,21.52,72.8,20,40,Paris,,48.8566,2.3522,35,
2024-08-18T15:00:00+00:00,18.41,22.61,20.41,59.96,20,40,Paris,,48.8566,2.3522,35,
2024-08-18T16:00:00+00:00,18.03,21.59,19.36,66.24,20,40,Paris,,48.8566,2.3522,35,
2024-08-18T17:00:00+00:00,19.91,28.32,20.82,61.05,20,40,Paris,,48.8566,2.3522,35,
2024-08-18T18:00:00+00:00,17.59,22.37,18.54,67.76,20,40,Paris,,48.8566,2.3522,35,
2024-08-18T19:00:00+00:00,16.65,25.13,20.59,58.2,20,40,Paris,,48.8566,2.3522,35,
2024-08-18T20:00:00+00:00,18.12,27.34,19.08,64.61,20,40,Paris,,48.8566,2.3522,35,
2024-08-18T21:00:00+00:00,16.7,20.8,21.33,55.38,20,40,Paris,,48.8566,2.3522,35,
2024-08-18T22:00:00+00:00,15.07,20.17,22.51,72.59,20,40,Paris,,48.8566,2.3522,35,
2024-08-18T23:00:00+00:00,16.22,22.02,23.07,69.56,20,40,Paris,,48.8566,2.3522,35,
2024-08-19T00:00:00+00:00,15.19,21.85,25.01,65.71,20,40,Paris,,48.8566,2.3522,35,
2024-08-19T01:00:00+00:00,18.06,20.93,26.13,68.78,20,40,Paris,,48.8566,2.3522,35,
2024-08-19T02:00:00+00:00,16.54,20.52,27.21,72.88,20,40,Paris,,48.8566,2.3522,35,
2024-08-19T03:00:00+00:00,17.0,21.09,28.0,76.15,20,40,Paris,,48.8566,2.3522,35,
2024-08-19T04:00:00+00:00,15.79,23.79,27.42,80.35,20,40,Paris,,48.8566,2.3522,35,
2024-08-19T05:00:00+00:00,19.79,28.01,27.11,72.43,20,40,Paris,,48.8566,2.3522,35,
2024-08-19T06:00:00+00:00,15.43,17.67,26.9,84.85,20,40,Paris,,48.8566,2.3522,35,
2024-08-19T07:00:00+00:00,17.17,22.88,28.05,72.45,20,40,Paris,,48.8566,2.3522,35,
2024-08-19T08:00:00+00:00,14.46,22.04,28.37,76.46,20,40,Paris,,48.8566,2.3522,35,
2024-08-19T09:00:00+00:00,18.74,29.13,26.84,72.27,20,40,Paris,,48.8566,2.3522,35,
2024-08-19T10:00:00+00:00,15.92,23.0,25.54,79.39,20,40,Paris,,48.8566,2.3522,35,
2024-08-19T11:00:00+00:00,15.68,20.72,24.69,76.7,20,40,Paris,,48.8566,2.3522,35,
2024-08-19T12:00:00+00:00,14.75,17.54,24.24,72.39,20,40,Paris,,48.8566,2.3522,35,
2024-08-19T13:00:00+00:00,17.25,20.04,22.45,66.93,20,40,Paris,,48.8566,2.3522,35,
2024-08-19T14:00:00+00:00,15.1,16.57,23.2,68.35,20,40,Paris,,48.8566,2.3522,35,
2024-08-19T15:00:00+00:00,18.71,21.54,19.86,57.81,20,40,Paris,,48.8566,2.3522,35,
2024-08-19T16:00:00+00:00,14.36,20.74,21.78,59.27,20,40,Paris,,48.8566,2.3522,35,
2024-08-19T17:00:00+00:00,14.32,16.73,19.99,54.88,20,40,Paris,,48.8566,2.3522,35,
2024-08-19T18:00:00+00:00,19.75,24.54,18.65,58.84,20,40,Paris,,48.8566,2.3522,35,
2024-08-19T19:00:00+00:00,18.64,27.51,18.64,58.89,20,40,Paris,,48.8566,2.3522,35,
2024-08-19T20:00:00+00:00,17.45,21.47,20.64,66.87,20,40,Paris,,48.8566,2.3522,35,
2024-08-19T21:00:00+00:00,13.89,19.1,21.71,57.61,20,40,Paris,,48.8566,2.3522,35,
2024-08-19T22:00:00+00:00,14.01,17.62,22.75,66.15,20,40,Paris,,48.8566,2.3522,35,
2024-08-19T23:00:00+00:00,14.13,19.85,22.7,67.23,20,40,Paris,,48.8566,2.3522,35,
2024-08-20T00:00:00+00:00,15.28,20.25,23.67,65.68,20,40,Paris,,48.8566,2.3522,35,
2024-08-20T01:00:00+00:00,19.01,25.88,25.23,76.04,20,40,Paris,,48.8566,2.3522,35,
2024-08-20T02:00:00+00:00,19.28,29.33,25.84,76.71,20,40,Paris,,48.8566,2.3522,35,
2024-08-20T03:00:00+00:00,19.18,26.86,28.08,76.44,20,40,Paris,,48.8566,2.3522,35,
2024-08-20T04:00:00+00:00,15.17,19.95,27.43,70.96,20,40,Paris,,48.8566,2.3522,35,
2024-08-20T05:00:00+00:00,18.11,26.57,28.99,86.48,20,40,Paris,,48.8566,2.3522,35,
2024-08-20T06:00:00+00:00,15.6,20.64,29.22,87.36,20,40,Paris,,48.8566,2.3522,35,
2024-08-20T07:00:00+00:00,15.24,17.67,27.01,82.14,20,40,Paris,,48.8566,2.3522,35,
2024-08-20T08:00:00+00:00,17.28,24.73,27.25,71.92,20,40,Paris,,48.8566,2.3522,35,
2024-08-20T09:00:00+00:00,15.44,23.26,26.25,76.49,20,40,Paris,,48.8566,2.3522,35,
2024-08-20T10:00:00+00:00,19.33,25.07,26.85,73.78,20,40,Paris,,48.8566,2.3522,35,
2024-08-20T11:00:00+00:00,17.39,22.76,24.51,69.42,20,40,Paris,,48.8566,2.3522,35,
2024-08-20T12:00:00+00:00,16.32,18.39,22.7,68.49,20,40,Paris,,48.8566,2.3522,35,
2024-08-20T13:00:00+00:00,18.2,26.46,23.15,59.45,20,40,Paris,,48.8566,2.3522,35,
2024-08-20T14:00:00+00:00,19.68,27.62,22.92,72.62,20,40,Paris,,48.8566,2.3522,35,
2024-08-20T15:00:00+00:00,16.93,22.92,22.59,69.21,20,40,Paris,,48.8566,2.3522,35,
2024-08-20T16:00:00+00:00,13.07,15.12,21.92,54.35,20,40,Paris,,48.8566,2.3522,35,
2024-08-20T17:00:00+00:00,17.23,20.48,19.05,62.88,20,40,Paris,,48.8566,2.3522,35,
2024-08-20T18:00:00+00:00,17.65,26.77,19.8,55.74,20,40,Paris,,48.8566,2.3522,35,
2024-08-20T19:00:00+00:00,14.63,23.12,18.94,54.36,20,40,Paris,,48.8566,2.3522,35,
2024-08-20T20:00:00+00:00,14.86,22.8,20.9,53.39,20,40,Paris,,48.8566,2.3522,35,
2024-08-20T21:00:00+00:00,15.22,23.14,21.91,65.73,20,40,Paris,,48.8566,2.3522,35,
2024-08-20T22:00:00+00:00,17.96,24.14,21.07,63.83,20,40,Paris,,48.8566,2.3522,35,
2024-08-20T23:00:00+00:00,13.95,20.82,23.55,63.28,20,40,Paris,,48.8566,2.3522,35,
2024-08-21T00:00:00+00:00,18.73,21.52,24.22,63.33,20,40,Paris,,48.8566,2.3522,35,
2024-08-21T01:00:00+00:00,14.64,19.94,26.18,64.77,20,40,Paris,,48.8566,2.3522,35,
2024-08-21T02:00:00+00:00,17.56,26.43,26.24,74.68,20,40,Paris,,48.8566,2.3522,35,
2024-08-21T03:00:00+00:00,15.18,22.18,26.89,74.84,20,40,Paris,,48.8566,2.3522,35,
2024-08-21T04:00:00+00:00,18.75,27.07,26.27,82.2,20,40,Paris,,48.8566,2.3522,35,
2024-08-21T05:00:00+00:00,16.87,20.19,27.99,79.12,20,40,Paris,,48.8566,2.3522,35,
2024-08-21T06:00:00+00:00,17.77,25.53,28.33,74.64,20,40,Paris,,48.8566,2.3522,35,
2024-08-21T07:00:00+00:00,16.67,21.67,26.46,79.3,20,40,Paris,,48.8566,2.3522,35,
2024-08-21T08:00:00+00:00,18.35,24.37,27.62,75.93,20,40,Paris,,48.8566,2.3522,35,
2024-08-21T09:00:00+00:00,20.23,24.2,26.7,73.4,20,40,Paris,,48.8566,2.3522,35,
2024-08-21T10:00:00+00:00,20.56,29.97,24.77,81.25,20,40,Paris,,48.8566,2.3522,35,
2024-08-21T11:00:00+00:00,19.23,25.9,25.38,66.43,20,40,Paris,,48.8566,2.3522,35,
2024-08-21T12:00:00+00:00,20.87,28.71,24.27,76.03,20,40,Paris,,48.8566,2.3522,35,
2024-08-21T13:00:00+00:00,17.11,20.35,21.72,66.58,20,40,Paris,,48.8566,2.3522,35,
2024-08-21T14:00:00+00:00,14.51,23.4,22.7,57.79,20,40,Paris,,48.8566,2.3522,35,
2024-08-21T15:00:00+00:00,13.08,15.56,22.01,57.1,20,40,Paris,,48.8566,2.3522,35,
2024-08-21T16:00:00+00:00,19.4,27.9,20.17,58.25,20,40,Paris,,48.8566,2.3522,35,
2024-08-21T17:00:00+00:00,16.05,21.87,20.47,64.18,20,40,Paris,,48.8566,2.3522,35,
2024-08-21T18:00:00+00:00,16.01,23.24,19.5,57.59,20,40,Paris,,48.8566,2.3522,35,
2024-08-21T19:00:00+00:00,18.01,21.12,18.69,59.3,20,40,Paris,,48.8566,2.3522,35,
2024-08-21T20:00:00+00:00,18.8,27.78,21.48,58.24,20,40,Paris,,48.8566,2.3522,35,
2024-08-21T21:00:00+00:00,18.96,28.42,20.45,66.2,20,40,Paris,,48.8566,2.3522,35,
2024-08-21T22:00:00+00:00,19.96,25.31,21.21,65.25,20,40,Paris,,48.8566,2.3522,35,
2024-08-21T23:00:00+00:00,19.86,27.74,23.36,68.17,20,40,Paris,,48.8566,2.3522,35,
2024-08-22T00:00:00+00:00,19.57,26.83,23.41,74.04,20,40,Paris,,48.8566,2.3522,35,
2024-08-22T01:00:00+00:00,17.85,23.54,23.91,76.66,20,40,Paris,,48.8566,2.3522,35,
2024-08-22T02:00:00+00:00,18.89,21.65,25.47,68.8,20,40,Paris,,48.8566,2.3522,35,
2024-08-22T03:00:00+00:00,20.49,29.46,28.13,76.06,20,40,Paris,,48.8566,2.3522,35,
2024-08-22T04:00:00+00:00,19.32,25.97,28.31,83.66,20,40,Paris,,48.8566,2.3522,35,
2024-08-22T05:00:00+00:00,17.45,21.77,28.01,76.07,20,40,Paris,,48.8566,2.3522,35,
2024-08-22T06:00:00+00:00,18.96,26.67,28.71,73.03,20,40,Paris,,48.8566,2.3522,35,
2024-08-22T07:00:00+00:00,15.91,24.18,28.46,77.0,20,40,Paris,,48.8566,2.3522,35,
2024-08-22T08:00:00+00:00,18.48,28.27,28.55,85.26,20,40,Paris,,48.8566,2.3522,35,
2024-08-22T09:00:00+00:00,19.01,25.59,26.34,78.5,20,40,Paris,,48.8566,2.3522,35,
2024-08-22T10:00:00+00:00,19.07,22.29,25.14,75.39,20,40,Paris,,48.8566,2.3522,35,
2024-08-22T11:00:00+00:00,17.7,22.62,23.76,71.26,20,40,Paris,,48.8566,2.3522,35,
2024-08-22T12:00:00+00:00,17.13,24.89,24.16,70.87,20,40,Paris,,48.8566,2.3522,35,
2024-08-22T13:00:00+00:00,19.18,27.37,24.26,67.03,20,40,Paris,,48.8566,2.3522,35,
2024-08-22T14:00:00+00:00,17.6,23.12,23.22,67.09,20,40,Paris,,48.8566,2.3522,35,
2024-08-22T15:00:00+00:00,16.29,23.78,21.69,60.76,20,40,Paris,,48.8566,2.3522,35,
2024-08-22T16:00:00+00:00,15.72,20.64,20.71,67.45,20,40,Paris,,48.8566,2.3522,35,
2024-08-22T17:00:00+00:00,19.17,22.57,21.36,61.15,20,40,Paris,,48.8566,2.3522,35,
2024-08-22T18:00:00+00:00,15.91,19.26,18.87,67.18,20,40,Paris,,48.8566,2.3522,35,
2024-08-22T19:00:00+00:00,17.29,19.39,21.04,63.44,20,40,Paris,,48.8566,2.3522,35,
2024-08-22T20:00:00+00:00,15.9,22.85,21.05,67.72,20,40,Paris,,48.8566,2.3522,35,
2024-08-22T21:00:00+00:00,16.36,22.51,22.61,63.1,20,40,Paris,,48.8566,2.3522,35,
2024-08-22T22:00:00+00:00,14.51,19.2,21.81,66.91,20,40,Paris,,48.8566,2.3522,35,
2024-08-22T23:00:00+00:00,16.76,25.22,23.54,67.03,20,40,Paris,,48.8566,2.3522,35,
2024-08-23T00:00:00+00:00,19.5,26.74,25.0,73.13,20,40,Paris,,48.8566,2.3522,35,
2024-08-23T01:00:00+00:00,17.53,24.06,24.81,74.26,20,40,Paris,,48.8566,2.3522,35,
2024-08-23T02:00:00+00:00,15.12,22.87,25.71,70.23,20,40,Paris,,48.8566,2.3522,35,
2024-08-23T03:00:00+00:00,18.31,22.81,26.54,73.8,20,40,Paris,,48.8566,2.3522,35,
2024-08-23T04:00:00+00:00,14.51,17.92,26.64,77.49,20,40,Paris,,48.8566,2.3522,35,
2024-08-23T05:00:00+00:00,19.49,26.0,29.13,78.9,20,40,Paris,,48.8566,2.3522,35,
2024-08-23T06:00:00+00:00,18.0,26.61,28.13,80.73,20,40,Paris,,48.8566,2.3522,35,
2024-08-23T07:00:00+00:00,14.76,20.28,28.95,73.96,20,40,Paris,,48.8566,2.3522,35,
2024-08-23T08:00:00+00:00,20.41,25.6,26.29,85.05,20,40,Paris,,48.8566,2.3522,35,
2024-08-23T09:00:00+00:00,17.83,20.61,26.12,82.42,20,40,Paris,,48.8566,2.3522,35,
2024-08-23T10:00:00+00:00,19.27,29.1,24.71,81.53,20,40,Paris,,48.8566,2.3522,35,
2024-08-23T11:00:00+00:00,17.02,25.26,24.37,67.25,20,40,Paris,,48.8566,2.3522,35,
2024-08-23T12:00:00+00:00,18.29,21.23,24.18,65.0,20,40,Paris,,48.8566,2.3522,35,
2024-08-23T13:00:00+00:00,16.64,22.55,23.54,66.45,20,40,Paris,,48.8566,2.3522,35,
2024-08-23T14:00:00+00:00,15.41,21.72,22.75,59.86,20,40,Paris,,48.8566,2.3522,35,
2024-08-23T15:00:00+00:00,18.54,22.64,20.21,69.58,20,40,Paris,,48.8566,2.3522,35,
2024-08-23T16:00:00+00:00,17.57,25.6,20.65,67.6,20,40,Paris,,48.8566,2.3522,35,
2024-08-23T17:00:00+00:00,18.05,20.99,18.88,59.9,20,40,Paris,,48.8566,2.3522,35,
2024-08-23T18:00:00+00:00,18.99,29.05,18.85,57.49,20,40,Paris,,48.8566,2.3522,35,
2024-08-23T19:00:00+00:00,18.51,24.52,19.52,58.75,20,40,Paris,,48.8566,2.3522,35,
2024-08-23T20:00:00+00:00,17.36,23.87,20.54,62.44,20,40,Paris,,48.8566,2.3522,35,
2024-08-23T21:00:00+00:00,19.15,27.83,20.3,56.91,20,40,Paris,,48.8566,2.3522,35,
2024-08-23T22:00:00+00:00,15.64,20.73,23.02,62.41,20,40,Paris,,48.8566,2.3522,35,
2024-08-23T23:00:00+00:00,19.65,23.17,23.68,70.69,20,40,Paris,,48.8566,2.3522,35,
2024-08-24T00:00:00+00:00,18.37,24.23,24.33,70.15,20,40,Paris,,48.8566,2.3522,35,
2024-08-24T01:00:00+00:00,19.83,23.09,25.02,70.11,20,40,Paris,,48.8566,2.3522,35,
2024-08-24T02:00:00+00:00,14.52,20.37,24.86,67.61,20,40,Paris,,48.8566,2.3522,35,
2024-08-24T03:00:00+00:00,19.88,29.74,27.87,73.41,20,40,Paris,,48.8566,2.3522,35,
2024-08-24T04:00:00+00:00,20.87,24.84,27.16,83.84,20,40,Paris,,48.8566,2.3522,35,
2024-08-24T05:00:00+00:00,16.89,25.39,29.04,80.89,20,40,Paris,,48.8566,2.3522,35,
2024-08-24T06:00:00+00:00,15.07,23.96,26.98,79.91,20,40,Paris,,48.8566,2.3522,35,
2024-08-24T07:00:00+00:00,19.83,22.82,28.94,86.81,20,40,Paris,,48.8566,2.3522,35,
2024-08-24T08:00:00+00:00,16.8,21.48,28.1,71.79,20,40,Paris,,48.8566,2.3522,35,
2024-08-24T09:00:00+00:00,17.92,23.2,25.76,72.46,20,40,Paris,,48.8566,2.3522,35,
2024-08-24T10:00:00+00:00,18.74,24.81,26.9,78.27,20,40,Paris,,48.8566,2.3522,35,
2024-08-24T11:00:00+00:00,14.16,17.75,24.06,67.46,20,40,Paris,,48.8566,2.3522,35,
2024-08-24T12:00:00+00:00,18.23,28.13,23.37,65.66,20,40,Paris,,48.8566,2.3522,35,
2024-08-24T13:00:00+00:00,19.35,25.77,21.87,70.4,20,40,Paris,,48.8566,2.3522,35,
2024-08-24T14:00:00+00:00,13.93,20.75,20.66,62.32,20,40,Paris,,48.8566,2.3522,35,
2024-08-24T15:00:00+00:00,14.19,20.54,20.58,65.76,20,40,Paris,,48.8566,2.3522,35,
2024-08-24T16:00:00+00:00,18.43,22.27,20.04,63.64,20,40,Paris,,48.8566,2.3522,35,
2024-08-24T17:00:00+00:00,15.27,16.73,19.1,54.5,20,40,Paris,,48.8566,2.3522,35,
2024-08-24T18:00:00+00:00,19.74,27.72,20.42,58.95,20,40,Paris,,48.8566,2.3522,35,
2024-08-24T19:00:00+00:00,17.35,19.8,21.32,53.0,20,40,Paris,,48.8566,2.3522,35,
2024-08-24T20:00:00+00:00,18.59,23.88,20.95,54.3,20,40,Paris,,48.8566,2.3522,35,
2024-08-24T21:00:00+00:00,18.12,23.73,20.06,69.11,20,40,Paris,,48.8566,2.3522,35,
2024-08-24T22:00:00+00:00,14.61,18.69,23.38,62.72,20,40,Paris,,48.8566,2.3522,35,
2024-08-24T23:00:00+00:00,14.72,20.19,23.16,61.91,20,40,Paris,,48.8566,2.3522,35,
2024-08-25T00:00:00+00:00,18.03,25.38,23.65,75.84,20,40,Paris,,48.8566,2.3522,35,
2024-08-25T01:00:00+00:00,17.36,20.4,24.47,76.12,20,40,Paris,,48.8566,2.3522,35,
2024-08-25T02:00:00+00:00,18.39,22.42,25.59,77.26,20,40,Paris,,48.8566,2.3522,35,
2024-08-25T03:00:00+00:00,15.03,23.01,26.8,76.25,20,40,Paris,,48.8566,2.3522,35,
2024-08-25T04:00:00+00:00,18.66,27.91,26.38,82.89,20,40,Paris,,48.8566,2.3522,35,
2024-08-25T05:00:00+00:00,18.97,29.5,26.8,73.83,20,40,Paris,,48.8566,2.3522,35,
2024-08-25T06:00:00+00:00,18.67,21.86,26.67,73.51,20,40,Paris,,48.8566,2.3522,35,
2024-08-25T07:00:00+00:00,18.3,24.25,27.03,84.32,20,40,Paris,,48.8566,2.3522,35,
2024-08-25T08:00:00+00:00,19.31,26.66,28.47,78.39,20,40,Paris,,48.8566,2.3522,35,
2024-08-25T09:00:00+00:00,21.0,31.08,26.78,82.75,20,40,Paris,,48.8566,2.3522,35,
2024-08-25T10:00:00+00:00,19.19,26.08,25.18,74.77,20,40,Paris,,48.8566,2.3522,35,
2024-08-25T11:00:00+00:00,17.63,20.99,25.4,69.3,20,40,Paris,,48.8566,2.3522,35,
2024-08-25T12:00:00+00:00,16.95,19.3,24.36,68.48,20,40,Paris,,48.8566,2.3522,35,
2024-08-25T13:00:00+00:00,17.94,22.37,24.12,75.12,20,40,Paris,,48.8566,2.3522,35,
2024-08-25T14:00:00+00:00,18.4,25.66,22.73,61.31,20,40,Paris,,48.8566,2.3522,35,
2024-08-25T15:00:00+00:00,16.17,21.37,20.17,66.22,20,40,Paris,,48.8566,2.3522,35,
2024-08-25T16:00:00+00:00,14.3,18.16,21.04,60.24,20,40,Paris,,48.8566,2.3522,35,
2024-08-25T17:00:00+00:00,14.45,18.86,20.92,57.22,20,40,Paris,,48.8566,2.3522,35,
2024-08-25T18:00:00+00:00,17.18,24.14,21.06,60.87,20,40,Paris,,48.8566,2.3522,35,
2024-08-25T19:00:00+00:00,17.37,23.85,20.68,68.23,20,40,Paris,,48.8566,2.3522,35,
2024-08-25T20:00:00+00:00,15.34,19.7,19.99,62.85,20,40,Paris,,48.8566,2.3522,35,
2024-08-25T21:00:00+00:00,19.68,30.25,22.01,68.87,20,40,Paris,,48.8566,2.3522,35,
2024-08-25T22:00:00+00:00,17.66,26.32,22.02,61.58,20,40,Paris,,48.8566,2.3522,35,
2024-08-25T23:00:00+00:00,16.23,25.27,24.14,62.72,20,40,Paris,,48.8566,2.3522,35,
2024-08-26T00:00:00+00:00,14.41,22.72,24.31,68.92,20,40,Paris,,48.8566,2.3522,35,
2024-08-26T01:00:00+00:00,16.28,24.88,25.16,69.7,20,40,Paris,,48.8566,2.3522,35,
2024-08-26T02:00:00+00:00,17.74,27.7,27.18,70.1,20,40,Paris,,48.8566,2.3522,35,
2024-08-26T03:00:00+00:00,15.01,23.76,25.6,69.12,20,40,Paris,,48.8566,2.3522,35,
2024-08-26T04:00:00+00:00,17.24,26.84,27.59,75.47,20,40,Paris,,48.8566,2.3522,35,
2024-08-26T05:00:00+00:00,18.61,26.66,28.48,78.7,20,40,Paris,,48.8566,2.3522,35,
2024-08-26T06:00:00+00:00,16.54,24.47,29.34,84.0,20,40,Paris,,48.8566,2.3522,35,
2024-08-26T07:00:00+00:00,20.0,28.71,27.38,87.48,20,40,Paris,,48.8566,2.3522,35,
2024-08-26T08:00:00+00:00,17.47,21.22,26.24,81.42,20,40,Paris,,48.8566,2.3522,35,
2024-08-26T09:00:00+00:00,19.13,24.42,26.54,84.93,20,40,Paris,,48.8566,2.3522,35,
2024-08-26T10:00:00+00:00,20.56,30.98,25.63,76.48,20,40,Paris,,48.8566,2.3522,35,
2024-08-26T11:00:00+00:00,17.14,22.79,24.64,70.87,20,40,Paris,,48.8566,2.3522,35,
2024-08-26T12:00:00+00:00,15.4,22.1,22.59,74.89,20,40,Paris,,48.8566,2.3522,35,
2024-08-26T13:00:00+00:00,19.67,30.3,22.17,61.2,20,40,Paris,,48.8566,2.3522,35,
2024-08-26T14:00:00+00:00,20.09,27.89,20.83,69.33,20,40,Paris,,48.8566,2.3522,35,
2024-08-26T15:00:00+00:00,13.01,21.17,21.66,55.33,20,40,Paris,,48.8566,2.3522,35,
2024-08-26T16:00:00+00:00,18.78,24.96,22.01,61.33,20,40,Paris,,48.8566,2.3522,35,
2024-08-26T17:00:00+00:00,14.37,16.51,20.35,61.89,20,40,Paris,,48.8566,2.3522,35,
2024-08-26T18:00:00+00:00,15.99,25.52,20.22,65.19,20,40,Paris,,48.8566,2.3522,35,
2024-08-26T19:00:00+00:00,17.75,21.12,21.55,67.79,20,40,Paris,,48.8566,2.3522,35,
2024-08-26T20:00:00+00:00,18.15,27.78,19.67,59.93,20,40,Paris,,48.8566,2.3522,35,
2024-08-26T21:00:00+00:00,14.99,18.82,21.19,61.21,20,40,Paris,,48.8566,2.3522,35,
2024-08-26T22:00:00+00:00,16.57,21.23,22.68,59.98,20,40,Paris,,48.8566,2.3522,35,
2024-08-26T23:00:00+00:00,20.36,25.87,23.76,69.52,20,40,Paris,,48.8566,2.3522,35,
2024-08-27T00:00:00+00:00,15.01,21.08,23.01,73.14,20,40,Paris,,48.8566,2.3522,35,
2024-08-27T01:00:00+00:00,18.6,25.67,24.38,67.27,20,40,Paris,,48.8566,2.3522,35,
2024-08-27T02:00:00+00:00,15.41,17.45,27.46,67.36,20,40,Paris,,48.8566,2.3522,35,
2024-08-27T03:00:00+00:00,18.3,27.01,25.48,83.5,20,40,Paris,,48.8566,2.3522,35,
2024-08-27T04:00:00+00:00,18.92,25.35,26.88,71.29,20,40,Paris,,48.8566,2.3522,35,
2024-08-27T05:00:00+00:00,19.17,24.8,28.86,75.97,20,40,Paris,,48.8566,2.3522,35,
2024-08-27T06:00:00+00:00,20.78,29.48,29.05,80.16,20,40,Paris,,48.8566,2.3522,35,
2024-08-27T07:00:00+00:00,15.48,19.89,28.06,71.75,20,40,Paris,,48.8566,2.3522,35,
2024-08-27T08:00:00+00:00,19.06,24.28,27.34,80.33,20,40,Paris,,48.8566,2.3522,35,
2024-08-27T09:00:00+00:00,16.04,23.68,26.46,78.77,20,40,Paris,,48.8566,2.3522,35,
2024-08-27T10:00:00+00:00,17.98,24.02,27.15,73.61,20,40,Paris,,48.8566,2.3522,35,
2024-08-27T11:00:00+00:00,17.84,20.71,25.93,71.68,20,40,Paris,,48.8566,2.3522,35,
2024-08-27T12:00:00+00:00,17.59,24.92,23.72,70.56,20,40,Paris,,48.8566,2.3522,35,
2024-08-27T13:00:00+00:00,19.92,27.8,21.87,69.04,20,40,Paris,,48.8566,2.3522,35,
2024-08-27T14:00:00+00:00,16.11,19.01,22.5,72.13,20,40,Paris,,48.8566,2.3522,35,
2024-08-27T15:00:00+00:00,18.21,28.47,20.58,66.41,20,40,Paris,,48.8566,2.3522,35,
2024-08-27T16:00:00+00:00,13.4,18.01,22.01,55.47,20,40,Paris,,48.8566,2.3522,35,
2024-08-27T17:00:00+00:00,17.01,25.86,19.64,52.94,20,40,Paris,,48.8566,2.3522,35,
2024-08-27T18:00:00+00:00,15.52,19.29,19.93,56.53,20,40,Paris,,48.8566,2.3522,35,
2024-08-27T19:00:00+00:00,14.49,19.46,20.81,64.09,20,40,Paris,,48.8566,2.3522,35,
2024-08-27T20:00:00+00:00,13.4,21.68,21.97,60.05,20,40,Paris,,48.8566,2.3522,35,
2024-08-27T21:00:00+00:00,16.83,19.47,22.24,58.17,20,40,Paris,,48.8566,2.3522,35,
2024-08-27T22:00:00+00:00,17.07,19.39,22.65,61.47,20,40,Paris,,48.8566,2.3522,35,
2024-08-27T23:00:00+00:00,17.66,21.07,21.61,65.78,20,40,Paris,,48.8566,2.3522,35,
2024-08-28T00:00:00+00:00,15.68,23.1,25.0,73.26,20,40,Paris,,48.8566,2.3522,35,
2024-08-28T01:00:00+00:00,18.67,29.05,25.6,72.45,20,40,Paris,,48.8566,2.3522,35,
2024-08-28T02:00:00+00:00,16.93,20.39,26.81,67.94,20,40,Paris,,48.8566,2.3522,35,
2024-08-28T03:00:00+00:00,16.54,18.9,26.31,84.02,20,40,Paris,,48.8566,2.3522,35,
2024-08-28T04:00:00+00:00,19.98,26.13,26.53,72.54,20,40,Paris,,48.8566,2.3522,35,
2024-08-28T05:00:00+00:00,20.33,27.48,28.71,77.42,20,40,Paris,,48.8566,2.3522,35,
2024-08-28T06:00:00+00:00,15.53,19.57,28.95,78.88,20,40,Paris,,48.8566,2.3522,35,
2024-08-28T07:00:00+00:00,16.26,20.88,26.81,78.15,20,40,Paris,,48.8566,2.3522,35,
2024-08-28T08:00:00+00:00,21.63,30.22,27.17,86.12,20,40,Paris,,48.8566,2.3522,35,
2024-08-28T09:00:00+00:00,18.45,27.8,27.5,80.88,20,40,Paris,,48.8566,2.3522,35,
2024-08-28T10:00:00+00:00,16.7,24.56,25.58,73.38,20,40,Paris,,48.8566,2.3522,35,
2024-08-28T11:00:00+00:00,13.67,21.76,24.01,65.1,20,40,Paris,,48.8566,2.3522,35,
2024-08-28T12:00:00+00:00,19.98,29.3,24.11,68.57,20,40,Paris,,48.8566,2.3522,35,
2024-08-28T13:00:00+00:00,18.83,28.08,23.36,60.8,20,40,Paris,,48.8566,2.3522,35,
2024-08-28T14:00:00+00:00,19.6,29.23,20.74,58.92,20,40,Paris,,48.8566,2.3522,35,
2024-08-28T15:00:00+00:00,18.87,26.58,22.39,58.44,20,40,Paris,,48.8566,2.3522,35,
2024-08-28T16:00:00+00:00,19.0,25.21,19.53,69.22,20,40,Paris,,48.8566,2.3522,35,
2024-08-28T17:00:00+00:00,18.89,23.93,21.13,53.38,20,40,Paris,,48.8566,2.3522,35,
2024-08-28T18:00:00+00:00,15.49,22.44,20.77,58.45,20,40,Paris,,48.8566,2.3522,35,
2024-08-28T19:00:00+00:00,18.91,24.63,19.88,66.81,20,40,Paris,,48.8566,2.3522,35,
2024-08-28T20:00:00+00:00,19.49,23.47,20.17,69.17,20,40,Paris,,48.8566,2.3522,35,
2024-08-28T21:00:00+00:00,16.29,18.94,20.28,60.81,20,40,Paris,,48.8566,2.3522,35,
2024-08-28T22:00:00+00:00,18.5,27.26,22.34,57.4,20,40,Paris,,48.8566,2.3522,35,
2024-08-28T23:00:00+00:00,19.98,28.69,24.23,65.92,20,40,Paris,,48.8566,2.3522,35,
2024-08-29T00:00:00+00:00,17.8,26.65,23.85,64.18,20,40,Paris,,48.8566,2.3522,35,
2024-08-29T01:00:00+00:00,15.71,21.13,24.47,72.4,20,40,Paris,,48.8566,2.3522,35,
2024-08-29T02:00:00+00:00,14.65,23.3,25.5,72.77,20,40,Paris,,48.8566,2.3522,35,
2024-08-29T03:00:00+00:00,17.14,20.61,27.58,77.75,20,40,Paris,,48.8566,2.3522,35,
2024-08-29T04:00:00+00:00,17.11,24.55,28.82,73.1,20,40,Paris,,48.8566,2.3522,35,
2024-08-29T05:00:00+00:00,15.99,19.07,26.9,75.54,20,40,Paris,,48.8566,2.3522,35,
2024-08-29T06:00:00+00:00,17.77,23.73,29.27,84.86,20,40,Paris,,48.8566,2.3522,35,
2024-08-29T07:00:00+00:00,18.98,24.9,29.3,84.09,20,40,Paris,,48.8566,2.3522,35,
2024-08-29T08:00:00+00:00,17.27,20.55,28.86,78.59,20,40,Paris,,48.8566,2.3522,35,
2024-08-29T09:00:00+00:00,20.44,30.09,27.42,84.76,20,40,Paris,,48.8566,2.3522,35,
2024-08-29T10:00:00+00:00,18.83,26.23,26.36,70.67,20,40,Paris,,48.8566,2.3522,35,
2024-08-29T11:00:00+00:00,16.28,20.6,25.47,66.3,20,40,Paris,,48.8566,2.3522,35,
2024-08-29T12:00:00+00:00,20.09,25.16,24.95,70.44,20,40,Paris,,48.8566,2.3522,35,
2024-08-29T13:00:00+00:00,16.31,22.06,23.55,69.13,20,40,Paris,,48.8566,2.3522,35,
2024-08-29T14:00:00+00:00,18.9,25.95,21.01,61.1,20,40,Paris,,48.8566,2.3522,35,
2024-08-29T15:00:00+00:00,15.98,17.9,21.16,66.61,20,40,Paris,,48.8566,2.3522,35,
2024-08-29T16:00:00+00:00,14.81,18.22,20.26,68.62,20,40,Paris,,48.8566,2.3522,35,
2024-08-29T17:00:00+00:00,20.15,29.95,19.44,62.86,20,40,Paris,,48.8566,2.3522,35,
2024-08-29T18:00:00+00:00,16.49,24.95,19.96,54.23,20,40,Paris,,48.8566,2.3522,35,
2024-08-29T19:00:00+00:00,15.2,18.96,21.09,57.64,20,40,Paris,,48.8566,2.3522,35,
2024-08-29T20:00:00+00:00,17.37,26.21,19.11,66.57,20,40,Paris,,48.8566,2.3522,35,
2024-08-29T21:00:00+00:00,18.14,23.61,20.14,70.29,20,40,Paris,,48.8566,2.3522,35,
2024-08-29T22:00:00+00:00,18.1,23.16,20.77,58.68,20,40,Paris,,48.8566,2.3522,35,
2024-08-29T23:00:00+00:00,13.73,19.39,22.65,59.43,20,40,Paris,,48.8566,2.3522,35,
2024-08-30T00:00:00+00:00,17.47,22.31,22.87,64.39,20,40,Paris,,48.8566,2.3522,35,
2024-08-30T01:00:00+00:00,17.06,24.11,25.64,68.97,20,40,Paris,,48.8566,2.3522,35,
2024-08-30T02:00:00+00:00,18.63,26.35,26.65,67.53,20,40,Paris,,48.8566,2.3522,35,
2024-08-30T03:00:00+00:00,13.96,22.32,26.14,71.15,20,40,Paris,,48.8566,2.3522,35,
2024-08-30T04:00:00+00:00,19.05,25.8,27.66,72.01,20,40,Paris,,48.8566,2.3522,35,
2024-08-30T05:00:00+00:00,18.61,27.56,27.7,73.34,20,40,Paris,,48.8566,2.3522,35,
2024-08-30T06:00:00+00:00,20.69,30.09,26.65,82.42,20,40,Paris,,48.8566,2.3522,35,
2024-08-30T07:00:00+00:00,19.04,28.83,27.91,86.46,20,40,Paris,,48.8566,2.3522,35,
2024-08-30T08:00:00+00:00,20.71,26.56,27.76,85.36,20,40,Paris,,48.8566,2.3522,35,
2024-08-30T09:00:00+00:00,16.65,23.14,28.32,73.12,20,40,Paris,,48.8566,2.3522,35,
2024-08-30T10:00:00+00:00,15.68,25.15,27.18,74.51,20,40,Paris,,48.8566,2.3522,35,
2024-08-30T11:00:00+00:00,16.22,22.72,25.96,68.47,20,40,Paris,,48.8566,2.3522,35,
2024-08-30T12:00:00+00:00,14.66,16.32,25.26,69.88,20,40,Paris,,48.8566,2.3522,35,
2024-08-30T13:00:00+00:00,18.95,28.57,22.83,74.33,20,40,Paris,,48.8566,2.3522,35,
2024-08-30T14:00:00+00:00,18.96,24.51,22.18,70.27,20,40,Paris,,48.8566,2.3522,35,
2024-08-30T15:00:00+00:00,16.16,18.1,19.76,62.03,20,40,Paris,,48.8566,2.3522,35,
2024-08-30T16:00:00+00:00,19.78,22.78,20.76,68.27,20,40,Paris,,48.8566,2.3522,35,
2024-08-30T17:00:00+00:00,17.87,21.78,19.99,55.14,20,40,Paris,,48.8566,2.3522,35,
2024-08-30T18:00:00+00:00,14.7,21.9,20.81,63.56,20,40,Paris,,48.8566,2.3522,35,
2024-08-30T19:00:00+00:00,18.17,28.2,19.41,58.13,20,40,Paris,,48.8566,2.3522,35,
2024-08-30T20:00:00+00:00,20.53,28.35,20.38,66.35,20,40,Paris,,48.8566,2.3522,35,
2024-08-30T21:00:00+00:00,19.57,27.27,20.36,65.03,20,40,Paris,,48.8566,2.3522,35,
2024-08-30T22:00:00+00:00,18.02,27.67,20.96,61.89,20,40,Paris,,48.8566,2.3522,35,
2024-08-30T23:00:00+00:00,14.9,19.79,21.5,72.74,20,40,Paris,,48.8566,2.3522,35,
2024-08-31T00:00:00+00:00,14.97,22.2,23.86,76.22,20,40,Paris,,48.8566,2.3522,35,
2024-08-31T01:00:00+00:00,19.26,29.72,26.42,70.48,20,40,Paris,,48.8566,2.3522,35,
2024-08-31T02:00:00+00:00,20.02,26.81,25.89,72.23,20,40,Paris,,48.8566,2.3522,35,
2024-08-31T03:00:00+00:00,15.18,18.02,28.1,78.85,20,40,Paris,,48.8566,2.3522,35,
2024-08-31T04:00:00+00:00,18.11,21.51,27.36,75.14,20,40,Paris,,48.8566,2.3522,35,
2024-08-31T05:00:00+00:00,20.11,27.14,26.97,75.1,20,40,Paris,,48.8566,2.3522,35,
2024-08-31T06:00:00+00:00,15.81,19.75,28.61,76.63,20,40,Paris,,48.8566,2.3522,35,
2024-08-31T07:00:00+00:00,18.46,26.32,27.09,80.77,20,40,Paris,,48.8566,2.3522,35,
2024-08-31T08:00:00+00:00,18.24,21.37,27.25,81.66,20,40,Paris,,48.8566,2.3522,35,
2024-08-31T09:00:00+00:00,18.51,25.57,26.69,84.25,20,40,Paris,,48.8566,2.3522,35,
2024-08-31T10:00:00+00:00,16.75,20.55,25.17,69.95,20,40,Paris,,48.8566,2.3522,35,
2024-08-31T11:00:00+00:00,15.94,17.98,24.04,79.02,20,40,Paris,,48.8566,2.3522,35,
2024-08-31T12:00:00+00:00,15.08,20.5,23.66,76.61,20,40,Paris,,48.8566,2.3522,35,
2024-08-31T13:00:00+00:00,15.31,16.83,21.58,65.51,20,40,Paris,,48.8566,2.3522,35,
2024-08-31T14:00:00+00:00,17.38,21.74,21.43,66.13,20,40,Paris,,48.8566,2.3522,35,
2024-08-31T15:00:00+00:00,17.07,25.46,19.86,66.36,20,40,Paris,,48.8566,2.3522,35,
2024-08-31T16:00:00+00:00,18.97,29.18,20.86,65.28,20,40,Paris,,48.8566,2.3522,35,
2024-08-31T17:00:00+00:00,13.94,15.68,19.95,58.37,20,40,Paris,,48.8566,2.3522,35,
2024-08-31T18:00:00+00:00,17.95,27.26,19.39,59.09,20,40,Paris,,48.8566,2.3522,35,
2024-08-31T19:00:00+00:00,14.87,20.91,20.1,61.73,20,40,Paris,,48.8566,2.3522,35,
2024-08-31T20:00:00+00:00,18.59,22.96,21.71,63.45,20,40,Paris,,48.8566,2.3522,35,
2024-08-31T21:00:00+00:00,17.7,20.44,19.71,56.21,20,40,Paris,,48.8566,2.3522,35,
2024-08-31T22:00:00+00:00,20.67,27.57,20.96,69.92,20,40,Paris,,48.8566,2.3522,35,
2024-08-31T23:00:00+00:00,19.31,25.01,23.44,70.73,20,40,Paris,,48.8566,2.3522,35,
2024-09-01T00:00:00+00:00,20.65,24.9,18.73,66.64,20,40,Paris,,48.8566,2.3522,35,
2024-09-01T01:00:00+00:00,19.33,22.1,20.91,66.47,20,40,Paris,,48.8566,2.3522,35,
2024-09-01T02:00:00+00:00,18.37,28.67,23.18,71.38,20,40,Paris,,48.8566,2.3522,35,
2024-09-01T03:00:00+00:00,25.73,32.3,22.83,80.54,20,40,Paris,,48.8566,2.3522,35,
2024-09-01T04:00:00+00:00,21.11,25.72,23.6,82.02,20,40,Paris,,48.8566,2.3522,35,
2024-09-01T05:00:00+00:00,21.24,26.5,23.81,79.89,20,40,Paris,,48.8566,2.3522,35,
2024-09-01T06:00:00+00:00,24.99,36.81,25.43,72.26,20,40,Paris,,48.8566,2.3522,35,
2024-09-01T07:00:00+00:00,19.76,30.56,25.12,84.2,20,40,Paris,,48.8566,2.3522,35,
2024-09-01T08:00:00+00:00,22.71,34.32,23.63,85.05,20,40,Paris,,48.8566,2.3522,35,
2024-09-01T09:00:00+00:00,24.02,36.4,23.85,75.48,20,40,Paris,,48.8566,2.3522,35,
2024-09-01T10:00:00+00:00,26.01,38.78,22.75,78.28,20,40,Paris,,48.8566,2.3522,35,
2024-09-01T11:00:00+00:00,23.97,32.98,22.12,68.4,20,40,Paris,,48.8566,2.3522,35,
2024-09-01T12:00:00+00:00,22.44,32.26,20.91,77.98,20,40,Paris,,48.8566,2.3522,35,
2024-09-01T13:00:00+00:00,21.42,25.06,19.66,67.84,20,40,Paris,,48.8566,2.3522,35,
2024-09-01T14:00:00+00:00,25.97,33.38,19.15,69.68,20,40,Paris,,48.8566,2.3522,35,
2024-09-01T15:00:00+00:00,23.37,30.51,17.46,59.96,20,40,Paris,,48.8566,2.3522,35,
2024-09-01T16:00:00+00:00,21.0,29.63,15.37,68.19,20,40,Paris,,48.8566,2.3522,35,
2024-09-01T17:00:00+00:00,23.51,35.63,15.46,58.0,20,40,Paris,,48.8566,2.3522,35,
2024-09-01T18:00:00+00:00,24.7,36.43,17.16,60.69,20,40,Paris,,48.8566,2.3522,35,
2024-09-01T19:00:00+00:00,25.66,35.21,16.0,66.48,20,40,Paris,,48.8566,2.3522,35,
2024-09-01T20:00:00+00:00,24.03,29.0,17.31,68.83,20,40,Paris,,48.8566,2.3522,35,
2024-09-01T21:00:00+00:00,19.03,28.4,17.75,63.66,20,40,Paris,,48.8566,2.3522,35,
2024-09-01T22:00:00+00:00,22.82,28.57,16.78,68.46,20,40,Paris,,48.8566,2.3522,35,
2024-09-01T23:00:00+00:00,23.31,34.05,19.25,73.78,20,40,Paris,,48.8566,2.3522,35,
2024-09-02T00:00:00+00:00,19.12,24.07,20.05,73.08,20,40,Paris,,48.8566,2.3522,35,
2024-09-02T01:00:00+00:00,25.09,32.86,21.67,69.89,20,40,Paris,,48.8566,2.3522,35,
2024-09-02T02:00:00+00:00,22.8,28.05,22.19,70.74,20,40,Paris,,48.8566,2.3522,35,
2024-09-02T03:00:00+00:00,25.16,36.59,22.06,76.89,20,40,Paris,,48.8566,2.3522,35,
2024-09-02T04:00:00+00:00,22.75,29.27,22.08,82.28,20,40,Paris,,48.8566,2.3522,35,
2024-09-02T05:00:00+00:00,19.49,28.66,22.78,72.2,20,40,Paris,,48.8566,2.3522,35,
2024-09-02T06:00:00+00:00,26.08,31.81,23.74,86.43,20,40,Paris,,48.8566,2.3522,35,
2024-09-02T07:00:00+00:00,21.9,28.36,24.94,84.61,20,40,Paris,,48.8566,2.3522,35,
2024-09-02T08:00:00+00:00,19.76,29.49,22.41,75.47,20,40,Paris,,48.8566,2.3522,35,
2024-09-02T09:00:00+00:00,20.68,26.65,21.77,84.58,20,40,Paris,,48.8566,2.3522,35,
2024-09-02T10:00:00+00:00,23.59,35.07,21.95,77.78,20,40,Paris,,48.8566,2.3522,35,
2024-09-02T11:00:00+00:00,23.39,34.09,21.59,78.75,20,40,Paris,,48.8566,2.3522,35,
2024-09-02T12:00:00+00:00,23.87,33.62,20.26,72.6,20,40,Paris,,48.8566,2.3522,35,
2024-09-02T13:00:00+00:00,23.98,35.48,19.5,68.77,20,40,Paris,,48.8566,2.3522,35,
2024-09-02T14:00:00+00:00,18.19,26.24,17.59,61.69,20,40,Paris,,48.8566,2.3522,35,
2024-09-02T15:00:00+00:00,23.06,30.0,18.3,70.58,20,40,Paris,,48.8566,2.3522,35,
2024-09-02T16:00:00+00:00,20.93,30.24,16.18,69.33,20,40,Paris,,48.8566,2.3522,35,
2024-09-02T17:00:00+00:00,19.81,24.87,15.66,57.02,20,40,Paris,,48.8566,2.3522,35,
2024-09-02T18:00:00+00:00,24.12,36.54,17.17,60.35,20,40,Paris,,48.8566,2.3522,35,
2024-09-02T19:00:00+00:00,20.46,27.71,17.62,56.32,20,40,Paris,,48.8566,2.3522,35,
2024-09-02T20:00:00+00:00,22.52,27.28,15.28,63.36,20,40,Paris,,48.8566,2.3522,35,
2024-09-02T21:00:00+00:00,19.77,26.82,17.9,64.96,20,40,Paris,,48.8566,2.3522,35,
2024-09-02T22:00:00+00:00,21.11,30.26,19.34,64.27,20,40,Paris,,48.8566,2.3522,35,
2024-09-02T23:00:00+00:00,25.28,35.35,20.46,64.81,20,40,Paris,,48.8566,2.3522,35,
2024-09-03T00:00:00+00:00,24.05,30.69,19.58,73.95,20,40,Paris,,48.8566,2.3522,35,
2024-09-03T01:00:00+00:00,21.29,29.59,19.55,77.39,20,40,Paris,,48.8566,2.3522,35,
2024-09-03T02:00:00+00:00,25.47,36.02,23.28,68.51,20,40,Paris,,48.8566,2.3522,35,
2024-09-03T03:00:00+00:00,22.83,31.67,24.27,80.99,20,40,Paris,,48.8566,2.3522,35,
2024-09-03T04:00:00+00:00,20.99,28.38,24.2,74.83,20,40,Paris,,48.8566,2.3522,35,
2024-09-03T05:00:00+00:00,26.08,35.51,25.18,84.88,20,40,Paris,,48.8566,2.3522,35,
2024-09-03T06:00:00+00:00,24.74,36.43,24.67,73.59,20,40,Paris,,48.8566,2.3522,35,
2024-09-03T07:00:00+00:00,20.01,24.52,23.53,78.93,20,40,Paris,,48.8566,2.3522,35,
2024-09-03T08:00:00+00:00,26.86,36.44,24.43,81.83,20,40,Paris,,48.8566,2.3522,35,
2024-09-03T09:00:00+00:00,22.47,27.46,23.25,77.97,20,40,Paris,,48.8566,2.3522,35,
2024-09-03T10:00:00+00:00,22.17,29.71,22.5,69.71,20,40,Paris,,48.8566,2.3522,35,
2024-09-03T11:00:00+00:00,21.65,25.42,21.95,77.07,20,40,Paris,,48.8566,2.3522,35,
2024-09-03T12:00:00+00:00,18.83,25.97,19.25,66.45,20,40,Paris,,48.8566,2.3522,35,
2024-09-03T13:00:00+00:00,23.33,28.44,18.63,70.18,20,40,Paris,,48.8566,2.3522,35,
2024-09-03T14:00:00+00:00,23.43,32.53,16.8,62.5,20,40,Paris,,48.8566,2.3522,35,
2024-09-03T15:00:00+00:00,18.29,23.37,16.17,56.61,20,40,Paris,,48.8566,2.3522,35,
2024-09-03T16:00:00+00:00,18.22,22.84,15.79,54.42,20,40,Paris,,48.8566,2.3522,35,
2024-09-03T17:00:00+00:00,21.02,28.27,17.25,58.23,20,40,Paris,,48.8566,2.3522,35,
2024-09-03T18:00:00+00:00,23.84,28.47,15.67,61.43,20,40,Paris,,48.8566,2.3522,35,
2024-09-03T19:00:00+00:00,19.72,23.94,17.34,64.46,20,40,Paris,,48.8566,2.3522,35,
2024-09-03T20:00:00+00:00,17.9,24.27,15.07,61.0,20,40,Paris,,48.8566,2.3522,35,
2024-09-03T21:00:00+00:00,21.19,29.84,17.44,55.95,20,40,Paris,,48.8566,2.3522,35,
2024-09-03T22:00:00+00:00,18.6,28.21,19.26,68.97,20,40,Paris,,48.8566,2.3522,35,
2024-09-03T23:00:00+00:00,22.93,33.39,18.46,60.68,20,40,Paris,,48.8566,2.3522,35,
2024-09-04T00:00:00+00:00,24.14,34.19,20.09,64.25,20,40,Paris,,48.8566,2.3522,35,
2024-09-04T01:00:00+00:00,22.68,29.45,21.55,79.76,20,40,Paris,,48.8566,2.3522,35,
2024-09-04T02:00:00+00:00,25.24,30.94,22.81,76.39,20,40,Paris,,48.8566,2.3522,35,
2024-09-04T03:00:00+00:00,24.89,33.08,22.64,73.19,20,40,Paris,,48.8566,2.3522,35,
2024-09-04T04:00:00+00:00,23.4,28.03,24.51,82.79,20,40,Paris,,48.8566,2.3522,35,
2024-09-04T05:00:00+00:00,22.09,28.72,25.09,79.75,20,40,Paris,,48.8566,2.3522,35,
2024-09-04T06:00:00+00:00,23.15,27.87,22.77,83.31,20,40,Paris,,48.8566,2.3522,35,
2024-09-04T07:00:00+00:00,22.25,30.96,23.81,75.45,20,40,Paris,,48.8566,2.3522,35,
2024-09-04T08:00:00+00:00,23.47,34.19,24.84,72.49,20,40,Paris,,48.8566,2.3522,35,
2024-09-04T09:00:00+00:00,20.73,25.13,21.9,84.43,20,40,Paris,,48.8566,2.3522,35,
2024-09-04T10:00:00+00:00,19.44,22.43,22.66,76.49,20,40,Paris,,48.8566,2.3522,35,
2024-09-04T11:00:00+00:00,19.17,23.89,22.49,74.93,20,40,Paris,,48.8566,2.3522,35,
2024-09-04T12:00:00+00:00,24.79,33.86,19.85,74.88,20,40,Paris,,48.8566,2.3522,35,
2024-09-04T13:00:00+00:00,22.74,31.4,18.77,66.3,20,40,Paris,,48.8566,2.3522,35,
2024-09-04T14:00:00+00:00,18.69,27.98,17.39,65.5,20,40,Paris,,48.8566,2.3522,35,
2024-09-04T15:00:00+00:00,19.26,28.23,18.26,55.8,20,40,Paris,,48.8566,2.3522,35,
2024-09-04T16:00:00+00:00,18.74,24.36,16.81,56.79,20,40,Paris,,48.8566,2.3522,35,
2024-09-04T17:00:00+00:00,22.56,31.55,17.25,54.24,20,40,Paris,,48.8566,2.3522,35,
2024-09-04T18:00:00+00:00,21.33,30.62,16.72,61.11,20,40,Paris,,48.8566,2.3522,35,
2024-09-04T19:00:00+00:00,19.27,23.6,16.95,57.4,20,40,Paris,,48.8566,2.3522,35,
2024-09-04T20:00:00+00:00,23.4,35.24,15.18,57.4,20,40,Paris,,48.8566,2.3522,35,
2024-09-04T21:00:00+00:00,24.04,33.04,17.29,63.5,20,40,Paris,,48.8566,2.3522,35,
2024-09-04T22:00:00+00:00,20.04,29.77,17.73,67.13,20,40,Paris,,48.8566,2.3522,35,
2024-09-04T23:00:00+00:00,26.07,33.51,17.95,66.73,20,40,Paris,,48.8566,2.3522,35,
2024-09-05T00:00:00+00:00,19.63,27.56,19.78,68.51,20,40,Paris,,48.8566,2.3522,35,
2024-09-05T01:00:00+00:00,23.11,28.56,19.85,69.25,20,40,Paris,,48.8566,2.3522,35,
2024-09-05T02:00:00+00:00,23.34,29.19,21.49,69.54,20,40,Paris,,48.8566,2.3522,35,
2024-09-05T03:00:00+00:00,24.43,32.54,23.82,75.04,20,40,Paris,,48.8566,2.3522,35,
2024-09-05T04:00:00+00:00,24.87,37.26,23.65,83.64,20,40,Paris,,48.8566,2.3522,35,
2024-09-05T05:00:00+00:00,26.64,33.68,25.25,85.21,20,40,Paris,,48.8566,2.3522,35,
2024-09-05T06:00:00+00:00,23.7,30.37,24.56,77.46,20,40,Paris,,48.8566,2.3522,35,
2024-09-05T07:00:00+00:00,21.95,27.6,22.37,87.34,20,40,Paris,,48.8566,2.3522,35,
2024-09-05T08:00:00+00:00,24.89,30.8,24.04,72.5,20,40,Paris,,48.8566,2.3522,35,
2024-09-05T09:00:00+00:00,26.07,32.69,21.91,71.39,20,40,Paris,,48.8566,2.3522,35,
2024-09-05T10:00:00+00:00,26.13,35.08,23.09,79.36,20,40,Paris,,48.8566,2.3522,35,
2024-09-05T11:00:00+00:00,18.5,27.81,21.77,64.73,20,40,Paris,,48.8566,2.3522,35,
2024-09-05T12:00:00+00:00,25.2,30.15,20.46,72.37,20,40,Paris,,48.8566,2.3522,35,
2024-09-05T13:00:00+00:00,23.87,33.18,20.01,71.04,20,40,Paris,,48.8566,2.3522,35,
2024-09-05T14:00:00+00:00,23.79,31.74,16.93,66.97,20,40,Paris,,48.8566,2.3522,35,
2024-09-05T15:00:00+00:00,19.62,23.46,17.67,62.73,20,40,Paris,,48.8566,2.3522,35,
2024-09-05T16:00:00+00:00,22.47,31.77,16.04,60.76,20,40,Paris,,48.8566,2.3522,35,
2024-09-05T17:00:00+00:00,18.15,24.33,17.4,53.79,20,40,Paris,,48.8566,2.3522,35,
2024-09-05T18:00:00+00:00,21.03,24.67,15.06,53.01,20,40,Paris,,48.8566,2.3522,35,
2024-09-05T19:00:00+00:00,23.94,30.9,17.58,59.0,20,40,Paris,,48.8566,2.3522,35,
2024-09-05T20:00:00+00:00,23.96,34.32,16.86,60.48,20,40,Paris,,48.8566,2.3522,35,
2024-09-05T21:00:00+00:00,24.26,29.34,17.28,64.91,20,40,Paris,,48.8566,2.3522,35,
2024-09-05T22:00:00+00:00,20.69,26.07,17.08,62.63,20,40,Paris,,48.8566,2.3522,35,
2024-09-05T23:00:00+00:00,25.39,32.58,17.7,63.93,20,40,Paris,,48.8566,2.3522,35,
2024-09-06T00:00:00+00:00,22.03,30.67,19.96,71.32,20,40,Paris,,48.8566,2.3522,35,
2024-09-06T01:00:00+00:00,24.52,32.67,20.72,79.73,20,40,Paris,,48.8566,2.3522,35,
2024-09-06T02:00:00+00:00,25.66,36.37,22.42,74.14,20,40,Paris,,48.8566,2.3522,35,
2024-09-06T03:00:00+00:00,23.72,32.72,21.42,71.34,20,40,Paris,,48.8566,2.3522,35,
2024-09-06T04:00:00+00:00,21.52,25.13,24.57,81.66,20,40,Paris,,48.8566,2.3522,35,
2024-09-06T05:00:00+00:00,23.01,28.11,24.36,84.42,20,40,Paris,,48.8566,2.3522,35,
2024-09-06T06:00:00+00:00,23.87,34.69,22.9,86.99,20,40,Paris,,48.8566,2.3522,35,
2024-09-06T07:00:00+00:00,19.88,28.88,24.11,75.18,20,40,Paris,,48.8566,2.3522,35,
2024-09-06T08:00:00+00:00,25.82,32.6,23.31,72.22,20,40,Paris,,48.8566,2.3522,35,
2024-09-06T09:00:00+00:00,22.46,28.57,23.61,83.41,20,40,Paris,,48.8566,2.3522,35,
2024-09-06T10:00:00+00:00,23.39,30.08,22.85,80.59,20,40,Paris,,48.8566,2.3522,35,
2024-09-06T11:00:00+00:00,22.23,32.87,20.65,65.59,20,40,Paris,,48.8566,2.3522,35,
2024-09-06T12:00:00+00:00,21.57,30.81,21.36,69.28,20,40,Paris,,48.8566,2.3522,35,
2024-09-06T13:00:00+00:00,22.9,34.9,17.65,74.4,20,40,Paris,,48.8566,2.3522,35,
2024-09-06T14:00:00+00:00,22.09,31.8,18.78,65.88,20,40,Paris,,48.8566,2.3522,35,
2024-09-06T15:00:00+00:00,19.1,29.03,18.31,60.15,20,40,Paris,,48.8566,2.3522,35,
2024-09-06T16:00:00+00:00,18.99,26.18,15.14,60.3,20,40,Paris,,48.8566,2.3522,35,
2024-09-06T17:00:00+00:00,19.83,28.48,15.4,59.24,20,40,Paris,,48.8566,2.3522,35,
2024-09-06T18:00:00+00:00,23.26,27.52,17.17,59.73,20,40,Paris,,48.8566,2.3522,35,
2024-09-06T19:00:00+00:00,22.93,30.31,16.44,65.65,20,40,Paris,,48.8566,2.3522,35,
2024-09-06T20:00:00+00:00,20.31,29.71,16.86,62.51,20,40,Paris,,48.8566,2.3522,35,
2024-09-06T21:00:00+00:00,21.03,25.27,16.29,58.99,20,40,Paris,,48.8566,2.3522,35,
2024-09-06T22:00:00+00:00,23.34,29.49,18.85,57.93,20,40,Paris,,48.8566,2.3522,35,
2024-09-06T23:00:00+00:00,18.81,22.81,18.04,64.24,20,40,Paris,,48.8566,2.3522,35,
2024-09-07T00:00:00+00:00,24.52,32.15,20.16,65.48,20,40,Paris,,48.8566,2.3522,35,
2024-09-07T01:00:00+00:00,21.09,29.64,19.54,76.72,20,40,Paris,,48.8566,2.3522,35,
2024-09-07T02:00:00+00:00,23.63,34.66,20.65,81.22,20,40,Paris,,48.8566,2.3522,35,
2024-09-07T03:00:00+00:00,26.95,37.82,22.87,80.24,20,40,Paris,,48.8566,2.3522,35,
2024-09-07T04:00:00+00:00,22.78,34.59,22.49,75.35,20,40,Paris,,48.8566,2.3522,35,
2024-09-07T05:00:00+00:00,23.32,33.64,24.45,82.69,20,40,Paris,,48.8566,2.3522,35,
2024-09-07T06:00:00+00:00,26.76,38.67,22.99,84.65,20,40,Paris,,48.8566,2.3522,35,
2024-09-07T07:00:00+00:00,26.23,32.17,22.37,74.2,20,40,Paris,,48.8566,2.3522,35,
2024-09-07T08:00:00+00:00,24.2,34.55,23.45,84.53,20,40,Paris,,48.8566,2.3522,35,
2024-09-07T09:00:00+00:00,21.39,25.05,22.67,69.59,20,40,Paris,,48.8566,2.3522,35,
2024-09-07T10:00:00+00:00,20.07,27.23,21.79,70.37,20,40,Paris,,48.8566,2.3522,35,
2024-09-07T11:00:00+00:00,21.23,32.35,21.03,80.16,20,40,Paris,,48.8566,2.3522,35,
2024-09-07T12:00:00+00:00,23.44,32.41,19.4,76.24,20,40,Paris,,48.8566,2.3522,35,
2024-09-07T13:00:00+00:00,25.77,31.71,18.32,73.29,20,40,Paris,,48.8566,2.3522,35,
2024-09-07T14:00:00+00:00,25.52,32.23,16.75,71.68,20,40,Paris,,48.8566,2.3522,35,
2024-09-07T15:00:00+00:00,16.97,22.35,17.19,55.48,20,40,Paris,,48.8566,2.3522,35,
2024-09-07T16:00:00+00:00,26.43,37.21,15.43,68.71,20,40,Paris,,48.8566,2.3522,35,
2024-09-07T17:00:00+00:00,21.74,26.56,17.12,52.78,20,40,Paris,,48.8566,2.3522,35,
2024-09-07T18:00:00+00:00,21.78,29.76,17.14,59.59,20,40,Paris,,48.8566,2.3522,35,
2024-09-07T19:00:00+00:00,20.71,28.35,15.26,67.8,20,40,Paris,,48.8566,2.3522,35,
2024-09-07T20:00:00+00:00,20.34,23.5,17.09,64.9,20,40,Paris,,48.8566,2.3522,35,
2024-09-07T21:00:00+00:00,18.0,27.68,16.61,55.02,20,40,Paris,,48.8566,2.3522,35,
2024-09-07T22:00:00+00:00,22.13,32.66,16.9,57.92,20,40,Paris,,48.8566,2.3522,35,
2024-09-07T23:00:00+00:00,22.27,28.87,17.82,75.24,20,40,Paris,,48.8566,2.3522,35,
2024-09-08T00:00:00+00:00,24.54,36.78,20.67,73.59,20,40,Paris,,48.8566,2.3522,35,
2024-09-08T01:00:00+00:00,25.19,30.83,19.75,71.11,20,40,Paris,,48.8566,2.3522,35,
2024-09-08T02:00:00+00:00,24.24,36.22,21.17,79.46,20,40,Paris,,48.8566,2.3522,35,
2024-09-08T03:00:00+00:00,20.4,24.53,22.84,76.37,20,40,Paris,,48.8566,2.3522,35,
2024-09-08T04:00:00+00:00,26.23,36.46,23.36,74.96,20,40,Paris,,48.8566,2.3522,35,
2024-09-08T05:00:00+00:00,26.9,39.81,24.49,85.98,20,40,Paris,,48.8566,2.3522,35,
2024-09-08T06:00:00+00:00,21.39,25.06,22.5,73.85,20,40,Paris,,48.8566,2.3522,35,
2024-09-08T07:00:00+00:00,20.62,29.13,22.94,83.18,20,40,Paris,,48.8566,2.3522,35,
2024-09-08T08:00:00+00:00,25.52,34.43,22.87,81.23,20,40,Paris,,48.8566,2.3522,35,
2024-09-08T09:00:00+00:00,20.02,23.11,24.3,75.36,20,40,Paris,,48.8566,2.3522,35,
2024-09-08T10:00:00+00:00,25.13,37.41,23.03,82.08,20,40,Paris,,48.8566,2.3522,35,
2024-09-08T11:00:00+00:00,17.53,26.73,22.1,65.69,20,40,Paris,,48.8566,2.3522,35,
2024-09-08T12:00:00+00:00,18.4,22.42,20.11,63.93,20,40,Paris,,48.8566,2.3522,35,
2024-09-08T13:00:00+00:00,18.86,24.68,18.65,66.09,20,40,Paris,,48.8566,2.3522,35,
2024-09-08T14:00:00+00:00,21.98,33.49,18.18,63.41,20,40,Paris,,48.8566,2.3522,35,
2024-09-08T15:00:00+00:00,25.45,36.48,17.16,61.25,20,40,Paris,,48.8566,2.3522,35,
2024-09-08T16:00:00+00:00,20.77,28.55,16.55,61.54,20,40,Paris,,48.8566,2.3522,35,
2024-09-08T17:00:00+00:00,23.18,32.27,17.53,66.25,20,40,Paris,,48.8566,2.3522,35,
2024-09-08T18:00:00+00:00,25.17,32.48,15.15,62.38,20,40,Paris,,48.8566,2.3522,35,
2024-09-08T19:00:00+00:00,17.92,22.03,14.82,55.48,20,40,Paris,,48.8566,2.3522,35,
2024-09-08T20:00:00+00:00,23.4,29.83,15.42,62.83,20,40,Paris,,48.8566,2.3522,35,
2024-09-08T21:00:00+00:00,20.33,28.72,17.5,62.67,20,40,Paris,,48.8566,2.3522,35,
2024-09-08T22:00:00+00:00,25.1,32.63,18.35,64.56,20,40,Paris,,48.8566,2.3522,35,
2024-09-08T23:00:00+00:00,24.99,36.71,17.72,60.27,20,40,Paris,,48.8566,2.3522,35,
2024-09-09T00:00:00+00:00,24.42,35.99,20.07,64.19,20,40,Paris,,48.8566,2.3522,35,
2024-09-09T01:00:00+00:00,24.27,32.26,19.96,72.82,20,40,Paris,,48.8566,2.3522,35,
2024-09-09T02:00:00+00:00,22.9,34.51,22.05,68.3,20,40,Paris,,48.8566,2.3522,35,
2024-09-09T03:00:00+00:00,23.47,33.2,22.86,84.06,20,40,Paris,,48.8566,2.3522,35,
2024-09-09T04:00:00+00:00,26.14,38.74,24.38,81.83,20,40,Paris,,48.8566,2.3522,35,
2024-09-09T05:00:00+00:00,23.23,27.59,23.22,86.85,20,40,Paris,,48.8566,2.3522,35,
2024-09-09T06:00:00+00:00,21.61,29.02,23.13,76.76,20,40,Paris,,48.8566,2.3522,35,
2024-09-09T07:00:00+00:00,18.46,25.93,25.27,75.96,20,40,Paris,,48.8566,2.3522,35,
2024-09-09T08:00:00+00:00,23.83,33.92,23.89,71.32,20,40,Paris,,48.8566,2.3522,35,
2024-09-09T09:00:00+00:00,18.47,22.92,23.12,72.54,20,40,Paris,,48.8566,2.3522,35,
2024-09-09T10:00:00+00:00,21.53,26.28,22.2,69.04,20,40,Paris,,48.8566,2.3522,35,
2024-09-09T11:00:00+00:00,25.69,34.95,21.38,71.29,20,40,Paris,,48.8566,2.3522,35,
2024-09-09T12:00:00+00:00,19.97,30.86,19.75,64.48,20,40,Paris,,48.8566,2.3522,35,
2024-09-09T13:00:00+00:00,22.57,33.94,19.15,60.68,20,40,Paris,,48.8566,2.3522,35,
2024-09-09T14:00:00+00:00,20.46,27.16,17.22,57.26,20,40,Paris,,48.8566,2.3522,35,
2024-09-09T15:00:00+00:00,18.9,21.7,18.05,57.62,20,40,Paris,,48.8566,2.3522,35,
2024-09-09T16:00:00+00:00,18.83,25.42,17.24,66.79,20,40,Paris,,48.8566,2.3522,35,
2024-09-09T17:00:00+00:00,23.73,32.15,17.61,66.06,20,40,Paris,,48.8566,2.3522,35,
2024-09-09T18:00:00+00:00,25.74,34.62,16.51,66.26,20,40,Paris,,48.8566,2.3522,35,
2024-09-09T19:00:00+00:00,21.63,29.29,14.84,59.65,20,40,Paris,,48.8566,2.3522,35,
2024-09-09T20:00:00+00:00,17.85,27.24,17.11,58.76,20,40,Paris,,48.8566,2.3522,35,
2024-09-09T21:00:00+00:00,18.39,23.84,16.34,66.78,20,40,Paris,,48.8566,2.3522,35,
2024-09-09T22:00:00+00:00,18.99,27.8,18.38,67.9,20,40,Paris,,48.8566,2.3522,35,
2024-09-09T23:00:00+00:00,18.69,23.49,19.84,70.61,20,40,Paris,,48.8566,2.3522,35,
2024-09-10T00:00:00+00:00,21.56,29.62,20.0,66.1,20,40,Paris,,48.8566,2.3522,35,
2024-09-10T01:00:00+00:00,24.59,33.27,20.65,67.72,20,40,Paris,,48.8566,2.3522,35,
2024-09-10T02:00:00+00:00,24.96,36.62,21.01,67.47,20,40,Paris,,48.8566,2.3522,35,
2024-09-10T03:00:00+00:00,21.31,32.05,23.72,78.62,20,40,Paris,,48.8566,2.3522,35,
2024-09-10T04:00:00+00:00,18.54,25.56,24.4,78.21,20,40,Paris,,48.8566,2.3522,35,
2024-09-10T05:00:00+00:00,20.2,23.4,24.65,83.09,20,40,Paris,,48.8566,2.3522,35,
2024-09-10T06:00:00+00:00,23.44,33.01,22.78,83.9,20,40,Paris,,48.8566,2.3522,35,
2024-09-10T07:00:00+00:00,24.31,31.02,24.86,77.79,20,40,Paris,,48.8566,2.3522,35,
2024-09-10T08:00:00+00:00,26.02,35.37,23.13,72.78,20,40,Paris,,48.8566,2.3522,35,
2024-09-10T09:00:00+00:00,19.59,25.66,22.29,79.19,20,40,Paris,,48.8566,2.3522,35,
2024-09-10T10:00:00+00:00,23.15,32.84,22.73,76.73,20,40,Paris,,48.8566,2.3522,35,
2024-09-10T11:00:00+00:00,19.29,22.73,22.45,78.99,20,40,Paris,,48.8566,2.3522,35,
2024-09-10T12:00:00+00:00,24.86,36.07,20.0,72.23,20,40,Paris,,48.8566,2.3522,35,
2024-09-10T13:00:00+00:00,26.03,34.08,20.26,71.87,20,40,Paris,,48.8566,2.3522,35,
2024-09-10T14:00:00+00:00,19.38,24.07,16.93,69.68,20,40,Paris,,48.8566,2.3522,35,
2024-09-10T15:00:00+00:00,23.3,30.28,18.3,60.78,20,40,Paris,,48.8566,2.3522,35,
2024-09-10T16:00:00+00:00,17.83,26.76,16.2,58.73,20,40,Paris,,48.8566,2.3522,35,
2024-09-10T17:00:00+00:00,21.29,27.34,16.86,56.48,20,40,Paris,,48.8566,2.3522,35,
2024-09-10T18:00:00+00:00,20.69,29.58,15.46,59.49,20,40,Paris,,48.8566,2.3522,35,
2024-09-10T19:00:00+00:00,19.7,26.4,15.23,59.87,20,40,Paris,,48.8566,2.3522,35,
2024-09-10T20:00:00+00:00,21.11,28.0,17.2,58.61,20,40,Paris,,48.8566,2.3522,35,
2024-09-10T21:00:00+00:00,21.31,28.98,16.53,64.7,20,40,Paris,,48.8566,2.3522,35,
2024-09-10T22:00:00+00:00,25.7,36.09,18.97,64.73,20,40,Paris,,48.8566,2.3522,35,
2024-09-10T23:00:00+00:00,23.99,30.05,17.89,73.76,20,40,Paris,,48.8566,2.3522,35,
