created_at,field1,field2,field3,field4,field5,field6,field7,field8,latitude,longitude,elevation,status
2024-01-01T00:00:00+00:00,32.78,45.42,8.19,59.33,25,40,Rome,,41.9028,12.4964,21,
2024-01-01T01:00:00+00:00,31.62,45.51,10.49,63.79,25,40,Rome,,41.9028,12.4964,21,
2024-01-01T02:00:00+00:00,29.99,37.37,11.5,55.46,25,40,Rome,,41.9028,12.4964,21,
2024-01-01T03:00:00+00:00,33.28,41.07,10.84,61.43,25,40,Rome,,41.9028,12.4964,21,
2024-01-01T04:00:00+00:00,40.53,51.22,11.63,65.78,25,40,Rome,,41.9028,12.4964,21,
2024-01-01T05:00:00+00:00,35.52,49.36,11.61,62.96,25,40,Rome,,41.9028,12.4964,21,
2024-01-01T06:00:00+00:00,38.8,54.45,10.57,58.53,25,40,Rome,,41.9028,12.4964,21,
2024-01-01T07:00:00+00:00,38.51,52.04,10.42,56.92,25,40,Rome,,41.9028,12.4964,21,
2024-01-01T08:00:00+00:00,36.82,48.98,10.95,58.61,25,40,Rome,,41.9028,12.4964,21,
2024-01-01T09:00:00+00:00,30.87,42.65,10.17,55.44,25,40,Rome,,41.9028,12.4964,21,
2024-01-01T10:00:00+00:00,33.56,42.59,9.2,61.73,25,40,Rome,,41.9028,12.4964,21,
2024-01-01T11:00:00+00:00,41.07,54.92,9.2,58.97,25,40,Rome,,41.9028,12.4964,21,
2024-01-01T12:00:00+00:00,34.48,43.83,7.63,56.48,25,40,Rome,,41.9028,12.4964,21,
2024-01-01T13:00:00+00:00,36.63,45.83,6.39,46.27,25,40,Rome,,41.9028,12.4964,21,
2024-01-01T14:00:00+00:00,36.49,47.37,6.01,46.66,25,40,Rome,,41.9028,12.4964,21,
2024-01-01T15:00:00+00:00,34.15,46.2,4.28,53.48,25,40,Rome,,41.9028,12.4964,21,
2024-01-01T16:00:00+00:00,32.38,41.37,4.91,47.47,25,40,Rome,,41.9028,12.4964,21,
2024-01-01T17:00:00+00:00,35.74,46.45,4.02,51.44,25,40,Rome,,41.9028,12.4964,21,
2024-01-01T18:00:00+00:00,32.16,40.57,5.02,49.03,25,40,Rome,,41.9028,12.4964,21,
2024-01-01T19:00:00+00:00,31.01,43.25,3.5,41.93,25,40,Rome,,41.9028,12.4964,21,
2024-01-01T20:00:00+00:00,35.54,48.2,3.41,38.64,25,40,Rome,,41.9028,12.4964,21,
2024-01-01T21:00:00+00:00,35.33,43.73,5.42,46.21,25,40,Rome,,41.9028,12.4964,21,
2024-01-01T22:00:00+00:00,36.58,49.92,7.15,51.73,25,40,Rome,,41.9028,12.4964,21,
2024-01-01T23:00:00+00:00,37.57,53.9,7.4,48.36,25,40,Rome,,41.9028,12.4964,21,
2024-01-02T00:00:00+00:00,33.09,44.37,6.58,51.62,25,40,Rome,,41.9028,12.4964,21,
2024-01-02T01:00:00+00:00,38.8,55.54,7.69,62.79,25,40,Rome,,41.9028,12.4964,21,
2024-01-02T02:00:00+00:00,32.27,44.63,10.49,62.79,25,40,Rome,,41.9028,12.4964,21,
2024-01-02T03:00:00+00:00,35.64,48.13,10.4,60.73,25,40,Rome,,41.9028,12.4964,21,
2024-01-02T04:00:00+00:00,32.67,47.28,10.83,71.29,25,40,Rome,,41.9028,12.4964,21,
2024-01-02T05:00:00+00:00,38.72,51.91,12.45,67.22,25,40,Rome,,41.9028,12.4964,21,
2024-01-02T06:00:00+00:00,37.16,53.9,12.14,64.89,25,40,Rome,,41.9028,12.4964,21,
2024-01-02T07:00:00+00:00,32.39,45.72,11.31,68.9,25,40,Rome,,41.9028,12.4964,21,
2024-01-02T08:00:00+00:00,33.69,45.9,11.52,57.55,25,40,Rome,,41.9028,12.4964,21,
2024-01-02T09:00:00+00:00,34.94,48.87,9.97,69.35,25,40,Rome,,41.9028,12.4964,21,
2024-01-02T10:00:00+00:00,36.58,50.13,9.9,63.54,25,40,Rome,,41.9028,12.4964,21,
2024-01-02T11:00:00+00:00,33.45,46.81,10.04,61.49,25,40,Rome,,41.9028,12.4964,21,
2024-01-02T12:00:00+00:00,41.64,54.37,8.21,56.46,25,40,Rome,,41.9028,12.4964,21,
2024-01-02T13:00:00+00:00,40.65,54.69,5.69,58.99,25,40,Rome,,41.9028,12.4964,21,
2024-01-02T14:00:00+00:00,34.93,48.11,7.4,57.26,25,40,Rome,,41.9028,12.4964,21,
2024-01-02T15:00:00+00:00,34.62,46.21,4.83,49.69,25,40,Rome,,41.9028,12.4964,21,
2024-01-02T16:00:00+00:00,32.31,43.06,5.04,43.73,25,40,Rome,,41.9028,12.4964,21,
2024-01-02T17:00:00+00:00,38.61,56.01,4.69,49.39,25,40,Rome,,41.9028,12.4964,21,
2024-01-02T18:00:00+00:00,37.92,48.65,5.35,50.5,25,40,Rome,,41.9028,12.4964,21,
2024-01-02T19:00:00+00:00,33.54,43.25,2.76,42.23,25,40,Rome,,41.9028,12.4964,21,
2024-01-02T20:00:00+00:00,31.18,41.5,4.55,40.04,25,40,Rome,,41.9028,12.4964,21,
2024-01-02T21:00:00+00:00,35.68,49.43,6.32,43.34,25,40,Rome,,41.9028,12.4964,21,
2024-01-02T22:00:00+00:00,31.36,45.53,5.03,47.91,25,40,Rome,,41.9028,12.4964,21,
2024-01-02T23:00:00+00:00,35.15,44.88,6.82,55.93,25,40,Rome,,41.9028,12.4964,21,
2024-01-03T00:00:00+00:00,36.13,44.82,6.91,62.23,25,40,Rome,,41.9028,12.4964,21,
2024-01-03T01:00:00+00:00,37.99,53.66,8.14,64.46,25,40,Rome,,41.9028,12.4964,21,
2024-01-03T02:00:00+00:00,39.33,49.64,11.34,65.78,25,40,Rome,,41.9028,12.4964,21,
2024-01-03T03:00:00+00:00,40.27,58.15,11.97,67.38,25,40,Rome,,41.9028,12.4964,21,
2024-01-03T04:00:00+00:00,36.68,49.51,12.08,65.54,25,40,Rome,,41.9028,12.4964,21,
2024-01-03T05:00:00+00:00,33.73,45.72,12.25,67.77,25,40,Rome,,41.9028,12.4964,21,
2024-01-03T06:00:00+00:00,35.16,49.74,11.55,68.26,25,40,Rome,,41.9028,12.4964,21,
2024-01-03T07:00:00+00:00,33.68,47.06,12.95,60.47,25,40,Rome,,41.9028,12.4964,21,
2024-01-03T08:00:00+00:00,41.32,51.84,11.78,62.55,25,40,Rome,,41.9028,12.4964,21,
2024-01-03T09:00:00+00:00,36.56,47.64,9.82,64.19,25,40,Rome,,41.9028,12.4964,21,
2024-01-03T10:00:00+00:00,29.98,37.14,8.99,52.31,25,40,Rome,,41.9028,12.4964,21,
2024-01-03T11:00:00+00:00,40.0,50.47,8.94,64.56,25,40,Rome,,41.9028,12.4964,21,
2024-01-03T12:00:00+00:00,38.8,56.03,8.55,55.35,25,40,Rome,,41.9028,12.4964,21,
2024-01-03T13:00:00+00:00,30.58,37.77,5.69,50.53,25,40,Rome,,41.9028,12.4964,21,
2024-01-03T14:00:00+00:00,39.16,50.64,4.85,43.1,25,40,Rome,,41.9028,12.4964,21,
2024-01-03T15:00:00+00:00,30.23,40.34,4.96,45.33,25,40,Rome,,41.9028,12.4964,21,
2024-01-03T16:00:00+00:00,33.8,42.32,4.34,47.92,25,40,Rome,,41.9028,12.4964,21,
2024-01-03T17:00:00+00:00,36.58,51.76,3.89,38.04,25,40,Rome,,41.9028,12.4964,21,
2024-01-03T18:00:00+00:00,28.42,39.07,4.72,38.89,25,40,Rome,,41.9028,12.4964,21,
2024-01-03T19:00:00+00:00,31.73,40.47,4.69,52.1,25,40,Rome,,41.9028,12.4964,21,
2024-01-03T20:00:00+00:00,31.06,44.41,3.68,42.52,25,40,Rome,,41.9028,12.4964,21,
2024-01-03T21:00:00+00:00,34.86,48.29,4.75,41.94,25,40,Rome,,41.9028,12.4964,21,
2024-01-03T22:00:00+00:00,34.51,48.02,4.96,45.61,25,40,Rome,,41.9028,12.4964,21,
2024-01-03T23:00:00+00:00,34.43,46.27,7.85,50.85,25,40,Rome,,41.9028,12.4964,21,
2024-01-04T00:00:00+00:00,34.83,44.1,6.93,48.99,25,40,Rome,,41.9028,12.4964,21,
2024-01-04T01:00:00+00:00,38.25,51.23,9.53,50.9,25,40,Rome,,41.9028,12.4964,21,
2024-01-04T02:00:00+00:00,37.89,47.21,9.34,56.52,25,40,Rome,,41.9028,12.4964,21,
2024-01-04T03:00:00+00:00,42.16,54.83,11.0,68.4,25,40,Rome,,41.9028,12.4964,21,
2024-01-04T04:00:00+00:00,36.62,49.29,12.71,57.8,25,40,Rome,,41.9028,12.4964,21,
2024-01-04T05:00:00+00:00,32.23,46.59,13.16,67.64,25,40,Rome,,41.9028,12.4964,21,
2024-01-04T06:00:00+00:00,30.72,45.21,12.22,58.51,25,40,Rome,,41.9028,12.4964,21,
2024-01-04T07:00:00+00:00,42.29,57.56,10.87,68.28,25,40,Rome,,41.9028,12.4964,21,
2024-01-04T08:00:00+00:00,29.84,38.07,12.45,56.0,25,40,Rome,,41.9028,12.4964,21,
2024-01-04T09:00:00+00:00,34.26,43.94,10.94,65.79,25,40,Rome,,41.9028,12.4964,21,
2024-01-04T10:00:00+00:00,38.13,49.65,9.01,62.29,25,40,Rome,,41.9028,12.4964,21,
2024-01-04T11:00:00+00:00,36.13,46.72,8.84,60.09,25,40,Rome,,41.9028,12.4964,21,
2024-01-04T12:00:00+00:00,34.83,44.48,9.25,59.6,25,40,Rome,,41.9028,12.4964,21,
2024-01-04T13:00:00+00:00,32.53,41.42,5.76,52.98,25,40,Rome,,41.9028,12.4964,21,
2024-01-04T14:00:00+00:00,39.25,55.44,6.64,54.82,25,40,Rome,,41.9028,12.4964,21,
2024-01-04T15:00:00+00:00,30.73,43.9,5.05,50.07,25,40,Rome,,41.9028,12.4964,21,
2024-01-04T16:00:00+00:00,38.72,48.89,3.58,42.67,25,40,Rome,,41.9028,12.4964,21,
2024-01-04T17:00:00+00:00,39.05,49.6,3.31,49.11,25,40,Rome,,41.9028,12.4964,21,
2024-01-04T18:00:00+00:00,39.33,56.83,4.73,50.23,25,40,Rome,,41.9028,12.4964,21,
2024-01-04T19:00:00+00:00,40.38,52.85,3.78,48.35,25,40,Rome,,41.9028,12.4964,21,
2024-01-04T20:00:00+00:00,34.98,45.3,4.25,41.03,25,40,Rome,,41.9028,12.4964,21,
2024-01-04T21:00:00+00:00,33.82,49.34,5.6,40.79,25,40,Rome,,41.9028,12.4964,21,
2024-01-04T22:00:00+00:00,37.94,47.43,6.46,54.02,25,40,Rome,,41.9028,12.4964,21,
2024-01-04T23:00:00+00:00,31.17,40.05,5.56,48.14,25,40,Rome,,41.9028,12.4964,21,
2024-01-05T00:00:00+00:00,31.2,39.3,7.14,57.23,25,40,Rome,,41.9028,12.4964,21,
2024-01-05T01:00:00+00:00,33.71,46.49,9.12,57.33,25,40,Rome,,41.9028,12.4964,21,
2024-01-05T02:00:00+00:00,39.14,49.59,10.61,65.87,25,40,Rome,,41.9028,12.4964,21,
2024-01-05T03:00:00+00:00,42.6,60.03,10.86,66.19,25,40,Rome,,41.9028,12.4964,21,
2024-01-05T04:00:00+00:00,35.04,46.42,11.8,57.84,25,40,Rome,,41.9028,12.4964,21,
2024-01-05T05:00:00+00:00,36.12,49.67,12.39,66.91,25,40,Rome,,41.9028,12.4964,21,
2024-01-05T06:00:00+00:00,37.27,49.67,11.4,58.99,25,40,Rome,,41.9028,12.4964,21,
2024-01-05T07:00:00+00:00,36.2,52.37,10.52,61.12,25,40,Rome,,41.9028,12.4964,21,
2024-01-05T08:00:00+00:00,32.46,40.23,10.33,58.39,25,40,Rome,,41.9028,12.4964,21,
2024-01-05T09:00:00+00:00,38.86,55.64,11.74,60.39,25,40,Rome,,41.9028,12.4964,21,
2024-01-05T10:00:00+00:00,31.96,43.98,8.6,60.12,25,40,Rome,,41.9028,12.4964,21,
2024-01-05T11:00:00+00:00,33.48,41.39,10.5,55.54,25,40,Rome,,41.9028,12.4964,21,
2024-01-05T12:00:00+00:00,31.72,45.79,8.79,59.5,25,40,Rome,,41.9028,12.4964,21,
2024-01-05T13:00:00+00:00,35.88,45.11,7.17,59.92,25,40,Rome,,41.9028,12.4964,21,
2024-01-05T14:00:00+00:00,31.75,46.82,4.57,44.94,25,40,Rome,,41.9028,12.4964,21,
2024-01-05T15:00:00+00:00,37.62,49.0,4.79,43.59,25,40,Rome,,41.9028,12.4964,21,
2024-01-05T16:00:00+00:00,35.79,44.78,4.43,49.73,25,40,Rome,,41.9028,12.4964,21,
2024-01-05T17:00:00+00:00,39.04,49.13,4.07,44.6,25,40,Rome,,41.9028,12.4964,21,
2024-01-05T18:00:00+00:00,34.65,46.27,5.06,52.41,25,40,Rome,,41.9028,12.4964,21,
2024-01-05T19:00:00+00:00,30.25,41.47,4.02,44.57,25,40,Rome,,41.9028,12.4964,21,
2024-01-05T20:00:00+00:00,32.39,40.77,4.32,42.89,25,40,Rome,,41.9028,12.4964,21,
2024-01-05T21:00:00+00:00,34.5,48.96,4.42,48.92,25,40,Rome,,41.9028,12.4964,21,
2024-01-05T22:00:00+00:00,31.91,39.65,7.3,46.34,25,40,Rome,,41.9028,12.4964,21,
2024-01-05T23:00:00+00:00,31.73,41.2,8.31,59.58,25,40,Rome,,41.9028,12.4964,21,
2024-01-06T00:00:00+00:00,39.8,51.49,7.46,60.59,25,40,Rome,,41.9028,12.4964,21,
2024-01-06T01:00:00+00:00,42.02,57.27,9.01,65.18,25,40,Rome,,41.9028,12.4964,21,
2024-01-06T02:00:00+00:00,30.61,42.68,11.17,56.05,25,40,Rome,,41.9028,12.4964,21,
2024-01-06T03:00:00+00:00,40.63,57.78,10.44,55.88,25,40,Rome,,41.9028,12.4964,21,
2024-01-06T04:00:00+00:00,36.24,45.9,10.63,62.38,25,40,Rome,,41.9028,12.4964,21,
2024-01-06T05:00:00+00:00,40.55,58.67,12.08,64.56,25,40,Rome,,41.9028,12.4964,21,
2024-01-06T06:00:00+00:00,35.61,48.67,10.7,71.19,25,40,Rome,,41.9028,12.4964,21,
2024-01-06T07:00:00+00:00,38.79,53.55,12.21,61.32,25,40,Rome,,41.9028,12.4964,21,
2024-01-06T08:00:00+00:00,31.76,44.51,12.59,62.69,25,40,Rome,,41.9028,12.4964,21,
2024-01-06T09:00:00+00:00,32.8,43.64,9.76,67.36,25,40,Rome,,41.9028,12.4964,21,
2024-01-06T10:00:00+00:00,40.21,57.38,10.69,56.45,25,40,Rome,,41.9028,12.4964,21,
2024-01-06T11:00:00+00:00,39.4,52.78,8.03,63.42,25,40,Rome,,41.9028,12.4964,21,
2024-01-06T12:00:00+00:00,33.43,42.6,8.45,49.57,25,40,Rome,,41.9028,12.4964,21,
2024-01-06T13:00:00+00:00,33.17,42.45,7.52,56.25,25,40,Rome,,41.9028,12.4964,21,
2024-01-06T14:00:00+00:00,39.74,53.88,4.56,48.52,25,40,Rome,,41.9028,12.4964,21,
2024-01-06T15:00:00+00:00,38.9,52.03,4.75,41.23,25,40,Rome,,41.9028,12.4964,21,
2024-01-06T16:00:00+00:00,31.22,39.96,5.13,44.09,25,40,Rome,,41.9028,12.4964,21,
2024-01-06T17:00:00+00:00,37.67,54.31,2.94,50.94,25,40,Rome,,41.9028,12.4964,21,
2024-01-06T18:00:00+00:00,30.33,38.24,3.18,40.46,25,40,Rome,,41.9028,12.4964,21,
2024-01-06T19:00:00+00:00,40.31,50.55,2.68,52.04,25,40,Rome,,41.9028,12.4964,21,
2024-01-06T20:00:00+00:00,36.98,47.25,4.97,51.96,25,40,Rome,,41.9028,12.4964,21,
2024-01-06T21:00:00+00:00,35.73,46.31,5.07,45.68,25,40,Rome,,41.9028,12.4964,21,
2024-01-06T22:00:00+00:00,41.37,53.25,4.73,52.73,25,40,Rome,,41.9028,12.4964,21,
2024-01-06T23:00:00+00:00,37.16,53.29,5.73,56.86,25,40,Rome,,41.9028,12.4964,21,
2024-01-07T00:00:00+00:00,36.62,46.38,8.12,62.82,25,40,Rome,,41.9028,12.4964,21,
2024-01-07T01:00:00+00:00,33.17,48.71,9.47,54.1,25,40,Rome,,41.9028,12.4964,21,
2024-01-07T02:00:00+00:00,31.32,44.35,8.97,59.3,25,40,Rome,,41.9028,12.4964,21,
2024-01-07T03:00:00+00:00,31.98,41.08,12.26,54.68,25,40,Rome,,41.9028,12.4964,21,
2024-01-07T04:00:00+00:00,39.66,50.39,12.91,57.61,25,40,Rome,,41.9028,12.4964,21,
2024-01-07T05:00:00+00:00,36.47,52.69,10.68,58.68,25,40,Rome,,41.9028,12.4964,21,
2024-01-07T06:00:00+00:00,36.91,52.15,12.06,62.01,25,40,Rome,,41.9028,12.4964,21,
2024-01-07T07:00:00+00:00,42.05,55.65,11.83,64.91,25,40,Rome,,41.9028,12.4964,21,
2024-01-07T08:00:00+00:00,37.01,53.44,10.84,64.6,25,40,Rome,,41.9028,12.4964,21,
2024-01-07T09:00:00+00:00,36.45,49.67,9.81,58.01,25,40,Rome,,41.9028,12.4964,21,
2024-01-07T10:00:00+00:00,32.32,46.79,10.55,61.18,25,40,Rome,,41.9028,12.4964,21,
2024-01-07T11:00:00+00:00,35.5,45.46,9.98,63.88,25,40,Rome,,41.9028,12.4964,21,
2024-01-07T12:00:00+00:00,33.84,46.06,8.63,58.29,25,40,Rome,,41.9028,12.4964,21,
2024-01-07T13:00:00+00:00,33.71,43.56,7.66,45.07,25,40,Rome,,41.9028,12.4964,21,
2024-01-07T14:00:00+00:00,31.73,45.2,6.17,52.93,25,40,Rome,,41.9028,12.4964,21,
2024-01-07T15:00:00+00:00,39.87,50.08,5.22,43.05,25,40,Rome,,41.9028,12.4964,21,
2024-01-07T16:00:00+00:00,38.62,54.36,5.36,44.46,25,40,Rome,,41.9028,12.4964,21,
2024-01-07T17:00:00+00:00,29.44,38.24,2.69,42.21,25,40,Rome,,41.9028,12.4964,21,
2024-01-07T18:00:00+00:00,39.8,51.63,4.03,44.45,25,40,Rome,,41.9028,12.4964,21,
2024-01-07T19:00:00+00:00,38.66,50.35,3.7,39.0,25,40,Rome,,41.9028,12.4964,21,
2024-01-07T20:00:00+00:00,39.47,49.38,4.86,51.02,25,40,Rome,,41.9028,12.4964,21,
2024-01-07T21:00:00+00:00,28.66,34.96,6.61,40.88,25,40,Rome,,41.9028,12.4964,21,
2024-01-07T22:00:00+00:00,35.82,49.38,5.35,43.5,25,40,Rome,,41.9028,12.4964,21,
2024-01-07T23:00:00+00:00,34.8,44.0,6.69,52.26,25,40,Rome,,41.9028,12.4964,21,
2024-01-08T00:00:00+00:00,32.26,41.29,8.84,56.6,25,40,Rome,,41.9028,12.4964,21,
2024-01-08T01:00:00+00:00,33.88,45.34,8.21,61.62,25,40,Rome,,41.9028,12.4964,21,
2024-01-08T02:00:00+00:00,41.12,54.69,10.03,56.69,25,40,Rome,,41.9028,12.4964,21,
2024-01-08T03:00:00+00:00,40.29,51.52,10.49,68.62,25,40,Rome,,41.9028,12.4964,21,
2024-01-08T04:00:00+00:00,31.87,43.85,10.49,65.82,25,40,Rome,,41.9028,12.4964,21,
2024-01-08T05:00:00+00:00,34.6,49.9,11.1,61.7,25,40,Rome,,41.9028,12.4964,21,
2024-01-08T06:00:00+00:00,35.06,49.07,11.68,60.04,25,40,Rome,,41.9028,12.4964,21,
2024-01-08T07:00:00+00:00,41.39,56.67,11.91,67.98,25,40,Rome,,41.9028,12.4964,21,
2024-01-08T08:00:00+00:00,32.31,45.37,12.03,59.28,25,40,Rome,,41.9028,12.4964,21,
2024-01-08T09:00:00+00:00,34.24,42.94,11.41,54.85,25,40,Rome,,41.9028,12.4964,21,
2024-01-08T10:00:00+00:00,34.18,43.59,8.66,56.12,25,40,Rome,,41.9028,12.4964,21,
2024-01-08T11:00:00+00:00,31.85,44.85,7.91,53.55,25,40,Rome,,41.9028,12.4964,21,
2024-01-08T12:00:00+00:00,37.36,51.5,7.82,62.79,25,40,Rome,,41.9028,12.4964,21,
2024-01-08T13:00:00+00:00,34.92,47.44,6.3,49.05,25,40,Rome,,41.9028,12.4964,21,
2024-01-08T14:00:00+00:00,35.48,50.73,5.51,42.83,25,40,Rome,,41.9028,12.4964,21,
2024-01-08T15:00:00+00:00,30.58,40.27,6.54,51.23,25,40,Rome,,41.9028,12.4964,21,
2024-01-08T16:00:00+00:00,35.05,44.75,4.3,51.87,25,40,Rome,,41.9028,12.4964,21,
2024-01-08T17:00:00+00:00,30.55,43.27,5.32,42.92,25,40,Rome,,41.9028,12.4964,21,
2024-01-08T18:00:00+00:00,33.6,48.57,3.61,38.72,25,40,Rome,,41.9028,12.4964,21,
2024-01-08T19:00:00+00:00,28.97,41.53,5.25,40.54,25,40,Rome,,41.9028,12.4964,21,
2024-01-08T20:00:00+00:00,36.25,51.92,5.7,46.25,25,40,Rome,,41.9028,12.4964,21,
2024-01-08T21:00:00+00:00,33.48,41.55,4.37,49.6,25,40,Rome,,41.9028,12.4964,21,
2024-01-08T22:00:00+00:00,38.95,55.79,4.87,46.69,25,40,Rome,,41.9028,12.4964,21,
2024-01-08T23:00:00+00:00,38.4,50.87,7.63,45.28,25,40,Rome,,41.9028,12.4964,21,
2024-01-09T00:00:00+00:00,34.3,47.19,7.75,57.61,25,40,Rome,,41.9028,12.4964,21,
2024-01-09T01:00:00+00:00,31.87,45.88,9.27,62.0,25,40,Rome,,41.9028,12.4964,21,
2024-01-09T02:00:00+00:00,36.65,53.32,10.35,55.74,25,40,Rome,,41.9028,12.4964,21,
2024-01-09T03:00:00+00:00,38.71,54.96,12.16,61.26,25,40,Rome,,41.9028,12.4964,21,
2024-01-09T04:00:00+00:00,38.42,48.98,12.41,64.55,25,40,Rome,,41.9028,12.4964,21,
2024-01-09T05:00:00+00:00,33.13,43.32,11.59,61.67,25,40,Rome,,41.9028,12.4964,21,
2024-01-09T06:00:00+00:00,40.2,57.03,12.82,62.08,25,40,Rome,,41.9028,12.4964,21,
2024-01-09T07:00:00+00:00,40.24,57.08,12.02,61.36,25,40,Rome,,41.9028,12.4964,21,
2024-01-09T08:00:00+00:00,37.82,54.34,12.66,70.5,25,40,Rome,,41.9028,12.4964,21,
2024-01-09T09:00:00+00:00,35.0,48.56,10.48,68.68,25,40,Rome,,41.9028,12.4964,21,
2024-01-09T10:00:00+00:00,40.36,58.46,8.67,54.58,25,40,Rome,,41.9028,12.4964,21,
2024-01-09T11:00:00+00:00,34.86,50.8,8.5,62.39,25,40,Rome,,41.9028,12.4964,21,
2024-01-09T12:00:00+00:00,40.46,53.37,9.11,61.09,25,40,Rome,,41.9028,12.4964,21,
2024-01-09T13:00:00+00:00,34.13,43.37,5.54,52.14,25,40,Rome,,41.9028,12.4964,21,
2024-01-09T14:00:00+00:00,35.42,45.24,7.15,51.92,25,40,Rome,,41.9028,12.4964,21,
2024-01-09T15:00:00+00:00,32.99,43.86,5.06,49.54,25,40,Rome,,41.9028,12.4964,21,
2024-01-09T16:00:00+00:00,38.12,49.23,3.98,43.86,25,40,Rome,,41.9028,12.4964,21,
2024-01-09T17:00:00+00:00,39.08,52.21,3.45,38.47,25,40,Rome,,41.9028,12.4964,21,
2024-01-09T18:00:00+00:00,34.0,42.85,4.53,42.81,25,40,Rome,,41.9028,12.4964,21,
2024-01-09T19:00:00+00:00,31.7,45.26,3.19,37.97,25,40,Rome,,41.9028,12.4964,21,
2024-01-09T20:00:00+00:00,35.98,47.6,5.72,41.64,25,40,Rome,,41.9028,12.4964,21,
2024-01-09T21:00:00+00:00,39.08,51.27,3.99,41.32,25,40,Rome,,41.9028,12.4964,21,
2024-01-09T22:00:00+00:00,31.91,39.83,4.6,50.67,25,40,Rome,,41.9028,12.4964,21,
2024-01-09T23:00:00+00:00,36.2,51.5,6.58,48.11,25,40,Rome,,41.9028,12.4964,21,
2024-01-10T00:00:00+00:00,33.91,42.74,8.8,53.04,25,40,Rome,,41.9028,12.4964,21,
2024-01-10T01:00:00+00:00,38.84,53.95,8.78,51.56,25,40,Rome,,41.9028,12.4964,21,
2024-01-10T02:00:00+00:00,34.91,49.95,9.57,59.41,25,40,Rome,,41.9028,12.4964,21,
2024-01-10T03:00:00+00:00,42.03,54.68,11.68,69.34,25,40,Rome,,41.9028,12.4964,21,
2024-01-10T04:00:00+00:00,41.5,55.97,10.81,65.16,25,40,Rome,,41.9028,12.4964,21,
2024-01-10T05:00:00+00:00,41.78,54.13,12.77,69.6,25,40,Rome,,41.9028,12.4964,21,
2024-01-10T06:00:00+00:00,35.18,50.91,12.75,62.48,25,40,Rome,,41.9028,12.4964,21,
2024-01-10T07:00:00+00:00,40.09,51.77,13.12,69.51,25,40,Rome,,41.9028,12.4964,21,
2024-01-10T08:00:00+00:00,37.93,50.98,12.78,63.78,25,40,Rome,,41.9028,12.4964,21,
2024-01-10T09:00:00+00:00,37.73,47.95,10.82,59.23,25,40,Rome,,41.9028,12.4964,21,
2024-01-10T10:00:00+00:00,38.79,52.61,11.25,66.29,25,40,Rome,,41.9028,12.4964,21,
2024-01-10T11:00:00+00:00,34.01,44.78,10.14,55.34,25,40,Rome,,41.9028,12.4964,21,
2024-01-10T12:00:00+00:00,39.59,54.99,6.81,51.38,25,40,Rome,,41.9028,12.4964,21,
2024-01-10T13:00:00+00:00,40.96,56.11,7.1,57.41,25,40,Rome,,41.9028,12.4964,21,
2024-01-10T14:00:00+00:00,34.42,45.73,5.28,48.7,25,40,Rome,,41.9028,12.4964,21,
2024-01-10T15:00:00+00:00,41.71,55.46,4.32,53.07,25,40,Rome,,41.9028,12.4964,21,
2024-01-10T16:00:00+00:00,39.16,56.1,3.05,41.01,25,40,Rome,,41.9028,12.4964,21,
2024-01-10T17:00:00+00:00,34.61,49.53,4.7,42.88,25,40,Rome,,41.9028,12.4964,21,
2024-01-10T18:00:00+00:00,35.89,48.19,4.01,41.03,25,40,Rome,,41.9028,12.4964,21,
2024-01-10T19:00:00+00:00,36.07,48.89,4.12,41.45,25,40,Rome,,41.9028,12.4964,21,
2024-01-10T20:00:00+00:00,30.82,45.49,4.57,52.74,25,40,Rome,,41.9028,12.4964,21,
2024-01-10T21:00:00+00:00,30.17,37.81,4.6,46.93,25,40,Rome,,41.9028,12.4964,21,
2024-01-10T22:00:00+00:00,32.12,41.94,6.42,55.78,25,40,Rome,,41.9028,12.4964,21,
2024-01-10T23:00:00+00:00,33.64,44.38,8.2,58.16,25,40,Rome,,41.9028,12.4964,21,
2024-01-11T00:00:00+00:00,35.6,51.87,9.37,52.66,25,40,Rome,,41.9028,12.4964,21,
2024-01-11T01:00:00+00:00,35.89,45.47,9.39,65.23,25,40,Rome,,41.9028,12.4964,21,
2024-01-11T02:00:00+00:00,39.5,53.0,9.4,66.5,25,40,Rome,,41.9028,12.4964,21,
2024-01-11T03:00:00+00:00,36.84,46.73,12.26,67.28,25,40,Rome,,41.9028,12.4964,21,
2024-01-11T04:00:00+00:00,35.35,46.28,11.93,69.27,25,40,Rome,,41.9028,12.4964,21,
2024-01-11T05:00:00+00:00,42.02,54.97,10.87,72.36,25,40,Rome,,41.9028,12.4964,21,
2024-01-11T06:00:00+00:00,33.89,49.48,12.42,69.06,25,40,Rome,,41.9028,12.4964,21,
2024-01-11T07:00:00+00:00,35.18,47.42,12.36,71.78,25,40,Rome,,41.9028,12.4964,21,
2024-01-11T08:00:00+00:00,35.23,45.54,11.84,59.93,25,40,Rome,,41.9028,12.4964,21,
2024-01-11T09:00:00+00:00,39.19,50.52,11.58,69.48,25,40,Rome,,41.9028,12.4964,21,
2024-01-11T10:00:00+00:00,33.18,47.81,11.4,52.53,25,40,Rome,,41.9028,12.4964,21,
2024-01-11T11:00:00+00:00,40.27,52.99,9.87,63.86,25,40,Rome,,41.9028,12.4964,21,
2024-01-11T12:00:00+00:00,37.09,48.58,7.23,48.3,25,40,Rome,,41.9028,12.4964,21,
2024-01-11T13:00:00+00:00,33.39,48.68,6.94,55.07,25,40,Rome,,41.9028,12.4964,21,
2024-01-11T14:00:00+00:00,39.42,49.59,5.3,53.35,25,40,Rome,,41.9028,12.4964,21,
2024-01-11T15:00:00+00:00,34.18,48.22,3.94,52.73,25,40,Rome,,41.9028,12.4964,21,
2024-01-11T16:00:00+00:00,39.13,55.73,3.38,52.23,25,40,Rome,,41.9028,12.4964,21,
2024-01-11T17:00:00+00:00,34.82,49.53,4.96,37.54,25,40,Rome,,41.9028,12.4964,21,
2024-01-11T18:00:00+00:00,37.14,46.51,5.24,44.16,25,40,Rome,,41.9028,12.4964,21,
2024-01-11T19:00:00+00:00,29.61,40.71,5.29,45.56,25,40,Rome,,41.9028,12.4964,21,
2024-01-11T20:00:00+00:00,41.67,55.76,4.3,51.62,25,40,Rome,,41.9028,12.4964,21,
2024-01-11T21:00:00+00:00,36.49,52.06,5.39,51.21,25,40,Rome,,41.9028,12.4964,21,
2024-01-11T22:00:00+00:00,33.38,44.31,4.68,56.37,25,40,Rome,,41.9028,12.4964,21,
2024-01-11T23:00:00+00:00,30.31,42.73,6.36,50.0,25,40,Rome,,41.9028,12.4964,21,
2024-01-12T00:00:00+00:00,40.04,54.16,8.14,60.18,25,40,Rome,,41.9028,12.4964,21,
2024-01-12T01:00:00+00:00,40.31,50.77,9.39,60.45,25,40,Rome,,41.9028,12.4964,21,
2024-01-12T02:00:00+00:00,32.49,44.08,8.68,55.31,25,40,Rome,,41.9028,12.4964,21,
2024-01-12T03:00:00+00:00,36.87,51.14,11.44,63.34,25,40,Rome,,41.9028,12.4964,21,
2024-01-12T04:00:00+00:00,41.51,52.82,10.46,63.97,25,40,Rome,,41.9028,12.4964,21,
2024-01-12T05:00:00+00:00,32.32,45.83,10.58,69.5,25,40,Rome,,41.9028,12.4964,21,
2024-01-12T06:00:00+00:00,40.54,54.74,12.35,69.1,25,40,Rome,,41.9028,12.4964,21,
2024-01-12T07:00:00+00:00,33.3,45.91,10.52,71.63,25,40,Rome,,41.9028,12.4964,21,
2024-01-12T08:00:00+00:00,39.53,53.82,12.96,61.2,25,40,Rome,,41.9028,12.4964,21,
2024-01-12T09:00:00+00:00,34.07,49.04,9.75,59.84,25,40,Rome,,41.9028,12.4964,21,
2024-01-12T10:00:00+00:00,38.71,50.47,11.46,64.29,25,40,Rome,,41.9028,12.4964,21,
2024-01-12T11:00:00+00:00,37.15,47.7,9.57,61.68,25,40,Rome,,41.9028,12.4964,21,
2024-01-12T12:00:00+00:00,41.13,56.04,7.81,61.89,25,40,Rome,,41.9028,12.4964,21,
2024-01-12T13:00:00+00:00,41.31,58.02,6.03,59.49,25,40,Rome,,41.9028,12.4964,21,
2024-01-12T14:00:00+00:00,37.11,52.91,4.77,55.57,25,40,Rome,,41.9028,12.4964,21,
2024-01-12T15:00:00+00:00,41.04,57.99,6.65,54.15,25,40,Rome,,41.9028,12.4964,21,
2024-01-12T16:00:00+00:00,33.2,47.27,3.25,42.82,25,40,Rome,,41.9028,12.4964,21,
2024-01-12T17:00:00+00:00,36.45,45.86,4.85,41.89,25,40,Rome,,41.9028,12.4964,21,
2024-01-12T18:00:00+00:00,31.77,41.63,3.01,49.35,25,40,Rome,,41.9028,12.4964,21,
2024-01-12T19:00:00+00:00,30.55,41.53,2.82,46.29,25,40,Rome,,41.9028,12.4964,21,
2024-01-12T20:00:00+00:00,32.36,39.85,4.03,52.42,25,40,Rome,,41.9028,12.4964,21,
2024-01-12T21:00:00+00:00,36.85,46.57,4.44,43.56,25,40,Rome,,41.9028,12.4964,21,
2024-01-12T22:00:00+00:00,41.03,56.93,6.84,51.53,25,40,Rome,,41.9028,12.4964,21,
2024-01-12T23:00:00+00:00,38.91,53.67,7.14,57.52,25,40,Rome,,41.9028,12.4964,21,
2024-01-13T00:00:00+00:00,31.81,41.79,9.32,60.17,25,40,Rome,,41.9028,12.4964,21,
2024-01-13T01:00:00+00:00,32.22,47.09,9.66,57.2,25,40,Rome,,41.9028,12.4964,21,
2024-01-13T02:00:00+00:00,32.38,40.55,10.2,59.89,25,40,Rome,,41.9028,12.4964,21,
2024-01-13T03:00:00+00:00,39.53,50.74,9.33,66.29,25,40,Rome,,41.9028,12.4964,21,
2024-01-13T04:00:00+00:00,41.63,55.19,12.29,64.83,25,40,Rome,,41.9028,12.4964,21,
2024-01-13T05:00:00+00:00,33.4,42.7,11.25,71.02,25,40,Rome,,41.9028,12.4964,21,
2024-01-13T06:00:00+00:00,35.79,47.49,12.26,59.4,25,40,Rome,,41.9028,12.4964,21,
2024-01-13T07:00:00+00:00,41.01,58.72,12.61,64.67,25,40,Rome,,41.9028,12.4964,21,
2024-01-13T08:00:00+00:00,37.53,48.61,11.31,68.83,25,40,Rome,,41.9028,12.4964,21,
2024-01-13T09:00:00+00:00,33.98,43.41,9.55,64.45,25,40,Rome,,41.9028,12.4964,21,
2024-01-13T10:00:00+00:00,40.82,54.2,9.94,58.42,25,40,Rome,,41.9028,12.4964,21,
2024-01-13T11:00:00+00:00,39.34,50.9,7.73,59.3,25,40,Rome,,41.9028,12.4964,21,
2024-01-13T12:00:00+00:00,35.27,50.69,8.16,55.7,25,40,Rome,,41.9028,12.4964,21,
2024-01-13T13:00:00+00:00,36.58,45.81,5.7,55.97,25,40,Rome,,41.9028,12.4964,21,
2024-01-13T14:00:00+00:00,31.8,40.27,5.73,50.63,25,40,Rome,,41.9028,12.4964,21,
2024-01-13T15:00:00+00:00,32.73,46.01,5.59,40.92,25,40,Rome,,41.9028,12.4964,21,
2024-01-13T16:00:00+00:00,38.28,49.26,5.13,45.85,25,40,Rome,,41.9028,12.4964,21,
2024-01-13T17:00:00+00:00,31.27,40.6,5.31,46.36,25,40,Rome,,41.9028,12.4964,21,
2024-01-13T18:00:00+00:00,40.57,58.7,2.58,50.99,25,40,Rome,,41.9028,12.4964,21,
2024-01-13T19:00:00+00:00,35.65,48.86,5.18,44.61,25,40,Rome,,41.9028,12.4964,21,
2024-01-13T20:00:00+00:00,39.2,51.54,5.16,51.33,25,40,Rome,,41.9028,12.4964,21,
2024-01-13T21:00:00+00:00,31.38,42.77,4.5,50.18,25,40,Rome,,41.9028,12.4964,21,
2024-01-13T22:00:00+00:00,38.55,54.63,5.99,43.56,25,40,Rome,,41.9028,12.4964,21,
2024-01-13T23:00:00+00:00,37.81,50.81,7.62,47.2,25,40,Rome,,41.9028,12.4964,21,
2024-01-14T00:00:00+00:00,38.22,52.22,7.75,53.66,25,40,Rome,,41.9028,12.4964,21,
2024-01-14T01:00:00+00:00,34.56,43.6,8.02,52.28,25,40,Rome,,41.9028,12.4964,21,
2024-01-14T02:00:00+00:00,37.73,49.78,8.63,62.24,25,40,Rome,,41.9028,12.4964,21,
2024-01-14T03:00:00+00:00,33.23,45.58,10.97,66.35,25,40,Rome,,41.9028,12.4964,21,
2024-01-14T04:00:00+00:00,34.41,49.76,12.2,61.74,25,40,Rome,,41.9028,12.4964,21,
2024-01-14T05:00:00+00:00,38.5,50.4,10.56,72.41,25,40,Rome,,41.9028,12.4964,21,
2024-01-14T06:00:00+00:00,39.37,51.71,12.09,62.82,25,40,Rome,,41.9028,12.4964,21,
2024-01-14T07:00:00+00:00,32.97,45.9,11.59,59.88,25,40,Rome,,41.9028,12.4964,21,
2024-01-14T08:00:00+00:00,40.79,52.88,12.61,65.01,25,40,Rome,,41.9028,12.4964,21,
2024-01-14T09:00:00+00:00,35.0,45.18,9.78,59.03,25,40,Rome,,41.9028,12.4964,21,
2024-01-14T10:00:00+00:00,37.16,52.47,10.68,52.3,25,40,Rome,,41.9028,12.4964,21,
2024-01-14T11:00:00+00:00,40.45,55.87,7.86,52.56,25,40,Rome,,41.9028,12.4964,21,
2024-01-14T12:00:00+00:00,34.37,44.42,7.16,53.39,25,40,Rome,,41.9028,12.4964,21,
2024-01-14T13:00:00+00:00,31.86,42.15,8.39,59.94,25,40,Rome,,41.9028,12.4964,21,
2024-01-14T14:00:00+00:00,39.76,56.89,5.39,43.96,25,40,Rome,,41.9028,12.4964,21,
2024-01-14T15:00:00+00:00,35.07,50.31,3.88,40.58,25,40,Rome,,41.9028,12.4964,21,
2024-01-14T16:00:00+00:00,39.34,53.41,3.9,47.35,25,40,Rome,,41.9028,12.4964,21,
2024-01-14T17:00:00+00:00,30.56,37.94,4.63,42.49,25,40,Rome,,41.9028,12.4964,21,
2024-01-14T18:00:00+00:00,36.36,50.82,3.29,49.45,25,40,Rome,,41.9028,12.4964,21,
2024-01-14T19:00:00+00:00,30.26,39.75,5.26,40.41,25,40,Rome,,41.9028,12.4964,21,
2024-01-14T20:00:00+00:00,37.1,49.36,5.67,45.89,25,40,Rome,,41.9028,12.4964,21,
2024-01-14T21:00:00+00:00,31.49,44.94,5.53,40.39,25,40,Rome,,41.9028,12.4964,21,
2024-01-14T22:00:00+00:00,34.37,45.54,5.58,49.99,25,40,Rome,,41.9028,12.4964,21,
2024-01-14T23:00:00+00:00,33.89,45.83,7.54,60.25,25,40,Rome,,41.9028,12.4964,21,
2024-01-15T00:00:00+00:00,38.41,54.1,7.14,49.11,25,40,Rome,,41.9028,12.4964,21,
2024-01-15T01:00:00+00:00,35.1,51.13,8.14,58.96,25,40,Rome,,41.9028,12.4964,21,
2024-01-15T02:00:00+00:00,39.35,56.92,9.09,58.07,25,40,Rome,,41.9028,12.4964,21,
2024-01-15T03:00:00+00:00,36.78,49.39,10.07,55.51,25,40,Rome,,41.9028,12.4964,21,
2024-01-15T04:00:00+00:00,31.08,43.9,10.75,57.99,25,40,Rome,,41.9028,12.4964,21,
2024-01-15T05:00:00+00:00,35.41,46.08,13.07,67.42,25,40,Rome,,41.9028,12.4964,21,
2024-01-15T06:00:00+00:00,32.12,45.27,12.95,59.84,25,40,Rome,,41.9028,12.4964,21,
2024-01-15T07:00:00+00:00,42.41,58.48,12.12,65.78,25,40,Rome,,41.9028,12.4964,21,
2024-01-15T08:00:00+00:00,36.24,51.98,12.94,61.0,25,40,Rome,,41.9028,12.4964,21,
2024-01-15T09:00:00+00:00,37.34,48.37,12.26,55.14,25,40,Rome,,41.9028,12.4964,21,
2024-01-15T10:00:00+00:00,31.71,43.7,10.1,63.39,25,40,Rome,,41.9028,12.4964,21,
2024-01-15T11:00:00+00:00,35.8,50.35,8.79,59.89,25,40,Rome,,41.9028,12.4964,21,
2024-01-15T12:00:00+00:00,39.07,49.54,8.99,59.18,25,40,Rome,,41.9028,12.4964,21,
2024-01-15T13:00:00+00:00,35.76,51.46,5.76,45.57,25,40,Rome,,41.9028,12.4964,21,
2024-01-15T14:00:00+00:00,35.42,47.49,5.01,45.19,25,40,Rome,,41.9028,12.4964,21,
2024-01-15T15:00:00+00:00,40.32,51.25,6.13,53.36,25,40,Rome,,41.9028,12.4964,21,
2024-01-15T16:00:00+00:00,34.47,43.62,5.05,50.49,25,40,Rome,,41.9028,12.4964,21,
2024-01-15T17:00:00+00:00,30.26,41.02,4.73,39.81,25,40,Rome,,41.9028,12.4964,21,
2024-01-15T18:00:00+00:00,33.87,49.05,3.84,50.79,25,40,Rome,,41.9028,12.4964,21,
2024-01-15T19:00:00+00:00,39.0,51.0,5.4,40.11,25,40,Rome,,41.9028,12.4964,21,
2024-01-15T20:00:00+00:00,37.06,46.61,5.57,44.57,25,40,Rome,,41.9028,12.4964,21,
2024-01-15T21:00:00+00:00,38.05,53.15,6.01,41.45,25,40,Rome,,41.9028,12.4964,21,
2024-01-15T22:00:00+00:00,32.87,42.3,5.33,45.1,25,40,Rome,,41.9028,12.4964,21,
2024-01-15T23:00:00+00:00,32.81,41.84,6.52,53.1,25,40,Rome,,41.9028,12.4964,21,
2024-01-16T00:00:00+00:00,35.62,50.96,9.13,54.43,25,40,Rome,,41.9028,12.4964,21,
2024-01-16T01:00:00+00:00,40.4,51.34,9.06,54.04,25,40,Rome,,41.9028,12.4964,21,
2024-01-16T02:00:00+00:00,32.28,40.62,10.1,61.14,25,40,Rome,,41.9028,12.4964,21,
2024-01-16T03:00:00+00:00,33.51,47.62,10.33,61.98,25,40,Rome,,41.9028,12.4964,21,
2024-01-16T04:00:00+00:00,31.7,40.74,12.81,68.13,25,40,Rome,,41.9028,12.4964,21,
2024-01-16T05:00:00+00:00,39.93,53.54,11.64,61.97,25,40,Rome,,41.9028,12.4964,21,
2024-01-16T06:00:00+00:00,36.3,46.99,11.02,61.46,25,40,Rome,,41.9028,12.4964,21,
2024-01-16T07:00:00+00:00,40.85,56.06,11.18,61.57,25,40,Rome,,41.9028,12.4964,21,
2024-01-16T08:00:00+00:00,35.88,46.24,11.84,64.83,25,40,Rome,,41.9028,12.4964,21,
2024-01-16T09:00:00+00:00,41.21,51.65,11.41,59.05,25,40,Rome,,41.9028,12.4964,21,
2024-01-16T10:00:00+00:00,36.06,51.98,8.57,57.85,25,40,Rome,,41.9028,12.4964,21,
2024-01-16T11:00:00+00:00,36.41,48.35,8.74,58.62,25,40,Rome,,41.9028,12.4964,21,
2024-01-16T12:00:00+00:00,41.06,52.87,8.13,62.15,25,40,Rome,,41.9028,12.4964,21,
2024-01-16T13:00:00+00:00,34.23,43.96,6.22,52.35,25,40,Rome,,41.9028,12.4964,21,
2024-01-16T14:00:00+00:00,35.46,44.97,6.5,57.68,25,40,Rome,,41.9028,12.4964,21,
2024-01-16T15:00:00+00:00,39.62,53.29,5.4,55.02,25,40,Rome,,41.9028,12.4964,21,
2024-01-16T16:00:00+00:00,30.66,37.8,5.2,44.3,25,40,Rome,,41.9028,12.4964,21,
2024-01-16T17:00:00+00:00,33.47,46.45,3.41,47.53,25,40,Rome,,41.9028,12.4964,21,
2024-01-16T18:00:00+00:00,31.0,45.04,5.28,46.36,25,40,Rome,,41.9028,12.4964,21,
2024-01-16T19:00:00+00:00,37.03,46.35,4.17,39.05,25,40,Rome,,41.9028,12.4964,21,
2024-01-16T20:00:00+00:00,34.32,46.75,4.46,41.32,25,40,Rome,,41.9028,12.4964,21,
2024-01-16T21:00:00+00:00,39.05,56.71,5.08,51.97,25,40,Rome,,41.9028,12.4964,21,
2024-01-16T22:00:00+00:00,34.78,50.04,4.89,44.39,25,40,Rome,,41.9028,12.4964,21,
2024-01-16T23:00:00+00:00,38.91,51.83,8.26,55.61,25,40,Rome,,41.9028,12.4964,21,
2024-01-17T00:00:00+00:00,33.97,45.86,8.87,54.13,25,40,Rome,,41.9028,12.4964,21,
2024-01-17T01:00:00+00:00,35.34,50.18,10.22,63.77,25,40,Rome,,41.9028,12.4964,21,
2024-01-17T02:00:00+00:00,38.35,49.69,9.5,61.2,25,40,Rome,,41.9028,12.4964,21,
2024-01-17T03:00:00+00:00,39.74,56.72,9.54,54.8,25,40,Rome,,41.9028,12.4964,21,
2024-01-17T04:00:00+00:00,40.38,56.82,10.27,69.67,25,40,Rome,,41.9028,12.4964,21,
2024-01-17T05:00:00+00:00,40.27,53.61,11.2,67.42,25,40,Rome,,41.9028,12.4964,21,
2024-01-17T06:00:00+00:00,37.69,46.9,11.54,67.23,25,40,Rome,,41.9028,12.4964,21,
2024-01-17T07:00:00+00:00,36.0,46.15,10.97,60.56,25,40,Rome,,41.9028,12.4964,21,
2024-01-17T08:00:00+00:00,41.31,54.2,11.92,66.66,25,40,Rome,,41.9028,12.4964,21,
2024-01-17T09:00:00+00:00,40.68,51.75,9.66,57.94,25,40,Rome,,41.9028,12.4964,21,
2024-01-17T10:00:00+00:00,40.19,51.92,8.71,56.82,25,40,Rome,,41.9028,12.4964,21,
2024-01-17T11:00:00+00:00,40.24,51.62,9.12,58.88,25,40,Rome,,41.9028,12.4964,21,
2024-01-17T12:00:00+00:00,32.62,41.46,7.33,62.39,25,40,Rome,,41.9028,12.4964,21,
2024-01-17T13:00:00+00:00,30.04,40.86,7.84,48.56,25,40,Rome,,41.9028,12.4964,21,
2024-01-17T14:00:00+00:00,31.97,44.38,6.13,51.45,25,40,Rome,,41.9028,12.4964,21,
2024-01-17T15:00:00+00:00,37.85,47.27,4.41,46.34,25,40,Rome,,41.9028,12.4964,21,
2024-01-17T16:00:00+00:00,38.77,53.7,4.73,46.53,25,40,Rome,,41.9028,12.4964,21,
2024-01-17T17:00:00+00:00,38.95,56.05,3.41,38.19,25,40,Rome,,41.9028,12.4964,21,
2024-01-17T18:00:00+00:00,31.24,44.61,4.5,50.09,25,40,Rome,,41.9028,12.4964,21,
2024-01-17T19:00:00+00:00,39.94,55.53,2.71,49.02,25,40,Rome,,41.9028,12.4964,21,
2024-01-17T20:00:00+00:00,36.86,47.65,5.13,39.5,25,40,Rome,,41.9028,12.4964,21,
2024-01-17T21:00:00+00:00,30.65,41.73,4.44,49.22,25,40,Rome,,41.9028,12.4964,21,
2024-01-17T22:00:00+00:00,31.48,46.32,6.93,47.03,25,40,Rome,,41.9028,12.4964,21,
2024-01-17T23:00:00+00:00,39.5,54.52,6.87,56.2,25,40,Rome,,41.9028,12.4964,21,
2024-01-18T00:00:00+00:00,37.7,54.45,8.81,59.68,25,40,Rome,,41.9028,12.4964,21,
2024-01-18T01:00:00+00:00,32.57,42.44,7.61,54.44,25,40,Rome,,41.9028,12.4964,21,
2024-01-18T02:00:00+00:00,42.63,56.72,10.06,66.44,25,40,Rome,,41.9028,12.4964,21,
2024-01-18T03:00:00+00:00,35.79,52.06,9.57,67.23,25,40,Rome,,41.9028,12.4964,21,
2024-01-18T04:00:00+00:00,35.04,48.41,10.98,60.34,25,40,Rome,,41.9028,12.4964,21,
2024-01-18T05:00:00+00:00,42.98,60.66,12.2,70.68,25,40,Rome,,41.9028,12.4964,21,
2024-01-18T06:00:00+00:00,35.32,49.66,13.31,71.57,25,40,Rome,,41.9028,12.4964,21,
2024-01-18T07:00:00+00:00,34.91,43.39,10.72,68.77,25,40,Rome,,41.9028,12.4964,21,
2024-01-18T08:00:00+00:00,36.05,52.53,12.45,63.1,25,40,Rome,,41.9028,12.4964,21,
2024-01-18T09:00:00+00:00,40.39,56.38,12.01,64.57,25,40,Rome,,41.9028,12.4964,21,
2024-01-18T10:00:00+00:00,40.92,51.25,9.53,53.45,25,40,Rome,,41.9028,12.4964,21,
2024-01-18T11:00:00+00:00,35.15,48.5,8.88,60.24,25,40,Rome,,41.9028,12.4964,21,
2024-01-18T12:00:00+00:00,32.21,46.56,6.81,55.29,25,40,Rome,,41.9028,12.4964,21,
2024-01-18T13:00:00+00:00,37.79,49.56,7.17,47.34,25,40,Rome,,41.9028,12.4964,21,
2024-01-18T14:00:00+00:00,39.12,50.33,5.11,49.03,25,40,Rome,,41.9028,12.4964,21,
2024-01-18T15:00:00+00:00,39.02,53.22,5.24,54.99,25,40,Rome,,41.9028,12.4964,21,
2024-01-18T16:00:00+00:00,30.85,37.76,3.53,45.14,25,40,Rome,,41.9028,12.4964,21,
2024-01-18T17:00:00+00:00,35.62,47.12,5.04,52.22,25,40,Rome,,41.9028,12.4964,21,
2024-01-18T18:00:00+00:00,39.79,55.83,4.15,48.43,25,40,Rome,,41.9028,12.4964,21,
2024-01-18T19:00:00+00:00,38.04,55.02,3.95,39.64,25,40,Rome,,41.9028,12.4964,21,
2024-01-18T20:00:00+00:00,32.25,45.5,4.56,41.76,25,40,Rome,,41.9028,12.4964,21,
2024-01-18T21:00:00+00:00,35.83,49.06,6.6,40.72,25,40,Rome,,41.9028,12.4964,21,
2024-01-18T22:00:00+00:00,34.88,48.6,6.74,49.76,25,40,Rome,,41.9028,12.4964,21,
2024-01-18T23:00:00+00:00,41.35,58.12,6.24,57.73,25,40,Rome,,41.9028,12.4964,21,
2024-01-19T00:00:00+00:00,37.98,52.08,8.94,60.9,25,40,Rome,,41.9028,12.4964,21,
2024-01-19T01:00:00+00:00,39.04,49.85,7.62,51.79,25,40,Rome,,41.9028,12.4964,21,
2024-01-19T02:00:00+00:00,34.69,48.79,9.32,67.05,25,40,Rome,,41.9028,12.4964,21,
2024-01-19T03:00:00+00:00,41.29,57.42,9.67,69.85,25,40,Rome,,41.9028,12.4964,21,
2024-01-19T04:00:00+00:00,38.26,54.94,12.43,61.28,25,40,Rome,,41.9028,12.4964,21,
2024-01-19T05:00:00+00:00,37.0,46.73,11.41,71.58,25,40,Rome,,41.9028,12.4964,21,
2024-01-19T06:00:00+00:00,38.51,53.36,13.14,67.74,25,40,Rome,,41.9028,12.4964,21,
2024-01-19T07:00:00+00:00,32.72,44.57,10.57,64.53,25,40,Rome,,41.9028,12.4964,21,
2024-01-19T08:00:00+00:00,41.96,53.44,11.62,68.77,25,40,Rome,,41.9028,12.4964,21,
2024-01-19T09:00:00+00:00,34.86,46.63,11.55,57.44,25,40,Rome,,41.9028,12.4964,21,
2024-01-19T10:00:00+00:00,40.42,51.92,8.87,58.34,25,40,Rome,,41.9028,12.4964,21,
2024-01-19T11:00:00+00:00,40.41,53.26,8.29,63.27,25,40,Rome,,41.9028,12.4964,21,
2024-01-19T12:00:00+00:00,35.8,44.94,7.9,52.94,25,40,Rome,,41.9028,12.4964,21,
2024-01-19T13:00:00+00:00,34.43,47.74,6.1,45.49,25,40,Rome,,41.9028,12.4964,21,
2024-01-19T14:00:00+00:00,31.14,42.47,5.63,45.88,25,40,Rome,,41.9028,12.4964,21,
2024-01-19T15:00:00+00:00,38.71,54.14,4.73,53.19,25,40,Rome,,41.9028,12.4964,21,
2024-01-19T16:00:00+00:00,32.48,41.17,5.9,52.54,25,40,Rome,,41.9028,12.4964,21,
2024-01-19T17:00:00+00:00,37.53,47.96,4.82,48.23,25,40,Rome,,41.9028,12.4964,21,
2024-01-19T18:00:00+00:00,41.46,52.13,4.4,52.34,25,40,Rome,,41.9028,12.4964,21,
2024-01-19T19:00:00+00:00,33.59,43.66,5.1,46.86,25,40,Rome,,41.9028,12.4964,21,
2024-01-19T20:00:00+00:00,38.37,55.45,4.1,48.47,25,40,Rome,,41.9028,12.4964,21,
2024-01-19T21:00:00+00:00,37.87,53.85,4.81,45.63,25,40,Rome,,41.9028,12.4964,21,
2024-01-19T22:00:00+00:00,37.55,51.16,6.1,47.85,25,40,Rome,,41.9028,12.4964,21,
2024-01-19T23:00:00+00:00,35.69,48.99,6.86,58.1,25,40,Rome,,41.9028,12.4964,21,
2024-01-20T00:00:00+00:00,41.32,55.58,7.91,55.13,25,40,Rome,,41.9028,12.4964,21,
2024-01-20T01:00:00+00:00,38.7,48.39,9.16,61.2,25,40,Rome,,41.9028,12.4964,21,
2024-01-20T02:00:00+00:00,30.51,44.95,11.02,56.8,25,40,Rome,,41.9028,12.4964,21,
2024-01-20T03:00:00+00:00,37.23,51.5,11.01,67.34,25,40,Rome,,41.9028,12.4964,21,
2024-01-20T04:00:00+00:00,35.7,50.01,9.98,70.84,25,40,Rome,,41.9028,12.4964,21,
2024-01-20T05:00:00+00:00,32.31,45.97,12.77,59.68,25,40,Rome,,41.9028,12.4964,21,
2024-01-20T06:00:00+00:00,39.7,50.44,11.47,68.61,25,40,Rome,,41.9028,12.4964,21,
2024-01-20T07:00:00+00:00,33.9,47.64,11.93,62.38,25,40,Rome,,41.9028,12.4964,21,
2024-01-20T08:00:00+00:00,39.55,53.59,10.19,59.94,25,40,Rome,,41.9028,12.4964,21,
2024-01-20T09:00:00+00:00,37.45,47.8,10.46,62.4,25,40,Rome,,41.9028,12.4964,21,
2024-01-20T10:00:00+00:00,33.07,47.55,10.6,66.61,25,40,Rome,,41.9028,12.4964,21,
2024-01-20T11:00:00+00:00,35.1,49.23,9.35,50.03,25,40,Rome,,41.9028,12.4964,21,
2024-01-20T12:00:00+00:00,41.53,56.7,9.32,61.78,25,40,Rome,,41.9028,12.4964,21,
2024-01-20T13:00:00+00:00,30.62,45.28,5.64,49.99,25,40,Rome,,41.9028,12.4964,21,
2024-01-20T14:00:00+00:00,30.87,45.63,7.4,45.94,25,40,Rome,,41.9028,12.4964,21,
2024-01-20T15:00:00+00:00,40.9,53.4,4.35,47.72,25,40,Rome,,41.9028,12.4964,21,
2024-01-20T16:00:00+00:00,40.18,52.06,4.24,43.88,25,40,Rome,,41.9028,12.4964,21,
2024-01-20T17:00:00+00:00,31.23,43.43,4.74,43.71,25,40,Rome,,41.9028,12.4964,21,
2024-01-20T18:00:00+00:00,38.9,53.53,3.46,44.1,25,40,Rome,,41.9028,12.4964,21,
2024-01-20T19:00:00+00:00,36.52,51.8,5.32,45.58,25,40,Rome,,41.9028,12.4964,21,
2024-01-20T20:00:00+00:00,30.71,42.69,5.0,39.61,25,40,Rome,,41.9028,12.4964,21,
2024-01-20T21:00:00+00:00,31.36,43.71,6.53,41.22,25,40,Rome,,41.9028,12.4964,21,
2024-01-20T22:00:00+00:00,33.05,44.06,5.03,50.15,25,40,Rome,,41.9028,12.4964,21,
2024-01-20T23:00:00+00:00,32.14,46.72,6.27,59.25,25,40,Rome,,41.9028,12.4964,21,
2024-01-21T00:00:00+00:00,31.58,40.99,7.53,55.27,25,40,Rome,,41.9028,12.4964,21,
2024-01-21T01:00:00+00:00,33.57,47.44,7.83,55.11,25,40,Rome,,41.9028,12.4964,21,
2024-01-21T02:00:00+00:00,35.2,46.87,10.01,65.12,25,40,Rome,,41.9028,12.4964,21,
2024-01-21T03:00:00+00:00,41.24,51.76,10.86,65.47,25,40,Rome,,41.9028,12.4964,21,
2024-01-21T04:00:00+00:00,31.35,45.23,12.08,63.27,25,40,Rome,,41.9028,12.4964,21,
2024-01-21T05:00:00+00:00,32.96,43.71,12.75,70.62,25,40,Rome,,41.9028,12.4964,21,
2024-01-21T06:00:00+00:00,34.23,47.13,10.66,67.78,25,40,Rome,,41.9028,12.4964,21,
2024-01-21T07:00:00+00:00,40.38,53.92,12.69,61.79,25,40,Rome,,41.9028,12.4964,21,
2024-01-21T08:00:00+00:00,38.58,53.45,11.85,59.77,25,40,Rome,,41.9028,12.4964,21,
2024-01-21T09:00:00+00:00,37.35,48.16,11.86,55.95,25,40,Rome,,41.9028,12.4964,21,
2024-01-21T10:00:00+00:00,36.89,47.83,9.58,63.73,25,40,Rome,,41.9028,12.4964,21,
2024-01-21T11:00:00+00:00,36.79,47.31,8.85,52.71,25,40,Rome,,41.9028,12.4964,21,
2024-01-21T12:00:00+00:00,30.63,39.64,8.6,56.62,25,40,Rome,,41.9028,12.4964,21,
2024-01-21T13:00:00+00:00,36.81,50.74,5.56,56.21,25,40,Rome,,41.9028,12.4964,21,
2024-01-21T14:00:00+00:00,35.62,51.53,4.73,51.02,25,40,Rome,,41.9028,12.4964,21,
2024-01-21T15:00:00+00:00,30.24,42.11,4.96,42.68,25,40,Rome,,41.9028,12.4964,21,
2024-01-21T16:00:00+00:00,30.53,38.64,4.79,42.42,25,40,Rome,,41.9028,12.4964,21,
2024-01-21T17:00:00+00:00,40.48,54.23,4.51,52.77,25,40,Rome,,41.9028,12.4964,21,
2024-01-21T18:00:00+00:00,41.0,55.22,5.11,49.96,25,40,Rome,,41.9028,12.4964,21,
2024-01-21T19:00:00+00:00,34.11,42.14,4.12,38.86,25,40,Rome,,41.9028,12.4964,21,
2024-01-21T20:00:00+00:00,30.33,38.54,4.71,39.31,25,40,Rome,,41.9028,12.4964,21,
2024-01-21T21:00:00+00:00,34.08,47.51,5.87,45.42,25,40,Rome,,41.9028,12.4964,21,
2024-01-21T22:00:00+00:00,34.6,49.85,6.66,46.14,25,40,Rome,,41.9028,12.4964,21,
2024-01-21T23:00:00+00:00,33.22,43.17,8.33,48.39,25,40,Rome,,41.9028,12.4964,21,
2024-01-22T00:00:00+00:00,36.28,46.21,8.4,60.88,25,40,Rome,,41.9028,12.4964,21,
2024-01-22T01:00:00+00:00,35.06,50.64,7.87,52.91,25,40,Rome,,41.9028,12.4964,21,
2024-01-22T02:00:00+00:00,30.79,45.21,10.78,53.43,25,40,Rome,,41.9028,12.4964,21,
2024-01-22T03:00:00+00:00,32.71,44.87,9.5,54.67,25,40,Rome,,41.9028,12.4964,21,
2024-01-22T04:00:00+00:00,39.9,51.83,11.88,59.13,25,40,Rome,,41.9028,12.4964,21,
2024-01-22T05:00:00+00:00,33.59,44.62,12.15,71.68,25,40,Rome,,41.9028,12.4964,21,
2024-01-22T06:00:00+00:00,32.05,41.12,12.14,58.12,25,40,Rome,,41.9028,12.4964,21,
2024-01-22T07:00:00+00:00,38.27,55.53,10.52,71.39,25,40,Rome,,41.9028,12.4964,21,
2024-01-22T08:00:00+00:00,31.97,44.53,12.88,69.63,25,40,Rome,,41.9028,12.4964,21,
2024-01-22T09:00:00+00:00,31.56,45.57,11.35,63.66,25,40,Rome,,41.9028,12.4964,21,
2024-01-22T10:00:00+00:00,30.71,42.58,8.83,55.72,25,40,Rome,,41.9028,12.4964,21,
2024-01-22T11:00:00+00:00,36.83,45.96,8.28,65.35,25,40,Rome,,41.9028,12.4964,21,
2024-01-22T12:00:00+00:00,38.12,53.66,8.25,58.78,25,40,Rome,,41.9028,12.4964,21,
2024-01-22T13:00:00+00:00,35.08,49.07,7.4,53.13,25,40,Rome,,41.9028,12.4964,21,
2024-01-22T14:00:00+00:00,38.36,55.57,5.7,45.07,25,40,Rome,,41.9028,12.4964,21,
2024-01-22T15:00:00+00:00,34.92,50.96,5.19,50.69,25,40,Rome,,41.9028,12.4964,21,
2024-01-22T16:00:00+00:00,32.85,42.46,4.59,52.19,25,40,Rome,,41.9028,12.4964,21,
2024-01-22T17:00:00+00:00,37.64,54.65,5.4,46.94,25,40,Rome,,41.9028,12.4964,21,
2024-01-22T18:00:00+00:00,39.64,52.77,4.29,49.92,25,40,Rome,,41.9028,12.4964,21,
2024-01-22T19:00:00+00:00,35.94,50.88,3.79,46.77,25,40,Rome,,41.9028,12.4964,21,
2024-01-22T20:00:00+00:00,31.45,39.61,4.02,40.16,25,40,Rome,,41.9028,12.4964,21,
2024-01-22T21:00:00+00:00,39.51,50.66,4.34,49.77,25,40,Rome,,41.9028,12.4964,21,
2024-01-22T22:00:00+00:00,39.95,50.44,4.57,55.36,25,40,Rome,,41.9028,12.4964,21,
2024-01-22T23:00:00+00:00,36.31,45.24,8.31,57.89,25,40,Rome,,41.9028,12.4964,21,
2024-01-23T00:00:00+00:00,31.04,38.81,9.22,51.97,25,40,Rome,,41.9028,12.4964,21,
2024-01-23T01:00:00+00:00,35.16,49.45,9.69,64.37,25,40,Rome,,41.9028,12.4964,21,
2024-01-23T02:00:00+00:00,41.19,56.04,10.18,67.19,25,40,Rome,,41.9028,12.4964,21,
2024-01-23T03:00:00+00:00,39.17,51.61,11.17,68.75,25,40,Rome,,41.9028,12.4964,21,
2024-01-23T04:00:00+00:00,42.08,58.38,11.08,63.69,25,40,Rome,,41.9028,12.4964,21,
2024-01-23T05:00:00+00:00,41.05,58.87,12.36,64.07,25,40,Rome,,41.9028,12.4964,21,
2024-01-23T06:00:00+00:00,42.01,58.63,11.88,71.41,25,40,Rome,,41.9028,12.4964,21,
2024-01-23T07:00:00+00:00,32.71,42.29,12.58,61.81,25,40,Rome,,41.9028,12.4964,21,
2024-01-23T08:00:00+00:00,40.69,53.95,12.03,67.17,25,40,Rome,,41.9028,12.4964,21,
2024-01-23T09:00:00+00:00,40.17,54.74,11.78,58.65,25,40,Rome,,41.9028,12.4964,21,
2024-01-23T10:00:00+00:00,30.19,39.79,11.07,56.2,25,40,Rome,,41.9028,12.4964,21,
2024-01-23T11:00:00+00:00,32.54,47.57,8.4,59.37,25,40,Rome,,41.9028,12.4964,21,
2024-01-23T12:00:00+00:00,39.52,49.39,8.9,61.77,25,40,Rome,,41.9028,12.4964,21,
2024-01-23T13:00:00+00:00,39.09,53.51,5.94,46.66,25,40,Rome,,41.9028,12.4964,21,
2024-01-23T14:00:00+00:00,39.5,49.55,5.47,52.15,25,40,Rome,,41.9028,12.4964,21,
2024-01-23T15:00:00+00:00,32.29,41.84,6.44,41.06,25,40,Rome,,41.9028,12.4964,21,
2024-01-23T16:00:00+00:00,30.38,40.97,3.57,43.32,25,40,Rome,,41.9028,12.4964,21,
2024-01-23T17:00:00+00:00,39.88,57.43,4.26,47.35,25,40,Rome,,41.9028,12.4964,21,
2024-01-23T18:00:00+00:00,33.35,43.83,3.6,45.15,25,40,Rome,,41.9028,12.4964,21,
2024-01-23T19:00:00+00:00,32.4,41.59,3.85,50.74,25,40,Rome,,41.9028,12.4964,21,
2024-01-23T20:00:00+00:00,31.38,39.31,3.92,54.25,25,40,Rome,,41.9028,12.4964,21,
2024-01-23T21:00:00+00:00,35.12,46.33,6.59,49.08,25,40,Rome,,41.9028,12.4964,21,
2024-01-23T22:00:00+00:00,34.28,47.02,5.43,42.51,25,40,Rome,,41.9028,12.4964,21,
2024-01-23T23:00:00+00:00,38.53,49.23,5.5,58.29,25,40,Rome,,41.9028,12.4964,21,
2024-01-24T00:00:00+00:00,39.1,56.55,6.77,48.47,25,40,Rome,,41.9028,12.4964,21,
2024-01-24T01:00:00+00:00,33.42,44.76,9.13,52.44,25,40,Rome,,41.9028,12.4964,21,
2024-01-24T02:00:00+00:00,42.14,55.17,9.95,66.13,25,40,Rome,,41.9028,12.4964,21,
2024-01-24T03:00:00+00:00,39.04,53.16,10.69,61.64,25,40,Rome,,41.9028,12.4964,21,
2024-01-24T04:00:00+00:00,37.9,52.12,10.44,64.01,25,40,Rome,,41.9028,12.4964,21,
2024-01-24T05:00:00+00:00,41.7,53.26,12.2,64.3,25,40,Rome,,41.9028,12.4964,21,
2024-01-24T06:00:00+00:00,34.35,48.22,13.15,58.8,25,40,Rome,,41.9028,12.4964,21,
2024-01-24T07:00:00+00:00,38.72,54.48,12.37,61.9,25,40,Rome,,41.9028,12.4964,21,
2024-01-24T08:00:00+00:00,36.99,47.52,11.08,57.65,25,40,Rome,,41.9028,12.4964,21,
2024-01-24T09:00:00+00:00,32.32,47.3,11.48,65.78,25,40,Rome,,41.9028,12.4964,21,
2024-01-24T10:00:00+00:00,34.52,47.35,8.81,58.03,25,40,Rome,,41.9028,12.4964,21,
2024-01-24T11:00:00+00:00,37.51,47.59,8.79,61.68,25,40,Rome,,41.9028,12.4964,21,
2024-01-24T12:00:00+00:00,39.04,51.25,6.96,60.63,25,40,Rome,,41.9028,12.4964,21,
2024-01-24T13:00:00+00:00,31.29,42.79,6.19,55.87,25,40,Rome,,41.9028,12.4964,21,
2024-01-24T14:00:00+00:00,32.73,45.09,6.34,42.67,25,40,Rome,,41.9028,12.4964,21,
2024-01-24T15:00:00+00:00,37.14,50.47,4.69,46.36,25,40,Rome,,41.9028,12.4964,21,
2024-01-24T16:00:00+00:00,32.22,43.75,4.83,42.47,25,40,Rome,,41.9028,12.4964,21,
2024-01-24T17:00:00+00:00,34.94,44.04,4.75,45.68,25,40,Rome,,41.9028,12.4964,21,
2024-01-24T18:00:00+00:00,35.3,46.17,4.7,50.93,25,40,Rome,,41.9028,12.4964,21,
2024-01-24T19:00:00+00:00,39.79,55.41,4.54,40.33,25,40,Rome,,41.9028,12.4964,21,
2024-01-24T20:00:00+00:00,35.77,51.84,4.42,52.94,25,40,Rome,,41.9028,12.4964,21,
2024-01-24T21:00:00+00:00,30.64,38.06,4.38,44.02,25,40,Rome,,41.9028,12.4964,21,
2024-01-24T22:00:00+00:00,33.53,42.61,6.8,57.24,25,40,Rome,,41.9028,12.4964,21,
2024-01-24T23:00:00+00:00,30.44,38.45,8.35,51.4,25,40,Rome,,41.9028,12.4964,21,
2024-01-25T00:00:00+00:00,31.03,40.22,8.88,52.74,25,40,Rome,,41.9028,12.4964,21,
2024-01-25T01:00:00+00:00,34.04,43.86,10.31,63.83,25,40,Rome,,41.9028,12.4964,21,
2024-01-25T02:00:00+00:00,37.62,48.3,8.66,56.72,25,40,Rome,,41.9028,12.4964,21,
2024-01-25T03:00:00+00:00,30.73,40.62,9.46,57.11,25,40,Rome,,41.9028,12.4964,21,
2024-01-25T04:00:00+00:00,41.64,57.39,12.23,64.99,25,40,Rome,,41.9028,12.4964,21,
2024-01-25T05:00:00+00:00,30.69,41.46,12.72,58.39,25,40,Rome,,41.9028,12.4964,21,
2024-01-25T06:00:00+00:00,38.3,55.37,12.35,68.98,25,40,Rome,,41.9028,12.4964,21,
2024-01-25T07:00:00+00:00,32.41,47.48,11.96,60.58,25,40,Rome,,41.9028,12.4964,21,
2024-01-25T08:00:00+00:00,32.5,46.26,12.24,64.16,25,40,Rome,,41.9028,12.4964,21,
2024-01-25T09:00:00+00:00,35.04,50.92,9.62,67.89,25,40,Rome,,41.9028,12.4964,21,
2024-01-25T10:00:00+00:00,41.27,56.76,8.61,65.11,25,40,Rome,,41.9028,12.4964,21,
2024-01-25T11:00:00+00:00,33.77,43.86,9.28,62.5,25,40,Rome,,41.9028,12.4964,21,
2024-01-25T12:00:00+00:00,41.01,59.04,6.93,53.21,25,40,Rome,,41.9028,12.4964,21,
2024-01-25T13:00:00+00:00,38.54,51.77,7.54,51.98,25,40,Rome,,41.9028,12.4964,21,
2024-01-25T14:00:00+00:00,33.45,43.71,4.5,57.15,25,40,Rome,,41.9028,12.4964,21,
2024-01-25T15:00:00+00:00,32.32,45.73,6.48,48.12,25,40,Rome,,41.9028,12.4964,21,
2024-01-25T16:00:00+00:00,32.8,46.59,4.31,48.1,25,40,Rome,,41.9028,12.4964,21,
2024-01-25T17:00:00+00:00,37.78,48.7,4.98,48.22,25,40,Rome,,41.9028,12.4964,21,
2024-01-25T18:00:00+00:00,31.7,46.79,4.32,39.46,25,40,Rome,,41.9028,12.4964,21,
2024-01-25T19:00:00+00:00,32.59,40.4,5.13,50.94,25,40,Rome,,41.9028,12.4964,21,
2024-01-25T20:00:00+00:00,30.72,43.44,5.76,51.97,25,40,Rome,,41.9028,12.4964,21,
2024-01-25T21:00:00+00:00,34.12,45.28,3.99,46.89,25,40,Rome,,41.9028,12.4964,21,
2024-01-25T22:00:00+00:00,35.55,51.0,5.08,54.92,25,40,Rome,,41.9028,12.4964,21,
2024-01-25T23:00:00+00:00,41.72,57.49,7.62,59.27,25,40,Rome,,41.9028,12.4964,21,
2024-01-26T00:00:00+00:00,35.3,47.71,7.31,60.67,25,40,Rome,,41.9028,12.4964,21,
2024-01-26T01:00:00+00:00,40.76,54.79,8.16,58.17,25,40,Rome,,41.9028,12.4964,21,
2024-01-26T02:00:00+00:00,42.39,58.06,10.03,65.47,25,40,Rome,,41.9028,12.4964,21,
2024-01-26T03:00:00+00:00,38.24,52.88,11.33,64.18,25,40,Rome,,41.9028,12.4964,21,
2024-01-26T04:00:00+00:00,38.37,47.95,12.24,69.95,25,40,Rome,,41.9028,12.4964,21,
2024-01-26T05:00:00+00:00,31.8,41.95,10.75,65.07,25,40,Rome,,41.9028,12.4964,21,
2024-01-26T06:00:00+00:00,31.86,45.7,12.26,62.96,25,40,Rome,,41.9028,12.4964,21,
2024-01-26T07:00:00+00:00,38.2,53.69,11.2,59.82,25,40,Rome,,41.9028,12.4964,21,
2024-01-26T08:00:00+00:00,42.49,53.53,12.6,70.35,25,40,Rome,,41.9028,12.4964,21,
2024-01-26T09:00:00+00:00,32.66,47.87,10.2,62.03,25,40,Rome,,41.9028,12.4964,21,
2024-01-26T10:00:00+00:00,34.76,45.51,10.26,58.77,25,40,Rome,,41.9028,12.4964,21,
2024-01-26T11:00:00+00:00,33.7,47.05,7.64,53.01,25,40,Rome,,41.9028,12.4964,21,
2024-01-26T12:00:00+00:00,39.42,52.06,9.41,47.42,25,40,Rome,,41.9028,12.4964,21,
2024-01-26T13:00:00+00:00,37.4,52.34,8.27,57.03,25,40,Rome,,41.9028,12.4964,21,
2024-01-26T14:00:00+00:00,38.79,54.9,5.1,54.19,25,40,Rome,,41.9028,12.4964,21,
2024-01-26T15:00:00+00:00,39.8,54.39,4.79,41.23,25,40,Rome,,41.9028,12.4964,21,
2024-01-26T16:00:00+00:00,32.25,44.35,5.2,42.01,25,40,Rome,,41.9028,12.4964,21,
2024-01-26T17:00:00+00:00,39.78,52.18,4.27,50.44,25,40,Rome,,41.9028,12.4964,21,
2024-01-26T18:00:00+00:00,38.85,56.24,3.58,38.05,25,40,Rome,,41.9028,12.4964,21,
2024-01-26T19:00:00+00:00,33.16,42.14,5.45,52.3,25,40,Rome,,41.9028,12.4964,21,
2024-01-26T20:00:00+00:00,33.83,43.97,5.72,42.63,25,40,Rome,,41.9028,12.4964,21,
2024-01-26T21:00:00+00:00,30.56,41.93,3.84,49.12,25,40,Rome,,41.9028,12.4964,21,
2024-01-26T22:00:00+00:00,37.13,47.22,5.46,44.3,25,40,Rome,,41.9028,12.4964,21,
2024-01-26T23:00:00+00:00,38.84,49.25,7.93,47.17,25,40,Rome,,41.9028,12.4964,21,
2024-01-27T00:00:00+00:00,30.44,42.65,8.06,54.5,25,40,Rome,,41.9028,12.4964,21,
2024-01-27T01:00:00+00:00,42.27,60.73,8.7,61.63,25,40,Rome,,41.9028,12.4964,21,
2024-01-27T02:00:00+00:00,35.62,46.06,10.66,61.09,25,40,Rome,,41.9028,12.4964,21,
2024-01-27T03:00:00+00:00,33.5,47.12,9.84,68.22,25,40,Rome,,41.9028,12.4964,21,
2024-01-27T04:00:00+00:00,33.67,47.67,10.98,64.04,25,40,Rome,,41.9028,12.4964,21,
2024-01-27T05:00:00+00:00,42.4,53.5,10.92,69.34,25,40,Rome,,41.9028,12.4964,21,
2024-01-27T06:00:00+00:00,39.0,54.49,13.37,71.02,25,40,Rome,,41.9028,12.4964,21,
2024-01-27T07:00:00+00:00,33.48,47.8,11.52,60.36,25,40,Rome,,41.9028,12.4964,21,
2024-01-27T08:00:00+00:00,38.47,50.5,12.06,57.7,25,40,Rome,,41.9028,12.4964,21,
2024-01-27T09:00:00+00:00,31.97,39.45,11.8,61.01,25,40,Rome,,41.9028,12.4964,21,
2024-01-27T10:00:00+00:00,42.09,54.29,10.59,66.88,25,40,Rome,,41.9028,12.4964,21,
2024-01-27T11:00:00+00:00,40.26,54.34,10.37,51.46,25,40,Rome,,41.9028,12.4964,21,
2024-01-27T12:00:00+00:00,35.33,49.85,7.61,56.41,25,40,Rome,,41.9028,12.4964,21,
2024-01-27T13:00:00+00:00,34.04,45.91,6.08,48.23,25,40,Rome,,41.9028,12.4964,21,
2024-01-27T14:00:00+00:00,33.46,44.71,4.6,50.81,25,40,Rome,,41.9028,12.4964,21,
2024-01-27T15:00:00+00:00,39.73,53.85,4.55,45.74,25,40,Rome,,41.9028,12.4964,21,
2024-01-27T16:00:00+00:00,30.56,42.4,4.58,41.52,25,40,Rome,,41.9028,12.4964,21,
2024-01-27T17:00:00+00:00,34.29,47.32,3.45,47.8,25,40,Rome,,41.9028,12.4964,21,
2024-01-27T18:00:00+00:00,36.97,46.31,5.08,42.89,25,40,Rome,,41.9028,12.4964,21,
2024-01-27T19:00:00+00:00,33.42,42.67,2.7,38.08,25,40,Rome,,41.9028,12.4964,21,
2024-01-27T20:00:00+00:00,31.65,44.64,3.45,51.65,25,40,Rome,,41.9028,12.4964,21,
2024-01-27T21:00:00+00:00,39.36,55.24,4.17,49.4,25,40,Rome,,41.9028,12.4964,21,
2024-01-27T22:00:00+00:00,39.33,50.81,6.55,52.74,25,40,Rome,,41.9028,12.4964,21,
2024-01-27T23:00:00+00:00,39.11,53.13,8.38,51.7,25,40,Rome,,41.9028,12.4964,21,
2024-01-28T00:00:00+00:00,39.53,50.56,8.9,61.86,25,40,Rome,,41.9028,12.4964,21,
2024-01-28T01:00:00+00:00,36.29,47.51,8.06,49.89,25,40,Rome,,41.9028,12.4964,21,
2024-01-28T02:00:00+00:00,37.65,54.43,8.7,60.25,25,40,Rome,,41.9028,12.4964,21,
2024-01-28T03:00:00+00:00,37.94,52.96,11.32,62.12,25,40,Rome,,41.9028,12.4964,21,
2024-01-28T04:00:00+00:00,42.08,60.39,12.68,63.82,25,40,Rome,,41.9028,12.4964,21,
2024-01-28T05:00:00+00:00,37.41,54.37,13.25,66.14,25,40,Rome,,41.9028,12.4964,21,
2024-01-28T06:00:00+00:00,39.63,51.45,12.06,64.3,25,40,Rome,,41.9028,12.4964,21,
2024-01-28T07:00:00+00:00,34.95,44.07,11.4,71.6,25,40,Rome,,41.9028,12.4964,21,
2024-01-28T08:00:00+00:00,38.7,52.87,10.37,63.91,25,40,Rome,,41.9028,12.4964,21,
2024-01-28T09:00:00+00:00,40.66,54.94,10.74,66.44,25,40,Rome,,41.9028,12.4964,21,
2024-01-28T10:00:00+00:00,31.76,45.99,10.52,52.6,25,40,Rome,,41.9028,12.4964,21,
2024-01-28T11:00:00+00:00,42.15,54.68,10.12,63.74,25,40,Rome,,41.9028,12.4964,21,
2024-01-28T12:00:00+00:00,31.13,42.84,8.88,49.96,25,40,Rome,,41.9028,12.4964,21,
2024-01-28T13:00:00+00:00,40.74,52.62,6.0,54.81,25,40,Rome,,41.9028,12.4964,21,
2024-01-28T14:00:00+00:00,38.38,53.86,4.81,46.63,25,40,Rome,,41.9028,12.4964,21,
2024-01-28T15:00:00+00:00,36.1,50.47,6.28,46.24,25,40,Rome,,41.9028,12.4964,21,
2024-01-28T16:00:00+00:00,36.3,51.37,5.97,44.85,25,40,Rome,,41.9028,12.4964,21,
2024-01-28T17:00:00+00:00,31.56,39.21,4.61,39.07,25,40,Rome,,41.9028,12.4964,21,
2024-01-28T18:00:00+00:00,34.8,47.17,4.86,48.22,25,40,Rome,,41.9028,12.4964,21,
2024-01-28T19:00:00+00:00,36.84,49.47,3.95,39.37,25,40,Rome,,41.9028,12.4964,21,
2024-01-28T20:00:00+00:00,30.21,37.64,5.21,42.39,25,40,Rome,,41.9028,12.4964,21,
2024-01-28T21:00:00+00:00,34.35,46.67,3.77,48.59,25,40,Rome,,41.9028,12.4964,21,
2024-01-28T22:00:00+00:00,31.77,39.17,7.35,51.9,25,40,Rome,,41.9028,12.4964,21,
2024-01-28T23:00:00+00:00,35.99,45.25,7.32,51.55,25,40,Rome,,41.9028,12.4964,21,
2024-01-29T00:00:00+00:00,29.84,37.9,8.04,47.98,25,40,Rome,,41.9028,12.4964,21,
2024-01-29T01:00:00+00:00,36.36,48.17,8.29,59.5,25,40,Rome,,41.9028,12.4964,21,
2024-01-29T02:00:00+00:00,33.77,44.46,11.41,55.94,25,40,Rome,,41.9028,12.4964,21,
2024-01-29T03:00:00+00:00,42.06,54.75,11.24,66.8,25,40,Rome,,41.9028,12.4964,21,
2024-01-29T04:00:00+00:00,31.84,46.25,10.38,60.6,25,40,Rome,,41.9028,12.4964,21,
2024-01-29T05:00:00+00:00,37.67,54.02,12.58,68.99,25,40,Rome,,41.9028,12.4964,21,
2024-01-29T06:00:00+00:00,39.49,53.38,13.04,58.58,25,40,Rome,,41.9028,12.4964,21,
2024-01-29T07:00:00+00:00,36.69,51.16,13.33,61.29,25,40,Rome,,41.9028,12.4964,21,
2024-01-29T08:00:00+00:00,41.05,53.97,10.53,59.97,25,40,Rome,,41.9028,12.4964,21,
2024-01-29T09:00:00+00:00,35.88,49.23,9.39,68.3,25,40,Rome,,41.9028,12.4964,21,
2024-01-29T10:00:00+00:00,30.77,38.25,10.12,58.81,25,40,Rome,,41.9028,12.4964,21,
2024-01-29T11:00:00+00:00,31.5,43.92,7.86,60.99,25,40,Rome,,41.9028,12.4964,21,
2024-01-29T12:00:00+00:00,35.06,43.78,7.52,48.85,25,40,Rome,,41.9028,12.4964,21,
2024-01-29T13:00:00+00:00,40.29,51.6,6.48,52.07,25,40,Rome,,41.9028,12.4964,21,
2024-01-29T14:00:00+00:00,39.66,54.53,5.21,45.8,25,40,Rome,,41.9028,12.4964,21,
2024-01-29T15:00:00+00:00,34.87,46.64,5.79,42.37,25,40,Rome,,41.9028,12.4964,21,
2024-01-29T16:00:00+00:00,34.24,43.02,3.86,47.36,25,40,Rome,,41.9028,12.4964,21,
2024-01-29T17:00:00+00:00,31.34,42.55,4.99,45.78,25,40,Rome,,41.9028,12.4964,21,
2024-01-29T18:00:00+00:00,37.27,47.46,3.49,38.03,25,40,Rome,,41.9028,12.4964,21,
2024-01-29T19:00:00+00:00,37.51,49.36,3.26,42.41,25,40,Rome,,41.9028,12.4964,21,
2024-01-29T20:00:00+00:00,32.79,47.53,4.37,39.38,25,40,Rome,,41.9028,12.4964,21,
2024-01-29T21:00:00+00:00,34.16,47.63,5.84,45.02,25,40,Rome,,41.9028,12.4964,21,
2024-01-29T22:00:00+00:00,37.74,49.91,5.94,47.2,25,40,Rome,,41.9028,12.4964,21,
2024-01-29T23:00:00+00:00,34.34,42.48,5.65,44.94,25,40,Rome,,41.9028,12.4964,21,
2024-01-30T00:00:00+00:00,39.58,52.58,7.87,61.82,25,40,Rome,,41.9028,12.4964,21,
2024-01-30T01:00:00+00:00,38.17,49.33,8.6,55.19,25,40,Rome,,41.9028,12.4964,21,
2024-01-30T02:00:00+00:00,33.76,42.38,9.62,54.36,25,40,Rome,,41.9028,12.4964,21,
2024-01-30T03:00:00+00:00,39.51,54.21,11.01,57.63,25,40,Rome,,41.9028,12.4964,21,
2024-01-30T04:00:00+00:00,32.36,46.16,11.17,57.11,25,40,Rome,,41.9028,12.4964,21,
2024-01-30T05:00:00+00:00,32.68,45.57,11.77,70.27,25,40,Rome,,41.9028,12.4964,21,
2024-01-30T06:00:00+00:00,34.83,50.8,12.66,59.73,25,40,Rome,,41.9028,12.4964,21,
2024-01-30T07:00:00+00:00,38.94,55.35,10.83,64.19,25,40,Rome,,41.9028,12.4964,21,
2024-01-30T08:00:00+00:00,39.07,52.98,11.81,67.11,25,40,Rome,,41.9028,12.4964,21,
2024-01-30T09:00:00+00:00,38.87,49.09,12.3,63.19,25,40,Rome,,41.9028,12.4964,21,
2024-01-30T10:00:00+00:00,32.85,47.78,9.48,64.79,25,40,Rome,,41.9028,12.4964,21,
2024-01-30T11:00:00+00:00,33.43,42.54,9.05,50.05,25,40,Rome,,41.9028,12.4964,21,
2024-01-30T12:00:00+00:00,35.51,50.21,9.3,47.57,25,40,Rome,,41.9028,12.4964,21,
2024-01-30T13:00:00+00:00,36.89,47.48,7.31,53.47,25,40,Rome,,41.9028,12.4964,21,
2024-01-30T14:00:00+00:00,36.68,52.72,6.47,48.24,25,40,Rome,,41.9028,12.4964,21,
2024-01-30T15:00:00+00:00,34.97,47.35,5.95,55.08,25,40,Rome,,41.9028,12.4964,21,
2024-01-30T16:00:00+00:00,32.24,42.74,3.26,51.96,25,40,Rome,,41.9028,12.4964,21,
2024-01-30T17:00:00+00:00,37.54,46.7,5.51,39.99,25,40,Rome,,41.9028,12.4964,21,
2024-01-30T18:00:00+00:00,30.69,43.67,3.98,41.85,25,40,Rome,,41.9028,12.4964,21,
2024-01-30T19:00:00+00:00,38.02,52.07,4.6,48.28,25,40,Rome,,41.9028,12.4964,21,
2024-01-30T20:00:00+00:00,35.44,50.74,3.58,42.91,25,40,Rome,,41.9028,12.4964,21,
2024-01-30T21:00:00+00:00,38.62,54.8,5.38,54.8,25,40,Rome,,41.9028,12.4964,21,
2024-01-30T22:00:00+00:00,31.15,42.04,6.5,42.76,25,40,Rome,,41.9028,12.4964,21,
2024-01-30T23:00:00+00:00,31.38,44.02,7.65,55.51,25,40,Rome,,41.9028,12.4964,21,
2024-01-31T00:00:00+00:00,34.15,44.04,9.06,47.77,25,40,Rome,,41.9028,12.4964,21,
2024-01-31T01:00:00+00:00,36.96,51.15,8.34,60.57,25,40,Rome,,41.9028,12.4964,21,
2024-01-31T02:00:00+00:00,40.2,57.84,10.88,64.48,25,40,Rome,,41.9028,12.4964,21,
2024-01-31T03:00:00+00:00,35.08,43.83,9.99,56.77,25,40,Rome,,41.9028,12.4964,21,
2024-01-31T04:00:00+00:00,34.08,43.91,12.49,68.21,25,40,Rome,,41.9028,12.4964,21,
2024-01-31T05:00:00+00:00,39.83,54.02,11.42,67.34,25,40,Rome,,41.9028,12.4964,21,
2024-01-31T06:00:00+00:00,37.3,53.04,11.53,67.82,25,40,Rome,,41.9028,12.4964,21,
2024-01-31T07:00:00+00:00,39.43,52.42,12.03,58.64,25,40,Rome,,41.9028,12.4964,21,
2024-01-31T08:00:00+00:00,36.65,52.04,10.61,68.05,25,40,Rome,,41.9028,12.4964,21,
2024-01-31T09:00:00+00:00,33.14,42.21,9.8,63.31,25,40,Rome,,41.9028,12.4964,21,
2024-01-31T10:00:00+00:00,37.68,49.44,10.67,56.86,25,40,Rome,,41.9028,12.4964,21,
2024-01-31T11:00:00+00:00,34.96,46.35,9.3,65.2,25,40,Rome,,41.9028,12.4964,21,
2024-01-31T12:00:00+00:00,33.0,47.14,7.99,56.33,25,40,Rome,,41.9028,12.4964,21,
2024-01-31T13:00:00+00:00,31.45,42.5,7.26,45.94,25,40,Rome,,41.9028,12.4964,21,
2024-01-31T14:00:00+00:00,39.38,50.2,5.54,56.14,25,40,Rome,,41.9028,12.4964,21,
2024-01-31T15:00:00+00:00,40.05,51.58,5.37,51.95,25,40,Rome,,41.9028,12.4964,21,
2024-01-31T16:00:00+00:00,40.22,58.26,5.42,53.99,25,40,Rome,,41.9028,12.4964,21,
2024-01-31T17:00:00+00:00,40.48,56.21,2.99,51.13,25,40,Rome,,41.9028,12.4964,21,
2024-01-31T18:00:00+00:00,35.04,48.24,3.57,44.25,25,40,Rome,,41.9028,12.4964,21,
2024-01-31T19:00:00+00:00,31.91,44.32,4.38,48.36,25,40,Rome,,41.9028,12.4964,21,
2024-01-31T20:00:00+00:00,39.21,49.8,5.52,47.58,25,40,Rome,,41.9028,12.4964,21,
2024-01-31T21:00:00+00:00,38.23,54.14,6.29,53.89,25,40,Rome,,41.9028,12.4964,21,
2024-01-31T22:00:00+00:00,34.88,50.75,6.77,46.0,25,40,Rome,,41.9028,12.4964,21,
2024-01-31T23:00:00+00:00,33.92,42.15,5.78,53.25,25,40,Rome,,41.9028,12.4964,21,
2024-02-01T00:00:00+00:00,31.62,42.33,9.55,60.73,25,40,Rome,,41.9028,12.4964,21,
2024-02-01T01:00:00+00:00,35.07,48.09,10.89,52.27,25,40,Rome,,41.9028,12.4964,21,
2024-02-01T02:00:00+00:00,40.93,57.17,11.48,59.35,25,40,Rome,,41.9028,12.4964,21,
2024-02-01T03:00:00+00:00,34.77,50.05,12.93,67.17,25,40,Rome,,41.9028,12.4964,21,
2024-02-01T04:00:00+00:00,38.6,56.01,12.87,56.89,25,40,Rome,,41.9028,12.4964,21,
2024-02-01T05:00:00+00:00,38.21,53.81,13.07,62.89,25,40,Rome,,41.9028,12.4964,21,
2024-02-01T06:00:00+00:00,40.43,55.98,13.19,70.11,25,40,Rome,,41.9028,12.4964,21,
2024-02-01T07:00:00+00:00,30.39,39.65,13.36,57.73,25,40,Rome,,41.9028,12.4964,21,
2024-02-01T08:00:00+00:00,42.7,55.54,11.21,69.58,25,40,Rome,,41.9028,12.4964,21,
2024-02-01T09:00:00+00:00,35.74,45.98,13.06,55.43,25,40,Rome,,41.9028,12.4964,21,
2024-02-01T10:00:00+00:00,40.75,54.0,11.53,62.67,25,40,Rome,,41.9028,12.4964,21,
2024-02-01T11:00:00+00:00,30.61,39.9,9.47,51.55,25,40,Rome,,41.9028,12.4964,21,
2024-02-01T12:00:00+00:00,33.69,41.9,7.91,47.48,25,40,Rome,,41.9028,12.4964,21,
2024-02-01T13:00:00+00:00,31.02,43.86,8.54,51.98,25,40,Rome,,41.9028,12.4964,21,
2024-02-01T14:00:00+00:00,35.46,47.81,7.64,48.16,25,40,Rome,,41.9028,12.4964,21,
2024-02-01T15:00:00+00:00,40.98,56.03,5.84,51.15,25,40,Rome,,41.9028,12.4964,21,
2024-02-01T16:00:00+00:00,36.89,46.49,6.15,44.98,25,40,Rome,,41.9028,12.4964,21,
2024-02-01T17:00:00+00:00,30.75,39.67,4.56,38.56,25,40,Rome,,41.9028,12.4964,21,
2024-02-01T18:00:00+00:00,37.75,48.28,5.53,49.86,25,40,Rome,,41.9028,12.4964,21,
2024-02-01T19:00:00+00:00,40.16,56.82,6.48,50.38,25,40,Rome,,41.9028,12.4964,21,
2024-02-01T20:00:00+00:00,37.31,54.27,6.48,45.02,25,40,Rome,,41.9028,12.4964,21,
2024-02-01T21:00:00+00:00,36.14,45.2,7.45,50.18,25,40,Rome,,41.9028,12.4964,21,
2024-02-01T22:00:00+00:00,38.39,48.96,5.94,49.13,25,40,Rome,,41.9028,12.4964,21,
2024-02-01T23:00:00+00:00,37.06,48.0,6.85,58.85,25,40,Rome,,41.9028,12.4964,21,
2024-02-02T00:00:00+00:00,30.33,42.18,7.57,49.98,25,40,Rome,,41.9028,12.4964,21,
2024-02-02T01:00:00+00:00,39.92,57.22,9.13,58.17,25,40,Rome,,41.9028,12.4964,21,
2024-02-02T02:00:00+00:00,33.49,44.48,10.93,52.44,25,40,Rome,,41.9028,12.4964,21,
2024-02-02T03:00:00+00:00,42.03,59.13,12.79,67.76,25,40,Rome,,41.9028,12.4964,21,
2024-02-02T04:00:00+00:00,37.78,52.85,13.02,71.56,25,40,Rome,,41.9028,12.4964,21,
2024-02-02T05:00:00+00:00,36.34,50.12,11.68,68.98,25,40,Rome,,41.9028,12.4964,21,
2024-02-02T06:00:00+00:00,33.91,46.86,13.03,60.31,25,40,Rome,,41.9028,12.4964,21,
2024-02-02T07:00:00+00:00,31.61,43.13,12.96,63.6,25,40,Rome,,41.9028,12.4964,21,
2024-02-02T08:00:00+00:00,34.3,46.63,13.26,69.59,25,40,Rome,,41.9028,12.4964,21,
2024-02-02T09:00:00+00:00,39.46,49.51,11.22,58.41,25,40,Rome,,41.9028,12.4964,21,
2024-02-02T10:00:00+00:00,37.42,48.5,9.83,56.84,25,40,Rome,,41.9028,12.4964,21,
2024-02-02T11:00:00+00:00,32.78,46.98,11.38,60.69,25,40,Rome,,41.9028,12.4964,21,
2024-02-02T12:00:00+00:00,34.45,45.07,8.15,55.34,25,40,Rome,,41.9028,12.4964,21,
2024-02-02T13:00:00+00:00,31.45,43.89,6.75,44.58,25,40,Rome,,41.9028,12.4964,21,
2024-02-02T14:00:00+00:00,31.06,45.37,8.04,47.29,25,40,Rome,,41.9028,12.4964,21,
2024-02-02T15:00:00+00:00,41.18,57.65,5.59,55.63,25,40,Rome,,41.9028,12.4964,21,
2024-02-02T16:00:00+00:00,36.31,51.06,5.71,39.79,25,40,Rome,,41.9028,12.4964,21,
2024-02-02T17:00:00+00:00,31.56,44.31,3.85,43.72,25,40,Rome,,41.9028,12.4964,21,
2024-02-02T18:00:00+00:00,29.49,38.08,4.66,44.39,25,40,Rome,,41.9028,12.4964,21,
2024-02-02T19:00:00+00:00,31.02,38.98,6.27,41.34,25,40,Rome,,41.9028,12.4964,21,
2024-02-02T20:00:00+00:00,33.24,45.43,6.31,42.18,25,40,Rome,,41.9028,12.4964,21,
2024-02-02T21:00:00+00:00,39.51,55.44,6.88,49.68,25,40,Rome,,41.9028,12.4964,21,
2024-02-02T22:00:00+00:00,38.84,54.04,6.99,44.33,25,40,Rome,,41.9028,12.4964,21,
2024-02-02T23:00:00+00:00,37.22,46.58,7.44,49.08,25,40,Rome,,41.9028,12.4964,21,
2024-02-03T00:00:00+00:00,34.25,45.03,7.89,58.27,25,40,Rome,,41.9028,12.4964,21,
2024-02-03T01:00:00+00:00,33.76,45.48,8.65,56.36,25,40,Rome,,41.9028,12.4964,21,
2024-02-03T02:00:00+00:00,37.97,51.62,11.43,64.06,25,40,Rome,,41.9028,12.4964,21,
2024-02-03T03:00:00+00:00,34.83,47.96,11.51,67.02,25,40,Rome,,41.9028,12.4964,21,
2024-02-03T04:00:00+00:00,32.98,45.12,13.72,70.31,25,40,Rome,,41.9028,12.4964,21,
2024-02-03T05:00:00+00:00,41.21,53.65,12.18,68.34,25,40,Rome,,41.9028,12.4964,21,
2024-02-03T06:00:00+00:00,32.67,43.19,11.89,64.68,25,40,Rome,,41.9028,12.4964,21,
2024-02-03T07:00:00+00:00,31.52,39.2,12.15,60.0,25,40,Rome,,41.9028,12.4964,21,
2024-02-03T08:00:00+00:00,36.8,47.48,12.59,62.87,25,40,Rome,,41.9028,12.4964,21,
2024-02-03T09:00:00+00:00,32.74,46.62,12.71,69.88,25,40,Rome,,41.9028,12.4964,21,
2024-02-03T10:00:00+00:00,31.04,43.29,12.07,56.56,25,40,Rome,,41.9028,12.4964,21,
2024-02-03T11:00:00+00:00,33.13,42.19,11.45,61.24,25,40,Rome,,41.9028,12.4964,21,
2024-02-03T12:00:00+00:00,37.67,50.84,9.02,55.05,25,40,Rome,,41.9028,12.4964,21,
2024-02-03T13:00:00+00:00,41.55,56.36,6.7,56.77,25,40,Rome,,41.9028,12.4964,21,
2024-02-03T14:00:00+00:00,36.21,48.22,7.67,47.15,25,40,Rome,,41.9028,12.4964,21,
2024-02-03T15:00:00+00:00,32.66,40.4,5.73,41.46,25,40,Rome,,41.9028,12.4964,21,
2024-02-03T16:00:00+00:00,31.9,46.0,6.82,49.95,25,40,Rome,,41.9028,12.4964,21,
2024-02-03T17:00:00+00:00,40.85,53.64,3.67,47.04,25,40,Rome,,41.9028,12.4964,21,
2024-02-03T18:00:00+00:00,30.54,40.52,3.66,47.85,25,40,Rome,,41.9028,12.4964,21,
2024-02-03T19:00:00+00:00,31.89,43.55,4.18,46.95,25,40,Rome,,41.9028,12.4964,21,
2024-02-03T20:00:00+00:00,36.79,50.7,5.65,43.15,25,40,Rome,,41.9028,12.4964,21,
2024-02-03T21:00:00+00:00,37.14,46.29,6.43,42.82,25,40,Rome,,41.9028,12.4964,21,
2024-02-03T22:00:00+00:00,33.53,47.74,7.98,44.24,25,40,Rome,,41.9028,12.4964,21,
2024-02-03T23:00:00+00:00,32.55,46.6,9.22,49.06,25,40,Rome,,41.9028,12.4964,21,
2024-02-04T00:00:00+00:00,40.55,53.81,9.4,62.51,25,40,Rome,,41.9028,12.4964,21,
2024-02-04T01:00:00+00:00,32.97,45.51,10.37,52.9,25,40,Rome,,41.9028,12.4964,21,
2024-02-04T02:00:00+00:00,38.64,48.66,10.79,62.41,25,40,Rome,,41.9028,12.4964,21,
2024-02-04T03:00:00+00:00,39.46,54.81,12.15,68.82,25,40,Rome,,41.9028,12.4964,21,
2024-02-04T04:00:00+00:00,33.2,43.28,11.35,63.06,25,40,Rome,,41.9028,12.4964,21,
2024-02-04T05:00:00+00:00,37.78,50.26,13.98,62.4,25,40,Rome,,41.9028,12.4964,21,
2024-02-04T06:00:00+00:00,40.98,55.74,14.0,68.74,25,40,Rome,,41.9028,12.4964,21,
2024-02-04T07:00:00+00:00,32.26,41.35,12.29,62.36,25,40,Rome,,41.9028,12.4964,21,
2024-02-04T08:00:00+00:00,38.42,49.72,12.02,61.85,25,40,Rome,,41.9028,12.4964,21,
2024-02-04T09:00:00+00:00,34.27,47.2,11.14,60.3,25,40,Rome,,41.9028,12.4964,21,
2024-02-04T10:00:00+00:00,38.31,51.54,9.94,64.39,25,40,Rome,,41.9028,12.4964,21,
2024-02-04T11:00:00+00:00,33.96,49.75,11.03,62.49,25,40,Rome,,41.9028,12.4964,21,
2024-02-04T12:00:00+00:00,35.79,48.43,10.12,54.73,25,40,Rome,,41.9028,12.4964,21,
2024-02-04T13:00:00+00:00,35.91,52.3,6.84,48.34,25,40,Rome,,41.9028,12.4964,21,
2024-02-04T14:00:00+00:00,38.07,54.63,5.52,47.64,25,40,Rome,,41.9028,12.4964,21,
2024-02-04T15:00:00+00:00,37.51,47.29,6.23,53.87,25,40,Rome,,41.9028,12.4964,21,
2024-02-04T16:00:00+00:00,36.59,46.95,6.05,41.02,25,40,Rome,,41.9028,12.4964,21,
2024-02-04T17:00:00+00:00,37.77,49.74,5.2,51.71,25,40,Rome,,41.9028,12.4964,21,
2024-02-04T18:00:00+00:00,30.81,41.97,5.21,41.36,25,40,Rome,,41.9028,12.4964,21,
2024-02-04T19:00:00+00:00,32.21,47.09,4.82,52.88,25,40,Rome,,41.9028,12.4964,21,
2024-02-04T20:00:00+00:00,31.3,38.81,4.29,39.44,25,40,Rome,,41.9028,12.4964,21,
2024-02-04T21:00:00+00:00,37.75,53.4,5.59,42.44,25,40,Rome,,41.9028,12.4964,21,
2024-02-04T22:00:00+00:00,36.47,48.61,7.4,44.97,25,40,Rome,,41.9028,12.4964,21,
2024-02-04T23:00:00+00:00,36.88,47.39,9.13,48.64,25,40,Rome,,41.9028,12.4964,21,
2024-02-05T00:00:00+00:00,35.9,52.4,8.54,62.33,25,40,Rome,,41.9028,12.4964,21,
2024-02-05T01:00:00+00:00,32.86,40.5,9.7,52.65,25,40,Rome,,41.9028,12.4964,21,
2024-02-05T02:00:00+00:00,35.18,44.02,10.21,64.84,25,40,Rome,,41.9028,12.4964,21,
2024-02-05T03:00:00+00:00,30.83,39.94,11.73,59.84,25,40,Rome,,41.9028,12.4964,21,
2024-02-05T04:00:00+00:00,34.58,44.37,13.4,64.14,25,40,Rome,,41.9028,12.4964,21,
2024-02-05T05:00:00+00:00,36.5,47.94,12.75,66.47,25,40,Rome,,41.9028,12.4964,21,
2024-02-05T06:00:00+00:00,39.49,52.03,12.74,69.9,25,40,Rome,,41.9028,12.4964,21,
2024-02-05T07:00:00+00:00,33.08,47.26,12.49,58.13,25,40,Rome,,41.9028,12.4964,21,
2024-02-05T08:00:00+00:00,30.72,39.97,12.94,62.64,25,40,Rome,,41.9028,12.4964,21,
2024-02-05T09:00:00+00:00,36.2,49.22,12.18,69.43,25,40,Rome,,41.9028,12.4964,21,
2024-02-05T10:00:00+00:00,41.91,57.57,10.81,61.62,25,40,Rome,,41.9028,12.4964,21,
2024-02-05T11:00:00+00:00,32.66,47.03,10.09,63.2,25,40,Rome,,41.9028,12.4964,21,
2024-02-05T12:00:00+00:00,35.4,49.44,9.97,50.93,25,40,Rome,,41.9028,12.4964,21,
2024-02-05T13:00:00+00:00,42.12,54.77,8.85,59.98,25,40,Rome,,41.9028,12.4964,21,
2024-02-05T14:00:00+00:00,39.09,49.41,7.43,54.49,25,40,Rome,,41.9028,12.4964,21,
2024-02-05T15:00:00+00:00,29.19,38.71,6.4,45.81,25,40,Rome,,41.9028,12.4964,21,
2024-02-05T16:00:00+00:00,38.68,49.45,5.41,44.31,25,40,Rome,,41.9028,12.4964,21,
2024-02-05T17:00:00+00:00,39.73,52.18,4.62,45.47,25,40,Rome,,41.9028,12.4964,21,
2024-02-05T18:00:00+00:00,33.44,44.37,6.15,37.19,25,40,Rome,,41.9028,12.4964,21,
2024-02-05T19:00:00+00:00,38.1,54.02,6.2,49.58,25,40,Rome,,41.9028,12.4964,21,
2024-02-05T20:00:00+00:00,36.47,51.81,4.57,53.5,25,40,Rome,,41.9028,12.4964,21,
2024-02-05T21:00:00+00:00,41.12,55.94,6.83,52.77,25,40,Rome,,41.9028,12.4964,21,
2024-02-05T22:00:00+00:00,40.75,52.58,6.69,50.73,25,40,Rome,,41.9028,12.4964,21,
2024-02-05T23:00:00+00:00,30.4,44.61,7.78,44.83,25,40,Rome,,41.9028,12.4964,21,
2024-02-06T00:00:00+00:00,30.97,42.04,9.7,53.85,25,40,Rome,,41.9028,12.4964,21,
2024-02-06T01:00:00+00:00,38.97,51.26,8.83,54.95,25,40,Rome,,41.9028,12.4964,21,
2024-02-06T02:00:00+00:00,38.05,48.22,12.17,66.52,25,40,Rome,,41.9028,12.4964,21,
2024-02-06T03:00:00+00:00,38.3,49.03,11.44,56.39,25,40,Rome,,41.9028,12.4964,21,
2024-02-06T04:00:00+00:00,31.28,39.74,12.8,63.75,25,40,Rome,,41.9028,12.4964,21,
2024-02-06T05:00:00+00:00,35.35,48.77,12.01,68.85,25,40,Rome,,41.9028,12.4964,21,
2024-02-06T06:00:00+00:00,31.16,39.14,13.89,58.11,25,40,Rome,,41.9028,12.4964,21,
2024-02-06T07:00:00+00:00,39.15,56.22,11.72,61.52,25,40,Rome,,41.9028,12.4964,21,
2024-02-06T08:00:00+00:00,32.86,46.1,13.75,62.54,25,40,Rome,,41.9028,12.4964,21,
2024-02-06T09:00:00+00:00,38.41,54.39,10.74,55.84,25,40,Rome,,41.9028,12.4964,21,
2024-02-06T10:00:00+00:00,37.52,52.39,10.01,58.75,25,40,Rome,,41.9028,12.4964,21,
2024-02-06T11:00:00+00:00,33.3,46.55,11.25,60.93,25,40,Rome,,41.9028,12.4964,21,
2024-02-06T12:00:00+00:00,30.81,38.08,8.73,50.66,25,40,Rome,,41.9028,12.4964,21,
2024-02-06T13:00:00+00:00,37.85,49.67,9.19,45.55,25,40,Rome,,41.9028,12.4964,21,
2024-02-06T14:00:00+00:00,37.76,54.44,8.24,43.68,25,40,Rome,,41.9028,12.4964,21,
2024-02-06T15:00:00+00:00,33.8,47.48,7.46,53.24,25,40,Rome,,41.9028,12.4964,21,
2024-02-06T16:00:00+00:00,31.88,44.83,4.07,38.84,25,40,Rome,,41.9028,12.4964,21,
2024-02-06T17:00:00+00:00,33.55,41.77,5.84,43.7,25,40,Rome,,41.9028,12.4964,21,
2024-02-06T18:00:00+00:00,33.66,45.48,3.95,46.65,25,40,Rome,,41.9028,12.4964,21,
2024-02-06T19:00:00+00:00,32.43,43.75,5.42,50.26,25,40,Rome,,41.9028,12.4964,21,
2024-02-06T20:00:00+00:00,30.33,41.92,6.44,52.63,25,40,Rome,,41.9028,12.4964,21,
2024-02-06T21:00:00+00:00,30.49,44.07,5.18,47.78,25,40,Rome,,41.9028,12.4964,21,
2024-02-06T22:00:00+00:00,31.14,44.47,8.27,46.3,25,40,Rome,,41.9028,12.4964,21,
2024-02-06T23:00:00+00:00,40.1,52.77,8.96,56.17,25,40,Rome,,41.9028,12.4964,21,
2024-02-07T00:00:00+00:00,35.96,50.52,10.23,53.46,25,40,Rome,,41.9028,12.4964,21,
2024-02-07T01:00:00+00:00,38.36,47.94,9.67,63.73,25,40,Rome,,41.9028,12.4964,21,
2024-02-07T02:00:00+00:00,42.48,59.64,9.86,63.72,25,40,Rome,,41.9028,12.4964,21,
2024-02-07T03:00:00+00:00,31.88,46.51,10.95,57.38,25,40,Rome,,41.9028,12.4964,21,
2024-02-07T04:00:00+00:00,41.15,52.55,11.49,67.12,25,40,Rome,,41.9028,12.4964,21,
2024-02-07T05:00:00+00:00,29.79,39.16,14.04,58.42,25,40,Rome,,41.9028,12.4964,21,
2024-02-07T06:00:00+00:00,41.58,58.09,11.78,68.95,25,40,Rome,,41.9028,12.4964,21,
2024-02-07T07:00:00+00:00,34.03,45.21,12.56,61.07,25,40,Rome,,41.9028,12.4964,21,
2024-02-07T08:00:00+00:00,34.33,48.57,13.92,55.76,25,40,Rome,,41.9028,12.4964,21,
2024-02-07T09:00:00+00:00,33.14,41.68,12.81,55.78,25,40,Rome,,41.9028,12.4964,21,
2024-02-07T10:00:00+00:00,32.17,46.38,10.18,65.79,25,40,Rome,,41.9028,12.4964,21,
2024-02-07T11:00:00+00:00,39.11,54.69,8.91,50.71,25,40,Rome,,41.9028,12.4964,21,
2024-02-07T12:00:00+00:00,36.52,49.18,8.44,49.68,25,40,Rome,,41.9028,12.4964,21,
2024-02-07T13:00:00+00:00,29.42,42.72,8.72,46.01,25,40,Rome,,41.9028,12.4964,21,
2024-02-07T14:00:00+00:00,39.51,52.95,5.56,44.68,25,40,Rome,,41.9028,12.4964,21,
2024-02-07T15:00:00+00:00,40.13,58.05,4.91,55.61,25,40,Rome,,41.9028,12.4964,21,
2024-02-07T16:00:00+00:00,34.49,46.76,6.45,38.96,25,40,Rome,,41.9028,12.4964,21,
2024-02-07T17:00:00+00:00,39.74,49.95,5.32,48.75,25,40,Rome,,41.9028,12.4964,21,
2024-02-07T18:00:00+00:00,31.53,46.52,5.17,43.11,25,40,Rome,,41.9028,12.4964,21,
2024-02-07T19:00:00+00:00,36.21,48.72,5.14,48.52,25,40,Rome,,41.9028,12.4964,21,
2024-02-07T20:00:00+00:00,35.17,47.97,6.61,53.05,25,40,Rome,,41.9028,12.4964,21,
2024-02-07T21:00:00+00:00,40.1,57.4,5.5,44.72,25,40,Rome,,41.9028,12.4964,21,
2024-02-07T22:00:00+00:00,36.71,48.24,6.65,54.76,25,40,Rome,,41.9028,12.4964,21,
2024-02-07T23:00:00+00:00,32.31,45.44,8.82,53.38,25,40,Rome,,41.9028,12.4964,21,
2024-02-08T00:00:00+00:00,30.55,37.28,9.73,54.53,25,40,Rome,,41.9028,12.4964,21,
2024-02-08T01:00:00+00:00,35.91,48.02,10.54,50.34,25,40,Rome,,41.9028,12.4964,21,
2024-02-08T02:00:00+00:00,39.55,51.55,10.51,58.7,25,40,Rome,,41.9028,12.4964,21,
2024-02-08T03:00:00+00:00,34.67,43.59,11.27,64.41,25,40,Rome,,41.9028,12.4964,21,
2024-02-08T04:00:00+00:00,33.07,46.07,13.49,60.69,25,40,Rome,,41.9028,12.4964,21,
2024-02-08T05:00:00+00:00,35.61,51.13,13.29,69.85,25,40,Rome,,41.9028,12.4964,21,
2024-02-08T06:00:00+00:00,37.93,53.55,13.75,63.83,25,40,Rome,,41.9028,12.4964,21,
2024-02-08T07:00:00+00:00,32.67,47.06,13.32,65.18,25,40,Rome,,41.9028,12.4964,21,
2024-02-08T08:00:00+00:00,38.48,49.71,13.19,66.92,25,40,Rome,,41.9028,12.4964,21,
2024-02-08T09:00:00+00:00,41.31,53.87,10.51,58.06,25,40,Rome,,41.9028,12.4964,21,
2024-02-08T10:00:00+00:00,30.15,39.25,10.27,54.55,25,40,Rome,,41.9028,12.4964,21,
2024-02-08T11:00:00+00:00,38.73,55.24,11.26,50.3,25,40,Rome,,41.9028,12.4964,21,
2024-02-08T12:00:00+00:00,36.28,47.2,8.95,49.39,25,40,Rome,,41.9028,12.4964,21,
2024-02-08T13:00:00+00:00,31.32,45.75,8.04,48.07,25,40,Rome,,41.9028,12.4964,21,
2024-02-08T14:00:00+00:00,29.28,38.07,7.64,44.22,25,40,Rome,,41.9028,12.4964,21,
2024-02-08T15:00:00+00:00,35.0,45.44,4.73,43.93,25,40,Rome,,41.9028,12.4964,21,
2024-02-08T16:00:00+00:00,37.36,46.93,5.16,45.38,25,40,Rome,,41.9028,12.4964,21,
2024-02-08T17:00:00+00:00,32.1,40.61,6.09,51.13,25,40,Rome,,41.9028,12.4964,21,
2024-02-08T18:00:00+00:00,32.89,46.61,4.7,45.21,25,40,Rome,,41.9028,12.4964,21,
2024-02-08T19:00:00+00:00,38.0,49.11,6.04,52.86,25,40,Rome,,41.9028,12.4964,21,
2024-02-08T20:00:00+00:00,37.69,53.14,5.65,41.76,25,40,Rome,,41.9028,12.4964,21,
2024-02-08T21:00:00+00:00,36.64,49.88,7.18,50.95,25,40,Rome,,41.9028,12.4964,21,
2024-02-08T22:00:00+00:00,35.96,47.37,7.11,52.72,25,40,Rome,,41.9028,12.4964,21,
2024-02-08T23:00:00+00:00,34.51,48.22,9.17,49.58,25,40,Rome,,41.9028,12.4964,21,
2024-02-09T00:00:00+00:00,36.43,49.73,9.44,47.84,25,40,Rome,,41.9028,12.4964,21,
2024-02-09T01:00:00+00:00,42.16,58.54,9.71,62.59,25,40,Rome,,41.9028,12.4964,21,
2024-02-09T02:00:00+00:00,35.7,51.46,10.47,55.54,25,40,Rome,,41.9028,12.4964,21,
2024-02-09T03:00:00+00:00,31.21,39.11,12.78,54.7,25,40,Rome,,41.9028,12.4964,21,
2024-02-09T04:00:00+00:00,36.7,51.89,11.05,62.89,25,40,Rome,,41.9028,12.4964,21,
2024-02-09T05:00:00+00:00,37.48,50.35,13.23,72.27,25,40,Rome,,41.9028,12.4964,21,
2024-02-09T06:00:00+00:00,36.51,50.79,12.72,67.74,25,40,Rome,,41.9028,12.4964,21,
2024-02-09T07:00:00+00:00,31.48,41.88,14.03,58.86,25,40,Rome,,41.9028,12.4964,21,
2024-02-09T08:00:00+00:00,39.94,56.01,13.84,56.76,25,40,Rome,,41.9028,12.4964,21,
2024-02-09T09:00:00+00:00,41.6,55.73,11.37,63.6,25,40,Rome,,41.9028,12.4964,21,
2024-02-09T10:00:00+00:00,38.89,54.13,10.92,60.78,25,40,Rome,,41.9028,12.4964,21,
2024-02-09T11:00:00+00:00,39.45,56.56,8.98,59.55,25,40,Rome,,41.9028,12.4964,21,
2024-02-09T12:00:00+00:00,38.73,49.36,9.56,47.96,25,40,Rome,,41.9028,12.4964,21,
2024-02-09T13:00:00+00:00,36.8,53.34,6.94,54.37,25,40,Rome,,41.9028,12.4964,21,
2024-02-09T14:00:00+00:00,29.43,43.09,7.63,44.9,25,40,Rome,,41.9028,12.4964,21,
2024-02-09T15:00:00+00:00,36.92,52.46,5.58,41.85,25,40,Rome,,41.9028,12.4964,21,
2024-02-09T16:00:00+00:00,34.03,47.71,6.02,51.08,25,40,Rome,,41.9028,12.4964,21,
2024-02-09T17:00:00+00:00,40.51,54.02,4.83,51.84,25,40,Rome,,41.9028,12.4964,21,
2024-02-09T18:00:00+00:00,32.53,40.38,3.93,38.27,25,40,Rome,,41.9028,12.4964,21,
2024-02-09T19:00:00+00:00,30.61,37.48,4.77,45.64,25,40,Rome,,41.9028,12.4964,21,
2024-02-09T20:00:00+00:00,30.57,38.94,4.34,45.12,25,40,Rome,,41.9028,12.4964,21,
2024-02-09T21:00:00+00:00,32.57,45.76,6.32,43.47,25,40,Rome,,41.9028,12.4964,21,
2024-02-09T22:00:00+00:00,35.45,43.95,5.69,46.01,25,40,Rome,,41.9028,12.4964,21,
2024-02-09T23:00:00+00:00,37.72,51.62,8.1,52.15,25,40,Rome,,41.9028,12.4964,21,
2024-02-10T00:00:00+00:00,35.27,44.67,8.29,48.52,25,40,Rome,,41.9028,12.4964,21,
2024-02-10T01:00:00+00:00,40.5,52.21,10.26,56.14,25,40,Rome,,41.9028,12.4964,21,
2024-02-10T02:00:00+00:00,41.11,56.24,10.46,67.58,25,40,Rome,,41.9028,12.4964,21,
2024-02-10T03:00:00+00:00,32.89,43.98,12.32,63.46,25,40,Rome,,41.9028,12.4964,21,
2024-02-10T04:00:00+00:00,31.21,45.71,12.64,63.1,25,40,Rome,,41.9028,12.4964,21,
2024-02-10T05:00:00+00:00,31.99,40.91,11.4,59.93,25,40,Rome,,41.9028,12.4964,21,
2024-02-10T06:00:00+00:00,40.17,58.07,12.33,65.33,25,40,Rome,,41.9028,12.4964,21,
2024-02-10T07:00:00+00:00,32.74,45.7,13.27,63.07,25,40,Rome,,41.9028,12.4964,21,
2024-02-10T08:00:00+00:00,33.49,47.72,11.77,67.02,25,40,Rome,,41.9028,12.4964,21,
2024-02-10T09:00:00+00:00,34.35,47.57,11.32,61.91,25,40,Rome,,41.9028,12.4964,21,
2024-02-10T10:00:00+00:00,33.99,42.33,11.05,61.66,25,40,Rome,,41.9028,12.4964,21,
2024-02-10T11:00:00+00:00,33.83,44.98,11.23,51.73,25,40,Rome,,41.9028,12.4964,21,
2024-02-10T12:00:00+00:00,33.74,44.95,7.61,48.23,25,40,Rome,,41.9028,12.4964,21,
2024-02-10T13:00:00+00:00,30.33,40.22,8.14,49.74,25,40,Rome,,41.9028,12.4964,21,
2024-02-10T14:00:00+00:00,29.75,43.49,8.17,46.72,25,40,Rome,,41.9028,12.4964,21,
2024-02-10T15:00:00+00:00,38.71,55.29,7.09,54.18,25,40,Rome,,41.9028,12.4964,21,
2024-02-10T16:00:00+00:00,39.87,54.79,4.34,45.74,25,40,Rome,,41.9028,12.4964,21,
2024-02-10T17:00:00+00:00,35.26,45.39,4.68,38.92,25,40,Rome,,41.9028,12.4964,21,
2024-02-10T18:00:00+00:00,38.38,49.8,5.33,42.97,25,40,Rome,,41.9028,12.4964,21,
2024-02-10T19:00:00+00:00,29.47,42.56,4.0,43.0,25,40,Rome,,41.9028,12.4964,21,
2024-02-10T20:00:00+00:00,38.57,51.75,4.38,40.82,25,40,Rome,,41.9028,12.4964,21,
2024-02-10T21:00:00+00:00,33.06,48.2,6.62,40.03,25,40,Rome,,41.9028,12.4964,21,
2024-02-10T22:00:00+00:00,37.92,52.51,6.31,49.8,25,40,Rome,,41.9028,12.4964,21,
2024-02-10T23:00:00+00:00,30.29,43.9,8.82,50.65,25,40,Rome,,41.9028,12.4964,21,
2024-02-11T00:00:00+00:00,39.99,52.73,8.46,53.95,25,40,Rome,,41.9028,12.4964,21,
2024-02-11T01:00:00+00:00,33.14,42.88,10.36,55.48,25,40,Rome,,41.9028,12.4964,21,
2024-02-11T02:00:00+00:00,40.43,52.64,11.71,60.61,25,40,Rome,,41.9028,12.4964,21,
2024-02-11T03:00:00+00:00,41.63,52.9,11.72,69.78,25,40,Rome,,41.9028,12.4964,21,
2024-02-11T04:00:00+00:00,35.33,47.58,11.45,69.17,25,40,Rome,,41.9028,12.4964,21,
2024-02-11T05:00:00+00:00,33.59,42.85,12.63,61.16,25,40,Rome,,41.9028,12.4964,21,
2024-02-11T06:00:00+00:00,40.36,55.38,14.14,58.69,25,40,Rome,,41.9028,12.4964,21,
2024-02-11T07:00:00+00:00,31.66,39.18,12.85,64.61,25,40,Rome,,41.9028,12.4964,21,
2024-02-11T08:00:00+00:00,33.94,47.19,11.84,55.78,25,40,Rome,,41.9028,12.4964,21,
2024-02-11T09:00:00+00:00,37.83,49.93,11.94,61.45,25,40,Rome,,41.9028,12.4964,21,
2024-02-11T10:00:00+00:00,32.85,44.02,10.54,63.12,25,40,Rome,,41.9028,12.4964,21,
2024-02-11T11:00:00+00:00,37.1,53.57,8.96,54.81,25,40,Rome,,41.9028,12.4964,21,
2024-02-11T12:00:00+00:00,35.47,46.66,8.51,49.13,25,40,Rome,,41.9028,12.4964,21,
2024-02-11T13:00:00+00:00,32.32,45.95,6.7,50.94,25,40,Rome,,41.9028,12.4964,21,
2024-02-11T14:00:00+00:00,40.94,55.46,8.14,53.73,25,40,Rome,,41.9028,12.4964,21,
2024-02-11T15:00:00+00:00,37.61,47.8,4.86,53.43,25,40,Rome,,41.9028,12.4964,21,
2024-02-11T16:00:00+00:00,35.98,49.15,4.49,39.8,25,40,Rome,,41.9028,12.4964,21,
2024-02-11T17:00:00+00:00,35.5,48.68,6.07,43.69,25,40,Rome,,41.9028,12.4964,21,
2024-02-11T18:00:00+00:00,35.12,47.75,5.21,50.82,25,40,Rome,,41.9028,12.4964,21,
2024-02-11T19:00:00+00:00,38.52,54.12,4.63,43.04,25,40,Rome,,41.9028,12.4964,21,
2024-02-11T20:00:00+00:00,30.65,38.58,5.92,44.63,25,40,Rome,,41.9028,12.4964,21,
2024-02-11T21:00:00+00:00,40.11,52.3,5.78,48.33,25,40,Rome,,41.9028,12.4964,21,
2024-02-11T22:00:00+00:00,29.71,43.7,7.38,46.38,25,40,Rome,,41.9028,12.4964,21,
2024-02-11T23:00:00+00:00,33.9,45.06,7.3,44.45,25,40,Rome,,41.9028,12.4964,21,
2024-02-12T00:00:00+00:00,31.89,46.54,9.56,47.52,25,40,Rome,,41.9028,12.4964,21,
2024-02-12T01:00:00+00:00,38.59,51.85,8.74,59.03,25,40,Rome,,41.9028,12.4964,21,
2024-02-12T02:00:00+00:00,40.14,54.22,11.35,60.62,25,40,Rome,,41.9028,12.4964,21,
2024-02-12T03:00:00+00:00,39.07,53.1,12.49,64.75,25,40,Rome,,41.9028,12.4964,21,
2024-02-12T04:00:00+00:00,41.0,55.6,12.4,58.94,25,40,Rome,,41.9028,12.4964,21,
2024-02-12T05:00:00+00:00,33.46,42.47,13.04,61.19,25,40,Rome,,41.9028,12.4964,21,
2024-02-12T06:00:00+00:00,40.16,58.08,14.29,63.63,25,40,Rome,,41.9028,12.4964,21,
2024-02-12T07:00:00+00:00,39.84,55.24,11.55,64.2,25,40,Rome,,41.9028,12.4964,21,
2024-02-12T08:00:00+00:00,35.48,47.2,12.8,62.09,25,40,Rome,,41.9028,12.4964,21,
2024-02-12T09:00:00+00:00,36.02,49.55,12.57,55.0,25,40,Rome,,41.9028,12.4964,21,
2024-02-12T10:00:00+00:00,40.72,53.53,10.07,53.85,25,40,Rome,,41.9028,12.4964,21,
2024-02-12T11:00:00+00:00,30.47,44.59,10.95,53.95,25,40,Rome,,41.9028,12.4964,21,
2024-02-12T12:00:00+00:00,35.76,46.72,8.42,48.63,25,40,Rome,,41.9028,12.4964,21,
2024-02-12T13:00:00+00:00,36.06,50.27,8.26,49.88,25,40,Rome,,41.9028,12.4964,21,
2024-02-12T14:00:00+00:00,39.07,52.07,6.87,42.49,25,40,Rome,,41.9028,12.4964,21,
2024-02-12T15:00:00+00:00,31.31,38.77,6.29,41.7,25,40,Rome,,41.9028,12.4964,21,
2024-02-12T16:00:00+00:00,29.57,40.79,5.15,38.51,25,40,Rome,,41.9028,12.4964,21,
2024-02-12T17:00:00+00:00,36.69,49.6,5.42,37.67,25,40,Rome,,41.9028,12.4964,21,
2024-02-12T18:00:00+00:00,35.51,49.22,5.63,41.0,25,40,Rome,,41.9028,12.4964,21,
2024-02-12T19:00:00+00:00,34.02,47.77,4.8,46.55,25,40,Rome,,41.9028,12.4964,21,
2024-02-12T20:00:00+00:00,32.57,42.08,6.75,46.75,25,40,Rome,,41.9028,12.4964,21,
2024-02-12T21:00:00+00:00,30.75,37.58,5.54,48.11,25,40,Rome,,41.9028,12.4964,21,
2024-02-12T22:00:00+00:00,40.5,54.86,6.19,50.93,25,40,Rome,,41.9028,12.4964,21,
2024-02-12T23:00:00+00:00,33.68,48.74,9.13,50.27,25,40,Rome,,41.9028,12.4964,21,
2024-02-13T00:00:00+00:00,30.61,39.89,9.74,55.93,25,40,Rome,,41.9028,12.4964,21,
2024-02-13T01:00:00+00:00,41.36,54.21,10.42,65.39,25,40,Rome,,41.9028,12.4964,21,
2024-02-13T02:00:00+00:00,31.08,40.5,11.76,54.05,25,40,Rome,,41.9028,12.4964,21,
2024-02-13T03:00:00+00:00,36.03,46.14,12.79,61.89,25,40,Rome,,41.9028,12.4964,21,
2024-02-13T04:00:00+00:00,35.26,47.82,12.4,71.49,25,40,Rome,,41.9028,12.4964,21,
2024-02-13T05:00:00+00:00,31.87,45.93,13.02,68.93,25,40,Rome,,41.9028,12.4964,21,
2024-02-13T06:00:00+00:00,33.8,47.35,12.0,63.16,25,40,Rome,,41.9028,12.4964,21,
2024-02-13T07:00:00+00:00,39.36,51.93,12.84,59.27,25,40,Rome,,41.9028,12.4964,21,
2024-02-13T08:00:00+00:00,40.17,55.85,13.42,60.47,25,40,Rome,,41.9028,12.4964,21,
2024-02-13T09:00:00+00:00,38.23,54.09,11.65,67.95,25,40,Rome,,41.9028,12.4964,21,
2024-02-13T10:00:00+00:00,40.94,52.69,10.29,64.1,25,40,Rome,,41.9028,12.4964,21,
2024-02-13T11:00:00+00:00,39.97,50.46,11.22,58.7,25,40,Rome,,41.9028,12.4964,21,
2024-02-13T12:00:00+00:00,32.63,47.27,9.26,52.91,25,40,Rome,,41.9028,12.4964,21,
2024-02-13T13:00:00+00:00,36.83,50.63,9.24,56.99,25,40,Rome,,41.9028,12.4964,21,
2024-02-13T14:00:00+00:00,31.26,40.73,7.06,42.29,25,40,Rome,,41.9028,12.4964,21,
2024-02-13T15:00:00+00:00,37.39,47.82,6.07,48.06,25,40,Rome,,41.9028,12.4964,21,
2024-02-13T16:00:00+00:00,31.9,45.57,6.5,49.01,25,40,Rome,,41.9028,12.4964,21,
2024-02-13T17:00:00+00:00,34.35,49.58,4.06,46.56,25,40,Rome,,41.9028,12.4964,21,
2024-02-13T18:00:00+00:00,37.65,52.69,4.58,45.13,25,40,Rome,,41.9028,12.4964,21,
2024-02-13T19:00:00+00:00,39.08,54.83,4.33,40.5,25,40,Rome,,41.9028,12.4964,21,
2024-02-13T20:00:00+00:00,34.62,47.73,5.51,51.01,25,40,Rome,,41.9028,12.4964,21,
2024-02-13T21:00:00+00:00,34.87,50.46,6.42,43.42,25,40,Rome,,41.9028,12.4964,21,
2024-02-13T22:00:00+00:00,33.37,48.49,6.1,44.63,25,40,Rome,,41.9028,12.4964,21,
2024-02-13T23:00:00+00:00,31.42,41.63,9.07,59.05,25,40,Rome,,41.9028,12.4964,21,
2024-02-14T00:00:00+00:00,30.95,42.54,10.49,49.37,25,40,Rome,,41.9028,12.4964,21,
2024-02-14T01:00:00+00:00,30.77,37.6,11.21,58.58,25,40,Rome,,41.9028,12.4964,21,
2024-02-14T02:00:00+00:00,35.77,47.59,12.09,56.5,25,40,Rome,,41.9028,12.4964,21,
2024-02-14T03:00:00+00:00,35.22,49.01,10.9,66.07,25,40,Rome,,41.9028,12.4964,21,
2024-02-14T04:00:00+00:00,33.44,47.16,13.59,66.43,25,40,Rome,,41.9028,12.4964,21,
2024-02-14T05:00:00+00:00,33.83,46.35,13.74,65.65,25,40,Rome,,41.9028,12.4964,21,
2024-02-14T06:00:00+00:00,36.98,53.1,13.37,69.6,25,40,Rome,,41.9028,12.4964,21,
2024-02-14T07:00:00+00:00,41.35,58.45,12.58,69.1,25,40,Rome,,41.9028,12.4964,21,
2024-02-14T08:00:00+00:00,34.04,46.33,11.77,63.11,25,40,Rome,,41.9028,12.4964,21,
2024-02-14T09:00:00+00:00,34.36,47.83,12.78,68.17,25,40,Rome,,41.9028,12.4964,21,
2024-02-14T10:00:00+00:00,35.71,49.25,12.05,56.33,25,40,Rome,,41.9028,12.4964,21,
2024-02-14T11:00:00+00:00,33.61,48.05,10.48,57.65,25,40,Rome,,41.9028,12.4964,21,
2024-02-14T12:00:00+00:00,40.85,55.69,9.39,61.97,25,40,Rome,,41.9028,12.4964,21,
2024-02-14T13:00:00+00:00,32.54,40.14,7.89,50.25,25,40,Rome,,41.9028,12.4964,21,
2024-02-14T14:00:00+00:00,34.36,46.28,7.87,49.11,25,40,Rome,,41.9028,12.4964,21,
2024-02-14T15:00:00+00:00,34.27,46.55,6.97,50.57,25,40,Rome,,41.9028,12.4964,21,
2024-02-14T16:00:00+00:00,30.97,45.8,4.29,49.68,25,40,Rome,,41.9028,12.4964,21,
2024-02-14T17:00:00+00:00,30.89,44.36,6.18,41.93,25,40,Rome,,41.9028,12.4964,21,
2024-02-14T18:00:00+00:00,38.74,54.28,4.58,42.59,25,40,Rome,,41.9028,12.4964,21,
2024-02-14T19:00:00+00:00,33.88,45.03,5.82,52.7,25,40,Rome,,41.9028,12.4964,21,
2024-02-14T20:00:00+00:00,37.73,49.11,6.14,42.38,25,40,Rome,,41.9028,12.4964,21,
2024-02-14T21:00:00+00:00,36.25,48.65,4.83,45.47,25,40,Rome,,41.9028,12.4964,21,
2024-02-14T22:00:00+00:00,39.87,54.64,7.64,47.23,25,40,Rome,,41.9028,12.4964,21,
2024-02-14T23:00:00+00:00,38.59,52.22,7.65,51.16,25,40,Rome,,41.9028,12.4964,21,
2024-02-15T00:00:00+00:00,39.01,50.83,9.66,57.86,25,40,Rome,,41.9028,12.4964,21,
2024-02-15T01:00:00+00:00,36.03,51.21,9.44,51.71,25,40,Rome,,41.9028,12.4964,21,
2024-02-15T02:00:00+00:00,37.44,49.48,9.61,63.82,25,40,Rome,,41.9028,12.4964,21,
2024-02-15T03:00:00+00:00,42.03,53.72,11.85,64.78,25,40,Rome,,41.9028,12.4964,21,
2024-02-15T04:00:00+00:00,31.1,38.84,12.13,61.24,25,40,Rome,,41.9028,12.4964,21,
2024-02-15T05:00:00+00:00,33.78,42.73,11.38,70.42,25,40,Rome,,41.9028,12.4964,21,
2024-02-15T06:00:00+00:00,38.52,55.89,13.79,58.29,25,40,Rome,,41.9028,12.4964,21,
2024-02-15T07:00:00+00:00,34.53,43.9,12.43,72.63,25,40,Rome,,41.9028,12.4964,21,
2024-02-15T08:00:00+00:00,39.56,55.25,12.48,56.23,25,40,Rome,,41.9028,12.4964,21,
2024-02-15T09:00:00+00:00,38.95,54.81,10.97,62.18,25,40,Rome,,41.9028,12.4964,21,
2024-02-15T10:00:00+00:00,32.33,45.39,12.48,67.19,25,40,Rome,,41.9028,12.4964,21,
2024-02-15T11:00:00+00:00,32.84,44.38,9.67,55.17,25,40,Rome,,41.9028,12.4964,21,
2024-02-15T12:00:00+00:00,36.66,49.64,10.39,58.59,25,40,Rome,,41.9028,12.4964,21,
2024-02-15T13:00:00+00:00,34.1,47.22,8.95,55.43,25,40,Rome,,41.9028,12.4964,21,
2024-02-15T14:00:00+00:00,33.61,46.44,6.74,52.86,25,40,Rome,,41.9028,12.4964,21,
2024-02-15T15:00:00+00:00,31.93,42.45,7.19,53.23,25,40,Rome,,41.9028,12.4964,21,
2024-02-15T16:00:00+00:00,31.66,41.23,4.45,38.64,25,40,Rome,,41.9028,12.4964,21,
2024-02-15T17:00:00+00:00,29.92,38.66,6.23,40.0,25,40,Rome,,41.9028,12.4964,21,
2024-02-15T18:00:00+00:00,34.62,46.73,6.03,52.98,25,40,Rome,,41.9028,12.4964,21,
2024-02-15T19:00:00+00:00,35.51,45.53,5.52,43.23,25,40,Rome,,41.9028,12.4964,21,
2024-02-15T20:00:00+00:00,38.49,53.9,5.45,40.04,25,40,Rome,,41.9028,12.4964,21,
2024-02-15T21:00:00+00:00,40.95,55.33,6.11,50.79,25,40,Rome,,41.9028,12.4964,21,
2024-02-15T22:00:00+00:00,31.59,40.01,7.78,56.52,25,40,Rome,,41.9028,12.4964,21,
2024-02-15T23:00:00+00:00,34.39,44.8,8.14,59.5,25,40,Rome,,41.9028,12.4964,21,
2024-02-16T00:00:00+00:00,34.89,48.86,8.04,53.99,25,40,Rome,,41.9028,12.4964,21,
2024-02-16T01:00:00+00:00,31.02,41.1,8.72,51.71,25,40,Rome,,41.9028,12.4964,21,
2024-02-16T02:00:00+00:00,31.51,43.63,11.55,53.58,25,40,Rome,,41.9028,12.4964,21,
2024-02-16T03:00:00+00:00,36.33,49.05,12.65,58.06,25,40,Rome,,41.9028,12.4964,21,
2024-02-16T04:00:00+00:00,38.58,54.53,12.04,58.16,25,40,Rome,,41.9028,12.4964,21,
2024-02-16T05:00:00+00:00,32.14,45.3,13.12,64.55,25,40,Rome,,41.9028,12.4964,21,
2024-02-16T06:00:00+00:00,34.81,50.38,12.32,57.11,25,40,Rome,,41.9028,12.4964,21,
2024-02-16T07:00:00+00:00,32.26,40.72,13.32,65.72,25,40,Rome,,41.9028,12.4964,21,
2024-02-16T08:00:00+00:00,30.9,44.67,11.17,60.92,25,40,Rome,,41.9028,12.4964,21,
2024-02-16T09:00:00+00:00,39.24,52.05,10.89,66.91,25,40,Rome,,41.9028,12.4964,21,
2024-02-16T10:00:00+00:00,33.32,44.47,12.33,63.51,25,40,Rome,,41.9028,12.4964,21,
2024-02-16T11:00:00+00:00,41.15,52.42,8.81,55.16,25,40,Rome,,41.9028,12.4964,21,
2024-02-16T12:00:00+00:00,33.05,44.14,9.25,60.96,25,40,Rome,,41.9028,12.4964,21,
2024-02-16T13:00:00+00:00,38.73,54.42,7.69,55.26,25,40,Rome,,41.9028,12.4964,21,
2024-02-16T14:00:00+00:00,33.44,47.91,5.5,46.24,25,40,Rome,,41.9028,12.4964,21,
2024-02-16T15:00:00+00:00,31.8,46.29,6.63,49.67,25,40,Rome,,41.9028,12.4964,21,
2024-02-16T16:00:00+00:00,31.59,44.57,4.71,43.81,25,40,Rome,,41.9028,12.4964,21,
2024-02-16T17:00:00+00:00,31.9,43.67,6.26,40.17,25,40,Rome,,41.9028,12.4964,21,
2024-02-16T18:00:00+00:00,29.5,42.26,5.28,37.85,25,40,Rome,,41.9028,12.4964,21,
2024-02-16T19:00:00+00:00,36.96,52.69,6.06,40.85,25,40,Rome,,41.9028,12.4964,21,
2024-02-16T20:00:00+00:00,30.24,36.98,6.33,46.1,25,40,Rome,,41.9028,12.4964,21,
2024-02-16T21:00:00+00:00,32.7,46.11,6.19,53.22,25,40,Rome,,41.9028,12.4964,21,
2024-02-16T22:00:00+00:00,40.35,58.24,7.82,47.77,25,40,Rome,,41.9028,12.4964,21,
2024-02-16T23:00:00+00:00,35.93,51.96,7.18,57.35,25,40,Rome,,41.9028,12.4964,21,
2024-02-17T00:00:00+00:00,40.27,55.59,8.71,49.22,25,40,Rome,,41.9028,12.4964,21,
2024-02-17T01:00:00+00:00,33.77,44.15,10.62,54.89,25,40,Rome,,41.9028,12.4964,21,
2024-02-17T02:00:00+00:00,41.84,54.39,10.94,64.02,25,40,Rome,,41.9028,12.4964,21,
2024-02-17T03:00:00+00:00,37.36,53.42,10.99,65.31,25,40,Rome,,41.9028,12.4964,21,
2024-02-17T04:00:00+00:00,41.95,60.12,12.27,63.37,25,40,Rome,,41.9028,12.4964,21,
2024-02-17T05:00:00+00:00,42.4,53.3,13.39,66.92,25,40,Rome,,41.9028,12.4964,21,
2024-02-17T06:00:00+00:00,38.3,54.48,11.84,58.02,25,40,Rome,,41.9028,12.4964,21,
2024-02-17T07:00:00+00:00,40.39,54.41,12.61,59.99,25,40,Rome,,41.9028,12.4964,21,
2024-02-17T08:00:00+00:00,34.87,49.28,13.67,57.4,25,40,Rome,,41.9028,12.4964,21,
2024-02-17T09:00:00+00:00,39.87,51.97,10.55,68.24,25,40,Rome,,41.9028,12.4964,21,
2024-02-17T10:00:00+00:00,37.74,50.45,9.53,53.94,25,40,Rome,,41.9028,12.4964,21,
2024-02-17T11:00:00+00:00,38.6,48.78,8.84,65.34,25,40,Rome,,41.9028,12.4964,21,
2024-02-17T12:00:00+00:00,38.11,51.99,7.61,60.8,25,40,Rome,,41.9028,12.4964,21,
2024-02-17T13:00:00+00:00,31.83,41.21,8.51,48.36,25,40,Rome,,41.9028,12.4964,21,
2024-02-17T14:00:00+00:00,30.75,39.15,7.85,53.34,25,40,Rome,,41.9028,12.4964,21,
2024-02-17T15:00:00+00:00,36.62,45.94,5.27,54.14,25,40,Rome,,41.9028,12.4964,21,
2024-02-17T16:00:00+00:00,39.04,51.16,4.53,46.65,25,40,Rome,,41.9028,12.4964,21,
2024-02-17T17:00:00+00:00,35.11,50.48,5.47,48.23,25,40,Rome,,41.9028,12.4964,21,
2024-02-17T18:00:00+00:00,31.1,43.33,3.7,41.77,25,40,Rome,,41.9028,12.4964,21,
2024-02-17T19:00:00+00:00,38.18,50.01,4.95,39.2,25,40,Rome,,41.9028,12.4964,21,
2024-02-17T20:00:00+00:00,31.99,43.16,6.0,45.31,25,40,Rome,,41.9028,12.4964,21,
2024-02-17T21:00:00+00:00,30.76,45.34,5.93,49.94,25,40,Rome,,41.9028,12.4964,21,
2024-02-17T22:00:00+00:00,32.59,47.69,6.76,45.63,25,40,Rome,,41.9028,12.4964,21,
2024-02-17T23:00:00+00:00,30.55,44.59,9.44,53.43,25,40,Rome,,41.9028,12.4964,21,
2024-02-18T00:00:00+00:00,35.4,50.05,7.57,48.88,25,40,Rome,,41.9028,12.4964,21,
2024-02-18T01:00:00+00:00,31.61,39.91,8.85,60.78,25,40,Rome,,41.9028,12.4964,21,
2024-02-18T02:00:00+00:00,30.46,41.33,11.42,54.41,25,40,Rome,,41.9028,12.4964,21,
2024-02-18T03:00:00+00:00,31.52,42.3,11.47,55.65,25,40,Rome,,41.9028,12.4964,21,
2024-02-18T04:00:00+00:00,30.14,38.85,13.59,57.61,25,40,Rome,,41.9028,12.4964,21,
2024-02-18T05:00:00+00:00,39.76,50.4,12.08,69.07,25,40,Rome,,41.9028,12.4964,21,
2024-02-18T06:00:00+00:00,37.62,54.73,13.19,62.62,25,40,Rome,,41.9028,12.4964,21,
2024-02-18T07:00:00+00:00,37.88,49.53,13.85,64.05,25,40,Rome,,41.9028,12.4964,21,
2024-02-18T08:00:00+00:00,38.69,51.67,13.91,60.65,25,40,Rome,,41.9028,12.4964,21,
2024-02-18T09:00:00+00:00,36.97,52.88,11.67,59.74,25,40,Rome,,41.9028,12.4964,21,
2024-02-18T10:00:00+00:00,37.72,52.66,9.68,59.39,25,40,Rome,,41.9028,12.4964,21,
2024-02-18T11:00:00+00:00,40.54,57.8,9.79,60.22,25,40,Rome,,41.9028,12.4964,21,
2024-02-18T12:00:00+00:00,33.14,47.98,8.03,57.78,25,40,Rome,,41.9028,12.4964,21,
2024-02-18T13:00:00+00:00,38.0,53.9,7.24,48.91,25,40,Rome,,41.9028,12.4964,21,
2024-02-18T14:00:00+00:00,35.5,47.33,7.83,55.36,25,40,Rome,,41.9028,12.4964,21,
2024-02-18T15:00:00+00:00,36.43,46.97,5.91,51.88,25,40,Rome,,41.9028,12.4964,21,
2024-02-18T16:00:00+00:00,31.58,38.98,5.27,53.14,25,40,Rome,,41.9028,12.4964,21,
2024-02-18T17:00:00+00:00,36.66,48.74,5.25,51.1,25,40,Rome,,41.9028,12.4964,21,
2024-02-18T18:00:00+00:00,40.15,50.87,6.2,50.73,25,40,Rome,,41.9028,12.4964,21,
2024-02-18T19:00:00+00:00,39.04,48.95,4.24,44.58,25,40,Rome,,41.9028,12.4964,21,
2024-02-18T20:00:00+00:00,40.87,57.39,4.11,50.9,25,40,Rome,,41.9028,12.4964,21,
2024-02-18T21:00:00+00:00,31.76,46.15,6.39,48.65,25,40,Rome,,41.9028,12.4964,21,
2024-02-18T22:00:00+00:00,36.58,48.38,6.26,42.1,25,40,Rome,,41.9028,12.4964,21,
2024-02-18T23:00:00+00:00,40.27,58.26,7.9,57.22,25,40,Rome,,41.9028,12.4964,21,
2024-02-19T00:00:00+00:00,39.31,52.66,8.25,51.72,25,40,Rome,,41.9028,12.4964,21,
2024-02-19T01:00:00+00:00,35.81,49.67,8.88,62.29,25,40,Rome,,41.9028,12.4964,21,
2024-02-19T02:00:00+00:00,30.85,38.69,9.57,56.03,25,40,Rome,,41.9028,12.4964,21,
2024-02-19T03:00:00+00:00,31.37,43.33,11.7,57.24,25,40,Rome,,41.9028,12.4964,21,
2024-02-19T04:00:00+00:00,32.99,43.14,12.54,62.63,25,40,Rome,,41.9028,12.4964,21,
2024-02-19T05:00:00+00:00,40.41,58.24,11.4,67.71,25,40,Rome,,41.9028,12.4964,21,
2024-02-19T06:00:00+00:00,40.96,51.85,11.75,66.3,25,40,Rome,,41.9028,12.4964,21,
2024-02-19T07:00:00+00:00,32.34,41.1,12.76,60.4,25,40,Rome,,41.9028,12.4964,21,
2024-02-19T08:00:00+00:00,32.13,44.17,12.43,58.65,25,40,Rome,,41.9028,12.4964,21,
2024-02-19T09:00:00+00:00,38.2,53.27,11.49,60.27,25,40,Rome,,41.9028,12.4964,21,
2024-02-19T10:00:00+00:00,34.86,48.7,9.74,53.34,25,40,Rome,,41.9028,12.4964,21,
2024-02-19T11:00:00+00:00,31.04,44.41,10.67,53.03,25,40,Rome,,41.9028,12.4964,21,
2024-02-19T12:00:00+00:00,34.81,50.79,10.27,60.91,25,40,Rome,,41.9028,12.4964,21,
2024-02-19T13:00:00+00:00,41.88,56.74,8.53,57.92,25,40,Rome,,41.9028,12.4964,21,
2024-02-19T14:00:00+00:00,33.22,45.64,7.86,43.21,25,40,Rome,,41.9028,12.4964,21,
2024-02-19T15:00:00+00:00,36.86,48.91,7.34,50.41,25,40,Rome,,41.9028,12.4964,21,
2024-02-19T16:00:00+00:00,35.32,47.65,6.73,52.31,25,40,Rome,,41.9028,12.4964,21,
2024-02-19T17:00:00+00:00,31.45,39.22,5.51,50.96,25,40,Rome,,41.9028,12.4964,21,
2024-02-19T18:00:00+00:00,30.17,44.41,4.44,48.31,25,40,Rome,,41.9028,12.4964,21,
2024-02-19T19:00:00+00:00,31.19,40.79,5.45,51.05,25,40,Rome,,41.9028,12.4964,21,
2024-02-19T20:00:00+00:00,33.78,45.22,4.96,48.53,25,40,Rome,,41.9028,12.4964,21,
2024-02-19T21:00:00+00:00,33.57,41.67,5.25,49.93,25,40,Rome,,41.9028,12.4964,21,
2024-02-19T22:00:00+00:00,33.92,48.24,6.47,48.2,25,40,Rome,,41.9028,12.4964,21,
2024-02-19T23:00:00+00:00,35.74,45.8,7.53,45.98,25,40,Rome,,41.9028,12.4964,21,
2024-02-20T00:00:00+00:00,39.11,52.35,7.95,62.41,25,40,Rome,,41.9028,12.4964,21,
2024-02-20T01:00:00+00:00,31.78,46.83,11.24,65.09,25,40,Rome,,41.9028,12.4964,21,
2024-02-20T02:00:00+00:00,33.31,46.21,11.25,56.39,25,40,Rome,,41.9028,12.4964,21,
2024-02-20T03:00:00+00:00,36.77,52.98,10.52,65.33,25,40,Rome,,41.9028,12.4964,21,
2024-02-20T04:00:00+00:00,34.36,48.07,11.86,71.03,25,40,Rome,,41.9028,12.4964,21,
2024-02-20T05:00:00+00:00,33.35,45.73,14.23,60.43,25,40,Rome,,41.9028,12.4964,21,
2024-02-20T06:00:00+00:00,39.56,54.45,12.5,72.88,25,40,Rome,,41.9028,12.4964,21,
2024-02-20T07:00:00+00:00,39.66,49.55,14.13,65.42,25,40,Rome,,41.9028,12.4964,21,
2024-02-20T08:00:00+00:00,38.42,53.43,12.84,65.07,25,40,Rome,,41.9028,12.4964,21,
2024-02-20T09:00:00+00:00,34.88,43.65,10.36,68.91,25,40,Rome,,41.9028,12.4964,21,
2024-02-20T10:00:00+00:00,32.65,47.36,10.44,63.61,25,40,Rome,,41.9028,12.4964,21,
2024-02-20T11:00:00+00:00,41.67,59.75,9.77,60.71,25,40,Rome,,41.9028,12.4964,21,
2024-02-20T12:00:00+00:00,39.15,52.43,10.35,48.03,25,40,Rome,,41.9028,12.4964,21,
2024-02-20T13:00:00+00:00,37.0,47.66,8.53,53.86,25,40,Rome,,41.9028,12.4964,21,
2024-02-20T14:00:00+00:00,32.4,43.64,7.35,53.81,25,40,Rome,,41.9028,12.4964,21,
2024-02-20T15:00:00+00:00,35.95,45.42,6.05,40.7,25,40,Rome,,41.9028,12.4964,21,
2024-02-20T16:00:00+00:00,39.75,56.65,4.65,41.63,25,40,Rome,,41.9028,12.4964,21,
2024-02-20T17:00:00+00:00,40.47,53.35,3.88,53.11,25,40,Rome,,41.9028,12.4964,21,
2024-02-20T18:00:00+00:00,40.11,57.07,3.63,47.7,25,40,Rome,,41.9028,12.4964,21,
2024-02-20T19:00:00+00:00,35.74,47.72,4.41,40.66,25,40,Rome,,41.9028,12.4964,21,
2024-02-20T20:00:00+00:00,33.35,44.58,5.77,47.86,25,40,Rome,,41.9028,12.4964,21,
2024-02-20T21:00:00+00:00,31.54,42.69,6.59,54.39,25,40,Rome,,41.9028,12.4964,21,
2024-02-20T22:00:00+00:00,36.02,50.13,6.17,54.18,25,40,Rome,,41.9028,12.4964,21,
2024-02-20T23:00:00+00:00,36.97,48.98,8.3,56.85,25,40,Rome,,41.9028,12.4964,21,
2024-02-21T00:00:00+00:00,35.51,44.32,7.83,54.86,25,40,Rome,,41.9028,12.4964,21,
2024-02-21T01:00:00+00:00,32.85,44.36,11.53,53.12,25,40,Rome,,41.9028,12.4964,21,
2024-02-21T02:00:00+00:00,32.51,43.07,11.99,61.54,25,40,Rome,,41.9028,12.4964,21,
2024-02-21T03:00:00+00:00,31.27,39.89,12.84,64.2,25,40,Rome,,41.9028,12.4964,21,
2024-02-21T04:00:00+00:00,37.76,52.32,12.21,67.1,25,40,Rome,,41.9028,12.4964,21,
2024-02-21T05:00:00+00:00,39.99,53.38,11.91,62.93,25,40,Rome,,41.9028,12.4964,21,
2024-02-21T06:00:00+00:00,38.12,48.66,12.76,59.92,25,40,Rome,,41.9028,12.4964,21,
2024-02-21T07:00:00+00:00,38.12,54.94,13.13,70.64,25,40,Rome,,41.9028,12.4964,21,
2024-02-21T08:00:00+00:00,35.53,46.95,13.85,61.78,25,40,Rome,,41.9028,12.4964,21,
2024-02-21T09:00:00+00:00,34.05,47.4,13.01,55.07,25,40,Rome,,41.9028,12.4964,21,
2024-02-21T10:00:00+00:00,37.0,49.67,12.37,64.22,25,40,Rome,,41.9028,12.4964,21,
2024-02-21T11:00:00+00:00,36.35,48.81,11.21,53.81,25,40,Rome,,41.9028,12.4964,21,
2024-02-21T12:00:00+00:00,34.66,50.35,8.54,61.16,25,40,Rome,,41.9028,12.4964,21,
2024-02-21T13:00:00+00:00,34.25,43.53,7.52,60.18,25,40,Rome,,41.9028,12.4964,21,
2024-02-21T14:00:00+00:00,36.66,46.96,7.54,49.56,25,40,Rome,,41.9028,12.4964,21,
2024-02-21T15:00:00+00:00,40.74,57.69,6.01,51.28,25,40,Rome,,41.9028,12.4964,21,
2024-02-21T16:00:00+00:00,35.63,46.24,5.45,44.64,25,40,Rome,,41.9028,12.4964,21,
2024-02-21T17:00:00+00:00,31.57,39.66,4.03,47.39,25,40,Rome,,41.9028,12.4964,21,
2024-02-21T18:00:00+00:00,38.27,55.2,4.42,50.87,25,40,Rome,,41.9028,12.4964,21,
2024-02-21T19:00:00+00:00,40.2,55.91,4.97,46.22,25,40,Rome,,41.9028,12.4964,21,
2024-02-21T20:00:00+00:00,42.09,54.33,4.21,53.4,25,40,Rome,,41.9028,12.4964,21,
2024-02-21T21:00:00+00:00,36.25,44.94,6.14,54.08,25,40,Rome,,41.9028,12.4964,21,
2024-02-21T22:00:00+00:00,39.27,50.63,7.5,49.71,25,40,Rome,,41.9028,12.4964,21,
2024-02-21T23:00:00+00:00,29.89,38.59,7.56,44.67,25,40,Rome,,41.9028,12.4964,21,
2024-02-22T00:00:00+00:00,32.21,44.76,7.77,54.97,25,40,Rome,,41.9028,12.4964,21,
2024-02-22T01:00:00+00:00,35.98,51.57,9.3,56.79,25,40,Rome,,41.9028,12.4964,21,
2024-02-22T02:00:00+00:00,33.13,44.87,10.79,59.89,25,40,Rome,,41.9028,12.4964,21,
2024-02-22T03:00:00+00:00,36.37,52.21,11.58,57.49,25,40,Rome,,41.9028,12.4964,21,
2024-02-22T04:00:00+00:00,35.5,51.56,13.22,57.67,25,40,Rome,,41.9028,12.4964,21,
2024-02-22T05:00:00+00:00,31.28,41.62,12.11,57.24,25,40,Rome,,41.9028,12.4964,21,
2024-02-22T06:00:00+00:00,36.63,45.92,11.66,58.75,25,40,Rome,,41.9028,12.4964,21,
2024-02-22T07:00:00+00:00,32.56,43.82,12.67,57.97,25,40,Rome,,41.9028,12.4964,21,
2024-02-22T08:00:00+00:00,33.54,41.51,13.77,71.55,25,40,Rome,,41.9028,12.4964,21,
2024-02-22T09:00:00+00:00,37.02,52.61,11.3,68.84,25,40,Rome,,41.9028,12.4964,21,
2024-02-22T10:00:00+00:00,40.26,56.19,11.49,56.12,25,40,Rome,,41.9028,12.4964,21,
2024-02-22T11:00:00+00:00,34.04,43.15,10.37,63.97,25,40,Rome,,41.9028,12.4964,21,
2024-02-22T12:00:00+00:00,37.82,50.79,10.04,56.0,25,40,Rome,,41.9028,12.4964,21,
2024-02-22T13:00:00+00:00,34.77,50.53,7.23,50.58,25,40,Rome,,41.9028,12.4964,21,
2024-02-22T14:00:00+00:00,34.31,49.83,7.8,50.3,25,40,Rome,,41.9028,12.4964,21,
2024-02-22T15:00:00+00:00,35.12,51.35,7.13,55.01,25,40,Rome,,41.9028,12.4964,21,
2024-02-22T16:00:00+00:00,29.5,40.1,5.53,45.69,25,40,Rome,,41.9028,12.4964,21,
2024-02-22T17:00:00+00:00,29.4,43.27,5.97,44.4,25,40,Rome,,41.9028,12.4964,21,
2024-02-22T18:00:00+00:00,32.77,47.01,4.82,51.24,25,40,Rome,,41.9028,12.4964,21,
2024-02-22T19:00:00+00:00,30.25,41.84,4.27,37.86,25,40,Rome,,41.9028,12.4964,21,
2024-02-22T20:00:00+00:00,31.12,42.04,4.56,53.03,25,40,Rome,,41.9028,12.4964,21,
2024-02-22T21:00:00+00:00,30.64,37.81,6.96,45.59,25,40,Rome,,41.9028,12.4964,21,
2024-02-22T22:00:00+00:00,35.01,47.25,7.76,50.91,25,40,Rome,,41.9028,12.4964,21,
2024-02-22T23:00:00+00:00,36.9,47.86,9.13,46.85,25,40,Rome,,41.9028,12.4964,21,
2024-02-23T00:00:00+00:00,34.78,47.83,9.11,60.64,25,40,Rome,,41.9028,12.4964,21,
2024-02-23T01:00:00+00:00,33.81,41.77,10.81,50.29,25,40,Rome,,41.9028,12.4964,21,
2024-02-23T02:00:00+00:00,32.87,41.07,9.55,58.22,25,40,Rome,,41.9028,12.4964,21,
2024-02-23T03:00:00+00:00,38.2,52.43,13.22,62.42,25,40,Rome,,41.9028,12.4964,21,
2024-02-23T04:00:00+00:00,42.59,60.8,11.89,69.3,25,40,Rome,,41.9028,12.4964,21,
2024-02-23T05:00:00+00:00,37.67,54.43,11.51,64.13,25,40,Rome,,41.9028,12.4964,21,
2024-02-23T06:00:00+00:00,33.27,47.39,12.31,59.07,25,40,Rome,,41.9028,12.4964,21,
2024-02-23T07:00:00+00:00,36.27,52.29,11.69,63.02,25,40,Rome,,41.9028,12.4964,21,
2024-02-23T08:00:00+00:00,39.98,56.72,11.15,61.91,25,40,Rome,,41.9028,12.4964,21,
2024-02-23T09:00:00+00:00,33.92,47.75,13.0,66.62,25,40,Rome,,41.9028,12.4964,21,
2024-02-23T10:00:00+00:00,30.51,40.97,11.42,54.11,25,40,Rome,,41.9028,12.4964,21,
2024-02-23T11:00:00+00:00,38.09,53.85,11.22,58.02,25,40,Rome,,41.9028,12.4964,21,
2024-02-23T12:00:00+00:00,31.85,41.35,7.58,62.4,25,40,Rome,,41.9028,12.4964,21,
2024-02-23T13:00:00+00:00,30.94,45.42,6.77,55.34,25,40,Rome,,41.9028,12.4964,21,
2024-02-23T14:00:00+00:00,32.61,42.77,7.09,46.79,25,40,Rome,,41.9028,12.4964,21,
2024-02-23T15:00:00+00:00,31.76,40.89,6.14,50.39,25,40,Rome,,41.9028,12.4964,21,
2024-02-23T16:00:00+00:00,32.33,43.91,5.63,43.31,25,40,Rome,,41.9028,12.4964,21,
2024-02-23T17:00:00+00:00,37.02,49.28,6.08,51.08,25,40,Rome,,41.9028,12.4964,21,
2024-02-23T18:00:00+00:00,28.78,35.87,4.09,37.49,25,40,Rome,,41.9028,12.4964,21,
2024-02-23T19:00:00+00:00,35.95,45.93,5.03,45.47,25,40,Rome,,41.9028,12.4964,21,
2024-02-23T20:00:00+00:00,38.75,53.87,5.91,42.16,25,40,Rome,,41.9028,12.4964,21,
2024-02-23T21:00:00+00:00,33.46,46.64,6.14,44.81,25,40,Rome,,41.9028,12.4964,21,
2024-02-23T22:00:00+00:00,39.95,50.19,8.09,49.91,25,40,Rome,,41.9028,12.4964,21,
2024-02-23T23:00:00+00:00,32.28,45.65,7.42,58.97,25,40,Rome,,41.9028,12.4964,21,
2024-02-24T00:00:00+00:00,32.88,48.02,7.52,62.61,25,40,Rome,,41.9028,12.4964,21,
2024-02-24T01:00:00+00:00,35.25,43.8,8.78,59.57,25,40,Rome,,41.9028,12.4964,21,
2024-02-24T02:00:00+00:00,35.53,49.9,11.84,55.44,25,40,Rome,,41.9028,12.4964,21,
2024-02-24T03:00:00+00:00,34.53,43.99,10.78,59.54,25,40,Rome,,41.9028,12.4964,21,
2024-02-24T04:00:00+00:00,40.14,57.33,12.53,56.64,25,40,Rome,,41.9028,12.4964,21,
2024-02-24T05:00:00+00:00,32.57,41.06,12.07,68.24,25,40,Rome,,41.9028,12.4964,21,
2024-02-24T06:00:00+00:00,37.76,48.11,12.38,65.84,25,40,Rome,,41.9028,12.4964,21,
2024-02-24T07:00:00+00:00,39.29,50.67,13.9,60.55,25,40,Rome,,41.9028,12.4964,21,
2024-02-24T08:00:00+00:00,32.93,44.97,11.89,69.16,25,40,Rome,,41.9028,12.4964,21,
2024-02-24T09:00:00+00:00,39.38,50.94,11.35,69.26,25,40,Rome,,41.9028,12.4964,21,
2024-02-24T10:00:00+00:00,39.25,51.56,10.01,53.66,25,40,Rome,,41.9028,12.4964,21,
2024-02-24T11:00:00+00:00,37.09,48.87,11.5,63.75,25,40,Rome,,41.9028,12.4964,21,
2024-02-24T12:00:00+00:00,38.45,53.25,9.06,50.08,25,40,Rome,,41.9028,12.4964,21,
2024-02-24T13:00:00+00:00,38.31,55.69,8.41,47.63,25,40,Rome,,41.9028,12.4964,21,
2024-02-24T14:00:00+00:00,31.02,43.86,7.68,55.53,25,40,Rome,,41.9028,12.4964,21,
2024-02-24T15:00:00+00:00,33.71,43.89,6.8,48.43,25,40,Rome,,41.9028,12.4964,21,
2024-02-24T16:00:00+00:00,34.29,46.32,6.19,46.76,25,40,Rome,,41.9028,12.4964,21,
2024-02-24T17:00:00+00:00,34.07,48.34,3.87,45.25,25,40,Rome,,41.9028,12.4964,21,
2024-02-24T18:00:00+00:00,36.47,51.5,4.17,51.71,25,40,Rome,,41.9028,12.4964,21,
2024-02-24T19:00:00+00:00,39.08,51.66,5.94,38.7,25,40,Rome,,41.9028,12.4964,21,
2024-02-24T20:00:00+00:00,36.89,50.4,6.95,47.59,25,40,Rome,,41.9028,12.4964,21,
2024-02-24T21:00:00+00:00,35.97,51.02,7.06,41.58,25,40,Rome,,41.9028,12.4964,21,
2024-02-24T22:00:00+00:00,33.77,49.41,6.07,48.11,25,40,Rome,,41.9028,12.4964,21,
2024-02-24T23:00:00+00:00,35.39,50.61,6.82,48.24,25,40,Rome,,41.9028,12.4964,21,
2024-02-25T00:00:00+00:00,35.17,44.9,9.18,58.07,25,40,Rome,,41.9028,12.4964,21,
2024-02-25T01:00:00+00:00,40.29,51.13,10.29,50.39,25,40,Rome,,41.9028,12.4964,21,
2024-02-25T02:00:00+00:00,40.17,56.91,10.75,58.54,25,40,Rome,,41.9028,12.4964,21,
2024-02-25T03:00:00+00:00,36.01,47.66,11.29,59.3,25,40,Rome,,41.9028,12.4964,21,
2024-02-25T04:00:00+00:00,41.15,56.7,13.8,71.19,25,40,Rome,,41.9028,12.4964,21,
2024-02-25T05:00:00+00:00,38.97,51.05,14.36,69.29,25,40,Rome,,41.9028,12.4964,21,
2024-02-25T06:00:00+00:00,42.29,59.98,13.16,70.33,25,40,Rome,,41.9028,12.4964,21,
2024-02-25T07:00:00+00:00,35.93,50.53,13.26,65.42,25,40,Rome,,41.9028,12.4964,21,
2024-02-25T08:00:00+00:00,35.91,47.74,13.67,68.13,25,40,Rome,,41.9028,12.4964,21,
2024-02-25T09:00:00+00:00,35.21,50.76,10.95,59.68,25,40,Rome,,41.9028,12.4964,21,
2024-02-25T10:00:00+00:00,39.52,52.64,10.58,60.88,25,40,Rome,,41.9028,12.4964,21,
2024-02-25T11:00:00+00:00,33.55,41.97,8.96,62.91,25,40,Rome,,41.9028,12.4964,21,
2024-02-25T12:00:00+00:00,34.84,48.19,8.18,57.8,25,40,Rome,,41.9028,12.4964,21,
2024-02-25T13:00:00+00:00,36.1,47.48,9.01,48.19,25,40,Rome,,41.9028,12.4964,21,
2024-02-25T14:00:00+00:00,39.04,50.57,7.2,56.39,25,40,Rome,,41.9028,12.4964,21,
2024-02-25T15:00:00+00:00,33.08,41.08,4.77,54.32,25,40,Rome,,41.9028,12.4964,21,
2024-02-25T16:00:00+00:00,34.07,46.93,5.9,49.25,25,40,Rome,,41.9028,12.4964,21,
2024-02-25T17:00:00+00:00,39.55,57.34,5.51,48.14,25,40,Rome,,41.9028,12.4964,21,
2024-02-25T18:00:00+00:00,38.3,53.97,6.23,44.1,25,40,Rome,,41.9028,12.4964,21,
2024-02-25T19:00:00+00:00,34.92,50.58,5.37,53.04,25,40,Rome,,41.9028,12.4964,21,
2024-02-25T20:00:00+00:00,32.28,40.87,4.06,54.28,25,40,Rome,,41.9028,12.4964,21,
2024-02-25T21:00:00+00:00,35.07,50.29,5.57,48.45,25,40,Rome,,41.9028,12.4964,21,
2024-02-25T22:00:00+00:00,39.59,49.59,8.46,49.43,25,40,Rome,,41.9028,12.4964,21,
2024-02-25T23:00:00+00:00,37.17,47.8,8.37,59.94,25,40,Rome,,41.9028,12.4964,21,
2024-02-26T00:00:00+00:00,36.23,47.24,9.86,58.76,25,40,Rome,,41.9028,12.4964,21,
2024-02-26T01:00:00+00:00,37.27,47.54,11.52,57.42,25,40,Rome,,41.9028,12.4964,21,
2024-02-26T02:00:00+00:00,40.28,53.04,9.65,67.9,25,40,Rome,,41.9028,12.4964,21,
2024-02-26T03:00:00+00:00,36.9,52.17,10.88,61.43,25,40,Rome,,41.9028,12.4964,21,
2024-02-26T04:00:00+00:00,31.98,39.28,11.1,67.2,25,40,Rome,,41.9028,12.4964,21,
2024-02-26T05:00:00+00:00,31.54,46.29,11.87,56.85,25,40,Rome,,41.9028,12.4964,21,
2024-02-26T06:00:00+00:00,32.26,46.93,13.37,70.03,25,40,Rome,,41.9028,12.4964,21,
2024-02-26T07:00:00+00:00,38.9,54.12,12.26,68.19,25,40,Rome,,41.9028,12.4964,21,
2024-02-26T08:00:00+00:00,37.76,53.63,13.88,71.32,25,40,Rome,,41.9028,12.4964,21,
2024-02-26T09:00:00+00:00,41.02,51.76,11.11,69.69,25,40,Rome,,41.9028,12.4964,21,
2024-02-26T10:00:00+00:00,33.54,48.55,11.65,53.12,25,40,Rome,,41.9028,12.4964,21,
2024-02-26T11:00:00+00:00,34.35,49.53,10.74,51.56,25,40,Rome,,41.9028,12.4964,21,
2024-02-26T12:00:00+00:00,30.26,41.29,8.51,50.86,25,40,Rome,,41.9028,12.4964,21,
2024-02-26T13:00:00+00:00,37.33,53.87,8.83,44.49,25,40,Rome,,41.9028,12.4964,21,
2024-02-26T14:00:00+00:00,39.26,56.17,6.39,45.74,25,40,Rome,,41.9028,12.4964,21,
2024-02-26T15:00:00+00:00,32.11,44.03,5.28,53.08,25,40,Rome,,41.9028,12.4964,21,
2024-02-26T16:00:00+00:00,30.38,41.35,6.12,46.15,25,40,Rome,,41.9028,12.4964,21,
2024-02-26T17:00:00+00:00,39.16,49.95,6.53,42.82,25,40,Rome,,41.9028,12.4964,21,
2024-02-26T18:00:00+00:00,38.36,48.92,3.64,38.3,25,40,Rome,,41.9028,12.4964,21,
2024-02-26T19:00:00+00:00,37.04,48.66,6.44,47.0,25,40,Rome,,41.9028,12.4964,21,
2024-02-26T20:00:00+00:00,37.84,49.76,6.69,41.39,25,40,Rome,,41.9028,12.4964,21,
2024-02-26T21:00:00+00:00,36.84,47.74,5.37,46.47,25,40,Rome,,41.9028,12.4964,21,
2024-02-26T22:00:00+00:00,31.44,41.52,8.09,48.84,25,40,Rome,,41.9028,12.4964,21,
2024-02-26T23:00:00+00:00,32.73,42.1,7.12,51.6,25,40,Rome,,41.9028,12.4964,21,
2024-02-27T00:00:00+00:00,32.4,43.81,9.82,55.71,25,40,Rome,,41.9028,12.4964,21,
2024-02-27T01:00:00+00:00,40.71,55.31,10.4,54.48,25,40,Rome,,41.9028,12.4964,21,
2024-02-27T02:00:00+00:00,35.81,51.49,12.41,64.07,25,40,Rome,,41.9028,12.4964,21,
2024-02-27T03:00:00+00:00,37.39,51.84,10.67,66.38,25,40,Rome,,41.9028,12.4964,21,
2024-02-27T04:00:00+00:00,32.75,42.49,11.88,70.13,25,40,Rome,,41.9028,12.4964,21,
2024-02-27T05:00:00+00:00,35.36,47.37,12.85,64.47,25,40,Rome,,41.9028,12.4964,21,
2024-02-27T06:00:00+00:00,40.08,56.32,12.31,62.47,25,40,Rome,,41.9028,12.4964,21,
2024-02-27T07:00:00+00:00,33.54,42.59,11.69,64.92,25,40,Rome,,41.9028,12.4964,21,
2024-02-27T08:00:00+00:00,34.92,49.06,12.62,67.63,25,40,Rome,,41.9028,12.4964,21,
2024-02-27T09:00:00+00:00,32.79,45.64,10.71,66.67,25,40,Rome,,41.9028,12.4964,21,
2024-02-27T10:00:00+00:00,42.19,59.81,9.61,63.88,25,40,Rome,,41.9028,12.4964,21,
2024-02-27T11:00:00+00:00,40.54,53.58,11.3,63.55,25,40,Rome,,41.9028,12.4964,21,
2024-02-27T12:00:00+00:00,37.31,52.56,8.62,60.03,25,40,Rome,,41.9028,12.4964,21,
2024-02-27T13:00:00+00:00,30.47,38.22,7.65,54.6,25,40,Rome,,41.9028,12.4964,21,
2024-02-27T14:00:00+00:00,37.9,52.4,5.96,43.39,25,40,Rome,,41.9028,12.4964,21,
2024-02-27T15:00:00+00:00,32.25,45.79,7.37,46.69,25,40,Rome,,41.9028,12.4964,21,
2024-02-27T16:00:00+00:00,39.41,53.67,5.1,51.68,25,40,Rome,,41.9028,12.4964,21,
2024-02-27T17:00:00+00:00,30.16,39.76,4.67,43.74,25,40,Rome,,41.9028,12.4964,21,
2024-02-27T18:00:00+00:00,30.69,43.12,4.08,37.61,25,40,Rome,,41.9028,12.4964,21,
2024-02-27T19:00:00+00:00,33.49,44.6,4.67,47.22,25,40,Rome,,41.9028,12.4964,21,
2024-02-27T20:00:00+00:00,32.64,43.57,6.23,44.18,25,40,Rome,,41.9028,12.4964,21,
2024-02-27T21:00:00+00:00,37.5,52.28,7.43,41.23,25,40,Rome,,41.9028,12.4964,21,
2024-02-27T22:00:00+00:00,33.07,45.88,6.66,50.22,25,40,Rome,,41.9028,12.4964,21,
2024-02-27T23:00:00+00:00,40.86,51.53,6.8,58.58,25,40,Rome,,41.9028,12.4964,21,
2024-02-28T00:00:00+00:00,34.09,48.77,10.12,47.61,25,40,Rome,,41.9028,12.4964,21,
2024-02-28T01:00:00+00:00,38.09,52.91,9.37,61.64,25,40,Rome,,41.9028,12.4964,21,
2024-02-28T02:00:00+00:00,37.55,47.0,9.9,59.56,25,40,Rome,,41.9028,12.4964,21,
2024-02-28T03:00:00+00:00,40.72,57.49,11.82,61.33,25,40,Rome,,41.9028,12.4964,21,
2024-02-28T04:00:00+00:00,34.91,47.33,13.09,68.23,25,40,Rome,,41.9028,12.4964,21,
2024-02-28T05:00:00+00:00,38.98,48.96,14.32,64.33,25,40,Rome,,41.9028,12.4964,21,
2024-02-28T06:00:00+00:00,37.28,54.02,13.47,70.31,25,40,Rome,,41.9028,12.4964,21,
2024-02-28T07:00:00+00:00,30.92,38.57,14.07,65.35,25,40,Rome,,41.9028,12.4964,21,
2024-02-28T08:00:00+00:00,41.39,59.02,11.2,66.44,25,40,Rome,,41.9028,12.4964,21,
2024-02-28T09:00:00+00:00,36.64,49.28,11.58,54.93,25,40,Rome,,41.9028,12.4964,21,
2024-02-28T10:00:00+00:00,31.79,42.34,9.82,57.57,25,40,Rome,,41.9028,12.4964,21,
2024-02-28T11:00:00+00:00,38.42,54.08,10.55,65.58,25,40,Rome,,41.9028,12.4964,21,
2024-02-28T12:00:00+00:00,39.42,50.73,9.33,53.45,25,40,Rome,,41.9028,12.4964,21,
2024-02-28T13:00:00+00:00,38.13,49.7,7.4,45.25,25,40,Rome,,41.9028,12.4964,21,
2024-02-28T14:00:00+00:00,40.79,58.98,8.37,51.94,25,40,Rome,,41.9028,12.4964,21,
2024-02-28T15:00:00+00:00,37.57,47.99,4.95,45.67,25,40,Rome,,41.9028,12.4964,21,
2024-02-28T16:00:00+00:00,30.99,45.19,5.55,48.57,25,40,Rome,,41.9028,12.4964,21,
2024-02-28T17:00:00+00:00,40.32,57.76,6.27,47.02,25,40,Rome,,41.9028,12.4964,21,
2024-02-28T18:00:00+00:00,39.14,50.64,5.25,49.62,25,40,Rome,,41.9028,12.4964,21,
2024-02-28T19:00:00+00:00,34.92,44.24,3.91,49.47,25,40,Rome,,41.9028,12.4964,21,
2024-02-28T20:00:00+00:00,33.57,41.68,4.67,44.32,25,40,Rome,,41.9028,12.4964,21,
2024-02-28T21:00:00+00:00,37.29,53.26,6.51,46.8,25,40,Rome,,41.9028,12.4964,21,
2024-02-28T22:00:00+00:00,36.92,53.58,7.95,54.68,25,40,Rome,,41.9028,12.4964,21,
2024-02-28T23:00:00+00:00,39.69,56.15,9.35,48.62,25,40,Rome,,41.9028,12.4964,21,
2024-02-29T00:00:00+00:00,36.16,47.61,8.7,55.19,25,40,Rome,,41.9028,12.4964,21,
2024-02-29T01:00:00+00:00,40.34,56.54,8.99,52.63,25,40,Rome,,41.9028,12.4964,21,
2024-02-29T02:00:00+00:00,32.85,46.96,11.1,67.7,25,40,Rome,,41.9028,12.4964,21,
2024-02-29T03:00:00+00:00,31.53,40.64,12.34,60.84,25,40,Rome,,41.9028,12.4964,21,
2024-02-29T04:00:00+00:00,34.58,50.53,13.36,63.38,25,40,Rome,,41.9028,12.4964,21,
2024-02-29T05:00:00+00:00,37.15,49.68,13.48,66.74,25,40,Rome,,41.9028,12.4964,21,
2024-02-29T06:00:00+00:00,35.73,51.77,12.97,62.48,25,40,Rome,,41.9028,12.4964,21,
2024-02-29T07:00:00+00:00,40.79,52.52,14.28,72.31,25,40,Rome,,41.9028,12.4964,21,
2024-02-29T08:00:00+00:00,36.11,50.34,13.12,58.06,25,40,Rome,,41.9028,12.4964,21,
2024-02-29T09:00:00+00:00,40.34,56.54,12.12,69.2,25,40,Rome,,41.9028,12.4964,21,
2024-02-29T10:00:00+00:00,36.38,49.65,10.84,61.18,25,40,Rome,,41.9028,12.4964,21,
2024-02-29T11:00:00+00:00,35.91,51.4,8.7,49.95,25,40,Rome,,41.9028,12.4964,21,
2024-02-29T12:00:00+00:00,35.51,50.13,7.6,51.05,25,40,Rome,,41.9028,12.4964,21,
2024-02-29T13:00:00+00:00,35.62,49.71,7.38,47.12,25,40,Rome,,41.9028,12.4964,21,
2024-02-29T14:00:00+00:00,34.18,49.57,8.04,48.62,25,40,Rome,,41.9028,12.4964,21,
2024-02-29T15:00:00+00:00,35.07,50.46,7.47,49.16,25,40,Rome,,41.9028,12.4964,21,
2024-02-29T16:00:00+00:00,32.38,42.43,6.46,39.25,25,40,Rome,,41.9028,12.4964,21,
2024-02-29T17:00:00+00:00,40.4,51.13,6.54,50.09,25,40,Rome,,41.9028,12.4964,21,
2024-02-29T18:00:00+00:00,30.77,41.94,4.79,38.18,25,40,Rome,,41.9028,12.4964,21,
2024-02-29T19:00:00+00:00,31.61,39.97,3.95,39.25,25,40,Rome,,41.9028,12.4964,21,
2024-02-29T20:00:00+00:00,36.73,49.28,5.0,50.95,25,40,Rome,,41.9028,12.4964,21,
2024-02-29T21:00:00+00:00,38.47,52.64,6.18,50.03,25,40,Rome,,41.9028,12.4964,21,
2024-02-29T22:00:00+00:00,36.68,49.92,8.09,57.35,25,40,Rome,,41.9028,12.4964,21,
2024-02-29T23:00:00+00:00,39.0,56.23,7.82,47.89,25,40,Rome,,41.9028,12.4964,21,
2024-03-01T00:00:00+00:00,41.59,53.54,10.6,60.61,25,40,Rome,,41.9028,12.4964,21,
2024-03-01T01:00:00+00:00,39.4,50.31,11.67,63.03,25,40,Rome,,41.9028,12.4964,21,
2024-03-01T02:00:00+00:00,33.45,47.51,15.41,62.75,25,40,Rome,,41.9028,12.4964,21,
2024-03-01T03:00:00+00:00,37.79,49.31,14.65,61.75,25,40,Rome,,41.9028,12.4964,21,
2024-03-01T04:00:00+00:00,37.77,49.8,16.44,66.55,25,40,Rome,,41.9028,12.4964,21,
2024-03-01T05:00:00+00:00,38.55,50.76,15.85,57.73,25,40,Rome,,41.9028,12.4964,21,
2024-03-01T06:00:00+00:00,31.88,44.39,15.53,70.53,25,40,Rome,,41.9028,12.4964,21,
2024-03-01T07:00:00+00:00,35.68,44.39,15.48,67.62,25,40,Rome,,41.9028,12.4964,21,
2024-03-01T08:00:00+00:00,39.76,54.46,16.67,57.69,25,40,Rome,,41.9028,12.4964,21,
2024-03-01T09:00:00+00:00,35.41,46.72,13.33,66.66,25,40,Rome,,41.9028,12.4964,21,
2024-03-01T10:00:00+00:00,32.02,40.39,15.1,66.45,25,40,Rome,,41.9028,12.4964,21,
2024-03-01T11:00:00+00:00,31.23,38.78,14.08,49.85,25,40,Rome,,41.9028,12.4964,21,
2024-03-01T12:00:00+00:00,34.81,43.28,10.78,62.47,25,40,Rome,,41.9028,12.4964,21,
2024-03-01T13:00:00+00:00,36.61,47.42,10.68,54.12,25,40,Rome,,41.9028,12.4964,21,
2024-03-01T14:00:00+00:00,35.19,47.61,10.71,52.74,25,40,Rome,,41.9028,12.4964,21,
2024-03-01T15:00:00+00:00,37.8,51.08,10.48,51.2,25,40,Rome,,41.9028,12.4964,21,
2024-03-01T16:00:00+00:00,31.23,41.36,9.53,43.13,25,40,Rome,,41.9028,12.4964,21,
2024-03-01T17:00:00+00:00,28.91,36.01,7.93,39.39,25,40,Rome,,41.9028,12.4964,21,
2024-03-01T18:00:00+00:00,31.74,45.24,6.91,39.73,25,40,Rome,,41.9028,12.4964,21,
2024-03-01T19:00:00+00:00,30.73,38.76,7.93,50.33,25,40,Rome,,41.9028,12.4964,21,
2024-03-01T20:00:00+00:00,36.14,51.03,9.69,42.01,25,40,Rome,,41.9028,12.4964,21,
2024-03-01T21:00:00+00:00,38.6,53.87,7.84,46.9,25,40,Rome,,41.9028,12.4964,21,
2024-03-01T22:00:00+00:00,32.66,40.94,10.8,46.29,25,40,Rome,,41.9028,12.4964,21,
2024-03-01T23:00:00+00:00,32.49,45.21,11.23,57.68,25,40,Rome,,41.9028,12.4964,21,
2024-03-02T00:00:00+00:00,36.43,51.89,11.87,53.13,25,40,Rome,,41.9028,12.4964,21,
2024-03-02T01:00:00+00:00,30.08,43.23,12.17,51.81,25,40,Rome,,41.9028,12.4964,21,
2024-03-02T02:00:00+00:00,37.59,50.05,14.68,63.67,25,40,Rome,,41.9028,12.4964,21,
2024-03-02T03:00:00+00:00,36.12,52.47,13.73,64.99,25,40,Rome,,41.9028,12.4964,21,
2024-03-02T04:00:00+00:00,38.25,50.3,16.19,71.2,25,40,Rome,,41.9028,12.4964,21,
2024-03-02T05:00:00+00:00,32.14,42.85,15.86,60.47,25,40,Rome,,41.9028,12.4964,21,
2024-03-02T06:00:00+00:00,31.75,44.66,16.86,57.26,25,40,Rome,,41.9028,12.4964,21,
2024-03-02T07:00:00+00:00,35.03,51.21,16.88,70.4,25,40,Rome,,41.9028,12.4964,21,
2024-03-02T08:00:00+00:00,32.3,44.44,14.0,68.93,25,40,Rome,,41.9028,12.4964,21,
2024-03-02T09:00:00+00:00,34.9,44.42,15.36,62.51,25,40,Rome,,41.9028,12.4964,21,
2024-03-02T10:00:00+00:00,39.27,55.25,14.56,64.4,25,40,Rome,,41.9028,12.4964,21,
2024-03-02T11:00:00+00:00,34.37,49.09,13.4,62.77,25,40,Rome,,41.9028,12.4964,21,
2024-03-02T12:00:00+00:00,34.55,46.85,13.09,62.65,25,40,Rome,,41.9028,12.4964,21,
2024-03-02T13:00:00+00:00,31.23,40.04,10.86,52.93,25,40,Rome,,41.9028,12.4964,21,
2024-03-02T14:00:00+00:00,35.87,48.02,9.71,46.06,25,40,Rome,,41.9028,12.4964,21,
2024-03-02T15:00:00+00:00,40.9,57.19,8.58,51.78,25,40,Rome,,41.9028,12.4964,21,
2024-03-02T16:00:00+00:00,37.48,54.09,8.96,51.94,25,40,Rome,,41.9028,12.4964,21,
2024-03-02T17:00:00+00:00,30.52,38.95,9.28,40.7,25,40,Rome,,41.9028,12.4964,21,
2024-03-02T18:00:00+00:00,39.12,56.58,9.1,50.26,25,40,Rome,,41.9028,12.4964,21,
2024-03-02T19:00:00+00:00,40.29,56.21,9.1,48.96,25,40,Rome,,41.9028,12.4964,21,
2024-03-02T20:00:00+00:00,33.23,47.82,8.79,53.27,25,40,Rome,,41.9028,12.4964,21,
2024-03-02T21:00:00+00:00,38.18,50.54,10.1,52.47,25,40,Rome,,41.9028,12.4964,21,
2024-03-02T22:00:00+00:00,30.47,37.64,9.0,44.59,25,40,Rome,,41.9028,12.4964,21,
2024-03-02T23:00:00+00:00,29.37,37.83,10.03,48.63,25,40,Rome,,41.9028,12.4964,21,
2024-03-03T00:00:00+00:00,38.25,47.64,12.04,61.71,25,40,Rome,,41.9028,12.4964,21,
2024-03-03T01:00:00+00:00,35.96,49.22,12.21,59.76,25,40,Rome,,41.9028,12.4964,21,
2024-03-03T02:00:00+00:00,34.19,46.7,14.42,59.67,25,40,Rome,,41.9028,12.4964,21,
2024-03-03T03:00:00+00:00,33.31,42.79,15.09,65.25,25,40,Rome,,41.9028,12.4964,21,
2024-03-03T04:00:00+00:00,36.77,53.63,16.04,60.56,25,40,Rome,,41.9028,12.4964,21,
2024-03-03T05:00:00+00:00,30.99,38.06,15.97,58.04,25,40,Rome,,41.9028,12.4964,21,
2024-03-03T06:00:00+00:00,33.43,48.25,16.52,65.51,25,40,Rome,,41.9028,12.4964,21,
2024-03-03T07:00:00+00:00,33.96,49.4,14.97,69.52,25,40,Rome,,41.9028,12.4964,21,
2024-03-03T08:00:00+00:00,37.03,49.88,14.72,69.98,25,40,Rome,,41.9028,12.4964,21,
2024-03-03T09:00:00+00:00,33.84,42.05,15.93,55.07,25,40,Rome,,41.9028,12.4964,21,
2024-03-03T10:00:00+00:00,33.75,45.55,14.57,52.17,25,40,Rome,,41.9028,12.4964,21,
2024-03-03T11:00:00+00:00,30.17,39.04,13.67,59.04,25,40,Rome,,41.9028,12.4964,21,
2024-03-03T12:00:00+00:00,31.72,45.52,12.59,52.61,25,40,Rome,,41.9028,12.4964,21,
2024-03-03T13:00:00+00:00,36.69,46.09,11.37,56.28,25,40,Rome,,41.9028,12.4964,21,
2024-03-03T14:00:00+00:00,38.06,52.42,8.64,47.56,25,40,Rome,,41.9028,12.4964,21,
2024-03-03T15:00:00+00:00,28.11,40.24,9.58,40.81,25,40,Rome,,41.9028,12.4964,21,
2024-03-03T16:00:00+00:00,34.97,46.78,7.9,51.48,25,40,Rome,,41.9028,12.4964,21,
2024-03-03T17:00:00+00:00,33.55,44.38,7.15,46.98,25,40,Rome,,41.9028,12.4964,21,
2024-03-03T18:00:00+00:00,40.55,54.92,8.34,52.91,25,40,Rome,,41.9028,12.4964,21,
2024-03-03T19:00:00+00:00,34.61,45.87,7.34,51.64,25,40,Rome,,41.9028,12.4964,21,
2024-03-03T20:00:00+00:00,34.47,45.57,9.96,52.97,25,40,Rome,,41.9028,12.4964,21,
2024-03-03T21:00:00+00:00,33.65,41.47,10.05,40.33,25,40,Rome,,41.9028,12.4964,21,
2024-03-03T22:00:00+00:00,30.32,43.89,9.58,53.28,25,40,Rome,,41.9028,12.4964,21,
2024-03-03T23:00:00+00:00,33.88,46.42,9.67,54.9,25,40,Rome,,41.9028,12.4964,21,
2024-03-04T00:00:00+00:00,29.81,39.44,11.02,49.3,25,40,Rome,,41.9028,12.4964,21,
2024-03-04T01:00:00+00:00,33.23,44.33,11.88,64.93,25,40,Rome,,41.9028,12.4964,21,
2024-03-04T02:00:00+00:00,36.67,51.19,12.92,56.37,25,40,Rome,,41.9028,12.4964,21,
2024-03-04T03:00:00+00:00,40.73,58.98,15.97,60.19,25,40,Rome,,41.9028,12.4964,21,
2024-03-04T04:00:00+00:00,34.27,48.69,16.35,59.82,25,40,Rome,,41.9028,12.4964,21,
2024-03-04T05:00:00+00:00,40.99,58.14,16.68,68.21,25,40,Rome,,41.9028,12.4964,21,
2024-03-04T06:00:00+00:00,41.3,54.74,15.07,64.34,25,40,Rome,,41.9028,12.4964,21,
2024-03-04T07:00:00+00:00,32.26,41.36,14.82,72.2,25,40,Rome,,41.9028,12.4964,21,
2024-03-04T08:00:00+00:00,33.72,43.93,14.27,63.65,25,40,Rome,,41.9028,12.4964,21,
2024-03-04T09:00:00+00:00,35.51,44.24,14.59,59.6,25,40,Rome,,41.9028,12.4964,21,
2024-03-04T10:00:00+00:00,39.57,52.02,12.63,53.28,25,40,Rome,,41.9028,12.4964,21,
2024-03-04T11:00:00+00:00,39.96,56.48,13.27,57.94,25,40,Rome,,41.9028,12.4964,21,
2024-03-04T12:00:00+00:00,32.65,40.82,10.95,52.22,25,40,Rome,,41.9028,12.4964,21,
2024-03-04T13:00:00+00:00,35.35,48.11,12.1,51.34,25,40,Rome,,41.9028,12.4964,21,
2024-03-04T14:00:00+00:00,37.09,53.1,11.33,48.49,25,40,Rome,,41.9028,12.4964,21,
2024-03-04T15:00:00+00:00,36.26,45.2,7.82,52.94,25,40,Rome,,41.9028,12.4964,21,
2024-03-04T16:00:00+00:00,38.93,50.02,7.89,47.93,25,40,Rome,,41.9028,12.4964,21,
2024-03-04T17:00:00+00:00,37.03,50.34,7.73,52.12,25,40,Rome,,41.9028,12.4964,21,
2024-03-04T18:00:00+00:00,30.35,40.84,6.51,39.46,25,40,Rome,,41.9028,12.4964,21,
2024-03-04T19:00:00+00:00,34.75,50.73,9.18,50.02,25,40,Rome,,41.9028,12.4964,21,
2024-03-04T20:00:00+00:00,39.89,50.22,7.39,46.44,25,40,Rome,,41.9028,12.4964,21,
2024-03-04T21:00:00+00:00,35.66,51.63,9.83,51.12,25,40,Rome,,41.9028,12.4964,21,
2024-03-04T22:00:00+00:00,33.51,44.73,10.34,45.87,25,40,Rome,,41.9028,12.4964,21,
2024-03-04T23:00:00+00:00,36.5,51.32,11.72,60.16,25,40,Rome,,41.9028,12.4964,21,
2024-03-05T00:00:00+00:00,31.09,42.89,13.37,60.67,25,40,Rome,,41.9028,12.4964,21,
2024-03-05T01:00:00+00:00,31.87,45.85,13.67,53.14,25,40,Rome,,41.9028,12.4964,21,
2024-03-05T02:00:00+00:00,34.03,42.47,13.02,62.25,25,40,Rome,,41.9028,12.4964,21,
2024-03-05T03:00:00+00:00,31.19,39.19,16.13,65.25,25,40,Rome,,41.9028,12.4964,21,
2024-03-05T04:00:00+00:00,35.6,45.83,15.04,69.89,25,40,Rome,,41.9028,12.4964,21,
2024-03-05T05:00:00+00:00,37.74,53.15,15.84,57.52,25,40,Rome,,41.9028,12.4964,21,
2024-03-05T06:00:00+00:00,41.88,58.67,16.11,69.29,25,40,Rome,,41.9028,12.4964,21,
2024-03-05T07:00:00+00:00,38.45,48.76,14.71,57.54,25,40,Rome,,41.9028,12.4964,21,
2024-03-05T08:00:00+00:00,41.85,57.88,16.51,69.14,25,40,Rome,,41.9028,12.4964,21,
2024-03-05T09:00:00+00:00,42.27,53.78,15.55,70.07,25,40,Rome,,41.9028,12.4964,21,
2024-03-05T10:00:00+00:00,39.59,49.68,13.93,66.51,25,40,Rome,,41.9028,12.4964,21,
2024-03-05T11:00:00+00:00,36.95,50.03,14.4,51.73,25,40,Rome,,41.9028,12.4964,21,
2024-03-05T12:00:00+00:00,30.09,38.68,11.56,48.8,25,40,Rome,,41.9028,12.4964,21,
2024-03-05T13:00:00+00:00,36.85,46.24,11.01,47.79,25,40,Rome,,41.9028,12.4964,21,
2024-03-05T14:00:00+00:00,37.83,47.86,9.07,53.12,25,40,Rome,,41.9028,12.4964,21,
2024-03-05T15:00:00+00:00,33.04,47.46,7.96,54.98,25,40,Rome,,41.9028,12.4964,21,
2024-03-05T16:00:00+00:00,31.91,43.96,9.97,48.49,25,40,Rome,,41.9028,12.4964,21,
2024-03-05T17:00:00+00:00,30.87,45.25,7.81,37.96,25,40,Rome,,41.9028,12.4964,21,
2024-03-05T18:00:00+00:00,30.58,45.04,8.31,48.49,25,40,Rome,,41.9028,12.4964,21,
2024-03-05T19:00:00+00:00,37.6,49.64,9.31,51.68,25,40,Rome,,41.9028,12.4964,21,
2024-03-05T20:00:00+00:00,38.16,51.98,7.87,39.87,25,40,Rome,,41.9028,12.4964,21,
2024-03-05T21:00:00+00:00,36.0,46.57,9.72,52.38,25,40,Rome,,41.9028,12.4964,21,
2024-03-05T22:00:00+00:00,30.23,42.12,11.33,51.82,25,40,Rome,,41.9028,12.4964,21,
2024-03-05T23:00:00+00:00,30.84,39.17,9.82,54.96,25,40,Rome,,41.9028,12.4964,21,
2024-03-06T00:00:00+00:00,36.4,45.71,10.84,59.97,25,40,Rome,,41.9028,12.4964,21,
2024-03-06T01:00:00+00:00,37.32,49.66,12.82,56.52,25,40,Rome,,41.9028,12.4964,21,
2024-03-06T02:00:00+00:00,39.1,51.66,14.02,61.81,25,40,Rome,,41.9028,12.4964,21,
2024-03-06T03:00:00+00:00,30.76,40.72,15.18,66.11,25,40,Rome,,41.9028,12.4964,21,
2024-03-06T04:00:00+00:00,34.27,43.98,14.82,58.37,25,40,Rome,,41.9028,12.4964,21,
2024-03-06T05:00:00+00:00,35.44,51.18,14.57,61.66,25,40,Rome,,41.9028,12.4964,21,
2024-03-06T06:00:00+00:00,33.92,45.07,14.68,60.13,25,40,Rome,,41.9028,12.4964,21,
2024-03-06T07:00:00+00:00,34.25,43.64,15.17,71.22,25,40,Rome,,41.9028,12.4964,21,
2024-03-06T08:00:00+00:00,39.26,54.66,14.42,65.44,25,40,Rome,,41.9028,12.4964,21,
2024-03-06T09:00:00+00:00,36.84,47.02,13.7,64.73,25,40,Rome,,41.9028,12.4964,21,
2024-03-06T10:00:00+00:00,38.02,54.94,13.34,52.37,25,40,Rome,,41.9028,12.4964,21,
2024-03-06T11:00:00+00:00,32.36,46.12,11.84,54.45,25,40,Rome,,41.9028,12.4964,21,
2024-03-06T12:00:00+00:00,28.69,42.29,11.45,48.69,25,40,Rome,,41.9028,12.4964,21,
2024-03-06T13:00:00+00:00,38.5,51.14,9.66,55.17,25,40,Rome,,41.9028,12.4964,21,
2024-03-06T14:00:00+00:00,34.1,43.19,9.39,44.59,25,40,Rome,,41.9028,12.4964,21,
2024-03-06T15:00:00+00:00,39.78,52.96,9.04,46.76,25,40,Rome,,41.9028,12.4964,21,
2024-03-06T16:00:00+00:00,29.71,42.47,7.83,47.76,25,40,Rome,,41.9028,12.4964,21,
2024-03-06T17:00:00+00:00,34.88,49.62,8.39,40.08,25,40,Rome,,41.9028,12.4964,21,
2024-03-06T18:00:00+00:00,32.41,42.52,9.18,38.2,25,40,Rome,,41.9028,12.4964,21,
2024-03-06T19:00:00+00:00,30.71,40.75,7.19,38.29,25,40,Rome,,41.9028,12.4964,21,
2024-03-06T20:00:00+00:00,37.68,52.5,8.01,48.26,25,40,Rome,,41.9028,12.4964,21,
2024-03-06T21:00:00+00:00,38.55,50.88,7.68,42.96,25,40,Rome,,41.9028,12.4964,21,
2024-03-06T22:00:00+00:00,34.56,45.63,9.15,56.7,25,40,Rome,,41.9028,12.4964,21,
2024-03-06T23:00:00+00:00,32.26,43.16,10.32,44.97,25,40,Rome,,41.9028,12.4964,21,
2024-03-07T00:00:00+00:00,34.58,49.0,11.66,62.97,25,40,Rome,,41.9028,12.4964,21,
2024-03-07T01:00:00+00:00,39.28,54.35,14.24,62.17,25,40,Rome,,41.9028,12.4964,21,
2024-03-07T02:00:00+00:00,30.1,36.72,13.81,58.63,25,40,Rome,,41.9028,12.4964,21,
2024-03-07T03:00:00+00:00,34.36,48.36,14.49,69.93,25,40,Rome,,41.9028,12.4964,21,
2024-03-07T04:00:00+00:00,39.63,55.85,15.26,71.44,25,40,Rome,,41.9028,12.4964,21,
2024-03-07T05:00:00+00:00,36.38,51.21,16.11,72.6,25,40,Rome,,41.9028,12.4964,21,
2024-03-07T06:00:00+00:00,34.05,43.29,15.09,71.07,25,40,Rome,,41.9028,12.4964,21,
2024-03-07T07:00:00+00:00,36.34,50.16,17.17,64.08,25,40,Rome,,41.9028,12.4964,21,
2024-03-07T08:00:00+00:00,34.68,48.62,16.52,63.62,25,40,Rome,,41.9028,12.4964,21,
2024-03-07T09:00:00+00:00,37.08,47.32,15.6,54.27,25,40,Rome,,41.9028,12.4964,21,
2024-03-07T10:00:00+00:00,33.81,48.47,15.42,58.93,25,40,Rome,,41.9028,12.4964,21,
2024-03-07T11:00:00+00:00,34.61,47.12,12.2,63.67,25,40,Rome,,41.9028,12.4964,21,
2024-03-07T12:00:00+00:00,37.54,51.14,11.81,53.7,25,40,Rome,,41.9028,12.4964,21,
2024-03-07T13:00:00+00:00,37.59,48.55,11.33,49.43,25,40,Rome,,41.9028,12.4964,21,
2024-03-07T14:00:00+00:00,32.54,43.69,10.73,53.98,25,40,Rome,,41.9028,12.4964,21,
2024-03-07T15:00:00+00:00,30.04,38.23,8.5,44.22,25,40,Rome,,41.9028,12.4964,21,
2024-03-07T16:00:00+00:00,30.19,41.16,9.1,49.05,25,40,Rome,,41.9028,12.4964,21,
2024-03-07T17:00:00+00:00,34.58,50.49,9.45,42.61,25,40,Rome,,41.9028,12.4964,21,
2024-03-07T18:00:00+00:00,30.04,39.25,8.62,42.64,25,40,Rome,,41.9028,12.4964,21,
2024-03-07T19:00:00+00:00,32.81,45.57,6.86,46.75,25,40,Rome,,41.9028,12.4964,21,
2024-03-07T20:00:00+00:00,35.64,47.57,9.79,48.89,25,40,Rome,,41.9028,12.4964,21,
2024-03-07T21:00:00+00:00,29.91,38.5,8.15,42.01,25,40,Rome,,41.9028,12.4964,21,
2024-03-07T22:00:00+00:00,29.62,41.53,11.41,53.56,25,40,Rome,,41.9028,12.4964,21,
2024-03-07T23:00:00+00:00,39.55,54.96,10.44,50.02,25,40,Rome,,41.9028,12.4964,21,
2024-03-08T00:00:00+00:00,31.6,39.96,11.03,58.25,25,40,Rome,,41.9028,12.4964,21,
2024-03-08T01:00:00+00:00,34.48,47.56,11.92,61.15,25,40,Rome,,41.9028,12.4964,21,
2024-03-08T02:00:00+00:00,29.57,38.88,15.31,54.04,25,40,Rome,,41.9028,12.4964,21,
2024-03-08T03:00:00+00:00,30.66,43.23,15.55,61.37,25,40,Rome,,41.9028,12.4964,21,
2024-03-08T04:00:00+00:00,33.6,44.39,15.87,60.15,25,40,Rome,,41.9028,12.4964,21,
2024-03-08T05:00:00+00:00,36.46,47.6,16.63,65.31,25,40,Rome,,41.9028,12.4964,21,
2024-03-08T06:00:00+00:00,35.92,48.51,14.98,65.22,25,40,Rome,,41.9028,12.4964,21,
2024-03-08T07:00:00+00:00,34.88,43.46,16.1,68.83,25,40,Rome,,41.9028,12.4964,21,
2024-03-08T08:00:00+00:00,31.21,40.84,16.77,56.16,25,40,Rome,,41.9028,12.4964,21,
2024-03-08T09:00:00+00:00,33.57,43.12,15.65,58.59,25,40,Rome,,41.9028,12.4964,21,
2024-03-08T10:00:00+00:00,34.61,49.48,12.94,52.97,25,40,Rome,,41.9028,12.4964,21,
2024-03-08T11:00:00+00:00,39.63,49.83,13.25,51.86,25,40,Rome,,41.9028,12.4964,21,
2024-03-08T12:00:00+00:00,32.8,44.22,11.56,52.79,25,40,Rome,,41.9028,12.4964,21,
2024-03-08T13:00:00+00:00,32.6,45.44,10.86,48.72,25,40,Rome,,41.9028,12.4964,21,
2024-03-08T14:00:00+00:00,39.47,51.4,8.58,47.83,25,40,Rome,,41.9028,12.4964,21,
2024-03-08T15:00:00+00:00,35.2,47.5,10.41,48.75,25,40,Rome,,41.9028,12.4964,21,
2024-03-08T16:00:00+00:00,32.22,39.95,9.69,46.49,25,40,Rome,,41.9028,12.4964,21,
2024-03-08T17:00:00+00:00,29.66,42.92,8.44,50.68,25,40,Rome,,41.9028,12.4964,21,
2024-03-08T18:00:00+00:00,31.78,39.96,8.02,49.37,25,40,Rome,,41.9028,12.4964,21,
2024-03-08T19:00:00+00:00,27.57,37.12,9.07,39.09,25,40,Rome,,41.9028,12.4964,21,
2024-03-08T20:00:00+00:00,38.52,49.02,7.24,41.92,25,40,Rome,,41.9028,12.4964,21,
2024-03-08T21:00:00+00:00,29.72,39.69,10.54,48.45,25,40,Rome,,41.9028,12.4964,21,
2024-03-08T22:00:00+00:00,38.67,52.18,9.26,53.92,25,40,Rome,,41.9028,12.4964,21,
2024-03-08T23:00:00+00:00,28.33,39.44,11.79,45.46,25,40,Rome,,41.9028,12.4964,21,
2024-03-09T00:00:00+00:00,40.03,56.89,12.09,60.15,25,40,Rome,,41.9028,12.4964,21,
2024-03-09T01:00:00+00:00,33.64,46.11,14.34,61.05,25,40,Rome,,41.9028,12.4964,21,
2024-03-09T02:00:00+00:00,32.08,41.75,14.73,61.44,25,40,Rome,,41.9028,12.4964,21,
2024-03-09T03:00:00+00:00,36.31,48.92,16.08,62.3,25,40,Rome,,41.9028,12.4964,21,
2024-03-09T04:00:00+00:00,33.08,46.83,16.84,69.47,25,40,Rome,,41.9028,12.4964,21,
2024-03-09T05:00:00+00:00,40.17,53.97,16.53,70.08,25,40,Rome,,41.9028,12.4964,21,
2024-03-09T06:00:00+00:00,35.26,50.14,15.84,63.6,25,40,Rome,,41.9028,12.4964,21,
2024-03-09T07:00:00+00:00,35.12,48.51,16.52,63.96,25,40,Rome,,41.9028,12.4964,21,
2024-03-09T08:00:00+00:00,36.19,47.32,15.05,60.15,25,40,Rome,,41.9028,12.4964,21,
2024-03-09T09:00:00+00:00,38.83,55.77,13.63,60.99,25,40,Rome,,41.9028,12.4964,21,
2024-03-09T10:00:00+00:00,35.82,48.5,14.48,53.71,25,40,Rome,,41.9028,12.4964,21,
2024-03-09T11:00:00+00:00,33.78,46.95,14.01,60.07,25,40,Rome,,41.9028,12.4964,21,
2024-03-09T12:00:00+00:00,30.53,44.14,11.38,53.68,25,40,Rome,,41.9028,12.4964,21,
2024-03-09T13:00:00+00:00,33.21,47.37,11.04,53.83,25,40,Rome,,41.9028,12.4964,21,
2024-03-09T14:00:00+00:00,32.79,47.94,9.79,45.04,25,40,Rome,,41.9028,12.4964,21,
2024-03-09T15:00:00+00:00,37.1,46.1,8.35,52.11,25,40,Rome,,41.9028,12.4964,21,
2024-03-09T16:00:00+00:00,38.21,50.75,8.73,42.8,25,40,Rome,,41.9028,12.4964,21,
2024-03-09T17:00:00+00:00,29.47,43.17,7.94,43.2,25,40,Rome,,41.9028,12.4964,21,
2024-03-09T18:00:00+00:00,35.1,47.44,7.64,37.25,25,40,Rome,,41.9028,12.4964,21,
2024-03-09T19:00:00+00:00,37.35,49.11,9.0,46.36,25,40,Rome,,41.9028,12.4964,21,
2024-03-09T20:00:00+00:00,32.54,41.08,7.39,53.43,25,40,Rome,,41.9028,12.4964,21,
2024-03-09T21:00:00+00:00,28.49,37.38,9.02,39.99,25,40,Rome,,41.9028,12.4964,21,
2024-03-09T22:00:00+00:00,36.66,48.74,9.8,43.23,25,40,Rome,,41.9028,12.4964,21,
2024-03-09T23:00:00+00:00,33.34,47.91,12.44,45.98,25,40,Rome,,41.9028,12.4964,21,
2024-03-10T00:00:00+00:00,35.38,45.69,13.22,61.74,25,40,Rome,,41.9028,12.4964,21,
2024-03-10T01:00:00+00:00,30.84,40.29,14.45,56.41,25,40,Rome,,41.9028,12.4964,21,
2024-03-10T02:00:00+00:00,29.87,39.13,13.89,54.81,25,40,Rome,,41.9028,12.4964,21,
2024-03-10T03:00:00+00:00,34.66,50.4,15.95,55.23,25,40,Rome,,41.9028,12.4964,21,
2024-03-10T04:00:00+00:00,42.17,56.11,14.09,69.97,25,40,Rome,,41.9028,12.4964,21,
2024-03-10T05:00:00+00:00,37.05,49.86,15.52,64.87,25,40,Rome,,41.9028,12.4964,21,
2024-03-10T06:00:00+00:00,42.5,55.69,16.29,72.56,25,40,Rome,,41.9028,12.4964,21,
2024-03-10T07:00:00+00:00,35.79,49.12,17.14,58.29,25,40,Rome,,41.9028,12.4964,21,
2024-03-10T08:00:00+00:00,40.95,53.21,14.69,66.83,25,40,Rome,,41.9028,12.4964,21,
2024-03-10T09:00:00+00:00,31.86,42.45,16.1,68.63,25,40,Rome,,41.9028,12.4964,21,
2024-03-10T10:00:00+00:00,33.54,44.67,15.09,64.71,25,40,Rome,,41.9028,12.4964,21,
2024-03-10T11:00:00+00:00,35.55,51.14,13.3,60.24,25,40,Rome,,41.9028,12.4964,21,
2024-03-10T12:00:00+00:00,35.59,48.74,11.61,53.1,25,40,Rome,,41.9028,12.4964,21,
2024-03-10T13:00:00+00:00,36.44,50.79,10.07,56.46,25,40,Rome,,41.9028,12.4964,21,
2024-03-10T14:00:00+00:00,29.48,40.97,10.47,44.75,25,40,Rome,,41.9028,12.4964,21,
2024-03-10T15:00:00+00:00,31.9,43.7,9.99,54.57,25,40,Rome,,41.9028,12.4964,21,
2024-03-10T16:00:00+00:00,37.67,51.05,9.11,42.79,25,40,Rome,,41.9028,12.4964,21,
2024-03-10T17:00:00+00:00,35.84,51.58,9.58,39.69,25,40,Rome,,41.9028,12.4964,21,
2024-03-10T18:00:00+00:00,40.04,53.84,8.08,48.79,25,40,Rome,,41.9028,12.4964,21,
2024-03-10T19:00:00+00:00,39.59,53.27,6.86,51.49,25,40,Rome,,41.9028,12.4964,21,
2024-03-10T20:00:00+00:00,37.27,49.96,8.78,48.76,25,40,Rome,,41.9028,12.4964,21,
2024-03-10T21:00:00+00:00,30.52,39.09,9.83,55.17,25,40,Rome,,41.9028,12.4964,21,
2024-03-10T22:00:00+00:00,30.79,40.25,10.84,53.78,25,40,Rome,,41.9028,12.4964,21,
2024-03-10T23:00:00+00:00,30.84,40.65,12.45,52.14,25,40,Rome,,41.9028,12.4964,21,
2024-03-11T00:00:00+00:00,40.77,57.39,12.65,60.85,25,40,Rome,,41.9028,12.4964,21,
2024-03-11T01:00:00+00:00,35.82,48.1,12.52,64.48,25,40,Rome,,41.9028,12.4964,21,
2024-03-11T02:00:00+00:00,37.36,54.12,13.36,65.95,25,40,Rome,,41.9028,12.4964,21,
2024-03-11T03:00:00+00:00,32.86,43.38,16.16,61.34,25,40,Rome,,41.9028,12.4964,21,
2024-03-11T04:00:00+00:00,41.34,59.69,15.32,71.59,25,40,Rome,,41.9028,12.4964,21,
2024-03-11T05:00:00+00:00,39.67,49.7,17.21,58.71,25,40,Rome,,41.9028,12.4964,21,
2024-03-11T06:00:00+00:00,36.7,53.26,15.82,64.92,25,40,Rome,,41.9028,12.4964,21,
2024-03-11T07:00:00+00:00,36.66,47.46,14.43,72.11,25,40,Rome,,41.9028,12.4964,21,
2024-03-11T08:00:00+00:00,33.75,43.08,14.4,71.65,25,40,Rome,,41.9028,12.4964,21,
2024-03-11T09:00:00+00:00,38.05,47.52,15.25,63.31,25,40,Rome,,41.9028,12.4964,21,
2024-03-11T10:00:00+00:00,33.33,43.76,13.7,60.08,25,40,Rome,,41.9028,12.4964,21,
2024-03-11T11:00:00+00:00,31.89,46.24,12.22,57.18,25,40,Rome,,41.9028,12.4964,21,
2024-03-11T12:00:00+00:00,30.66,44.55,12.97,61.45,25,40,Rome,,41.9028,12.4964,21,
2024-03-11T13:00:00+00:00,31.95,46.39,10.11,53.46,25,40,Rome,,41.9028,12.4964,21,
2024-03-11T14:00:00+00:00,29.8,36.89,8.76,50.04,25,40,Rome,,41.9028,12.4964,21,
2024-03-11T15:00:00+00:00,35.25,47.43,10.14,41.49,25,40,Rome,,41.9028,12.4964,21,
2024-03-11T16:00:00+00:00,38.71,55.92,7.6,52.76,25,40,Rome,,41.9028,12.4964,21,
2024-03-11T17:00:00+00:00,29.72,38.34,9.49,39.4,25,40,Rome,,41.9028,12.4964,21,
2024-03-11T18:00:00+00:00,37.72,52.24,9.44,39.05,25,40,Rome,,41.9028,12.4964,21,
2024-03-11T19:00:00+00:00,37.99,53.87,8.39,46.39,25,40,Rome,,41.9028,12.4964,21,
2024-03-11T20:00:00+00:00,34.66,44.57,7.35,47.16,25,40,Rome,,41.9028,12.4964,21,
2024-03-11T21:00:00+00:00,34.76,50.16,8.46,47.05,25,40,Rome,,41.9028,12.4964,21,
2024-03-11T22:00:00+00:00,39.36,55.09,11.35,51.6,25,40,Rome,,41.9028,12.4964,21,
2024-03-11T23:00:00+00:00,37.67,50.65,9.52,52.44,25,40,Rome,,41.9028,12.4964,21,
2024-03-12T00:00:00+00:00,34.36,47.56,10.68,62.92,25,40,Rome,,41.9028,12.4964,21,
2024-03-12T01:00:00+00:00,41.47,58.91,12.1,61.2,25,40,Rome,,41.9028,12.4964,21,
2024-03-12T02:00:00+00:00,36.86,50.2,14.83,65.23,25,40,Rome,,41.9028,12.4964,21,
2024-03-12T03:00:00+00:00,40.94,58.34,13.36,58.89,25,40,Rome,,41.9028,12.4964,21,
2024-03-12T04:00:00+00:00,34.39,43.21,15.67,58.51,25,40,Rome,,41.9028,12.4964,21,
2024-03-12T05:00:00+00:00,35.98,48.5,15.09,62.07,25,40,Rome,,41.9028,12.4964,21,
2024-03-12T06:00:00+00:00,36.95,51.72,17.03,70.0,25,40,Rome,,41.9028,12.4964,21,
2024-03-12T07:00:00+00:00,36.34,48.29,17.1,70.68,25,40,Rome,,41.9028,12.4964,21,
2024-03-12T08:00:00+00:00,39.83,57.43,14.81,68.64,25,40,Rome,,41.9028,12.4964,21,
2024-03-12T09:00:00+00:00,30.16,36.8,15.47,62.32,25,40,Rome,,41.9028,12.4964,21,
2024-03-12T10:00:00+00:00,31.63,40.34,13.8,67.45,25,40,Rome,,41.9028,12.4964,21,
2024-03-12T11:00:00+00:00,34.59,44.23,14.0,59.73,25,40,Rome,,41.9028,12.4964,21,
2024-03-12T12:00:00+00:00,35.89,49.52,12.96,47.4,25,40,Rome,,41.9028,12.4964,21,
2024-03-12T13:00:00+00:00,31.82,40.78,10.01,48.38,25,40,Rome,,41.9028,12.4964,21,
2024-03-12T14:00:00+00:00,36.82,46.17,9.14,46.34,25,40,Rome,,41.9028,12.4964,21,
2024-03-12T15:00:00+00:00,37.71,47.04,9.7,54.08,25,40,Rome,,41.9028,12.4964,21,
2024-03-12T16:00:00+00:00,37.66,49.54,9.98,46.07,25,40,Rome,,41.9028,12.4964,21,
2024-03-12T17:00:00+00:00,34.24,44.56,7.86,52.38,25,40,Rome,,41.9028,12.4964,21,
2024-03-12T18:00:00+00:00,40.73,58.47,6.8,48.74,25,40,Rome,,41.9028,12.4964,21,
2024-03-12T19:00:00+00:00,33.49,43.83,7.77,52.66,25,40,Rome,,41.9028,12.4964,21,
2024-03-12T20:00:00+00:00,32.88,45.5,8.92,45.99,25,40,Rome,,41.9028,12.4964,21,
2024-03-12T21:00:00+00:00,33.67,42.73,8.42,51.25,25,40,Rome,,41.9028,12.4964,21,
2024-03-12T22:00:00+00:00,31.13,44.25,11.28,45.44,25,40,Rome,,41.9028,12.4964,21,
2024-03-12T23:00:00+00:00,30.84,40.25,9.66,45.64,25,40,Rome,,41.9028,12.4964,21,
2024-03-13T00:00:00+00:00,36.09,47.75,12.05,60.64,25,40,Rome,,41.9028,12.4964,21,
2024-03-13T01:00:00+00:00,30.25,41.29,12.27,51.89,25,40,Rome,,41.9028,12.4964,21,
2024-03-13T02:00:00+00:00,33.35,45.97,12.9,62.61,25,40,Rome,,41.9028,12.4964,21,
2024-03-13T03:00:00+00:00,34.76,50.68,14.5,67.42,25,40,Rome,,41.9028,12.4964,21,
2024-03-13T04:00:00+00:00,32.29,40.45,15.87,59.57,25,40,Rome,,41.9028,12.4964,21,
2024-03-13T05:00:00+00:00,30.35,40.72,15.52,62.11,25,40,Rome,,41.9028,12.4964,21,
2024-03-13T06:00:00+00:00,32.87,40.73,15.65,72.38,25,40,Rome,,41.9028,12.4964,21,
2024-03-13T07:00:00+00:00,36.81,46.99,15.97,67.83,25,40,Rome,,41.9028,12.4964,21,
2024-03-13T08:00:00+00:00,29.89,39.8,14.11,58.87,25,40,Rome,,41.9028,12.4964,21,
2024-03-13T09:00:00+00:00,30.78,40.14,16.17,54.15,25,40,Rome,,41.9028,12.4964,21,
2024-03-13T10:00:00+00:00,31.16,45.11,13.83,52.41,25,40,Rome,,41.9028,12.4964,21,
2024-03-13T11:00:00+00:00,33.14,42.12,14.2,63.84,25,40,Rome,,41.9028,12.4964,21,
2024-03-13T12:00:00+00:00,33.49,43.64,12.45,61.31,25,40,Rome,,41.9028,12.4964,21,
2024-03-13T13:00:00+00:00,34.47,43.63,12.27,46.32,25,40,Rome,,41.9028,12.4964,21,
2024-03-13T14:00:00+00:00,39.61,55.62,10.02,52.67,25,40,Rome,,41.9028,12.4964,21,
2024-03-13T15:00:00+00:00,32.11,45.76,8.15,45.64,25,40,Rome,,41.9028,12.4964,21,
2024-03-13T16:00:00+00:00,34.49,46.17,7.33,40.38,25,40,Rome,,41.9028,12.4964,21,
2024-03-13T17:00:00+00:00,34.23,44.79,7.87,40.45,25,40,Rome,,41.9028,12.4964,21,
2024-03-13T18:00:00+00:00,28.68,36.3,9.12,42.66,25,40,Rome,,41.9028,12.4964,21,
2024-03-13T19:00:00+00:00,32.03,42.19,8.94,51.34,25,40,Rome,,41.9028,12.4964,21,
2024-03-13T20:00:00+00:00,31.22,42.4,8.8,43.62,25,40,Rome,,41.9028,12.4964,21,
2024-03-13T21:00:00+00:00,33.13,43.88,9.98,44.91,25,40,Rome,,41.9028,12.4964,21,
2024-03-13T22:00:00+00:00,31.95,39.9,9.48,43.74,25,40,Rome,,41.9028,12.4964,21,
2024-03-13T23:00:00+00:00,33.38,42.08,11.08,45.5,25,40,Rome,,41.9028,12.4964,21,
2024-03-14T00:00:00+00:00,36.75,50.86,11.65,49.27,25,40,Rome,,41.9028,12.4964,21,
2024-03-14T01:00:00+00:00,32.39,44.4,12.78,60.27,25,40,Rome,,41.9028,12.4964,21,
2024-03-14T02:00:00+00:00,29.14,36.98,13.48,52.57,25,40,Rome,,41.9028,12.4964,21,
2024-03-14T03:00:00+00:00,37.33,50.38,16.17,69.72,25,40,Rome,,41.9028,12.4964,21,
2024-03-14T04:00:00+00:00,35.53,51.28,14.51,64.74,25,40,Rome,,41.9028,12.4964,21,
2024-03-14T05:00:00+00:00,41.08,54.27,16.29,71.17,25,40,Rome,,41.9028,12.4964,21,
2024-03-14T06:00:00+00:00,32.1,46.28,16.53,61.5,25,40,Rome,,41.9028,12.4964,21,
2024-03-14T07:00:00+00:00,36.06,52.31,14.58,61.99,25,40,Rome,,41.9028,12.4964,21,
2024-03-14T08:00:00+00:00,37.92,49.29,14.77,65.28,25,40,Rome,,41.9028,12.4964,21,
2024-03-14T09:00:00+00:00,31.8,39.8,14.39,59.15,25,40,Rome,,41.9028,12.4964,21,
2024-03-14T10:00:00+00:00,35.55,48.62,14.72,63.63,25,40,Rome,,41.9028,12.4964,21,
2024-03-14T11:00:00+00:00,39.13,53.06,13.21,64.85,25,40,Rome,,41.9028,12.4964,21,
2024-03-14T12:00:00+00:00,40.59,56.95,10.67,54.11,25,40,Rome,,41.9028,12.4964,21,
2024-03-14T13:00:00+00:00,41.23,58.54,10.09,59.32,25,40,Rome,,41.9028,12.4964,21,
2024-03-14T14:00:00+00:00,34.14,46.6,9.28,56.79,25,40,Rome,,41.9028,12.4964,21,
2024-03-14T15:00:00+00:00,30.66,38.74,10.26,51.8,25,40,Rome,,41.9028,12.4964,21,
2024-03-14T16:00:00+00:00,38.09,54.86,7.7,53.43,25,40,Rome,,41.9028,12.4964,21,
2024-03-14T17:00:00+00:00,34.43,43.87,7.99,53.28,25,40,Rome,,41.9028,12.4964,21,
2024-03-14T18:00:00+00:00,30.5,42.19,6.91,42.74,25,40,Rome,,41.9028,12.4964,21,
2024-03-14T19:00:00+00:00,33.11,40.71,9.34,41.75,25,40,Rome,,41.9028,12.4964,21,
2024-03-14T20:00:00+00:00,39.09,53.23,8.74,43.93,25,40,Rome,,41.9028,12.4964,21,
2024-03-14T21:00:00+00:00,33.63,47.21,7.87,55.31,25,40,Rome,,41.9028,12.4964,21,
2024-03-14T22:00:00+00:00,31.33,38.37,10.97,54.49,25,40,Rome,,41.9028,12.4964,21,
2024-03-14T23:00:00+00:00,32.01,46.27,9.84,59.73,25,40,Rome,,41.9028,12.4964,21,
2024-03-15T00:00:00+00:00,38.04,50.31,10.68,55.65,25,40,Rome,,41.9028,12.4964,21,
2024-03-15T01:00:00+00:00,35.86,46.52,11.54,63.6,25,40,Rome,,41.9028,12.4964,21,
2024-03-15T02:00:00+00:00,30.36,43.61,13.68,58.96,25,40,Rome,,41.9028,12.4964,21,
2024-03-15T03:00:00+00:00,36.51,50.86,14.75,68.88,25,40,Rome,,41.9028,12.4964,21,
2024-03-15T04:00:00+00:00,39.93,51.63,14.02,61.99,25,40,Rome,,41.9028,12.4964,21,
2024-03-15T05:00:00+00:00,37.28,52.8,16.8,58.09,25,40,Rome,,41.9028,12.4964,21,
2024-03-15T06:00:00+00:00,40.64,57.33,17.07,65.07,25,40,Rome,,41.9028,12.4964,21,
2024-03-15T07:00:00+00:00,42.19,59.94,15.31,68.19,25,40,Rome,,41.9028,12.4964,21,
2024-03-15T08:00:00+00:00,33.24,47.28,16.57,64.08,25,40,Rome,,41.9028,12.4964,21,
2024-03-15T09:00:00+00:00,35.72,47.07,14.36,60.36,25,40,Rome,,41.9028,12.4964,21,
2024-03-15T10:00:00+00:00,40.72,51.93,12.81,56.81,25,40,Rome,,41.9028,12.4964,21,
2024-03-15T11:00:00+00:00,35.93,45.67,13.94,50.16,25,40,Rome,,41.9028,12.4964,21,
2024-03-15T12:00:00+00:00,32.04,39.82,10.63,55.82,25,40,Rome,,41.9028,12.4964,21,
2024-03-15T13:00:00+00:00,30.94,38.18,12.39,50.78,25,40,Rome,,41.9028,12.4964,21,
2024-03-15T14:00:00+00:00,34.47,45.88,10.2,56.08,25,40,Rome,,41.9028,12.4964,21,
2024-03-15T15:00:00+00:00,30.18,43.36,8.62,46.32,25,40,Rome,,41.9028,12.4964,21,
2024-03-15T16:00:00+00:00,32.26,40.08,9.78,42.1,25,40,Rome,,41.9028,12.4964,21,
2024-03-15T17:00:00+00:00,34.85,48.59,8.26,52.2,25,40,Rome,,41.9028,12.4964,21,
2024-03-15T18:00:00+00:00,36.89,49.79,9.07,49.52,25,40,Rome,,41.9028,12.4964,21,
2024-03-15T19:00:00+00:00,37.47,54.31,6.67,45.94,25,40,Rome,,41.9028,12.4964,21,
2024-03-15T20:00:00+00:00,29.59,43.01,7.63,42.22,25,40,Rome,,41.9028,12.4964,21,
2024-03-15T21:00:00+00:00,39.42,51.76,8.32,47.65,25,40,Rome,,41.9028,12.4964,21,
2024-03-15T22:00:00+00:00,39.26,51.56,9.97,53.85,25,40,Rome,,41.9028,12.4964,21,
2024-03-15T23:00:00+00:00,40.02,51.93,11.55,57.08,25,40,Rome,,41.9028,12.4964,21,
2024-03-16T00:00:00+00:00,31.43,44.25,11.94,54.29,25,40,Rome,,41.9028,12.4964,21,
2024-03-16T01:00:00+00:00,32.66,44.72,12.16,50.57,25,40,Rome,,41.9028,12.4964,21,
2024-03-16T02:00:00+00:00,36.79,51.68,12.67,58.81,25,40,Rome,,41.9028,12.4964,21,
2024-03-16T03:00:00+00:00,38.81,54.79,15.8,54.56,25,40,Rome,,41.9028,12.4964,21,
2024-03-16T04:00:00+00:00,35.59,48.93,14.54,58.16,25,40,Rome,,41.9028,12.4964,21,
2024-03-16T05:00:00+00:00,31.79,41.39,14.97,57.24,25,40,Rome,,41.9028,12.4964,21,
2024-03-16T06:00:00+00:00,34.76,45.02,15.56,58.42,25,40,Rome,,41.9028,12.4964,21,
2024-03-16T07:00:00+00:00,34.79,50.67,17.1,66.23,25,40,Rome,,41.9028,12.4964,21,
2024-03-16T08:00:00+00:00,33.39,44.79,16.14,69.63,25,40,Rome,,41.9028,12.4964,21,
2024-03-16T09:00:00+00:00,35.62,50.11,14.01,60.62,25,40,Rome,,41.9028,12.4964,21,
2024-03-16T10:00:00+00:00,31.06,43.94,12.78,57.29,25,40,Rome,,41.9028,12.4964,21,
2024-03-16T11:00:00+00:00,32.15,44.34,12.69,63.68,25,40,Rome,,41.9028,12.4964,21,
2024-03-16T12:00:00+00:00,36.83,49.09,11.79,55.51,25,40,Rome,,41.9028,12.4964,21,
2024-03-16T13:00:00+00:00,40.39,55.97,10.85,56.89,25,40,Rome,,41.9028,12.4964,21,
2024-03-16T14:00:00+00:00,39.09,49.57,9.64,49.18,25,40,Rome,,41.9028,12.4964,21,
2024-03-16T15:00:00+00:00,40.24,58.18,8.45,52.64,25,40,Rome,,41.9028,12.4964,21,
2024-03-16T16:00:00+00:00,36.3,48.32,7.8,51.36,25,40,Rome,,41.9028,12.4964,21,
2024-03-16T17:00:00+00:00,30.66,42.65,7.44,43.4,25,40,Rome,,41.9028,12.4964,21,
2024-03-16T18:00:00+00:00,33.34,46.04,7.58,43.6,25,40,Rome,,41.9028,12.4964,21,
2024-03-16T19:00:00+00:00,37.02,46.09,6.93,38.43,25,40,Rome,,41.9028,12.4964,21,
2024-03-16T20:00:00+00:00,40.41,51.61,9.77,51.15,25,40,Rome,,41.9028,12.4964,21,
2024-03-16T21:00:00+00:00,30.15,39.78,8.12,50.9,25,40,Rome,,41.9028,12.4964,21,
2024-03-16T22:00:00+00:00,34.38,47.41,11.18,55.3,25,40,Rome,,41.9028,12.4964,21,
2024-03-16T23:00:00+00:00,34.49,47.04,10.88,58.02,25,40,Rome,,41.9028,12.4964,21,
2024-03-17T00:00:00+00:00,34.08,44.15,13.15,60.47,25,40,Rome,,41.9028,12.4964,21,
2024-03-17T01:00:00+00:00,33.97,48.83,13.87,54.21,25,40,Rome,,41.9028,12.4964,21,
2024-03-17T02:00:00+00:00,32.62,42.63,12.79,58.81,25,40,Rome,,41.9028,12.4964,21,
2024-03-17T03:00:00+00:00,33.38,46.27,14.88,61.63,25,40,Rome,,41.9028,12.4964,21,
2024-03-17T04:00:00+00:00,32.62,47.87,14.96,67.23,25,40,Rome,,41.9028,12.4964,21,
2024-03-17T05:00:00+00:00,34.62,46.09,16.21,62.05,25,40,Rome,,41.9028,12.4964,21,
2024-03-17T06:00:00+00:00,34.82,43.01,16.05,64.8,25,40,Rome,,41.9028,12.4964,21,
2024-03-17T07:00:00+00:00,40.12,55.52,15.24,65.57,25,40,Rome,,41.9028,12.4964,21,
2024-03-17T08:00:00+00:00,41.39,55.65,14.21,63.06,25,40,Rome,,41.9028,12.4964,21,
2024-03-17T09:00:00+00:00,31.3,38.9,16.0,61.27,25,40,Rome,,41.9028,12.4964,21,
2024-03-17T10:00:00+00:00,33.12,42.84,14.18,63.5,25,40,Rome,,41.9028,12.4964,21,
2024-03-17T11:00:00+00:00,37.99,49.88,13.98,51.36,25,40,Rome,,41.9028,12.4964,21,
2024-03-17T12:00:00+00:00,32.14,40.72,12.65,61.31,25,40,Rome,,41.9028,12.4964,21,
2024-03-17T13:00:00+00:00,39.02,56.19,9.72,44.43,25,40,Rome,,41.9028,12.4964,21,
2024-03-17T14:00:00+00:00,36.25,49.1,10.51,53.86,25,40,Rome,,41.9028,12.4964,21,
2024-03-17T15:00:00+00:00,33.69,43.08,9.61,51.22,25,40,Rome,,41.9028,12.4964,21,
2024-03-17T16:00:00+00:00,35.32,46.29,8.31,45.18,25,40,Rome,,41.9028,12.4964,21,
2024-03-17T17:00:00+00:00,38.75,52.18,6.98,41.68,25,40,Rome,,41.9028,12.4964,21,
2024-03-17T18:00:00+00:00,32.78,47.21,8.95,52.12,25,40,Rome,,41.9028,12.4964,21,
2024-03-17T19:00:00+00:00,29.57,37.25,8.45,38.36,25,40,Rome,,41.9028,12.4964,21,
2024-03-17T20:00:00+00:00,34.85,43.8,8.11,46.2,25,40,Rome,,41.9028,12.4964,21,
2024-03-17T21:00:00+00:00,37.87,52.25,9.53,43.1,25,40,Rome,,41.9028,12.4964,21,
2024-03-17T22:00:00+00:00,33.3,48.06,11.16,43.43,25,40,Rome,,41.9028,12.4964,21,
2024-03-17T23:00:00+00:00,35.65,46.29,12.2,47.53,25,40,Rome,,41.9028,12.4964,21,
2024-03-18T00:00:00+00:00,37.11,50.71,13.12,50.3,25,40,Rome,,41.9028,12.4964,21,
2024-03-18T01:00:00+00:00,35.01,50.11,11.64,55.41,25,40,Rome,,41.9028,12.4964,21,
2024-03-18T02:00:00+00:00,36.99,48.59,13.27,67.58,25,40,Rome,,41.9028,12.4964,21,
2024-03-18T03:00:00+00:00,34.66,46.37,13.39,60.01,25,40,Rome,,41.9028,12.4964,21,
2024-03-18T04:00:00+00:00,37.86,50.39,14.53,60.41,25,40,Rome,,41.9028,12.4964,21,
2024-03-18T05:00:00+00:00,35.89,49.4,14.47,58.87,25,40,Rome,,41.9028,12.4964,21,
2024-03-18T06:00:00+00:00,32.29,41.66,16.81,70.28,25,40,Rome,,41.9028,12.4964,21,
2024-03-18T07:00:00+00:00,35.53,48.04,14.52,59.51,25,40,Rome,,41.9028,12.4964,21,
2024-03-18T08:00:00+00:00,35.33,50.57,15.92,69.47,25,40,Rome,,41.9028,12.4964,21,
2024-03-18T09:00:00+00:00,32.08,42.43,16.08,56.74,25,40,Rome,,41.9028,12.4964,21,
2024-03-18T10:00:00+00:00,38.65,52.72,13.15,66.84,25,40,Rome,,41.9028,12.4964,21,
2024-03-18T11:00:00+00:00,33.11,47.73,13.77,56.31,25,40,Rome,,41.9028,12.4964,21,
2024-03-18T12:00:00+00:00,32.13,44.38,10.61,47.37,25,40,Rome,,41.9028,12.4964,21,
2024-03-18T13:00:00+00:00,39.96,50.62,12.03,53.44,25,40,Rome,,41.9028,12.4964,21,
2024-03-18T14:00:00+00:00,36.07,51.42,10.56,49.79,25,40,Rome,,41.9028,12.4964,21,
2024-03-18T15:00:00+00:00,33.19,48.51,8.19,42.73,25,40,Rome,,41.9028,12.4964,21,
2024-03-18T16:00:00+00:00,34.92,45.29,9.86,44.82,25,40,Rome,,41.9028,12.4964,21,
2024-03-18T17:00:00+00:00,36.32,47.94,7.43,47.35,25,40,Rome,,41.9028,12.4964,21,
2024-03-18T18:00:00+00:00,33.81,45.66,8.5,41.59,25,40,Rome,,41.9028,12.4964,21,
2024-03-18T19:00:00+00:00,29.81,38.79,7.13,48.75,25,40,Rome,,41.9028,12.4964,21,
2024-03-18T20:00:00+00:00,38.42,55.34,7.4,40.23,25,40,Rome,,41.9028,12.4964,21,
2024-03-18T21:00:00+00:00,37.04,46.19,10.23,53.12,25,40,Rome,,41.9028,12.4964,21,
2024-03-18T22:00:00+00:00,32.73,43.23,9.66,46.07,25,40,Rome,,41.9028,12.4964,21,
2024-03-18T23:00:00+00:00,38.7,51.13,10.39,57.68,25,40,Rome,,41.9028,12.4964,21,
2024-03-19T00:00:00+00:00,37.49,49.38,12.85,56.92,25,40,Rome,,41.9028,12.4964,21,
2024-03-19T01:00:00+00:00,35.68,51.45,12.5,49.8,25,40,Rome,,41.9028,12.4964,21,
2024-03-19T02:00:00+00:00,30.62,41.1,14.72,54.21,25,40,Rome,,41.9028,12.4964,21,
2024-03-19T03:00:00+00:00,38.09,55.41,14.86,58.85,25,40,Rome,,41.9028,12.4964,21,
2024-03-19T04:00:00+00:00,32.23,40.99,16.45,64.77,25,40,Rome,,41.9028,12.4964,21,
2024-03-19T05:00:00+00:00,39.57,53.39,16.14,67.22,25,40,Rome,,41.9028,12.4964,21,
2024-03-19T06:00:00+00:00,35.3,50.63,16.44,67.23,25,40,Rome,,41.9028,12.4964,21,
2024-03-19T07:00:00+00:00,35.31,47.96,16.59,72.55,25,40,Rome,,41.9028,12.4964,21,
2024-03-19T08:00:00+00:00,36.55,48.39,14.8,66.59,25,40,Rome,,41.9028,12.4964,21,
2024-03-19T09:00:00+00:00,39.96,54.99,13.87,68.93,25,40,Rome,,41.9028,12.4964,21,
2024-03-19T10:00:00+00:00,40.7,52.35,14.36,64.43,25,40,Rome,,41.9028,12.4964,21,
2024-03-19T11:00:00+00:00,40.92,53.32,13.92,65.51,25,40,Rome,,41.9028,12.4964,21,
2024-03-19T12:00:00+00:00,38.88,48.7,13.09,61.13,25,40,Rome,,41.9028,12.4964,21,
2024-03-19T13:00:00+00:00,31.58,43.59,10.69,53.08,25,40,Rome,,41.9028,12.4964,21,
2024-03-19T14:00:00+00:00,29.57,40.31,9.9,50.01,25,40,Rome,,41.9028,12.4964,21,
2024-03-19T15:00:00+00:00,33.82,48.53,8.77,48.97,25,40,Rome,,41.9028,12.4964,21,
2024-03-19T16:00:00+00:00,31.7,43.92,7.86,48.08,25,40,Rome,,41.9028,12.4964,21,
2024-03-19T17:00:00+00:00,32.09,42.37,8.47,40.07,25,40,Rome,,41.9028,12.4964,21,
2024-03-19T18:00:00+00:00,33.75,43.9,8.66,39.16,25,40,Rome,,41.9028,12.4964,21,
2024-03-19T19:00:00+00:00,37.52,51.23,7.39,38.98,25,40,Rome,,41.9028,12.4964,21,
2024-03-19T20:00:00+00:00,33.08,48.19,8.23,54.33,25,40,Rome,,41.9028,12.4964,21,
2024-03-19T21:00:00+00:00,30.27,39.5,9.83,54.44,25,40,Rome,,41.9028,12.4964,21,
2024-03-19T22:00:00+00:00,38.82,51.58,9.45,52.23,25,40,Rome,,41.9028,12.4964,21,
2024-03-19T23:00:00+00:00,38.79,48.99,12.28,53.89,25,40,Rome,,41.9028,12.4964,21,
2024-03-20T00:00:00+00:00,30.45,44.75,12.94,47.37,25,40,Rome,,41.9028,12.4964,21,
2024-03-20T01:00:00+00:00,37.82,54.73,14.36,49.74,25,40,Rome,,41.9028,12.4964,21,
2024-03-20T02:00:00+00:00,35.19,46.42,14.86,58.95,25,40,Rome,,41.9028,12.4964,21,
2024-03-20T03:00:00+00:00,33.03,44.87,15.39,56.73,25,40,Rome,,41.9028,12.4964,21,
2024-03-20T04:00:00+00:00,33.57,47.68,15.1,61.26,25,40,Rome,,41.9028,12.4964,21,
2024-03-20T05:00:00+00:00,31.33,42.86,15.14,68.31,25,40,Rome,,41.9028,12.4964,21,
2024-03-20T06:00:00+00:00,33.55,44.52,17.23,71.44,25,40,Rome,,41.9028,12.4964,21,
2024-03-20T07:00:00+00:00,31.89,41.48,16.64,65.22,25,40,Rome,,41.9028,12.4964,21,
2024-03-20T08:00:00+00:00,39.06,52.22,16.33,69.59,25,40,Rome,,41.9028,12.4964,21,
2024-03-20T09:00:00+00:00,31.26,45.67,15.86,65.1,25,40,Rome,,41.9028,12.4964,21,
2024-03-20T10:00:00+00:00,41.17,54.54,13.04,62.99,25,40,Rome,,41.9028,12.4964,21,
2024-03-20T11:00:00+00:00,38.84,50.94,13.82,59.16,25,40,Rome,,41.9028,12.4964,21,
2024-03-20T12:00:00+00:00,37.56,51.9,13.16,56.41,25,40,Rome,,41.9028,12.4964,21,
2024-03-20T13:00:00+00:00,32.59,41.29,12.14,49.87,25,40,Rome,,41.9028,12.4964,21,
2024-03-20T14:00:00+00:00,32.43,42.63,8.95,43.97,25,40,Rome,,41.9028,12.4964,21,
2024-03-20T15:00:00+00:00,37.99,55.24,9.06,52.02,25,40,Rome,,41.9028,12.4964,21,
2024-03-20T16:00:00+00:00,34.37,46.14,7.94,43.4,25,40,Rome,,41.9028,12.4964,21,
2024-03-20T17:00:00+00:00,32.07,46.29,6.69,47.21,25,40,Rome,,41.9028,12.4964,21,
2024-03-20T18:00:00+00:00,38.02,54.64,9.29,39.29,25,40,Rome,,41.9028,12.4964,21,
2024-03-20T19:00:00+00:00,35.25,49.98,7.08,49.36,25,40,Rome,,41.9028,12.4964,21,
2024-03-20T20:00:00+00:00,30.89,39.96,9.29,45.67,25,40,Rome,,41.9028,12.4964,21,
2024-03-20T21:00:00+00:00,33.42,47.87,8.5,44.46,25,40,Rome,,41.9028,12.4964,21,
2024-03-20T22:00:00+00:00,36.11,50.67,8.74,46.54,25,40,Rome,,41.9028,12.4964,21,
2024-03-20T23:00:00+00:00,35.84,49.84,10.33,52.28,25,40,Rome,,41.9028,12.4964,21,
2024-03-21T00:00:00+00:00,30.2,42.31,11.01,47.29,25,40,Rome,,41.9028,12.4964,21,
2024-03-21T01:00:00+00:00,39.0,52.6,13.15,60.05,25,40,Rome,,41.9028,12.4964,21,
2024-03-21T02:00:00+00:00,41.87,54.78,14.27,67.44,25,40,Rome,,41.9028,12.4964,21,
2024-03-21T03:00:00+00:00,32.13,42.03,13.35,69.39,25,40,Rome,,41.9028,12.4964,21,
2024-03-21T04:00:00+00:00,34.95,49.87,15.96,60.25,25,40,Rome,,41.9028,12.4964,21,
2024-03-21T05:00:00+00:00,39.83,55.78,14.51,61.34,25,40,Rome,,41.9028,12.4964,21,
2024-03-21T06:00:00+00:00,37.16,53.02,16.49,67.74,25,40,Rome,,41.9028,12.4964,21,
2024-03-21T07:00:00+00:00,39.8,52.07,15.64,66.83,25,40,Rome,,41.9028,12.4964,21,
2024-03-21T08:00:00+00:00,33.9,46.39,14.49,68.89,25,40,Rome,,41.9028,12.4964,21,
2024-03-21T09:00:00+00:00,41.15,56.53,16.16,66.57,25,40,Rome,,41.9028,12.4964,21,
2024-03-21T10:00:00+00:00,42.16,58.95,12.71,66.19,25,40,Rome,,41.9028,12.4964,21,
2024-03-21T11:00:00+00:00,38.24,49.21,14.28,62.9,25,40,Rome,,41.9028,12.4964,21,
2024-03-21T12:00:00+00:00,33.63,43.46,10.88,47.61,25,40,Rome,,41.9028,12.4964,21,
2024-03-21T13:00:00+00:00,35.65,47.26,11.79,52.74,25,40,Rome,,41.9028,12.4964,21,
2024-03-21T14:00:00+00:00,36.93,53.29,11.07,55.8,25,40,Rome,,41.9028,12.4964,21,
2024-03-21T15:00:00+00:00,34.57,49.7,10.01,51.62,25,40,Rome,,41.9028,12.4964,21,
2024-03-21T16:00:00+00:00,35.85,44.59,8.79,49.46,25,40,Rome,,41.9028,12.4964,21,
2024-03-21T17:00:00+00:00,37.37,46.99,8.84,43.68,25,40,Rome,,41.9028,12.4964,21,
2024-03-21T18:00:00+00:00,39.43,52.63,7.03,46.72,25,40,Rome,,41.9028,12.4964,21,
2024-03-21T19:00:00+00:00,30.66,44.51,7.66,38.77,25,40,Rome,,41.9028,12.4964,21,
2024-03-21T20:00:00+00:00,37.81,52.78,8.23,50.23,25,40,Rome,,41.9028,12.4964,21,
2024-03-21T21:00:00+00:00,35.5,46.35,8.61,43.56,25,40,Rome,,41.9028,12.4964,21,
2024-03-21T22:00:00+00:00,33.75,42.13,9.57,56.01,25,40,Rome,,41.9028,12.4964,21,
2024-03-21T23:00:00+00:00,35.3,48.84,11.05,49.81,25,40,Rome,,41.9028,12.4964,21,
2024-03-22T00:00:00+00:00,32.09,46.33,11.24,61.59,25,40,Rome,,41.9028,12.4964,21,
2024-03-22T01:00:00+00:00,31.64,43.42,14.09,53.17,25,40,Rome,,41.9028,12.4964,21,
2024-03-22T02:00:00+00:00,31.7,42.52,14.63,58.07,25,40,Rome,,41.9028,12.4964,21,
2024-03-22T03:00:00+00:00,41.36,58.51,13.94,68.95,25,40,Rome,,41.9028,12.4964,21,
2024-03-22T04:00:00+00:00,37.31,50.35,16.94,65.55,25,40,Rome,,41.9028,12.4964,21,
2024-03-22T05:00:00+00:00,30.72,38.75,15.83,58.0,25,40,Rome,,41.9028,12.4964,21,
2024-03-22T06:00:00+00:00,37.01,51.83,17.09,61.93,25,40,Rome,,41.9028,12.4964,21,
2024-03-22T07:00:00+00:00,41.22,52.56,16.01,67.63,25,40,Rome,,41.9028,12.4964,21,
2024-03-22T08:00:00+00:00,31.22,39.88,14.95,57.55,25,40,Rome,,41.9028,12.4964,21,
2024-03-22T09:00:00+00:00,37.84,47.44,15.36,56.25,25,40,Rome,,41.9028,12.4964,21,
2024-03-22T10:00:00+00:00,36.69,46.42,15.08,59.87,25,40,Rome,,41.9028,12.4964,21,
2024-03-22T11:00:00+00:00,39.56,50.75,13.33,61.96,25,40,Rome,,41.9028,12.4964,21,
2024-03-22T12:00:00+00:00,35.3,51.2,11.66,55.4,25,40,Rome,,41.9028,12.4964,21,
2024-03-22T13:00:00+00:00,35.26,46.6,11.88,50.01,25,40,Rome,,41.9028,12.4964,21,
2024-03-22T14:00:00+00:00,32.07,42.49,8.79,57.78,25,40,Rome,,41.9028,12.4964,21,
2024-03-22T15:00:00+00:00,29.2,39.51,9.8,42.25,25,40,Rome,,41.9028,12.4964,21,
2024-03-22T16:00:00+00:00,33.47,48.81,8.85,48.96,25,40,Rome,,41.9028,12.4964,21,
2024-03-22T17:00:00+00:00,31.66,45.4,7.95,49.95,25,40,Rome,,41.9028,12.4964,21,
2024-03-22T18:00:00+00:00,34.75,44.93,8.95,37.44,25,40,Rome,,41.9028,12.4964,21,
2024-03-22T19:00:00+00:00,34.15,49.85,9.51,51.79,25,40,Rome,,41.9028,12.4964,21,
2024-03-22T20:00:00+00:00,32.14,43.84,7.96,41.06,25,40,Rome,,41.9028,12.4964,21,
2024-03-22T21:00:00+00:00,38.24,52.76,9.68,42.16,25,40,Rome,,41.9028,12.4964,21,
2024-03-22T22:00:00+00:00,39.99,57.51,8.66,51.25,25,40,Rome,,41.9028,12.4964,21,
2024-03-22T23:00:00+00:00,31.52,41.71,12.44,48.4,25,40,Rome,,41.9028,12.4964,21,
2024-03-23T00:00:00+00:00,37.4,50.46,11.1,51.63,25,40,Rome,,41.9028,12.4964,21,
2024-03-23T01:00:00+00:00,40.75,51.99,13.61,57.2,25,40,Rome,,41.9028,12.4964,21,
2024-03-23T02:00:00+00:00,31.33,41.89,13.7,60.22,25,40,Rome,,41.9028,12.4964,21,
2024-03-23T03:00:00+00:00,33.34,43.66,13.88,64.21,25,40,Rome,,41.9028,12.4964,21,
2024-03-23T04:00:00+00:00,36.16,50.47,16.49,64.81,25,40,Rome,,41.9028,12.4964,21,
2024-03-23T05:00:00+00:00,34.63,49.18,16.01,70.03,25,40,Rome,,41.9028,12.4964,21,
2024-03-23T06:00:00+00:00,36.19,52.44,15.04,71.31,25,40,Rome,,41.9028,12.4964,21,
2024-03-23T07:00:00+00:00,30.76,43.31,15.17,56.87,25,40,Rome,,41.9028,12.4964,21,
2024-03-23T08:00:00+00:00,37.51,48.12,16.81,60.14,25,40,Rome,,41.9028,12.4964,21,
2024-03-23T09:00:00+00:00,39.91,53.99,15.44,62.54,25,40,Rome,,41.9028,12.4964,21,
2024-03-23T10:00:00+00:00,30.35,42.37,13.04,52.25,25,40,Rome,,41.9028,12.4964,21,
2024-03-23T11:00:00+00:00,39.13,55.91,13.54,60.18,25,40,Rome,,41.9028,12.4964,21,
2024-03-23T12:00:00+00:00,39.95,51.55,11.17,58.04,25,40,Rome,,41.9028,12.4964,21,
2024-03-23T13:00:00+00:00,36.38,47.82,10.22,44.72,25,40,Rome,,41.9028,12.4964,21,
2024-03-23T14:00:00+00:00,33.8,48.42,9.19,46.94,25,40,Rome,,41.9028,12.4964,21,
2024-03-23T15:00:00+00:00,40.03,54.29,8.22,47.19,25,40,Rome,,41.9028,12.4964,21,
2024-03-23T16:00:00+00:00,32.32,46.69,7.15,39.07,25,40,Rome,,41.9028,12.4964,21,
2024-03-23T17:00:00+00:00,28.5,36.74,6.92,40.08,25,40,Rome,,41.9028,12.4964,21,
2024-03-23T18:00:00+00:00,36.93,50.96,8.36,37.81,25,40,Rome,,41.9028,12.4964,21,
2024-03-23T19:00:00+00:00,32.0,45.18,6.73,41.29,25,40,Rome,,41.9028,12.4964,21,
2024-03-23T20:00:00+00:00,38.45,54.97,8.35,52.49,25,40,Rome,,41.9028,12.4964,21,
2024-03-23T21:00:00+00:00,30.45,37.96,9.99,48.12,25,40,Rome,,41.9028,12.4964,21,
2024-03-23T22:00:00+00:00,30.21,39.86,9.44,50.63,25,40,Rome,,41.9028,12.4964,21,
2024-03-23T23:00:00+00:00,35.07,49.9,10.46,46.14,25,40,Rome,,41.9028,12.4964,21,
2024-03-24T00:00:00+00:00,30.75,41.27,12.17,60.6,25,40,Rome,,41.9028,12.4964,21,
2024-03-24T01:00:00+00:00,32.11,46.55,12.19,64.26,25,40,Rome,,41.9028,12.4964,21,
2024-03-24T02:00:00+00:00,34.2,44.96,13.64,56.03,25,40,Rome,,41.9028,12.4964,21,
2024-03-24T03:00:00+00:00,33.08,40.92,14.22,63.28,25,40,Rome,,41.9028,12.4964,21,
2024-03-24T04:00:00+00:00,34.8,45.14,14.45,55.66,25,40,Rome,,41.9028,12.4964,21,
2024-03-24T05:00:00+00:00,39.75,50.17,15.75,64.1,25,40,Rome,,41.9028,12.4964,21,
2024-03-24T06:00:00+00:00,31.86,39.83,17.42,60.37,25,40,Rome,,41.9028,12.4964,21,
2024-03-24T07:00:00+00:00,36.77,52.02,17.04,65.58,25,40,Rome,,41.9028,12.4964,21,
2024-03-24T08:00:00+00:00,36.01,49.17,13.98,70.53,25,40,Rome,,41.9028,12.4964,21,
2024-03-24T09:00:00+00:00,39.75,54.13,14.02,63.17,25,40,Rome,,41.9028,12.4964,21,
2024-03-24T10:00:00+00:00,39.83,54.1,14.31,65.4,25,40,Rome,,41.9028,12.4964,21,
2024-03-24T11:00:00+00:00,32.06,44.49,13.26,55.98,25,40,Rome,,41.9028,12.4964,21,
2024-03-24T12:00:00+00:00,32.89,42.11,12.45,51.21,25,40,Rome,,41.9028,12.4964,21,
2024-03-24T13:00:00+00:00,32.56,45.77,11.34,55.13,25,40,Rome,,41.9028,12.4964,21,
2024-03-24T14:00:00+00:00,38.9,49.05,8.52,44.55,25,40,Rome,,41.9028,12.4964,21,
2024-03-24T15:00:00+00:00,29.22,38.6,8.97,41.36,25,40,Rome,,41.9028,12.4964,21,
2024-03-24T16:00:00+00:00,32.68,45.95,9.94,50.44,25,40,Rome,,41.9028,12.4964,21,
2024-03-24T17:00:00+00:00,34.29,45.83,9.62,50.38,25,40,Rome,,41.9028,12.4964,21,
2024-03-24T18:00:00+00:00,39.71,57.36,7.14,47.22,25,40,Rome,,41.9028,12.4964,21,
2024-03-24T19:00:00+00:00,39.78,51.11,7.53,48.92,25,40,Rome,,41.9028,12.4964,21,
2024-03-24T20:00:00+00:00,30.39,37.1,9.83,53.59,25,40,Rome,,41.9028,12.4964,21,
2024-03-24T21:00:00+00:00,31.17,40.66,7.72,49.04,25,40,Rome,,41.9028,12.4964,21,
2024-03-24T22:00:00+00:00,36.77,47.89,11.15,49.98,25,40,Rome,,41.9028,12.4964,21,
2024-03-24T23:00:00+00:00,35.66,44.36,10.47,55.51,25,40,Rome,,41.9028,12.4964,21,
2024-03-25T00:00:00+00:00,31.6,42.47,11.14,47.65,25,40,Rome,,41.9028,12.4964,21,
2024-03-25T01:00:00+00:00,37.04,53.55,13.16,60.4,25,40,Rome,,41.9028,12.4964,21,
2024-03-25T02:00:00+00:00,29.77,41.52,14.96,53.71,25,40,Rome,,41.9028,12.4964,21,
2024-03-25T03:00:00+00:00,34.58,49.77,14.15,56.38,25,40,Rome,,41.9028,12.4964,21,
2024-03-25T04:00:00+00:00,29.94,43.12,14.5,55.95,25,40,Rome,,41.9028,12.4964,21,
2024-03-25T05:00:00+00:00,34.04,46.55,16.83,67.54,25,40,Rome,,41.9028,12.4964,21,
2024-03-25T06:00:00+00:00,39.16,50.58,17.32,72.4,25,40,Rome,,41.9028,12.4964,21,
2024-03-25T07:00:00+00:00,35.12,44.02,16.01,58.86,25,40,Rome,,41.9028,12.4964,21,
2024-03-25T08:00:00+00:00,31.23,42.57,16.47,59.93,25,40,Rome,,41.9028,12.4964,21,
2024-03-25T09:00:00+00:00,34.88,43.75,15.37,60.75,25,40,Rome,,41.9028,12.4964,21,
2024-03-25T10:00:00+00:00,36.77,50.35,14.41,59.21,25,40,Rome,,41.9028,12.4964,21,
2024-03-25T11:00:00+00:00,33.42,43.68,12.45,53.7,25,40,Rome,,41.9028,12.4964,21,
2024-03-25T12:00:00+00:00,30.38,37.17,12.14,57.42,25,40,Rome,,41.9028,12.4964,21,
2024-03-25T13:00:00+00:00,35.98,52.02,11.25,58.43,25,40,Rome,,41.9028,12.4964,21,
2024-03-25T14:00:00+00:00,30.49,43.44,8.62,50.75,25,40,Rome,,41.9028,12.4964,21,
2024-03-25T15:00:00+00:00,30.52,44.06,8.98,55.11,25,40,Rome,,41.9028,12.4964,21,
2024-03-25T16:00:00+00:00,32.33,44.41,7.91,52.31,25,40,Rome,,41.9028,12.4964,21,
2024-03-25T17:00:00+00:00,38.11,51.6,9.07,46.27,25,40,Rome,,41.9028,12.4964,21,
2024-03-25T18:00:00+00:00,28.71,41.38,7.55,39.45,25,40,Rome,,41.9028,12.4964,21,
2024-03-25T19:00:00+00:00,40.7,54.42,8.4,52.98,25,40,Rome,,41.9028,12.4964,21,
2024-03-25T20:00:00+00:00,32.12,41.29,8.88,43.72,25,40,Rome,,41.9028,12.4964,21,
2024-03-25T21:00:00+00:00,34.92,44.46,9.9,46.56,25,40,Rome,,41.9028,12.4964,21,
2024-03-25T22:00:00+00:00,34.72,45.05,11.15,51.88,25,40,Rome,,41.9028,12.4964,21,
2024-03-25T23:00:00+00:00,28.62,41.57,10.81,44.84,25,40,Rome,,41.9028,12.4964,21,
2024-03-26T00:00:00+00:00,31.7,38.91,11.78,56.13,25,40,Rome,,41.9028,12.4964,21,
2024-03-26T01:00:00+00:00,31.74,39.1,13.44,57.22,25,40,Rome,,41.9028,12.4964,21,
2024-03-26T02:00:00+00:00,38.18,51.57,13.65,65.72,25,40,Rome,,41.9028,12.4964,21,
2024-03-26T03:00:00+00:00,30.81,38.59,16.01,66.91,25,40,Rome,,41.9028,12.4964,21,
2024-03-26T04:00:00+00:00,33.55,48.91,15.25,57.4,25,40,Rome,,41.9028,12.4964,21,
2024-03-26T05:00:00+00:00,39.79,54.76,15.13,65.45,25,40,Rome,,41.9028,12.4964,21,
2024-03-26T06:00:00+00:00,36.88,46.29,14.51,60.0,25,40,Rome,,41.9028,12.4964,21,
2024-03-26T07:00:00+00:00,36.29,50.45,16.82,56.95,25,40,Rome,,41.9028,12.4964,21,
2024-03-26T08:00:00+00:00,38.17,53.47,14.07,59.53,25,40,Rome,,41.9028,12.4964,21,
2024-03-26T09:00:00+00:00,33.35,43.67,13.71,69.78,25,40,Rome,,41.9028,12.4964,21,
2024-03-26T10:00:00+00:00,34.46,49.83,13.45,65.97,25,40,Rome,,41.9028,12.4964,21,
2024-03-26T11:00:00+00:00,31.22,45.77,14.5,53.17,25,40,Rome,,41.9028,12.4964,21,
2024-03-26T12:00:00+00:00,37.25,51.54,11.79,51.8,25,40,Rome,,41.9028,12.4964,21,
2024-03-26T13:00:00+00:00,33.99,49.47,10.95,51.03,25,40,Rome,,41.9028,12.4964,21,
2024-03-26T14:00:00+00:00,31.57,42.49,9.04,44.74,25,40,Rome,,41.9028,12.4964,21,
2024-03-26T15:00:00+00:00,37.19,51.05,9.38,42.88,25,40,Rome,,41.9028,12.4964,21,
2024-03-26T16:00:00+00:00,37.96,52.73,7.08,45.02,25,40,Rome,,41.9028,12.4964,21,
2024-03-26T17:00:00+00:00,31.97,42.65,7.49,45.8,25,40,Rome,,41.9028,12.4964,21,
2024-03-26T18:00:00+00:00,40.81,54.4,6.76,50.27,25,40,Rome,,41.9028,12.4964,21,
2024-03-26T19:00:00+00:00,28.63,36.19,9.42,44.07,25,40,Rome,,41.9028,12.4964,21,
2024-03-26T20:00:00+00:00,34.09,44.63,9.84,42.0,25,40,Rome,,41.9028,12.4964,21,
2024-03-26T21:00:00+00:00,32.23,43.03,8.97,54.07,25,40,Rome,,41.9028,12.4964,21,
2024-03-26T22:00:00+00:00,37.64,53.03,9.5,57.42,25,40,Rome,,41.9028,12.4964,21,
2024-03-26T23:00:00+00:00,29.38,35.77,12.05,50.68,25,40,Rome,,41.9028,12.4964,21,
2024-03-27T00:00:00+00:00,36.91,49.76,11.39,57.86,25,40,Rome,,41.9028,12.4964,21,
2024-03-27T01:00:00+00:00,31.77,42.04,14.46,53.92,25,40,Rome,,41.9028,12.4964,21,
2024-03-27T02:00:00+00:00,36.16,45.26,14.49,64.8,25,40,Rome,,41.9028,12.4964,21,
2024-03-27T03:00:00+00:00,35.64,44.23,15.99,69.13,25,40,Rome,,41.9028,12.4964,21,
2024-03-27T04:00:00+00:00,37.92,49.13,14.41,65.11,25,40,Rome,,41.9028,12.4964,21,
2024-03-27T05:00:00+00:00,29.48,42.33,15.29,57.29,25,40,Rome,,41.9028,12.4964,21,
2024-03-27T06:00:00+00:00,38.55,49.64,14.6,63.41,25,40,Rome,,41.9028,12.4964,21,
2024-03-27T07:00:00+00:00,41.37,54.94,17.14,71.39,25,40,Rome,,41.9028,12.4964,21,
2024-03-27T08:00:00+00:00,36.65,52.63,15.32,68.4,25,40,Rome,,41.9028,12.4964,21,
2024-03-27T09:00:00+00:00,36.03,46.55,13.68,61.4,25,40,Rome,,41.9028,12.4964,21,
2024-03-27T10:00:00+00:00,32.02,42.35,15.19,62.14,25,40,Rome,,41.9028,12.4964,21,
2024-03-27T11:00:00+00:00,30.24,37.2,14.21,53.03,25,40,Rome,,41.9028,12.4964,21,
2024-03-27T12:00:00+00:00,38.71,48.97,13.28,61.05,25,40,Rome,,41.9028,12.4964,21,
2024-03-27T13:00:00+00:00,30.39,42.83,9.48,47.39,25,40,Rome,,41.9028,12.4964,21,
2024-03-27T14:00:00+00:00,34.79,50.13,10.91,45.33,25,40,Rome,,41.9028,12.4964,21,
2024-03-27T15:00:00+00:00,38.61,49.21,8.47,45.45,25,40,Rome,,41.9028,12.4964,21,
2024-03-27T16:00:00+00:00,40.85,54.33,8.1,53.52,25,40,Rome,,41.9028,12.4964,21,
2024-03-27T17:00:00+00:00,33.42,46.64,8.96,38.68,25,40,Rome,,41.9028,12.4964,21,
2024-03-27T18:00:00+00:00,34.4,45.59,9.2,44.39,25,40,Rome,,41.9028,12.4964,21,
2024-03-27T19:00:00+00:00,39.97,54.97,7.29,49.77,25,40,Rome,,41.9028,12.4964,21,
2024-03-27T20:00:00+00:00,38.81,55.44,9.7,49.23,25,40,Rome,,41.9028,12.4964,21,
2024-03-27T21:00:00+00:00,38.63,50.19,9.58,42.93,25,40,Rome,,41.9028,12.4964,21,
2024-03-27T22:00:00+00:00,30.94,45.27,10.2,52.36,25,40,Rome,,41.9028,12.4964,21,
2024-03-27T23:00:00+00:00,35.52,50.99,11.91,58.17,25,40,Rome,,41.9028,12.4964,21,
2024-03-28T00:00:00+00:00,31.91,45.76,12.02,50.12,25,40,Rome,,41.9028,12.4964,21,
2024-03-28T01:00:00+00:00,33.16,41.55,12.0,64.41,25,40,Rome,,41.9028,12.4964,21,
2024-03-28T02:00:00+00:00,40.96,55.3,14.17,63.25,25,40,Rome,,41.9028,12.4964,21,
2024-03-28T03:00:00+00:00,37.8,48.8,13.86,64.99,25,40,Rome,,41.9028,12.4964,21,
2024-03-28T04:00:00+00:00,34.71,50.49,16.0,64.02,25,40,Rome,,41.9028,12.4964,21,
2024-03-28T05:00:00+00:00,32.27,45.17,14.63,68.96,25,40,Rome,,41.9028,12.4964,21,
2024-03-28T06:00:00+00:00,34.02,49.38,15.87,72.77,25,40,Rome,,41.9028,12.4964,21,
2024-03-28T07:00:00+00:00,42.08,54.78,15.53,69.94,25,40,Rome,,41.9028,12.4964,21,
2024-03-28T08:00:00+00:00,38.48,52.26,15.95,68.47,25,40,Rome,,41.9028,12.4964,21,
2024-03-28T09:00:00+00:00,38.42,51.21,15.53,61.74,25,40,Rome,,41.9028,12.4964,21,
2024-03-28T10:00:00+00:00,30.55,43.33,15.18,62.55,25,40,Rome,,41.9028,12.4964,21,
2024-03-28T11:00:00+00:00,33.8,46.47,12.07,57.03,25,40,Rome,,41.9028,12.4964,21,
2024-03-28T12:00:00+00:00,35.92,44.58,11.87,54.29,25,40,Rome,,41.9028,12.4964,21,
2024-03-28T13:00:00+00:00,39.14,49.69,12.33,51.93,25,40,Rome,,41.9028,12.4964,21,
2024-03-28T14:00:00+00:00,32.87,47.66,9.11,42.87,25,40,Rome,,41.9028,12.4964,21,
2024-03-28T15:00:00+00:00,31.07,42.16,9.67,49.03,25,40,Rome,,41.9028,12.4964,21,
2024-03-28T16:00:00+00:00,29.92,36.7,7.48,51.46,25,40,Rome,,41.9028,12.4964,21,
2024-03-28T17:00:00+00:00,33.55,43.88,9.51,47.46,25,40,Rome,,41.9028,12.4964,21,
2024-03-28T18:00:00+00:00,33.67,45.13,8.15,46.71,25,40,Rome,,41.9028,12.4964,21,
2024-03-28T19:00:00+00:00,27.84,37.06,7.27,37.54,25,40,Rome,,41.9028,12.4964,21,
2024-03-28T20:00:00+00:00,35.39,45.36,8.64,53.27,25,40,Rome,,41.9028,12.4964,21,
2024-03-28T21:00:00+00:00,38.49,53.87,8.36,52.87,25,40,Rome,,41.9028,12.4964,21,
2024-03-28T22:00:00+00:00,30.76,40.81,10.76,44.13,25,40,Rome,,41.9028,12.4964,21,
2024-03-28T23:00:00+00:00,34.28,44.58,10.7,49.45,25,40,Rome,,41.9028,12.4964,21,
2024-03-29T00:00:00+00:00,36.44,46.65,12.62,55.0,25,40,Rome,,41.9028,12.4964,21,
2024-03-29T01:00:00+00:00,34.84,49.7,12.51,64.8,25,40,Rome,,41.9028,12.4964,21,
2024-03-29T02:00:00+00:00,41.05,55.23,13.15,60.94,25,40,Rome,,41.9028,12.4964,21,
2024-03-29T03:00:00+00:00,39.19,50.53,15.59,60.8,25,40,Rome,,41.9028,12.4964,21,
2024-03-29T04:00:00+00:00,38.41,50.1,14.47,69.14,25,40,Rome,,41.9028,12.4964,21,
2024-03-29T05:00:00+00:00,39.41,54.3,15.54,62.16,25,40,Rome,,41.9028,12.4964,21,
2024-03-29T06:00:00+00:00,40.49,57.91,15.2,62.46,25,40,Rome,,41.9028,12.4964,21,
2024-03-29T07:00:00+00:00,40.12,51.06,14.64,60.97,25,40,Rome,,41.9028,12.4964,21,
2024-03-29T08:00:00+00:00,35.95,51.81,16.59,68.54,25,40,Rome,,41.9028,12.4964,21,
2024-03-29T09:00:00+00:00,33.83,45.86,13.98,68.61,25,40,Rome,,41.9028,12.4964,21,
2024-03-29T10:00:00+00:00,36.01,48.45,15.36,58.51,25,40,Rome,,41.9028,12.4964,21,
2024-03-29T11:00:00+00:00,33.7,46.55,14.0,51.02,25,40,Rome,,41.9028,12.4964,21,
2024-03-29T12:00:00+00:00,33.72,42.16,13.3,48.98,25,40,Rome,,41.9028,12.4964,21,
2024-03-29T13:00:00+00:00,32.27,44.75,10.15,54.77,25,40,Rome,,41.9028,12.4964,21,
2024-03-29T14:00:00+00:00,36.7,51.85,11.05,53.11,25,40,Rome,,41.9028,12.4964,21,
2024-03-29T15:00:00+00:00,33.42,44.53,9.74,41.62,25,40,Rome,,41.9028,12.4964,21,
2024-03-29T16:00:00+00:00,35.71,51.56,7.55,43.32,25,40,Rome,,41.9028,12.4964,21,
2024-03-29T17:00:00+00:00,32.0,44.07,9.62,52.57,25,40,Rome,,41.9028,12.4964,21,
2024-03-29T18:00:00+00:00,29.69,38.17,9.07,47.56,25,40,Rome,,41.9028,12.4964,21,
2024-03-29T19:00:00+00:00,37.78,51.18,7.84,37.52,25,40,Rome,,41.9028,12.4964,21,
2024-03-29T20:00:00+00:00,30.44,40.43,8.21,53.12,25,40,Rome,,41.9028,12.4964,21,
2024-03-29T21:00:00+00:00,30.8,44.24,8.92,41.56,25,40,Rome,,41.9028,12.4964,21,
2024-03-29T22:00:00+00:00,38.35,53.99,8.8,45.3,25,40,Rome,,41.9028,12.4964,21,
2024-03-29T23:00:00+00:00,33.57,45.03,10.16,56.89,25,40,Rome,,41.9028,12.4964,21,
2024-03-30T00:00:00+00:00,36.93,48.73,13.26,48.89,25,40,Rome,,41.9028,12.4964,21,
2024-03-30T01:00:00+00:00,32.49,41.55,12.0,62.35,25,40,Rome,,41.9028,12.4964,21,
2024-03-30T02:00:00+00:00,37.19,50.89,13.28,60.91,25,40,Rome,,41.9028,12.4964,21,
2024-03-30T03:00:00+00:00,36.91,51.83,14.71,69.15,25,40,Rome,,41.9028,12.4964,21,
2024-03-30T04:00:00+00:00,39.85,50.86,16.55,65.68,25,40,Rome,,41.9028,12.4964,21,
2024-03-30T05:00:00+00:00,32.01,45.32,15.35,61.6,25,40,Rome,,41.9028,12.4964,21,
2024-03-30T06:00:00+00:00,36.86,47.11,15.05,66.52,25,40,Rome,,41.9028,12.4964,21,
2024-03-30T07:00:00+00:00,39.03,55.64,14.37,70.07,25,40,Rome,,41.9028,12.4964,21,
2024-03-30T08:00:00+00:00,36.18,50.56,15.52,67.38,25,40,Rome,,41.9028,12.4964,21,
2024-03-30T09:00:00+00:00,34.33,49.45,13.89,55.33,25,40,Rome,,41.9028,12.4964,21,
2024-03-30T10:00:00+00:00,34.42,44.99,12.63,58.18,25,40,Rome,,41.9028,12.4964,21,
2024-03-30T11:00:00+00:00,40.99,55.26,13.86,62.34,25,40,Rome,,41.9028,12.4964,21,
2024-03-30T12:00:00+00:00,38.18,55.29,11.01,49.8,25,40,Rome,,41.9028,12.4964,21,
2024-03-30T13:00:00+00:00,36.73,51.36,10.96,48.1,25,40,Rome,,41.9028,12.4964,21,
2024-03-30T14:00:00+00:00,38.1,53.66,10.07,54.64,25,40,Rome,,41.9028,12.4964,21,
2024-03-30T15:00:00+00:00,39.74,54.74,9.08,47.0,25,40,Rome,,41.9028,12.4964,21,
2024-03-30T16:00:00+00:00,30.13,40.41,9.75,42.47,25,40,Rome,,41.9028,12.4964,21,
2024-03-30T17:00:00+00:00,35.36,48.86,8.04,49.05,25,40,Rome,,41.9028,12.4964,21,
2024-03-30T18:00:00+00:00,34.26,47.35,7.29,45.43,25,40,Rome,,41.9028,12.4964,21,
2024-03-30T19:00:00+00:00,36.16,49.77,7.76,51.75,25,40,Rome,,41.9028,12.4964,21,
2024-03-30T20:00:00+00:00,36.69,46.9,8.36,41.06,25,40,Rome,,41.9028,12.4964,21,
2024-03-30T21:00:00+00:00,39.35,51.87,8.45,53.72,25,40,Rome,,41.9028,12.4964,21,
2024-03-30T22:00:00+00:00,34.92,50.19,9.81,43.44,25,40,Rome,,41.9028,12.4964,21,
2024-03-30T23:00:00+00:00,32.53,41.6,11.77,54.45,25,40,Rome,,41.9028,12.4964,21,
2024-03-31T00:00:00+00:00,37.52,46.87,12.42,61.84,25,40,Rome,,41.9028,12.4964,21,
2024-03-31T01:00:00+00:00,37.39,49.76,12.75,59.23,25,40,Rome,,41.9028,12.4964,21,
2024-03-31T02:00:00+00:00,32.58,43.35,15.02,53.36,25,40,Rome,,41.9028,12.4964,21,
2024-03-31T03:00:00+00:00,30.54,42.23,15.71,57.76,25,40,Rome,,41.9028,12.4964,21,
2024-03-31T04:00:00+00:00,31.03,40.61,15.93,65.17,25,40,Rome,,41.9028,12.4964,21,
2024-03-31T05:00:00+00:00,40.81,56.67,17.3,72.09,25,40,Rome,,41.9028,12.4964,21,
2024-03-31T06:00:00+00:00,36.45,46.01,15.75,70.5,25,40,Rome,,41.9028,12.4964,21,
2024-03-31T07:00:00+00:00,30.86,41.63,17.17,68.54,25,40,Rome,,41.9028,12.4964,21,
2024-03-31T08:00:00+00:00,34.23,42.3,15.87,68.21,25,40,Rome,,41.9028,12.4964,21,
2024-03-31T09:00:00+00:00,40.05,51.74,16.29,68.18,25,40,Rome,,41.9028,12.4964,21,
2024-03-31T10:00:00+00:00,38.84,53.28,15.35,62.31,25,40,Rome,,41.9028,12.4964,21,
2024-03-31T11:00:00+00:00,29.22,39.86,13.81,54.39,25,40,Rome,,41.9028,12.4964,21,
2024-03-31T12:00:00+00:00,38.85,49.6,12.72,58.72,25,40,Rome,,41.9028,12.4964,21,
2024-03-31T13:00:00+00:00,36.23,45.95,10.22,60.11,25,40,Rome,,41.9028,12.4964,21,
2024-03-31T14:00:00+00:00,29.12,40.62,9.49,44.9,25,40,Rome,,41.9028,12.4964,21,
2024-03-31T15:00:00+00:00,38.39,49.53,10.08,55.81,25,40,Rome,,41.9028,12.4964,21,
2024-03-31T16:00:00+00:00,30.16,37.42,8.33,50.02,25,40,Rome,,41.9028,12.4964,21,
2024-03-31T17:00:00+00:00,33.91,44.43,6.88,37.83,25,40,Rome,,41.9028,12.4964,21,
2024-03-31T18:00:00+00:00,31.19,45.0,9.01,50.44,25,40,Rome,,41.9028,12.4964,21,
2024-03-31T19:00:00+00:00,30.37,41.87,9.52,45.1,25,40,Rome,,41.9028,12.4964,21,
2024-03-31T20:00:00+00:00,39.84,50.97,7.78,48.97,25,40,Rome,,41.9028,12.4964,21,
2024-03-31T21:00:00+00:00,33.16,42.0,8.33,45.28,25,40,Rome,,41.9028,12.4964,21,
2024-03-31T22:00:00+00:00,30.03,43.77,8.98,49.07,25,40,Rome,,41.9028,12.4964,21,
2024-03-31T23:00:00+00:00,36.96,52.96,12.17,57.33,25,40,Rome,,41.9028,12.4964,21,
2024-04-01T00:00:00+00:00,26.85,39.08,14.69,58.09,25,40,Rome,,41.9028,12.4964,21,
2024-04-01T01:00:00+00:00,28.0,39.28,16.08,53.71,25,40,Rome,,41.9028,12.4964,21,
2024-04-01T02:00:00+00:00,24.69,31.02,15.6,58.81,25,40,Rome,,41.9028,12.4964,21,
2024-04-01T03:00:00+00:00,28.64,38.24,16.76,67.56,25,40,Rome,,41.9028,12.4964,21,
2024-04-01T04:00:00+00:00,27.55,34.25,18.23,60.66,25,40,Rome,,41.9028,12.4964,21,
2024-04-01T05:00:00+00:00,27.24,40.53,18.67,67.29,25,40,Rome,,41.9028,12.4964,21,
2024-04-01T06:00:00+00:00,25.09,37.09,18.37,58.02,25,40,Rome,,41.9028,12.4964,21,
2024-04-01T07:00:00+00:00,30.83,45.59,17.43,70.97,25,40,Rome,,41.9028,12.4964,21,
2024-04-01T08:00:00+00:00,30.05,40.06,18.17,58.18,25,40,Rome,,41.9028,12.4964,21,
2024-04-01T09:00:00+00:00,26.37,36.17,18.69,56.72,25,40,Rome,,41.9028,12.4964,21,
2024-04-01T10:00:00+00:00,28.66,42.13,16.83,66.38,25,40,Rome,,41.9028,12.4964,21,
2024-04-01T11:00:00+00:00,22.85,30.67,16.92,55.27,25,40,Rome,,41.9028,12.4964,21,
2024-04-01T12:00:00+00:00,27.74,37.85,14.02,51.93,25,40,Rome,,41.9028,12.4964,21,
2024-04-01T13:00:00+00:00,25.04,33.0,14.16,48.56,25,40,Rome,,41.9028,12.4964,21,
2024-04-01T14:00:00+00:00,23.76,28.42,12.18,53.23,25,40,Rome,,41.9028,12.4964,21,
2024-04-01T15:00:00+00:00,24.75,34.16,10.87,48.21,25,40,Rome,,41.9028,12.4964,21,
2024-04-01T16:00:00+00:00,30.51,39.25,11.91,47.64,25,40,Rome,,41.9028,12.4964,21,
2024-04-01T17:00:00+00:00,30.91,40.94,10.22,47.68,25,40,Rome,,41.9028,12.4964,21,
2024-04-01T18:00:00+00:00,25.35,38.03,12.19,42.64,25,40,Rome,,41.9028,12.4964,21,
2024-04-01T19:00:00+00:00,27.28,33.7,12.48,40.04,25,40,Rome,,41.9028,12.4964,21,
2024-04-01T20:00:00+00:00,23.64,30.11,10.84,40.15,25,40,Rome,,41.9028,12.4964,21,
2024-04-01T21:00:00+00:00,24.86,33.04,11.62,44.55,25,40,Rome,,41.9028,12.4964,21,
2024-04-01T22:00:00+00:00,24.58,32.32,11.53,46.25,25,40,Rome,,41.9028,12.4964,21,
2024-04-01T23:00:00+00:00,23.59,28.61,13.18,45.3,25,40,Rome,,41.9028,12.4964,21,
2024-04-02T00:00:00+00:00,26.57,36.49,13.88,51.55,25,40,Rome,,41.9028,12.4964,21,
2024-04-02T01:00:00+00:00,25.23,38.03,15.85,65.18,25,40,Rome,,41.9028,12.4964,21,
2024-04-02T02:00:00+00:00,26.55,36.19,16.37,59.8,25,40,Rome,,41.9028,12.4964,21,
2024-04-02T03:00:00+00:00,22.52,26.72,16.34,54.93,25,40,Rome,,41.9028,12.4964,21,
2024-04-02T04:00:00+00:00,27.78,38.35,17.18,57.56,25,40,Rome,,41.9028,12.4964,21,
2024-04-02T05:00:00+00:00,29.72,42.56,18.57,70.87,25,40,Rome,,41.9028,12.4964,21,
2024-04-02T06:00:00+00:00,27.53,33.3,17.73,64.98,25,40,Rome,,41.9028,12.4964,21,
2024-04-02T07:00:00+00:00,28.84,35.21,19.2,71.98,25,40,Rome,,41.9028,12.4964,21,
2024-04-02T08:00:00+00:00,24.92,32.1,19.79,60.69,25,40,Rome,,41.9028,12.4964,21,
2024-04-02T09:00:00+00:00,27.55,35.77,19.01,67.5,25,40,Rome,,41.9028,12.4964,21,
2024-04-02T10:00:00+00:00,29.53,38.88,16.69,52.99,25,40,Rome,,41.9028,12.4964,21,
2024-04-02T11:00:00+00:00,24.33,35.7,17.34,56.54,25,40,Rome,,41.9028,12.4964,21,
2024-04-02T12:00:00+00:00,25.15,34.57,14.69,60.54,25,40,Rome,,41.9028,12.4964,21,
2024-04-02T13:00:00+00:00,29.6,41.59,12.91,48.45,25,40,Rome,,41.9028,12.4964,21,
2024-04-02T14:00:00+00:00,25.16,32.49,11.66,52.32,25,40,Rome,,41.9028,12.4964,21,
2024-04-02T15:00:00+00:00,23.06,34.69,11.26,44.23,25,40,Rome,,41.9028,12.4964,21,
2024-04-02T16:00:00+00:00,28.25,39.57,11.91,49.24,25,40,Rome,,41.9028,12.4964,21,
2024-04-02T17:00:00+00:00,26.31,34.7,12.11,37.82,25,40,Rome,,41.9028,12.4964,21,
2024-04-02T18:00:00+00:00,23.24,28.27,12.06,50.46,25,40,Rome,,41.9028,12.4964,21,
2024-04-02T19:00:00+00:00,23.9,28.77,11.12,51.59,25,40,Rome,,41.9028,12.4964,21,
2024-04-02T20:00:00+00:00,28.29,34.65,11.13,50.76,25,40,Rome,,41.9028,12.4964,21,
2024-04-02T21:00:00+00:00,23.32,34.57,13.13,55.15,25,40,Rome,,41.9028,12.4964,21,
2024-04-02T22:00:00+00:00,22.76,32.1,12.24,42.08,25,40,Rome,,41.9028,12.4964,21,
2024-04-02T23:00:00+00:00,23.84,33.89,14.33,47.6,25,40,Rome,,41.9028,12.4964,21,
2024-04-03T00:00:00+00:00,28.99,35.59,15.67,54.82,25,40,Rome,,41.9028,12.4964,21,
2024-04-03T01:00:00+00:00,31.35,41.05,14.6,60.8,25,40,Rome,,41.9028,12.4964,21,
2024-04-03T02:00:00+00:00,26.46,31.74,17.21,66.29,25,40,Rome,,41.9028,12.4964,21,
2024-04-03T03:00:00+00:00,30.13,37.29,17.98,55.46,25,40,Rome,,41.9028,12.4964,21,
2024-04-03T04:00:00+00:00,25.5,32.07,17.96,65.01,25,40,Rome,,41.9028,12.4964,21,
2024-04-03T05:00:00+00:00,31.21,43.06,19.28,70.91,25,40,Rome,,41.9028,12.4964,21,
2024-04-03T06:00:00+00:00,24.42,34.02,17.55,70.74,25,40,Rome,,41.9028,12.4964,21,
2024-04-03T07:00:00+00:00,28.89,39.32,19.0,67.13,25,40,Rome,,41.9028,12.4964,21,
2024-04-03T08:00:00+00:00,24.48,29.97,19.12,67.92,25,40,Rome,,41.9028,12.4964,21,
2024-04-03T09:00:00+00:00,26.92,37.06,18.62,55.09,25,40,Rome,,41.9028,12.4964,21,
2024-04-03T10:00:00+00:00,28.34,35.32,16.52,54.67,25,40,Rome,,41.9028,12.4964,21,
2024-04-03T11:00:00+00:00,27.38,33.08,15.08,65.02,25,40,Rome,,41.9028,12.4964,21,
2024-04-03T12:00:00+00:00,30.95,39.48,13.84,54.32,25,40,Rome,,41.9028,12.4964,21,
2024-04-03T13:00:00+00:00,28.65,37.01,13.23,55.63,25,40,Rome,,41.9028,12.4964,21,
2024-04-03T14:00:00+00:00,22.0,30.98,12.32,42.24,25,40,Rome,,41.9028,12.4964,21,
2024-04-03T15:00:00+00:00,27.92,37.2,11.26,42.77,25,40,Rome,,41.9028,12.4964,21,
2024-04-03T16:00:00+00:00,24.0,31.89,11.01,45.46,25,40,Rome,,41.9028,12.4964,21,
2024-04-03T17:00:00+00:00,29.75,44.02,10.64,40.6,25,40,Rome,,41.9028,12.4964,21,
2024-04-03T18:00:00+00:00,26.65,38.3,9.74,39.82,25,40,Rome,,41.9028,12.4964,21,
2024-04-03T19:00:00+00:00,26.37,33.96,11.7,38.14,25,40,Rome,,41.9028,12.4964,21,
2024-04-03T20:00:00+00:00,22.75,31.92,11.73,42.81,25,40,Rome,,41.9028,12.4964,21,
2024-04-03T21:00:00+00:00,27.6,37.86,13.24,54.57,25,40,Rome,,41.9028,12.4964,21,
2024-04-03T22:00:00+00:00,26.17,34.12,14.5,56.65,25,40,Rome,,41.9028,12.4964,21,
2024-04-03T23:00:00+00:00,28.92,38.79,15.08,59.63,25,40,Rome,,41.9028,12.4964,21,
2024-04-04T00:00:00+00:00,30.19,42.62,14.03,55.85,25,40,Rome,,41.9028,12.4964,21,
2024-04-04T01:00:00+00:00,26.55,36.27,14.56,57.36,25,40,Rome,,41.9028,12.4964,21,
2024-04-04T02:00:00+00:00,28.84,42.0,16.3,60.77,25,40,Rome,,41.9028,12.4964,21,
2024-04-04T03:00:00+00:00,24.56,36.23,16.64,54.23,25,40,Rome,,41.9028,12.4964,21,
2024-04-04T04:00:00+00:00,32.21,42.57,17.65,68.83,25,40,Rome,,41.9028,12.4964,21,
2024-04-04T05:00:00+00:00,25.1,36.79,17.52,65.87,25,40,Rome,,41.9028,12.4964,21,
2024-04-04T06:00:00+00:00,24.43,36.13,19.47,61.63,25,40,Rome,,41.9028,12.4964,21,
2024-04-04T07:00:00+00:00,25.61,35.02,20.1,59.95,25,40,Rome,,41.9028,12.4964,21,
2024-04-04T08:00:00+00:00,24.24,35.28,19.33,58.36,25,40,Rome,,41.9028,12.4964,21,
2024-04-04T09:00:00+00:00,28.09,41.0,18.25,60.47,25,40,Rome,,41.9028,12.4964,21,
2024-04-04T10:00:00+00:00,28.81,39.04,17.48,59.46,25,40,Rome,,41.9028,12.4964,21,
2024-04-04T11:00:00+00:00,26.3,39.23,16.24,60.69,25,40,Rome,,41.9028,12.4964,21,
2024-04-04T12:00:00+00:00,27.93,41.66,16.15,53.48,25,40,Rome,,41.9028,12.4964,21,
2024-04-04T13:00:00+00:00,25.25,33.72,14.11,56.72,25,40,Rome,,41.9028,12.4964,21,
2024-04-04T14:00:00+00:00,30.22,41.46,13.74,55.09,25,40,Rome,,41.9028,12.4964,21,
2024-04-04T15:00:00+00:00,24.34,33.57,11.52,51.13,25,40,Rome,,41.9028,12.4964,21,
2024-04-04T16:00:00+00:00,26.04,31.35,12.27,51.86,25,40,Rome,,41.9028,12.4964,21,
2024-04-04T17:00:00+00:00,25.22,33.54,11.43,45.66,25,40,Rome,,41.9028,12.4964,21,
2024-04-04T18:00:00+00:00,24.68,33.4,11.73,50.24,25,40,Rome,,41.9028,12.4964,21,
2024-04-04T19:00:00+00:00,30.22,38.88,11.15,52.26,25,40,Rome,,41.9028,12.4964,21,
2024-04-04T20:00:00+00:00,22.82,33.03,10.51,42.96,25,40,Rome,,41.9028,12.4964,21,
2024-04-04T21:00:00+00:00,25.29,31.32,11.11,43.92,25,40,Rome,,41.9028,12.4964,21,
2024-04-04T22:00:00+00:00,26.81,37.92,11.96,52.56,25,40,Rome,,41.9028,12.4964,21,
2024-04-04T23:00:00+00:00,24.8,34.81,12.76,52.4,25,40,Rome,,41.9028,12.4964,21,
2024-04-05T00:00:00+00:00,32.23,39.52,13.89,61.99,25,40,Rome,,41.9028,12.4964,21,
2024-04-05T01:00:00+00:00,27.05,38.72,16.17,55.02,25,40,Rome,,41.9028,12.4964,21,
2024-04-05T02:00:00+00:00,31.98,44.75,15.92,63.3,25,40,Rome,,41.9028,12.4964,21,
2024-04-05T03:00:00+00:00,24.02,29.5,17.28,54.69,25,40,Rome,,41.9028,12.4964,21,
2024-04-05T04:00:00+00:00,29.1,42.32,18.26,60.59,25,40,Rome,,41.9028,12.4964,21,
2024-04-05T05:00:00+00:00,26.67,32.76,18.94,64.44,25,40,Rome,,41.9028,12.4964,21,
2024-04-05T06:00:00+00:00,23.38,30.94,18.2,60.55,25,40,Rome,,41.9028,12.4964,21,
2024-04-05T07:00:00+00:00,31.18,40.94,17.85,60.74,25,40,Rome,,41.9028,12.4964,21,
2024-04-05T08:00:00+00:00,24.94,35.21,19.24,65.24,25,40,Rome,,41.9028,12.4964,21,
2024-04-05T09:00:00+00:00,25.86,32.62,17.23,65.43,25,40,Rome,,41.9028,12.4964,21,
2024-04-05T10:00:00+00:00,26.63,38.11,15.98,66.72,25,40,Rome,,41.9028,12.4964,21,
2024-04-05T11:00:00+00:00,31.48,42.31,15.74,56.33,25,40,Rome,,41.9028,12.4964,21,
2024-04-05T12:00:00+00:00,29.33,37.88,16.49,60.89,25,40,Rome,,41.9028,12.4964,21,
2024-04-05T13:00:00+00:00,25.78,32.85,14.39,54.43,25,40,Rome,,41.9028,12.4964,21,
2024-04-05T14:00:00+00:00,23.52,34.81,11.67,48.67,25,40,Rome,,41.9028,12.4964,21,
2024-04-05T15:00:00+00:00,27.74,37.63,11.92,52.42,25,40,Rome,,41.9028,12.4964,21,
2024-04-05T16:00:00+00:00,26.99,35.48,12.44,52.03,25,40,Rome,,41.9028,12.4964,21,
2024-04-05T17:00:00+00:00,31.06,44.52,10.52,47.01,25,40,Rome,,41.9028,12.4964,21,
2024-04-05T18:00:00+00:00,24.02,28.81,11.83,46.28,25,40,Rome,,41.9028,12.4964,21,
2024-04-05T19:00:00+00:00,29.54,37.94,10.6,45.1,25,40,Rome,,41.9028,12.4964,21,
2024-04-05T20:00:00+00:00,26.88,40.21,12.34,42.16,25,40,Rome,,41.9028,12.4964,21,
2024-04-05T21:00:00+00:00,31.03,39.82,12.73,53.08,25,40,Rome,,41.9028,12.4964,21,
2024-04-05T22:00:00+00:00,30.66,43.61,12.15,51.95,25,40,Rome,,41.9028,12.4964,21,
2024-04-05T23:00:00+00:00,26.35,33.44,12.76,45.38,25,40,Rome,,41.9028,12.4964,21,
2024-04-06T00:00:00+00:00,27.99,38.14,15.39,50.24,25,40,Rome,,41.9028,12.4964,21,
2024-04-06T01:00:00+00:00,25.15,32.31,14.8,65.41,25,40,Rome,,41.9028,12.4964,21,
2024-04-06T02:00:00+00:00,29.62,40.06,16.47,54.09,25,40,Rome,,41.9028,12.4964,21,
2024-04-06T03:00:00+00:00,23.01,28.91,18.23,58.0,25,40,Rome,,41.9028,12.4964,21,
2024-04-06T04:00:00+00:00,24.92,30.82,17.65,61.76,25,40,Rome,,41.9028,12.4964,21,
2024-04-06T05:00:00+00:00,31.55,38.83,17.74,64.68,25,40,Rome,,41.9028,12.4964,21,
2024-04-06T06:00:00+00:00,29.54,37.31,17.94,60.82,25,40,Rome,,41.9028,12.4964,21,
2024-04-06T07:00:00+00:00,29.86,40.97,19.18,68.1,25,40,Rome,,41.9028,12.4964,21,
2024-04-06T08:00:00+00:00,25.72,35.9,19.25,68.45,25,40,Rome,,41.9028,12.4964,21,
2024-04-06T09:00:00+00:00,24.38,35.08,18.84,67.93,25,40,Rome,,41.9028,12.4964,21,
2024-04-06T10:00:00+00:00,28.03,40.22,17.49,63.26,25,40,Rome,,41.9028,12.4964,21,
2024-04-06T11:00:00+00:00,27.55,38.02,16.08,55.55,25,40,Rome,,41.9028,12.4964,21,
2024-04-06T12:00:00+00:00,23.26,27.61,14.73,54.7,25,40,Rome,,41.9028,12.4964,21,
2024-04-06T13:00:00+00:00,23.67,32.03,14.79,60.25,25,40,Rome,,41.9028,12.4964,21,
2024-04-06T14:00:00+00:00,25.86,36.51,13.02,45.69,25,40,Rome,,41.9028,12.4964,21,
2024-04-06T15:00:00+00:00,30.82,41.76,12.66,48.09,25,40,Rome,,41.9028,12.4964,21,
2024-04-06T16:00:00+00:00,25.76,35.23,12.99,49.81,25,40,Rome,,41.9028,12.4964,21,
2024-04-06T17:00:00+00:00,25.41,32.92,9.93,47.54,25,40,Rome,,41.9028,12.4964,21,
2024-04-06T18:00:00+00:00,22.9,30.37,9.77,38.24,25,40,Rome,,41.9028,12.4964,21,
2024-04-06T19:00:00+00:00,25.22,32.42,11.41,40.52,25,40,Rome,,41.9028,12.4964,21,
2024-04-06T20:00:00+00:00,29.48,39.67,11.24,54.16,25,40,Rome,,41.9028,12.4964,21,
2024-04-06T21:00:00+00:00,27.17,32.84,11.78,42.69,25,40,Rome,,41.9028,12.4964,21,
2024-04-06T22:00:00+00:00,30.69,38.45,11.67,51.34,25,40,Rome,,41.9028,12.4964,21,
2024-04-06T23:00:00+00:00,30.81,45.53,12.64,58.8,25,40,Rome,,41.9028,12.4964,21,
2024-04-07T00:00:00+00:00,24.84,33.24,15.52,62.73,25,40,Rome,,41.9028,12.4964,21,
2024-04-07T01:00:00+00:00,30.1,42.2,14.78,64.99,25,40,Rome,,41.9028,12.4964,21,
2024-04-07T02:00:00+00:00,31.0,38.33,15.8,53.46,25,40,Rome,,41.9028,12.4964,21,
2024-04-07T03:00:00+00:00,28.08,37.78,18.41,62.12,25,40,Rome,,41.9028,12.4964,21,
2024-04-07T04:00:00+00:00,24.53,33.03,19.48,69.84,25,40,Rome,,41.9028,12.4964,21,
2024-04-07T05:00:00+00:00,26.68,36.17,17.71,71.77,25,40,Rome,,41.9028,12.4964,21,
2024-04-07T06:00:00+00:00,26.99,36.48,18.0,72.25,25,40,Rome,,41.9028,12.4964,21,
2024-04-07T07:00:00+00:00,26.64,33.06,19.59,66.33,25,40,Rome,,41.9028,12.4964,21,
2024-04-07T08:00:00+00:00,28.97,39.53,19.78,64.14,25,40,Rome,,41.9028,12.4964,21,
2024-04-07T09:00:00+00:00,27.5,38.56,17.74,57.98,25,40,Rome,,41.9028,12.4964,21,
2024-04-07T10:00:00+00:00,30.89,40.16,16.38,61.56,25,40,Rome,,41.9028,12.4964,21,
2024-04-07T11:00:00+00:00,30.5,39.05,15.85,50.47,25,40,Rome,,41.9028,12.4964,21,
2024-04-07T12:00:00+00:00,27.4,37.49,15.99,61.54,25,40,Rome,,41.9028,12.4964,21,
2024-04-07T13:00:00+00:00,25.58,32.39,12.47,57.61,25,40,Rome,,41.9028,12.4964,21,
2024-04-07T14:00:00+00:00,26.85,39.97,12.36,56.16,25,40,Rome,,41.9028,12.4964,21,
2024-04-07T15:00:00+00:00,29.05,40.72,13.52,50.25,25,40,Rome,,41.9028,12.4964,21,
2024-04-07T16:00:00+00:00,27.41,36.24,12.96,53.36,25,40,Rome,,41.9028,12.4964,21,
2024-04-07T17:00:00+00:00,26.83,32.93,11.04,41.03,25,40,Rome,,41.9028,12.4964,21,
2024-04-07T18:00:00+00:00,26.1,38.68,12.43,37.76,25,40,Rome,,41.9028,12.4964,21,
2024-04-07T19:00:00+00:00,29.05,35.27,10.18,45.73,25,40,Rome,,41.9028,12.4964,21,
2024-04-07T20:00:00+00:00,30.53,39.26,12.23,51.49,25,40,Rome,,41.9028,12.4964,21,
2024-04-07T21:00:00+00:00,29.69,41.62,10.86,51.25,25,40,Rome,,41.9028,12.4964,21,
2024-04-07T22:00:00+00:00,26.03,36.05,12.56,53.5,25,40,Rome,,41.9028,12.4964,21,
2024-04-07T23:00:00+00:00,25.55,35.77,14.94,51.18,25,40,Rome,,41.9028,12.4964,21,
2024-04-08T00:00:00+00:00,29.95,43.81,15.01,56.83,25,40,Rome,,41.9028,12.4964,21,
2024-04-08T01:00:00+00:00,28.53,40.32,16.69,63.7,25,40,Rome,,41.9028,12.4964,21,
2024-04-08T02:00:00+00:00,30.1,43.61,15.92,66.34,25,40,Rome,,41.9028,12.4964,21,
2024-04-08T03:00:00+00:00,28.64,37.95,18.77,63.19,25,40,Rome,,41.9028,12.4964,21,
2024-04-08T04:00:00+00:00,22.91,32.87,19.8,59.65,25,40,Rome,,41.9028,12.4964,21,
2024-04-08T05:00:00+00:00,27.63,33.68,17.49,65.52,25,40,Rome,,41.9028,12.4964,21,
2024-04-08T06:00:00+00:00,31.02,41.08,18.25,61.14,25,40,Rome,,41.9028,12.4964,21,
2024-04-08T07:00:00+00:00,27.46,34.24,17.47,67.37,25,40,Rome,,41.9028,12.4964,21,
2024-04-08T08:00:00+00:00,27.63,36.47,19.2,61.55,25,40,Rome,,41.9028,12.4964,21,
2024-04-08T09:00:00+00:00,26.37,33.13,18.19,63.27,25,40,Rome,,41.9028,12.4964,21,
2024-04-08T10:00:00+00:00,23.93,30.9,15.5,63.19,25,40,Rome,,41.9028,12.4964,21,
2024-04-08T11:00:00+00:00,27.25,32.97,15.31,61.62,25,40,Rome,,41.9028,12.4964,21,
2024-04-08T12:00:00+00:00,27.28,33.88,16.37,50.69,25,40,Rome,,41.9028,12.4964,21,
2024-04-08T13:00:00+00:00,22.62,27.29,15.15,54.04,25,40,Rome,,41.9028,12.4964,21,
2024-04-08T14:00:00+00:00,24.85,29.59,12.99,54.49,25,40,Rome,,41.9028,12.4964,21,
2024-04-08T15:00:00+00:00,27.16,38.89,12.03,41.67,25,40,Rome,,41.9028,12.4964,21,
2024-04-08T16:00:00+00:00,28.46,35.81,10.67,48.88,25,40,Rome,,41.9028,12.4964,21,
2024-04-08T17:00:00+00:00,30.8,43.38,10.69,46.19,25,40,Rome,,41.9028,12.4964,21,
2024-04-08T18:00:00+00:00,27.41,40.14,12.15,46.53,25,40,Rome,,41.9028,12.4964,21,
2024-04-08T19:00:00+00:00,29.08,38.65,11.8,49.55,25,40,Rome,,41.9028,12.4964,21,
2024-04-08T20:00:00+00:00,31.68,46.62,12.21,53.99,25,40,Rome,,41.9028,12.4964,21,
2024-04-08T21:00:00+00:00,22.28,26.4,11.51,46.57,25,40,Rome,,41.9028,12.4964,21,
2024-04-08T22:00:00+00:00,28.97,42.3,13.77,52.64,25,40,Rome,,41.9028,12.4964,21,
2024-04-08T23:00:00+00:00,21.62,28.51,13.59,44.71,25,40,Rome,,41.9028,12.4964,21,
2024-04-09T00:00:00+00:00,28.67,42.5,15.49,54.61,25,40,Rome,,41.9028,12.4964,21,
2024-04-09T01:00:00+00:00,31.32,41.65,16.21,59.84,25,40,Rome,,41.9028,12.4964,21,
2024-04-09T02:00:00+00:00,25.98,35.17,16.77,54.19,25,40,Rome,,41.9028,12.4964,21,
2024-04-09T03:00:00+00:00,29.08,35.84,18.6,57.76,25,40,Rome,,41.9028,12.4964,21,
2024-04-09T04:00:00+00:00,27.17,35.93,18.0,66.28,25,40,Rome,,41.9028,12.4964,21,
2024-04-09T05:00:00+00:00,28.47,35.22,18.45,66.53,25,40,Rome,,41.9028,12.4964,21,
2024-04-09T06:00:00+00:00,31.63,40.12,19.18,66.87,25,40,Rome,,41.9028,12.4964,21,
2024-04-09T07:00:00+00:00,26.13,31.79,19.61,70.51,25,40,Rome,,41.9028,12.4964,21,
2024-04-09T08:00:00+00:00,30.04,37.27,18.53,56.92,25,40,Rome,,41.9028,12.4964,21,
2024-04-09T09:00:00+00:00,28.98,41.09,16.78,64.36,25,40,Rome,,41.9028,12.4964,21,
2024-04-09T10:00:00+00:00,30.55,38.6,18.26,65.91,25,40,Rome,,41.9028,12.4964,21,
2024-04-09T11:00:00+00:00,28.33,35.8,16.75,63.17,25,40,Rome,,41.9028,12.4964,21,
2024-04-09T12:00:00+00:00,28.55,37.54,15.12,52.25,25,40,Rome,,41.9028,12.4964,21,
2024-04-09T13:00:00+00:00,24.6,34.82,14.88,46.9,25,40,Rome,,41.9028,12.4964,21,
2024-04-09T14:00:00+00:00,31.47,42.98,12.85,54.18,25,40,Rome,,41.9028,12.4964,21,
2024-04-09T15:00:00+00:00,29.45,39.6,12.73,47.52,25,40,Rome,,41.9028,12.4964,21,
2024-04-09T16:00:00+00:00,22.78,29.34,10.21,49.42,25,40,Rome,,41.9028,12.4964,21,
2024-04-09T17:00:00+00:00,29.89,37.65,9.82,41.11,25,40,Rome,,41.9028,12.4964,21,
2024-04-09T18:00:00+00:00,28.56,41.38,9.9,39.98,25,40,Rome,,41.9028,12.4964,21,
2024-04-09T19:00:00+00:00,30.92,41.74,11.7,49.63,25,40,Rome,,41.9028,12.4964,21,
2024-04-09T20:00:00+00:00,22.56,26.71,13.01,43.16,25,40,Rome,,41.9028,12.4964,21,
2024-04-09T21:00:00+00:00,29.94,39.33,12.3,52.46,25,40,Rome,,41.9028,12.4964,21,
2024-04-09T22:00:00+00:00,30.01,40.73,11.51,45.6,25,40,Rome,,41.9028,12.4964,21,
2024-04-09T23:00:00+00:00,29.07,41.37,14.94,59.44,25,40,Rome,,41.9028,12.4964,21,
2024-04-10T00:00:00+00:00,26.86,36.92,16.44,49.76,25,40,Rome,,41.9028,12.4964,21,
2024-04-10T01:00:00+00:00,29.25,40.97,16.05,64.39,25,40,Rome,,41.9028,12.4964,21,
2024-04-10T02:00:00+00:00,27.82,33.64,15.62,60.03,25,40,Rome,,41.9028,12.4964,21,
2024-04-10T03:00:00+00:00,29.6,43.16,16.79,56.44,25,40,Rome,,41.9028,12.4964,21,
2024-04-10T04:00:00+00:00,25.81,34.68,19.96,59.47,25,40,Rome,,41.9028,12.4964,21,
2024-04-10T05:00:00+00:00,24.29,30.43,20.13,63.14,25,40,Rome,,41.9028,12.4964,21,
2024-04-10T06:00:00+00:00,25.39,36.12,19.85,60.94,25,40,Rome,,41.9028,12.4964,21,
2024-04-10T07:00:00+00:00,31.42,40.0,17.62,67.1,25,40,Rome,,41.9028,12.4964,21,
2024-04-10T08:00:00+00:00,29.97,40.72,17.78,59.96,25,40,Rome,,41.9028,12.4964,21,
2024-04-10T09:00:00+00:00,24.16,33.0,17.61,66.61,25,40,Rome,,41.9028,12.4964,21,
2024-04-10T10:00:00+00:00,23.85,32.68,17.85,52.49,25,40,Rome,,41.9028,12.4964,21,
2024-04-10T11:00:00+00:00,29.03,41.95,14.69,57.76,25,40,Rome,,41.9028,12.4964,21,
2024-04-10T12:00:00+00:00,27.21,33.9,15.18,52.34,25,40,Rome,,41.9028,12.4964,21,
2024-04-10T13:00:00+00:00,23.79,35.1,13.85,55.92,25,40,Rome,,41.9028,12.4964,21,
2024-04-10T14:00:00+00:00,23.78,28.34,12.36,49.23,25,40,Rome,,41.9028,12.4964,21,
2024-04-10T15:00:00+00:00,27.26,40.57,13.09,46.05,25,40,Rome,,41.9028,12.4964,21,
2024-04-10T16:00:00+00:00,29.98,41.55,12.75,44.16,25,40,Rome,,41.9028,12.4964,21,
2024-04-10T17:00:00+00:00,28.79,37.86,10.63,44.05,25,40,Rome,,41.9028,12.4964,21,
2024-04-10T18:00:00+00:00,24.36,36.2,9.82,49.42,25,40,Rome,,41.9028,12.4964,21,
2024-04-10T19:00:00+00:00,24.18,35.28,9.98,44.47,25,40,Rome,,41.9028,12.4964,21,
2024-04-10T20:00:00+00:00,24.19,31.61,11.41,51.82,25,40,Rome,,41.9028,12.4964,21,
2024-04-10T21:00:00+00:00,23.7,35.23,13.11,42.69,25,40,Rome,,41.9028,12.4964,21,
2024-04-10T22:00:00+00:00,27.37,35.71,13.6,42.28,25,40,Rome,,41.9028,12.4964,21,
2024-04-10T23:00:00+00:00,28.97,37.26,14.57,48.36,25,40,Rome,,41.9028,12.4964,21,
2024-04-11T00:00:00+00:00,23.69,35.86,15.41,53.78,25,40,Rome,,41.9028,12.4964,21,
2024-04-11T01:00:00+00:00,30.49,42.71,17.15,50.81,25,40,Rome,,41.9028,12.4964,21,
2024-04-11T02:00:00+00:00,29.28,39.03,17.5,55.62,25,40,Rome,,41.9028,12.4964,21,
2024-04-11T03:00:00+00:00,31.11,44.01,16.86,58.01,25,40,Rome,,41.9028,12.4964,21,
2024-04-11T04:00:00+00:00,26.1,34.04,17.87,63.6,25,40,Rome,,41.9028,12.4964,21,
2024-04-11T05:00:00+00:00,25.66,33.3,19.29,62.16,25,40,Rome,,41.9028,12.4964,21,
2024-04-11T06:00:00+00:00,30.58,37.67,18.47,68.54,25,40,Rome,,41.9028,12.4964,21,
2024-04-11T07:00:00+00:00,28.93,37.07,20.25,60.5,25,40,Rome,,41.9028,12.4964,21,
2024-04-11T08:00:00+00:00,26.53,37.99,19.67,58.11,25,40,Rome,,41.9028,12.4964,21,
2024-04-11T09:00:00+00:00,27.67,40.14,17.05,56.16,25,40,Rome,,41.9028,12.4964,21,
2024-04-11T10:00:00+00:00,26.8,36.14,16.03,52.11,25,40,Rome,,41.9028,12.4964,21,
2024-04-11T11:00:00+00:00,25.48,32.13,15.55,56.88,25,40,Rome,,41.9028,12.4964,21,
2024-04-11T12:00:00+00:00,26.4,37.57,15.19,61.4,25,40,Rome,,41.9028,12.4964,21,
2024-04-11T13:00:00+00:00,24.05,31.76,15.43,53.38,25,40,Rome,,41.9028,12.4964,21,
2024-04-11T14:00:00+00:00,27.88,37.72,11.68,52.23,25,40,Rome,,41.9028,12.4964,21,
2024-04-11T15:00:00+00:00,24.48,29.13,12.26,49.18,25,40,Rome,,41.9028,12.4964,21,
2024-04-11T16:00:00+00:00,30.1,44.13,12.6,51.43,25,40,Rome,,41.9028,12.4964,21,
2024-04-11T17:00:00+00:00,28.89,35.59,11.39,44.04,25,40,Rome,,41.9028,12.4964,21,
2024-04-11T18:00:00+00:00,27.78,41.35,12.07,48.61,25,40,Rome,,41.9028,12.4964,21,
2024-04-11T19:00:00+00:00,25.44,36.62,9.71,41.52,25,40,Rome,,41.9028,12.4964,21,
2024-04-11T20:00:00+00:00,24.58,33.46,10.75,43.96,25,40,Rome,,41.9028,12.4964,21,
2024-04-11T21:00:00+00:00,29.91,41.01,11.38,42.02,25,40,Rome,,41.9028,12.4964,21,
2024-04-11T22:00:00+00:00,29.41,37.1,11.74,42.02,25,40,Rome,,41.9028,12.4964,21,
2024-04-11T23:00:00+00:00,31.29,39.73,13.05,56.97,25,40,Rome,,41.9028,12.4964,21,
2024-04-12T00:00:00+00:00,28.35,39.68,14.91,52.07,25,40,Rome,,41.9028,12.4964,21,
2024-04-12T01:00:00+00:00,23.3,28.89,17.11,53.87,25,40,Rome,,41.9028,12.4964,21,
2024-04-12T02:00:00+00:00,29.78,41.97,16.11,59.77,25,40,Rome,,41.9028,12.4964,21,
2024-04-12T03:00:00+00:00,27.54,38.94,16.66,69.79,25,40,Rome,,41.9028,12.4964,21,
2024-04-12T04:00:00+00:00,31.81,46.89,18.3,62.66,25,40,Rome,,41.9028,12.4964,21,
2024-04-12T05:00:00+00:00,30.77,40.44,18.2,67.9,25,40,Rome,,41.9028,12.4964,21,
2024-04-12T06:00:00+00:00,28.66,39.46,19.44,62.45,25,40,Rome,,41.9028,12.4964,21,
2024-04-12T07:00:00+00:00,28.16,40.83,19.02,72.02,25,40,Rome,,41.9028,12.4964,21,
2024-04-12T08:00:00+00:00,32.67,46.67,18.71,70.39,25,40,Rome,,41.9028,12.4964,21,
2024-04-12T09:00:00+00:00,27.76,36.6,17.98,66.94,25,40,Rome,,41.9028,12.4964,21,
2024-04-12T10:00:00+00:00,25.8,36.74,17.94,55.54,25,40,Rome,,41.9028,12.4964,21,
2024-04-12T11:00:00+00:00,26.29,38.56,16.99,52.36,25,40,Rome,,41.9028,12.4964,21,
2024-04-12T12:00:00+00:00,28.79,36.76,14.49,57.6,25,40,Rome,,41.9028,12.4964,21,
2024-04-12T13:00:00+00:00,25.24,33.17,14.39,55.86,25,40,Rome,,41.9028,12.4964,21,
2024-04-12T14:00:00+00:00,25.64,33.96,13.33,51.61,25,40,Rome,,41.9028,12.4964,21,
2024-04-12T15:00:00+00:00,25.59,31.91,13.41,42.1,25,40,Rome,,41.9028,12.4964,21,
2024-04-12T16:00:00+00:00,23.68,28.72,10.9,45.75,25,40,Rome,,41.9028,12.4964,21,
2024-04-12T17:00:00+00:00,26.85,38.71,11.94,47.82,25,40,Rome,,41.9028,12.4964,21,
2024-04-12T18:00:00+00:00,29.04,38.39,11.89,50.83,25,40,Rome,,41.9028,12.4964,21,
2024-04-12T19:00:00+00:00,30.28,41.78,12.58,50.45,25,40,Rome,,41.9028,12.4964,21,
2024-04-12T20:00:00+00:00,26.08,31.95,10.5,41.03,25,40,Rome,,41.9028,12.4964,21,
2024-04-12T21:00:00+00:00,22.42,27.53,12.08,44.35,25,40,Rome,,41.9028,12.4964,21,
2024-04-12T22:00:00+00:00,30.87,40.22,11.65,53.63,25,40,Rome,,41.9028,12.4964,21,
2024-04-12T23:00:00+00:00,22.56,33.16,12.58,50.18,25,40,Rome,,41.9028,12.4964,21,
2024-04-13T00:00:00+00:00,25.16,30.14,15.41,49.68,25,40,Rome,,41.9028,12.4964,21,
2024-04-13T01:00:00+00:00,23.62,28.03,16.78,53.2,25,40,Rome,,41.9028,12.4964,21,
2024-04-13T02:00:00+00:00,24.39,34.46,16.69,55.37,25,40,Rome,,41.9028,12.4964,21,
2024-04-13T03:00:00+00:00,29.02,41.58,17.58,54.13,25,40,Rome,,41.9028,12.4964,21,
2024-04-13T04:00:00+00:00,25.95,36.26,17.91,67.34,25,40,Rome,,41.9028,12.4964,21,
2024-04-13T05:00:00+00:00,27.2,37.14,17.91,61.11,25,40,Rome,,41.9028,12.4964,21,
2024-04-13T06:00:00+00:00,25.44,32.15,19.01,61.73,25,40,Rome,,41.9028,12.4964,21,
2024-04-13T07:00:00+00:00,26.12,32.0,18.35,69.82,25,40,Rome,,41.9028,12.4964,21,
2024-04-13T08:00:00+00:00,31.56,40.87,16.97,63.63,25,40,Rome,,41.9028,12.4964,21,
2024-04-13T09:00:00+00:00,32.18,40.77,16.9,67.16,25,40,Rome,,41.9028,12.4964,21,
2024-04-13T10:00:00+00:00,29.34,40.68,16.15,56.01,25,40,Rome,,41.9028,12.4964,21,
2024-04-13T11:00:00+00:00,28.78,35.83,16.34,51.23,25,40,Rome,,41.9028,12.4964,21,
2024-04-13T12:00:00+00:00,23.48,34.97,16.49,61.53,25,40,Rome,,41.9028,12.4964,21,
2024-04-13T13:00:00+00:00,24.2,31.24,12.73,49.39,25,40,Rome,,41.9028,12.4964,21,
2024-04-13T14:00:00+00:00,31.29,44.3,12.55,56.12,25,40,Rome,,41.9028,12.4964,21,
2024-04-13T15:00:00+00:00,30.94,40.96,11.52,46.95,25,40,Rome,,41.9028,12.4964,21,
2024-04-13T16:00:00+00:00,26.32,35.8,11.22,44.28,25,40,Rome,,41.9028,12.4964,21,
2024-04-13T17:00:00+00:00,26.51,39.17,12.47,39.36,25,40,Rome,,41.9028,12.4964,21,
2024-04-13T18:00:00+00:00,27.99,39.64,9.57,42.89,25,40,Rome,,41.9028,12.4964,21,
2024-04-13T19:00:00+00:00,27.04,34.88,12.6,38.23,25,40,Rome,,41.9028,12.4964,21,
2024-04-13T20:00:00+00:00,29.19,38.84,12.91,38.39,25,40,Rome,,41.9028,12.4964,21,
2024-04-13T21:00:00+00:00,29.66,38.55,12.98,43.87,25,40,Rome,,41.9028,12.4964,21,
2024-04-13T22:00:00+00:00,31.75,45.69,11.59,52.74,25,40,Rome,,41.9028,12.4964,21,
2024-04-13T23:00:00+00:00,29.76,38.23,13.89,57.74,25,40,Rome,,41.9028,12.4964,21,
2024-04-14T00:00:00+00:00,26.44,37.85,15.26,61.05,25,40,Rome,,41.9028,12.4964,21,
2024-04-14T01:00:00+00:00,25.6,38.45,15.62,56.86,25,40,Rome,,41.9028,12.4964,21,
2024-04-14T02:00:00+00:00,28.33,41.27,16.26,54.71,25,40,Rome,,41.9028,12.4964,21,
2024-04-14T03:00:00+00:00,24.31,36.08,18.88,60.52,25,40,Rome,,41.9028,12.4964,21,
2024-04-14T04:00:00+00:00,24.4,34.21,17.95,70.95,25,40,Rome,,41.9028,12.4964,21,
2024-04-14T05:00:00+00:00,23.84,28.3,18.54,59.96,25,40,Rome,,41.9028,12.4964,21,
2024-04-14T06:00:00+00:00,30.17,39.54,19.15,58.78,25,40,Rome,,41.9028,12.4964,21,
2024-04-14T07:00:00+00:00,22.89,27.03,19.72,58.99,25,40,Rome,,41.9028,12.4964,21,
2024-04-14T08:00:00+00:00,27.8,40.88,18.22,70.3,25,40,Rome,,41.9028,12.4964,21,
2024-04-14T09:00:00+00:00,26.15,32.92,16.36,65.41,25,40,Rome,,41.9028,12.4964,21,
2024-04-14T10:00:00+00:00,26.0,33.08,17.07,61.16,25,40,Rome,,41.9028,12.4964,21,
2024-04-14T11:00:00+00:00,26.99,32.54,17.37,59.49,25,40,Rome,,41.9028,12.4964,21,
2024-04-14T12:00:00+00:00,30.22,42.08,15.64,61.8,25,40,Rome,,41.9028,12.4964,21,
2024-04-14T13:00:00+00:00,26.16,38.36,12.66,49.95,25,40,Rome,,41.9028,12.4964,21,
2024-04-14T14:00:00+00:00,29.23,37.52,14.09,56.03,25,40,Rome,,41.9028,12.4964,21,
2024-04-14T15:00:00+00:00,29.31,42.42,10.98,45.9,25,40,Rome,,41.9028,12.4964,21,
2024-04-14T16:00:00+00:00,26.11,32.44,10.11,44.43,25,40,Rome,,41.9028,12.4964,21,
2024-04-14T17:00:00+00:00,25.64,37.94,10.6,38.16,25,40,Rome,,41.9028,12.4964,21,
2024-04-14T18:00:00+00:00,28.62,34.82,11.24,38.87,25,40,Rome,,41.9028,12.4964,21,
2024-04-14T19:00:00+00:00,28.83,38.69,9.88,45.92,25,40,Rome,,41.9028,12.4964,21,
2024-04-14T20:00:00+00:00,29.64,42.51,10.65,42.46,25,40,Rome,,41.9028,12.4964,21,
2024-04-14T21:00:00+00:00,25.07,34.2,12.19,50.61,25,40,Rome,,41.9028,12.4964,21,
2024-04-14T22:00:00+00:00,26.22,36.24,11.86,56.77,25,40,Rome,,41.9028,12.4964,21,
2024-04-14T23:00:00+00:00,25.64,36.61,13.15,51.24,25,40,Rome,,41.9028,12.4964,21,
2024-04-15T00:00:00+00:00,24.2,33.03,15.25,57.86,25,40,Rome,,41.9028,12.4964,21,
2024-04-15T01:00:00+00:00,31.53,38.61,15.81,65.47,25,40,Rome,,41.9028,12.4964,21,
2024-04-15T02:00:00+00:00,26.52,35.67,16.86,63.36,25,40,Rome,,41.9028,12.4964,21,
2024-04-15T03:00:00+00:00,26.46,35.28,18.66,67.08,25,40,Rome,,41.9028,12.4964,21,
2024-04-15T04:00:00+00:00,25.99,31.93,19.42,68.67,25,40,Rome,,41.9028,12.4964,21,
2024-04-15T05:00:00+00:00,30.61,40.27,19.0,58.06,25,40,Rome,,41.9028,12.4964,21,
2024-04-15T06:00:00+00:00,28.97,41.72,19.01,60.2,25,40,Rome,,41.9028,12.4964,21,
2024-04-15T07:00:00+00:00,23.12,33.23,20.25,58.96,25,40,Rome,,41.9028,12.4964,21,
2024-04-15T08:00:00+00:00,28.38,36.43,18.54,68.82,25,40,Rome,,41.9028,12.4964,21,
2024-04-15T09:00:00+00:00,30.56,45.22,16.46,66.59,25,40,Rome,,41.9028,12.4964,21,
2024-04-15T10:00:00+00:00,30.69,42.94,17.91,57.51,25,40,Rome,,41.9028,12.4964,21,
2024-04-15T11:00:00+00:00,27.3,34.1,16.69,58.25,25,40,Rome,,41.9028,12.4964,21,
2024-04-15T12:00:00+00:00,25.58,31.87,15.18,62.34,25,40,Rome,,41.9028,12.4964,21,
2024-04-15T13:00:00+00:00,26.31,37.08,14.85,51.44,25,40,Rome,,41.9028,12.4964,21,
2024-04-15T14:00:00+00:00,29.4,42.18,13.97,42.66,25,40,Rome,,41.9028,12.4964,21,
2024-04-15T15:00:00+00:00,28.78,39.56,11.17,41.18,25,40,Rome,,41.9028,12.4964,21,
2024-04-15T16:00:00+00:00,27.56,41.06,11.93,50.23,25,40,Rome,,41.9028,12.4964,21,
2024-04-15T17:00:00+00:00,24.21,31.37,9.9,49.36,25,40,Rome,,41.9028,12.4964,21,
2024-04-15T18:00:00+00:00,28.48,39.02,9.69,52.0,25,40,Rome,,41.9028,12.4964,21,
2024-04-15T19:00:00+00:00,23.11,30.88,10.46,41.74,25,40,Rome,,41.9028,12.4964,21,
2024-04-15T20:00:00+00:00,29.68,36.97,12.99,42.08,25,40,Rome,,41.9028,12.4964,21,
2024-04-15T21:00:00+00:00,28.35,37.55,12.03,42.82,25,40,Rome,,41.9028,12.4964,21,
2024-04-15T22:00:00+00:00,22.01,30.12,12.5,45.61,25,40,Rome,,41.9028,12.4964,21,
2024-04-15T23:00:00+00:00,28.11,35.9,15.24,54.75,25,40,Rome,,41.9028,12.4964,21,
2024-04-16T00:00:00+00:00,31.46,41.47,15.12,56.49,25,40,Rome,,41.9028,12.4964,21,
2024-04-16T01:00:00+00:00,31.69,39.5,15.87,60.93,25,40,Rome,,41.9028,12.4964,21,
2024-04-16T02:00:00+00:00,27.62,38.82,18.46,64.05,25,40,Rome,,41.9028,12.4964,21,
2024-04-16T03:00:00+00:00,29.35,41.89,19.02,62.16,25,40,Rome,,41.9028,12.4964,21,
2024-04-16T04:00:00+00:00,27.84,34.64,16.97,68.23,25,40,Rome,,41.9028,12.4964,21,
2024-04-16T05:00:00+00:00,29.13,41.61,17.81,57.43,25,40,Rome,,41.9028,12.4964,21,
2024-04-16T06:00:00+00:00,27.16,34.29,20.04,71.09,25,40,Rome,,41.9028,12.4964,21,
2024-04-16T07:00:00+00:00,24.84,32.5,18.99,66.21,25,40,Rome,,41.9028,12.4964,21,
2024-04-16T08:00:00+00:00,26.93,39.4,18.17,68.51,25,40,Rome,,41.9028,12.4964,21,
2024-04-16T09:00:00+00:00,26.75,33.84,16.57,69.58,25,40,Rome,,41.9028,12.4964,21,
2024-04-16T10:00:00+00:00,28.58,35.68,17.01,63.65,25,40,Rome,,41.9028,12.4964,21,
2024-04-16T11:00:00+00:00,27.85,41.08,15.59,56.79,25,40,Rome,,41.9028,12.4964,21,
2024-04-16T12:00:00+00:00,26.68,32.14,15.38,56.48,25,40,Rome,,41.9028,12.4964,21,
2024-04-16T13:00:00+00:00,32.09,41.29,12.61,57.98,25,40,Rome,,41.9028,12.4964,21,
2024-04-16T14:00:00+00:00,24.34,31.46,11.73,56.88,25,40,Rome,,41.9028,12.4964,21,
2024-04-16T15:00:00+00:00,28.94,41.85,10.69,55.26,25,40,Rome,,41.9028,12.4964,21,
2024-04-16T16:00:00+00:00,25.54,36.61,13.0,38.58,25,40,Rome,,41.9028,12.4964,21,
2024-04-16T17:00:00+00:00,24.32,31.19,10.52,48.7,25,40,Rome,,41.9028,12.4964,21,
2024-04-16T18:00:00+00:00,28.07,35.01,11.91,45.12,25,40,Rome,,41.9028,12.4964,21,
2024-04-16T19:00:00+00:00,28.36,39.15,12.22,37.95,25,40,Rome,,41.9028,12.4964,21,
2024-04-16T20:00:00+00:00,28.64,38.59,10.83,50.94,25,40,Rome,,41.9028,12.4964,21,
2024-04-16T21:00:00+00:00,30.3,40.58,11.03,43.06,25,40,Rome,,41.9028,12.4964,21,
2024-04-16T22:00:00+00:00,30.18,38.36,12.23,53.89,25,40,Rome,,41.9028,12.4964,21,
2024-04-16T23:00:00+00:00,28.12,34.67,13.16,54.86,25,40,Rome,,41.9028,12.4964,21,
2024-04-17T00:00:00+00:00,26.24,38.56,15.58,57.65,25,40,Rome,,41.9028,12.4964,21,
2024-04-17T01:00:00+00:00,31.42,45.6,16.73,59.06,25,40,Rome,,41.9028,12.4964,21,
2024-04-17T02:00:00+00:00,24.51,29.77,16.77,59.83,25,40,Rome,,41.9028,12.4964,21,
2024-04-17T03:00:00+00:00,29.08,39.38,18.28,61.54,25,40,Rome,,41.9028,12.4964,21,
2024-04-17T04:00:00+00:00,28.53,37.91,19.83,58.77,25,40,Rome,,41.9028,12.4964,21,
2024-04-17T05:00:00+00:00,25.04,30.82,18.06,65.43,25,40,Rome,,41.9028,12.4964,21,
2024-04-17T06:00:00+00:00,24.71,31.77,18.13,59.55,25,40,Rome,,41.9028,12.4964,21,
2024-04-17T07:00:00+00:00,26.31,31.87,18.83,67.2,25,40,Rome,,41.9028,12.4964,21,
2024-04-17T08:00:00+00:00,26.94,39.52,18.88,55.8,25,40,Rome,,41.9028,12.4964,21,
2024-04-17T09:00:00+00:00,32.19,43.8,18.92,69.83,25,40,Rome,,41.9028,12.4964,21,
2024-04-17T10:00:00+00:00,28.77,35.45,15.66,64.4,25,40,Rome,,41.9028,12.4964,21,
2024-04-17T11:00:00+00:00,29.49,39.5,16.42,53.41,25,40,Rome,,41.9028,12.4964,21,
2024-04-17T12:00:00+00:00,29.94,41.24,15.34,60.23,25,40,Rome,,41.9028,12.4964,21,
2024-04-17T13:00:00+00:00,27.27,39.21,15.02,48.07,25,40,Rome,,41.9028,12.4964,21,
2024-04-17T14:00:00+00:00,22.94,34.16,14.32,45.43,25,40,Rome,,41.9028,12.4964,21,
2024-04-17T15:00:00+00:00,25.93,32.81,11.92,53.35,25,40,Rome,,41.9028,12.4964,21,
2024-04-17T16:00:00+00:00,28.9,37.6,10.94,48.24,25,40,Rome,,41.9028,12.4964,21,
2024-04-17T17:00:00+00:00,21.72,26.91,11.1,39.16,25,40,Rome,,41.9028,12.4964,21,
2024-04-17T18:00:00+00:00,23.05,34.7,12.01,37.37,25,40,Rome,,41.9028,12.4964,21,
2024-04-17T19:00:00+00:00,28.41,38.4,9.88,43.31,25,40,Rome,,41.9028,12.4964,21,
2024-04-17T20:00:00+00:00,22.34,27.04,12.36,39.53,25,40,Rome,,41.9028,12.4964,21,
2024-04-17T21:00:00+00:00,30.86,41.91,11.16,55.33,25,40,Rome,,41.9028,12.4964,21,
2024-04-17T22:00:00+00:00,28.43,39.0,11.7,46.11,25,40,Rome,,41.9028,12.4964,21,
2024-04-17T23:00:00+00:00,28.55,41.39,12.9,50.44,25,40,Rome,,41.9028,12.4964,21,
2024-04-18T00:00:00+00:00,26.14,35.21,14.25,56.93,25,40,Rome,,41.9028,12.4964,21,
2024-04-18T01:00:00+00:00,26.96,37.32,15.42,65.51,25,40,Rome,,41.9028,12.4964,21,
2024-04-18T02:00:00+00:00,23.75,35.15,15.5,61.54,25,40,Rome,,41.9028,12.4964,21,
2024-04-18T03:00:00+00:00,22.8,34.43,17.14,54.39,25,40,Rome,,41.9028,12.4964,21,
2024-04-18T04:00:00+00:00,23.31,28.76,17.02,60.78,25,40,Rome,,41.9028,12.4964,21,
2024-04-18T05:00:00+00:00,30.37,41.59,19.32,56.72,25,40,Rome,,41.9028,12.4964,21,
2024-04-18T06:00:00+00:00,29.25,40.88,20.06,71.77,25,40,Rome,,41.9028,12.4964,21,
2024-04-18T07:00:00+00:00,25.47,35.61,19.6,67.37,25,40,Rome,,41.9028,12.4964,21,
2024-04-18T08:00:00+00:00,25.59,34.45,17.21,66.16,25,40,Rome,,41.9028,12.4964,21,
2024-04-18T09:00:00+00:00,28.22,38.71,17.21,67.81,25,40,Rome,,41.9028,12.4964,21,
2024-04-18T10:00:00+00:00,24.78,32.8,17.59,56.66,25,40,Rome,,41.9028,12.4964,21,
2024-04-18T11:00:00+00:00,29.17,39.41,17.43,51.08,25,40,Rome,,41.9028,12.4964,21,
2024-04-18T12:00:00+00:00,29.8,42.4,16.17,47.74,25,40,Rome,,41.9028,12.4964,21,
2024-04-18T13:00:00+00:00,25.36,37.76,14.81,51.39,25,40,Rome,,41.9028,12.4964,21,
2024-04-18T14:00:00+00:00,22.82,27.89,12.76,45.95,25,40,Rome,,41.9028,12.4964,21,
2024-04-18T15:00:00+00:00,26.67,32.65,11.66,52.49,25,40,Rome,,41.9028,12.4964,21,
2024-04-18T16:00:00+00:00,28.75,38.67,12.65,49.55,25,40,Rome,,41.9028,12.4964,21,
2024-04-18T17:00:00+00:00,23.1,33.8,11.89,43.21,25,40,Rome,,41.9028,12.4964,21,
2024-04-18T18:00:00+00:00,25.03,34.99,11.67,42.34,25,40,Rome,,41.9028,12.4964,21,
2024-04-18T19:00:00+00:00,28.4,40.64,10.74,51.38,25,40,Rome,,41.9028,12.4964,21,
2024-04-18T20:00:00+00:00,28.33,37.94,10.25,46.1,25,40,Rome,,41.9028,12.4964,21,
2024-04-18T21:00:00+00:00,25.05,31.53,10.79,45.5,25,40,Rome,,41.9028,12.4964,21,
2024-04-18T22:00:00+00:00,30.82,44.02,12.89,57.54,25,40,Rome,,41.9028,12.4964,21,
2024-04-18T23:00:00+00:00,29.89,41.18,12.75,47.16,25,40,Rome,,41.9028,12.4964,21,
2024-04-19T00:00:00+00:00,27.54,39.88,14.73,52.59,25,40,Rome,,41.9028,12.4964,21,
2024-04-19T01:00:00+00:00,27.32,35.65,15.37,56.87,25,40,Rome,,41.9028,12.4964,21,
2024-04-19T02:00:00+00:00,22.46,32.94,17.5,53.18,25,40,Rome,,41.9028,12.4964,21,
2024-04-19T03:00:00+00:00,24.07,30.0,18.25,66.55,25,40,Rome,,41.9028,12.4964,21,
2024-04-19T04:00:00+00:00,28.19,37.05,18.4,56.77,25,40,Rome,,41.9028,12.4964,21,
2024-04-19T05:00:00+00:00,23.09,29.83,19.36,59.0,25,40,Rome,,41.9028,12.4964,21,
2024-04-19T06:00:00+00:00,29.29,38.35,20.34,61.58,25,40,Rome,,41.9028,12.4964,21,
2024-04-19T07:00:00+00:00,26.34,39.35,18.85,66.55,25,40,Rome,,41.9028,12.4964,21,
2024-04-19T08:00:00+00:00,31.5,43.12,17.69,58.99,25,40,Rome,,41.9028,12.4964,21,
2024-04-19T09:00:00+00:00,27.93,36.67,18.79,64.44,25,40,Rome,,41.9028,12.4964,21,
2024-04-19T10:00:00+00:00,29.97,43.87,16.51,67.0,25,40,Rome,,41.9028,12.4964,21,
2024-04-19T11:00:00+00:00,29.94,41.11,16.71,65.58,25,40,Rome,,41.9028,12.4964,21,
2024-04-19T12:00:00+00:00,30.46,42.66,14.33,57.02,25,40,Rome,,41.9028,12.4964,21,
2024-04-19T13:00:00+00:00,23.68,33.69,13.59,54.12,25,40,Rome,,41.9028,12.4964,21,
2024-04-19T14:00:00+00:00,25.23,37.87,14.37,50.57,25,40,Rome,,41.9028,12.4964,21,
2024-04-19T15:00:00+00:00,26.37,34.47,13.6,55.72,25,40,Rome,,41.9028,12.4964,21,
2024-04-19T16:00:00+00:00,25.56,36.05,12.51,43.64,25,40,Rome,,41.9028,12.4964,21,
2024-04-19T17:00:00+00:00,29.19,42.46,10.88,39.72,25,40,Rome,,41.9028,12.4964,21,
2024-04-19T18:00:00+00:00,29.08,42.7,12.03,40.47,25,40,Rome,,41.9028,12.4964,21,
2024-04-19T19:00:00+00:00,27.89,39.69,11.66,52.42,25,40,Rome,,41.9028,12.4964,21,
2024-04-19T20:00:00+00:00,29.19,36.52,12.47,39.27,25,40,Rome,,41.9028,12.4964,21,
2024-04-19T21:00:00+00:00,25.68,34.28,13.54,49.02,25,40,Rome,,41.9028,12.4964,21,
2024-04-19T22:00:00+00:00,23.49,29.1,14.29,46.23,25,40,Rome,,41.9028,12.4964,21,
2024-04-19T23:00:00+00:00,28.22,38.21,14.51,58.8,25,40,Rome,,41.9028,12.4964,21,
2024-04-20T00:00:00+00:00,27.52,35.86,16.04,51.94,25,40,Rome,,41.9028,12.4964,21,
2024-04-20T01:00:00+00:00,24.88,31.11,15.3,56.06,25,40,Rome,,41.9028,12.4964,21,
2024-04-20T02:00:00+00:00,26.03,34.3,17.22,64.12,25,40,Rome,,41.9028,12.4964,21,
2024-04-20T03:00:00+00:00,27.31,34.9,19.08,60.05,25,40,Rome,,41.9028,12.4964,21,
2024-04-20T04:00:00+00:00,25.88,33.57,19.13,71.17,25,40,Rome,,41.9028,12.4964,21,
2024-04-20T05:00:00+00:00,28.88,40.11,18.63,62.75,25,40,Rome,,41.9028,12.4964,21,
2024-04-20T06:00:00+00:00,23.53,32.24,20.22,65.16,25,40,Rome,,41.9028,12.4964,21,
2024-04-20T07:00:00+00:00,31.27,45.32,17.5,71.34,25,40,Rome,,41.9028,12.4964,21,
2024-04-20T08:00:00+00:00,30.48,38.01,18.97,62.94,25,40,Rome,,41.9028,12.4964,21,
2024-04-20T09:00:00+00:00,25.13,33.96,17.01,59.82,25,40,Rome,,41.9028,12.4964,21,
2024-04-20T10:00:00+00:00,25.09,31.19,17.7,58.49,25,40,Rome,,41.9028,12.4964,21,
2024-04-20T11:00:00+00:00,23.17,32.9,16.96,57.63,25,40,Rome,,41.9028,12.4964,21,
2024-04-20T12:00:00+00:00,28.72,35.05,14.1,52.99,25,40,Rome,,41.9028,12.4964,21,
2024-04-20T13:00:00+00:00,25.27,37.09,14.63,56.09,25,40,Rome,,41.9028,12.4964,21,
2024-04-20T14:00:00+00:00,24.72,30.64,13.45,46.7,25,40,Rome,,41.9028,12.4964,21,
2024-04-20T15:00:00+00:00,31.17,40.74,11.57,49.9,25,40,Rome,,41.9028,12.4964,21,
2024-04-20T16:00:00+00:00,27.39,37.18,10.73,50.11,25,40,Rome,,41.9028,12.4964,21,
2024-04-20T17:00:00+00:00,25.5,31.29,10.53,46.67,25,40,Rome,,41.9028,12.4964,21,
2024-04-20T18:00:00+00:00,26.56,34.19,10.08,46.43,25,40,Rome,,41.9028,12.4964,21,
2024-04-20T19:00:00+00:00,30.51,44.99,10.73,43.77,25,40,Rome,,41.9028,12.4964,21,
2024-04-20T20:00:00+00:00,29.46,39.99,12.91,40.61,25,40,Rome,,41.9028,12.4964,21,
2024-04-20T21:00:00+00:00,31.21,41.72,13.0,53.2,25,40,Rome,,41.9028,12.4964,21,
2024-04-20T22:00:00+00:00,28.71,39.22,14.04,57.4,25,40,Rome,,41.9028,12.4964,21,
2024-04-20T23:00:00+00:00,23.68,31.71,14.08,50.34,25,40,Rome,,41.9028,12.4964,21,
2024-04-21T00:00:00+00:00,27.08,35.12,14.01,57.5,25,40,Rome,,41.9028,12.4964,21,
2024-04-21T01:00:00+00:00,24.64,35.0,15.37,54.65,25,40,Rome,,41.9028,12.4964,21,
2024-04-21T02:00:00+00:00,30.92,45.2,17.21,61.73,25,40,Rome,,41.9028,12.4964,21,
2024-04-21T03:00:00+00:00,30.98,40.07,18.59,58.47,25,40,Rome,,41.9028,12.4964,21,
2024-04-21T04:00:00+00:00,32.85,44.31,18.18,70.28,25,40,Rome,,41.9028,12.4964,21,
2024-04-21T05:00:00+00:00,29.38,39.4,19.23,61.05,25,40,Rome,,41.9028,12.4964,21,
2024-04-21T06:00:00+00:00,26.5,34.06,18.39,67.91,25,40,Rome,,41.9028,12.4964,21,
2024-04-21T07:00:00+00:00,27.28,40.12,17.74,70.6,25,40,Rome,,41.9028,12.4964,21,
2024-04-21T08:00:00+00:00,31.81,44.82,18.76,62.33,25,40,Rome,,41.9028,12.4964,21,
2024-04-21T09:00:00+00:00,30.08,41.63,17.5,59.09,25,40,Rome,,41.9028,12.4964,21,
2024-04-21T10:00:00+00:00,27.75,36.68,15.85,67.89,25,40,Rome,,41.9028,12.4964,21,
2024-04-21T11:00:00+00:00,29.92,37.93,15.34,58.82,25,40,Rome,,41.9028,12.4964,21,
2024-04-21T12:00:00+00:00,31.04,44.5,14.56,56.0,25,40,Rome,,41.9028,12.4964,21,
2024-04-21T13:00:00+00:00,29.34,41.79,14.77,55.64,25,40,Rome,,41.9028,12.4964,21,
2024-04-21T14:00:00+00:00,25.57,34.19,13.75,53.24,25,40,Rome,,41.9028,12.4964,21,
2024-04-21T15:00:00+00:00,27.52,33.79,11.2,54.57,25,40,Rome,,41.9028,12.4964,21,
2024-04-21T16:00:00+00:00,24.84,29.8,12.53,49.84,25,40,Rome,,41.9028,12.4964,21,
2024-04-21T17:00:00+00:00,28.43,34.94,10.81,46.42,25,40,Rome,,41.9028,12.4964,21,
2024-04-21T18:00:00+00:00,24.6,32.93,11.62,46.4,25,40,Rome,,41.9028,12.4964,21,
2024-04-21T19:00:00+00:00,26.64,37.0,10.4,49.57,25,40,Rome,,41.9028,12.4964,21,
2024-04-21T20:00:00+00:00,26.35,35.85,11.23,46.02,25,40,Rome,,41.9028,12.4964,21,
2024-04-21T21:00:00+00:00,27.69,38.91,13.01,43.5,25,40,Rome,,41.9028,12.4964,21,
2024-04-21T22:00:00+00:00,30.14,44.24,12.99,54.86,25,40,Rome,,41.9028,12.4964,21,
2024-04-21T23:00:00+00:00,27.58,34.08,12.95,48.2,25,40,Rome,,41.9028,12.4964,21,
2024-04-22T00:00:00+00:00,30.63,38.25,15.89,53.5,25,40,Rome,,41.9028,12.4964,21,
2024-04-22T01:00:00+00:00,24.56,35.83,16.83,64.68,25,40,Rome,,41.9028,12.4964,21,
2024-04-22T02:00:00+00:00,31.03,44.65,16.81,63.24,25,40,Rome,,41.9028,12.4964,21,
2024-04-22T03:00:00+00:00,31.21,44.73,17.38,68.06,25,40,Rome,,41.9028,12.4964,21,
2024-04-22T04:00:00+00:00,30.93,45.15,17.59,67.5,25,40,Rome,,41.9028,12.4964,21,
2024-04-22T05:00:00+00:00,30.14,43.96,20.36,71.79,25,40,Rome,,41.9028,12.4964,21,
2024-04-22T06:00:00+00:00,23.87,32.63,20.3,69.7,25,40,Rome,,41.9028,12.4964,21,
2024-04-22T07:00:00+00:00,29.02,39.48,18.76,70.54,25,40,Rome,,41.9028,12.4964,21,
2024-04-22T08:00:00+00:00,28.43,36.21,17.16,61.93,25,40,Rome,,41.9028,12.4964,21,
2024-04-22T09:00:00+00:00,29.88,41.48,18.12,68.34,25,40,Rome,,41.9028,12.4964,21,
2024-04-22T10:00:00+00:00,23.19,28.06,18.02,61.09,25,40,Rome,,41.9028,12.4964,21,
2024-04-22T11:00:00+00:00,31.5,40.09,17.15,58.0,25,40,Rome,,41.9028,12.4964,21,
2024-04-22T12:00:00+00:00,26.57,38.85,16.33,48.76,25,40,Rome,,41.9028,12.4964,21,
2024-04-22T13:00:00+00:00,23.83,34.7,15.32,50.79,25,40,Rome,,41.9028,12.4964,21,
2024-04-22T14:00:00+00:00,26.4,34.3,13.35,57.25,25,40,Rome,,41.9028,12.4964,21,
2024-04-22T15:00:00+00:00,28.43,39.47,13.64,50.2,25,40,Rome,,41.9028,12.4964,21,
2024-04-22T16:00:00+00:00,23.4,30.98,10.82,45.75,25,40,Rome,,41.9028,12.4964,21,
2024-04-22T17:00:00+00:00,24.0,32.17,11.3,42.46,25,40,Rome,,41.9028,12.4964,21,
2024-04-22T18:00:00+00:00,29.44,43.19,11.32,45.65,25,40,Rome,,41.9028,12.4964,21,
2024-04-22T19:00:00+00:00,21.18,27.27,12.2,38.69,25,40,Rome,,41.9028,12.4964,21,
2024-04-22T20:00:00+00:00,28.57,41.29,10.18,45.01,25,40,Rome,,41.9028,12.4964,21,
2024-04-22T21:00:00+00:00,29.32,41.64,11.09,50.14,25,40,Rome,,41.9028,12.4964,21,
2024-04-22T22:00:00+00:00,29.84,39.33,13.48,55.36,25,40,Rome,,41.9028,12.4964,21,
2024-04-22T23:00:00+00:00,25.22,32.05,14.77,58.55,25,40,Rome,,41.9028,12.4964,21,
2024-04-23T00:00:00+00:00,24.55,32.38,15.47,53.37,25,40,Rome,,41.9028,12.4964,21,
2024-04-23T01:00:00+00:00,30.41,41.69,15.85,53.5,25,40,Rome,,41.9028,12.4964,21,
2024-04-23T02:00:00+00:00,27.67,36.87,17.74,52.62,25,40,Rome,,41.9028,12.4964,21,
2024-04-23T03:00:00+00:00,29.18,42.74,18.75,64.93,25,40,Rome,,41.9028,12.4964,21,
2024-04-23T04:00:00+00:00,28.27,34.23,19.85,60.18,25,40,Rome,,41.9028,12.4964,21,
2024-04-23T05:00:00+00:00,25.24,36.26,20.1,69.42,25,40,Rome,,41.9028,12.4964,21,
2024-04-23T06:00:00+00:00,27.02,36.76,20.39,60.21,25,40,Rome,,41.9028,12.4964,21,
2024-04-23T07:00:00+00:00,29.97,41.0,17.71,67.72,25,40,Rome,,41.9028,12.4964,21,
2024-04-23T08:00:00+00:00,29.4,40.42,17.22,68.83,25,40,Rome,,41.9028,12.4964,21,
2024-04-23T09:00:00+00:00,31.43,44.36,17.81,59.11,25,40,Rome,,41.9028,12.4964,21,
2024-04-23T10:00:00+00:00,23.92,28.72,17.91,66.08,25,40,Rome,,41.9028,12.4964,21,
2024-04-23T11:00:00+00:00,24.4,34.26,15.27,57.63,25,40,Rome,,41.9028,12.4964,21,
2024-04-23T12:00:00+00:00,23.48,31.15,14.42,50.29,25,40,Rome,,41.9028,12.4964,21,
2024-04-23T13:00:00+00:00,29.21,37.68,15.4,49.65,25,40,Rome,,41.9028,12.4964,21,
2024-04-23T14:00:00+00:00,29.0,43.12,13.13,54.51,25,40,Rome,,41.9028,12.4964,21,
2024-04-23T15:00:00+00:00,25.62,36.76,11.9,47.45,25,40,Rome,,41.9028,12.4964,21,
2024-04-23T16:00:00+00:00,26.82,32.97,11.06,45.27,25,40,Rome,,41.9028,12.4964,21,
2024-04-23T17:00:00+00:00,25.6,35.18,9.73,45.04,25,40,Rome,,41.9028,12.4964,21,
2024-04-23T18:00:00+00:00,27.34,33.23,10.34,41.76,25,40,Rome,,41.9028,12.4964,21,
2024-04-23T19:00:00+00:00,29.05,41.41,11.28,41.04,25,40,Rome,,41.9028,12.4964,21,
2024-04-23T20:00:00+00:00,24.17,29.81,12.23,46.57,25,40,Rome,,41.9028,12.4964,21,
2024-04-23T21:00:00+00:00,21.86,25.92,11.16,43.69,25,40,Rome,,41.9028,12.4964,21,
2024-04-23T22:00:00+00:00,24.33,32.67,12.13,47.07,25,40,Rome,,41.9028,12.4964,21,
2024-04-23T23:00:00+00:00,26.28,38.39,13.92,49.02,25,40,Rome,,41.9028,12.4964,21,
2024-04-24T00:00:00+00:00,28.03,40.54,16.48,47.01,25,40,Rome,,41.9028,12.4964,21,
2024-04-24T01:00:00+00:00,29.97,43.95,14.58,65.36,25,40,Rome,,41.9028,12.4964,21,
2024-04-24T02:00:00+00:00,28.86,38.98,17.9,62.38,25,40,Rome,,41.9028,12.4964,21,
2024-04-24T03:00:00+00:00,30.78,38.94,16.45,65.65,25,40,Rome,,41.9028,12.4964,21,
2024-04-24T04:00:00+00:00,25.8,35.81,19.3,70.15,25,40,Rome,,41.9028,12.4964,21,
2024-04-24T05:00:00+00:00,26.52,39.1,18.64,59.12,25,40,Rome,,41.9028,12.4964,21,
2024-04-24T06:00:00+00:00,25.14,30.37,18.71,71.66,25,40,Rome,,41.9028,12.4964,21,
2024-04-24T07:00:00+00:00,23.99,32.4,20.1,59.2,25,40,Rome,,41.9028,12.4964,21,
2024-04-24T08:00:00+00:00,29.49,41.2,18.46,67.38,25,40,Rome,,41.9028,12.4964,21,
2024-04-24T09:00:00+00:00,23.84,34.39,17.24,56.5,25,40,Rome,,41.9028,12.4964,21,
2024-04-24T10:00:00+00:00,30.25,44.13,15.97,55.48,25,40,Rome,,41.9028,12.4964,21,
2024-04-24T11:00:00+00:00,22.27,31.34,16.2,50.22,25,40,Rome,,41.9028,12.4964,21,
2024-04-24T12:00:00+00:00,26.29,38.75,15.57,57.74,25,40,Rome,,41.9028,12.4964,21,
2024-04-24T13:00:00+00:00,31.79,45.87,13.11,59.43,25,40,Rome,,41.9028,12.4964,21,
2024-04-24T14:00:00+00:00,30.85,45.39,12.77,56.52,25,40,Rome,,41.9028,12.4964,21,
2024-04-24T15:00:00+00:00,23.66,35.51,10.86,41.74,25,40,Rome,,41.9028,12.4964,21,
2024-04-24T16:00:00+00:00,26.86,32.46,10.55,41.0,25,40,Rome,,41.9028,12.4964,21,
2024-04-24T17:00:00+00:00,28.74,38.78,11.48,42.56,25,40,Rome,,41.9028,12.4964,21,
2024-04-24T18:00:00+00:00,24.92,34.91,9.87,38.11,25,40,Rome,,41.9028,12.4964,21,
2024-04-24T19:00:00+00:00,24.54,35.37,10.59,46.18,25,40,Rome,,41.9028,12.4964,21,
2024-04-24T20:00:00+00:00,30.9,42.28,13.01,48.89,25,40,Rome,,41.9028,12.4964,21,
2024-04-24T21:00:00+00:00,29.21,38.69,12.41,48.95,25,40,Rome,,41.9028,12.4964,21,
2024-04-24T22:00:00+00:00,23.62,33.5,12.74,50.14,25,40,Rome,,41.9028,12.4964,21,
2024-04-24T23:00:00+00:00,32.24,45.08,12.95,60.41,25,40,Rome,,41.9028,12.4964,21,
2024-04-25T00:00:00+00:00,30.05,41.34,15.4,51.11,25,40,Rome,,41.9028,12.4964,21,
2024-04-25T01:00:00+00:00,28.89,35.19,16.07,55.55,25,40,Rome,,41.9028,12.4964,21,
2024-04-25T02:00:00+00:00,31.45,44.74,17.78,62.54,25,40,Rome,,41.9028,12.4964,21,
2024-04-25T03:00:00+00:00,23.5,28.2,17.57,58.07,25,40,Rome,,41.9028,12.4964,21,
2024-04-25T04:00:00+00:00,28.64,41.3,18.45,56.15,25,40,Rome,,41.9028,12.4964,21,
2024-04-25T05:00:00+00:00,26.71,32.72,20.03,70.35,25,40,Rome,,41.9028,12.4964,21,
2024-04-25T06:00:00+00:00,24.93,33.59,19.32,69.71,25,40,Rome,,41.9028,12.4964,21,
2024-04-25T07:00:00+00:00,27.78,35.31,17.91,67.52,25,40,Rome,,41.9028,12.4964,21,
2024-04-25T08:00:00+00:00,28.53,38.51,18.01,59.11,25,40,Rome,,41.9028,12.4964,21,
2024-04-25T09:00:00+00:00,23.01,27.84,19.13,57.68,25,40,Rome,,41.9028,12.4964,21,
2024-04-25T10:00:00+00:00,27.87,38.74,18.44,56.64,25,40,Rome,,41.9028,12.4964,21,
2024-04-25T11:00:00+00:00,30.35,40.01,16.62,64.0,25,40,Rome,,41.9028,12.4964,21,
2024-04-25T12:00:00+00:00,23.94,29.72,15.52,55.16,25,40,Rome,,41.9028,12.4964,21,
2024-04-25T13:00:00+00:00,26.85,39.32,13.64,45.3,25,40,Rome,,41.9028,12.4964,21,
2024-04-25T14:00:00+00:00,23.99,29.54,13.53,49.97,25,40,Rome,,41.9028,12.4964,21,
2024-04-25T15:00:00+00:00,25.64,33.67,13.38,52.48,25,40,Rome,,41.9028,12.4964,21,
2024-04-25T16:00:00+00:00,30.76,44.63,10.53,46.54,25,40,Rome,,41.9028,12.4964,21,
2024-04-25T17:00:00+00:00,28.38,41.69,12.27,51.43,25,40,Rome,,41.9028,12.4964,21,
2024-04-25T18:00:00+00:00,30.75,44.18,10.38,50.68,25,40,Rome,,41.9028,12.4964,21,
2024-04-25T19:00:00+00:00,26.88,38.16,12.25,45.86,25,40,Rome,,41.9028,12.4964,21,
2024-04-25T20:00:00+00:00,21.98,26.93,12.36,40.28,25,40,Rome,,41.9028,12.4964,21,
2024-04-25T21:00:00+00:00,24.55,32.09,11.65,46.12,25,40,Rome,,41.9028,12.4964,21,
2024-04-25T22:00:00+00:00,23.46,29.91,11.71,53.65,25,40,Rome,,41.9028,12.4964,21,
2024-04-25T23:00:00+00:00,25.03,37.28,15.06,52.73,25,40,Rome,,41.9028,12.4964,21,
2024-04-26T00:00:00+00:00,25.6,36.82,15.69,58.82,25,40,Rome,,41.9028,12.4964,21,
2024-04-26T01:00:00+00:00,28.05,35.72,17.39,64.29,25,40,Rome,,41.9028,12.4964,21,
2024-04-26T02:00:00+00:00,28.06,39.57,16.84,56.41,25,40,Rome,,41.9028,12.4964,21,
2024-04-26T03:00:00+00:00,25.06,30.56,17.83,59.81,25,40,Rome,,41.9028,12.4964,21,
2024-04-26T04:00:00+00:00,30.36,37.66,19.71,58.39,25,40,Rome,,41.9028,12.4964,21,
2024-04-26T05:00:00+00:00,27.36,35.37,19.32,61.33,25,40,Rome,,41.9028,12.4964,21,
2024-04-26T06:00:00+00:00,26.46,36.19,18.5,61.87,25,40,Rome,,41.9028,12.4964,21,
2024-04-26T07:00:00+00:00,31.95,39.49,18.25,64.54,25,40,Rome,,41.9028,12.4964,21,
2024-04-26T08:00:00+00:00,24.91,33.54,18.89,59.23,25,40,Rome,,41.9028,12.4964,21,
2024-04-26T09:00:00+00:00,28.81,37.19,16.69,54.73,25,40,Rome,,41.9028,12.4964,21,
2024-04-26T10:00:00+00:00,29.15,35.42,18.27,65.88,25,40,Rome,,41.9028,12.4964,21,
2024-04-26T11:00:00+00:00,27.23,39.51,15.71,56.06,25,40,Rome,,41.9028,12.4964,21,
2024-04-26T12:00:00+00:00,24.27,34.71,16.12,62.82,25,40,Rome,,41.9028,12.4964,21,
2024-04-26T13:00:00+00:00,26.95,35.0,13.82,54.45,25,40,Rome,,41.9028,12.4964,21,
2024-04-26T14:00:00+00:00,28.28,37.12,13.22,55.71,25,40,Rome,,41.9028,12.4964,21,
2024-04-26T15:00:00+00:00,29.22,35.87,10.79,40.42,25,40,Rome,,41.9028,12.4964,21,
2024-04-26T16:00:00+00:00,21.89,28.04,11.27,41.04,25,40,Rome,,41.9028,12.4964,21,
2024-04-26T17:00:00+00:00,27.84,37.54,12.4,51.9,25,40,Rome,,41.9028,12.4964,21,
2024-04-26T18:00:00+00:00,24.47,30.19,10.88,52.66,25,40,Rome,,41.9028,12.4964,21,
2024-04-26T19:00:00+00:00,23.34,29.37,10.72,50.2,25,40,Rome,,41.9028,12.4964,21,
2024-04-26T20:00:00+00:00,30.53,37.62,12.58,49.92,25,40,Rome,,41.9028,12.4964,21,
2024-04-26T21:00:00+00:00,22.8,28.1,10.76,44.19,25,40,Rome,,41.9028,12.4964,21,
2024-04-26T22:00:00+00:00,28.99,37.46,13.11,48.17,25,40,Rome,,41.9028,12.4964,21,
2024-04-26T23:00:00+00:00,27.73,39.0,14.18,56.97,25,40,Rome,,41.9028,12.4964,21,
2024-04-27T00:00:00+00:00,31.68,43.11,16.09,62.15,25,40,Rome,,41.9028,12.4964,21,
2024-04-27T01:00:00+00:00,24.71,30.5,15.23,55.74,25,40,Rome,,41.9028,12.4964,21,
2024-04-27T02:00:00+00:00,30.98,45.68,15.84,66.48,25,40,Rome,,41.9028,12.4964,21,
2024-04-27T03:00:00+00:00,32.5,41.33,17.43,69.54,25,40,Rome,,41.9028,12.4964,21,
2024-04-27T04:00:00+00:00,23.28,29.96,17.15,59.46,25,40,Rome,,41.9028,12.4964,21,
2024-04-27T05:00:00+00:00,27.49,33.42,19.93,59.24,25,40,Rome,,41.9028,12.4964,21,
2024-04-27T06:00:00+00:00,29.6,36.88,18.82,63.58,25,40,Rome,,41.9028,12.4964,21,
2024-04-27T07:00:00+00:00,24.95,36.72,19.38,60.66,25,40,Rome,,41.9028,12.4964,21,
2024-04-27T08:00:00+00:00,30.34,44.68,18.27,63.61,25,40,Rome,,41.9028,12.4964,21,
2024-04-27T09:00:00+00:00,31.19,39.27,17.95,59.95,25,40,Rome,,41.9028,12.4964,21,
2024-04-27T10:00:00+00:00,27.34,33.19,18.2,52.98,25,40,Rome,,41.9028,12.4964,21,
2024-04-27T11:00:00+00:00,27.37,37.62,14.63,53.75,25,40,Rome,,41.9028,12.4964,21,
2024-04-27T12:00:00+00:00,25.09,37.76,14.85,58.83,25,40,Rome,,41.9028,12.4964,21,
2024-04-27T13:00:00+00:00,27.68,37.41,14.63,49.74,25,40,Rome,,41.9028,12.4964,21,
2024-04-27T14:00:00+00:00,26.14,35.9,13.49,53.01,25,40,Rome,,41.9028,12.4964,21,
2024-04-27T15:00:00+00:00,23.35,27.98,13.12,41.28,25,40,Rome,,41.9028,12.4964,21,
2024-04-27T16:00:00+00:00,27.27,37.96,11.75,43.72,25,40,Rome,,41.9028,12.4964,21,
2024-04-27T17:00:00+00:00,24.63,36.76,12.55,53.19,25,40,Rome,,41.9028,12.4964,21,
2024-04-27T18:00:00+00:00,29.38,41.24,12.06,42.97,25,40,Rome,,41.9028,12.4964,21,
2024-04-27T19:00:00+00:00,29.77,40.55,10.73,44.93,25,40,Rome,,41.9028,12.4964,21,
2024-04-27T20:00:00+00:00,23.97,35.06,11.04,53.98,25,40,Rome,,41.9028,12.4964,21,
2024-04-27T21:00:00+00:00,26.5,32.76,13.43,45.99,25,40,Rome,,41.9028,12.4964,21,
2024-04-27T22:00:00+00:00,31.89,39.87,13.29,56.4,25,40,Rome,,41.9028,12.4964,21,
2024-04-27T23:00:00+00:00,27.72,36.42,14.99,55.54,25,40,Rome,,41.9028,12.4964,21,
2024-04-28T00:00:00+00:00,26.58,33.25,15.22,47.16,25,40,Rome,,41.9028,12.4964,21,
2024-04-28T01:00:00+00:00,29.88,37.75,17.09,52.07,25,40,Rome,,41.9028,12.4964,21,
2024-04-28T02:00:00+00:00,23.73,30.42,16.15,63.31,25,40,Rome,,41.9028,12.4964,21,
2024-04-28T03:00:00+00:00,26.31,38.98,17.66,65.85,25,40,Rome,,41.9028,12.4964,21,
2024-04-28T04:00:00+00:00,24.64,37.14,18.9,63.57,25,40,Rome,,41.9028,12.4964,21,
2024-04-28T05:00:00+00:00,25.57,32.49,19.73,62.19,25,40,Rome,,41.9028,12.4964,21,
2024-04-28T06:00:00+00:00,25.14,36.26,19.43,67.67,25,40,Rome,,41.9028,12.4964,21,
2024-04-28T07:00:00+00:00,31.11,45.47,18.3,60.2,25,40,Rome,,41.9028,12.4964,21,
2024-04-28T08:00:00+00:00,28.4,41.89,18.1,68.6,25,40,Rome,,41.9028,12.4964,21,
2024-04-28T09:00:00+00:00,24.27,36.16,18.51,69.35,25,40,Rome,,41.9028,12.4964,21,
2024-04-28T10:00:00+00:00,26.41,33.19,17.48,55.96,25,40,Rome,,41.9028,12.4964,21,
2024-04-28T11:00:00+00:00,27.13,38.11,17.39,63.48,25,40,Rome,,41.9028,12.4964,21,
2024-04-28T12:00:00+00:00,26.81,32.69,15.83,53.73,25,40,Rome,,41.9028,12.4964,21,
2024-04-28T13:00:00+00:00,21.9,29.45,13.13,44.83,25,40,Rome,,41.9028,12.4964,21,
2024-04-28T14:00:00+00:00,23.76,36.04,13.99,52.15,25,40,Rome,,41.9028,12.4964,21,
2024-04-28T15:00:00+00:00,27.68,38.54,11.34,40.13,25,40,Rome,,41.9028,12.4964,21,
2024-04-28T16:00:00+00:00,26.95,39.41,12.31,53.02,25,40,Rome,,41.9028,12.4964,21,
2024-04-28T17:00:00+00:00,28.33,36.61,12.63,38.53,25,40,Rome,,41.9028,12.4964,21,
2024-04-28T18:00:00+00:00,22.88,33.9,12.28,44.83,25,40,Rome,,41.9028,12.4964,21,
2024-04-28T19:00:00+00:00,23.55,32.05,12.39,50.53,25,40,Rome,,41.9028,12.4964,21,
2024-04-28T20:00:00+00:00,23.35,31.38,12.97,41.47,25,40,Rome,,41.9028,12.4964,21,
2024-04-28T21:00:00+00:00,26.01,34.78,12.51,52.23,25,40,Rome,,41.9028,12.4964,21,
2024-04-28T22:00:00+00:00,27.56,35.68,13.02,48.94,25,40,Rome,,41.9028,12.4964,21,
2024-04-28T23:00:00+00:00,27.94,36.32,14.99,60.35,25,40,Rome,,41.9028,12.4964,21,
2024-04-29T00:00:00+00:00,26.37,32.6,14.33,58.36,25,40,Rome,,41.9028,12.4964,21,
2024-04-29T01:00:00+00:00,25.41,30.62,14.67,61.69,25,40,Rome,,41.9028,12.4964,21,
2024-04-29T02:00:00+00:00,30.34,41.39,16.89,62.68,25,40,Rome,,41.9028,12.4964,21,
2024-04-29T03:00:00+00:00,26.11,31.63,16.74,62.55,25,40,Rome,,41.9028,12.4964,21,
2024-04-29T04:00:00+00:00,30.96,40.88,17.42,56.78,25,40,Rome,,41.9028,12.4964,21,
2024-04-29T05:00:00+00:00,26.97,32.63,19.61,72.12,25,40,Rome,,41.9028,12.4964,21,
2024-04-29T06:00:00+00:00,29.92,43.34,20.14,67.63,25,40,Rome,,41.9028,12.4964,21,
2024-04-29T07:00:00+00:00,31.96,44.46,19.81,71.88,25,40,Rome,,41.9028,12.4964,21,
2024-04-29T08:00:00+00:00,26.11,31.45,17.87,61.44,25,40,Rome,,41.9028,12.4964,21,
2024-04-29T09:00:00+00:00,28.28,42.0,16.66,67.82,25,40,Rome,,41.9028,12.4964,21,
2024-04-29T10:00:00+00:00,28.67,36.61,17.24,58.27,25,40,Rome,,41.9028,12.4964,21,
2024-04-29T11:00:00+00:00,26.74,37.62,16.1,59.71,25,40,Rome,,41.9028,12.4964,21,
2024-04-29T12:00:00+00:00,23.66,32.38,14.96,56.25,25,40,Rome,,41.9028,12.4964,21,
2024-04-29T13:00:00+00:00,24.16,31.37,13.18,58.88,25,40,Rome,,41.9028,12.4964,21,
2024-04-29T14:00:00+00:00,26.23,34.79,11.73,46.13,25,40,Rome,,41.9028,12.4964,21,
2024-04-29T15:00:00+00:00,28.64,38.92,13.54,47.8,25,40,Rome,,41.9028,12.4964,21,
2024-04-29T16:00:00+00:00,22.9,27.11,12.04,40.18,25,40,Rome,,41.9028,12.4964,21,
2024-04-29T17:00:00+00:00,29.38,39.44,12.46,43.46,25,40,Rome,,41.9028,12.4964,21,
2024-04-29T18:00:00+00:00,25.28,35.48,11.93,50.85,25,40,Rome,,41.9028,12.4964,21,
2024-04-29T19:00:00+00:00,24.91,31.06,11.14,51.19,25,40,Rome,,41.9028,12.4964,21,
2024-04-29T20:00:00+00:00,27.25,40.53,12.47,43.08,25,40,Rome,,41.9028,12.4964,21,
2024-04-29T21:00:00+00:00,26.66,37.88,11.84,43.32,25,40,Rome,,41.9028,12.4964,21,
2024-04-29T22:00:00+00:00,26.2,32.5,12.65,52.38,25,40,Rome,,41.9028,12.4964,21,
2024-04-29T23:00:00+00:00,22.46,28.33,15.2,51.39,25,40,Rome,,41.9028,12.4964,21,
2024-04-30T00:00:00+00:00,29.24,40.01,13.58,58.93,25,40,Rome,,41.9028,12.4964,21,
2024-04-30T01:00:00+00:00,23.89,29.53,15.06,59.76,25,40,Rome,,41.9028,12.4964,21,
2024-04-30T02:00:00+00:00,25.38,36.96,16.63,53.36,25,40,Rome,,41.9028,12.4964,21,
2024-04-30T03:00:00+00:00,24.69,33.58,18.1,66.63,25,40,Rome,,41.9028,12.4964,21,
2024-04-30T04:00:00+00:00,31.48,43.36,17.99,70.97,25,40,Rome,,41.9028,12.4964,21,
2024-04-30T05:00:00+00:00,31.45,42.71,19.43,66.82,25,40,Rome,,41.9028,12.4964,21,
2024-04-30T06:00:00+00:00,23.16,34.28,18.16,59.25,25,40,Rome,,41.9028,12.4964,21,
2024-04-30T07:00:00+00:00,24.26,34.92,19.94,66.81,25,40,Rome,,41.9028,12.4964,21,
2024-04-30T08:00:00+00:00,26.58,35.66,17.11,70.7,25,40,Rome,,41.9028,12.4964,21,
2024-04-30T09:00:00+00:00,23.47,32.16,16.86,61.26,25,40,Rome,,41.9028,12.4964,21,
2024-04-30T10:00:00+00:00,29.47,39.68,16.13,56.2,25,40,Rome,,41.9028,12.4964,21,
2024-04-30T11:00:00+00:00,24.57,30.28,17.14,62.26,25,40,Rome,,41.9028,12.4964,21,
2024-04-30T12:00:00+00:00,23.91,32.84,15.94,52.81,25,40,Rome,,41.9028,12.4964,21,
2024-04-30T13:00:00+00:00,22.01,26.57,13.66,46.56,25,40,Rome,,41.9028,12.4964,21,
2024-04-30T14:00:00+00:00,22.97,28.8,13.68,50.93,25,40,Rome,,41.9028,12.4964,21,
2024-04-30T15:00:00+00:00,25.97,35.59,12.23,49.86,25,40,Rome,,41.9028,12.4964,21,
2024-04-30T16:00:00+00:00,28.8,35.42,10.41,51.53,25,40,Rome,,41.9028,12.4964,21,
2024-04-30T17:00:00+00:00,26.83,32.28,10.11,40.16,25,40,Rome,,41.9028,12.4964,21,
2024-04-30T18:00:00+00:00,27.37,38.25,12.07,51.53,25,40,Rome,,41.9028,12.4964,21,
2024-04-30T19:00:00+00:00,26.83,37.18,10.31,49.33,25,40,Rome,,41.9028,12.4964,21,
2024-04-30T20:00:00+00:00,25.98,31.36,11.83,43.87,25,40,Rome,,41.9028,12.4964,21,
2024-04-30T21:00:00+00:00,24.4,33.22,11.6,53.76,25,40,Rome,,41.9028,12.4964,21,
2024-04-30T22:00:00+00:00,30.28,44.77,12.43,47.04,25,40,Rome,,41.9028,12.4964,21,
2024-04-30T23:00:00+00:00,30.25,43.53,13.15,60.1,25,40,Rome,,41.9028,12.4964,21,
2024-05-01T00:00:00+00:00,23.89,34.05,18.61,58.75,25,40,Rome,,41.9028,12.4964,21,
2024-05-01T01:00:00+00:00,23.9,35.8,19.54,55.38,25,40,Rome,,41.9028,12.4964,21,
2024-05-01T02:00:00+00:00,28.53,35.82,23.0,61.15,25,40,Rome,,41.9028,12.4964,21,
2024-05-01T03:00:00+00:00,29.89,36.97,23.48,69.41,25,40,Rome,,41.9028,12.4964,21,
2024-05-01T04:00:00+00:00,24.14,31.47,23.92,68.57,25,40,Rome,,41.9028,12.4964,21,
2024-05-01T05:00:00+00:00,29.45,40.98,23.67,58.96,25,40,Rome,,41.9028,12.4964,21,
2024-05-01T06:00:00+00:00,27.16,33.24,23.54,72.59,25,40,Rome,,41.9028,12.4964,21,
2024-05-01T07:00:00+00:00,28.57,40.66,23.79,66.83,25,40,Rome,,41.9028,12.4964,21,
2024-05-01T08:00:00+00:00,27.48,36.05,23.59,63.19,25,40,Rome,,41.9028,12.4964,21,
2024-05-01T09:00:00+00:00,29.99,38.4,23.78,69.45,25,40,Rome,,41.9028,12.4964,21,
2024-05-01T10:00:00+00:00,26.26,36.26,21.9,56.0,25,40,Rome,,41.9028,12.4964,21,
2024-05-01T11:00:00+00:00,31.68,44.03,20.92,64.83,25,40,Rome,,41.9028,12.4964,21,
2024-05-01T12:00:00+00:00,23.28,28.15,18.58,57.06,25,40,Rome,,41.9028,12.4964,21,
2024-05-01T13:00:00+00:00,28.41,40.98,19.09,47.4,25,40,Rome,,41.9028,12.4964,21,
2024-05-01T14:00:00+00:00,24.6,34.01,18.83,57.52,25,40,Rome,,41.9028,12.4964,21,
2024-05-01T15:00:00+00:00,22.42,28.9,18.61,55.3,25,40,Rome,,41.9028,12.4964,21,
2024-05-01T16:00:00+00:00,26.35,38.37,16.28,46.31,25,40,Rome,,41.9028,12.4964,21,
2024-05-01T17:00:00+00:00,30.34,44.34,14.99,48.37,25,40,Rome,,41.9028,12.4964,21,
2024-05-01T18:00:00+00:00,28.44,40.9,14.63,52.41,25,40,Rome,,41.9028,12.4964,21,
2024-05-01T19:00:00+00:00,27.75,41.17,16.37,50.0,25,40,Rome,,41.9028,12.4964,21,
2024-05-01T20:00:00+00:00,26.67,39.37,15.84,43.84,25,40,Rome,,41.9028,12.4964,21,
2024-05-01T21:00:00+00:00,23.31,29.02,16.53,52.7,25,40,Rome,,41.9028,12.4964,21,
2024-05-01T22:00:00+00:00,23.64,35.76,18.05,55.2,25,40,Rome,,41.9028,12.4964,21,
2024-05-01T23:00:00+00:00,26.78,35.72,18.76,56.0,25,40,Rome,,41.9028,12.4964,21,
2024-05-02T00:00:00+00:00,24.97,37.52,19.44,51.16,25,40,Rome,,41.9028,12.4964,21,
2024-05-02T01:00:00+00:00,29.13,40.26,21.11,60.22,25,40,Rome,,41.9028,12.4964,21,
2024-05-02T02:00:00+00:00,28.39,40.85,20.57,58.3,25,40,Rome,,41.9028,12.4964,21,
2024-05-02T03:00:00+00:00,27.34,33.6,23.26,63.95,25,40,Rome,,41.9028,12.4964,21,
2024-05-02T04:00:00+00:00,22.34,33.68,24.7,64.16,25,40,Rome,,41.9028,12.4964,21,
2024-05-02T05:00:00+00:00,30.01,40.88,23.4,67.62,25,40,Rome,,41.9028,12.4964,21,
2024-05-02T06:00:00+00:00,29.31,43.28,23.64,63.18,25,40,Rome,,41.9028,12.4964,21,
2024-05-02T07:00:00+00:00,26.99,37.58,24.72,65.46,25,40,Rome,,41.9028,12.4964,21,
2024-05-02T08:00:00+00:00,28.6,37.92,24.12,69.82,25,40,Rome,,41.9028,12.4964,21,
2024-05-02T09:00:00+00:00,27.67,38.95,22.03,69.47,25,40,Rome,,41.9028,12.4964,21,
2024-05-02T10:00:00+00:00,30.82,39.73,21.55,65.92,25,40,Rome,,41.9028,12.4964,21,
2024-05-02T11:00:00+00:00,22.77,29.1,21.82,53.06,25,40,Rome,,41.9028,12.4964,21,
2024-05-02T12:00:00+00:00,27.29,37.79,21.45,58.23,25,40,Rome,,41.9028,12.4964,21,
2024-05-02T13:00:00+00:00,29.42,39.1,19.15,58.89,25,40,Rome,,41.9028,12.4964,21,
2024-05-02T14:00:00+00:00,24.49,29.09,18.22,43.29,25,40,Rome,,41.9028,12.4964,21,
2024-05-02T15:00:00+00:00,23.87,33.93,16.44,43.34,25,40,Rome,,41.9028,12.4964,21,
2024-05-02T16:00:00+00:00,24.41,35.65,15.37,42.39,25,40,Rome,,41.9028,12.4964,21,
2024-05-02T17:00:00+00:00,23.2,35.11,14.99,39.12,25,40,Rome,,41.9028,12.4964,21,
2024-05-02T18:00:00+00:00,29.86,43.93,15.83,47.77,25,40,Rome,,41.9028,12.4964,21,
2024-05-02T19:00:00+00:00,27.52,36.57,16.69,50.03,25,40,Rome,,41.9028,12.4964,21,
2024-05-02T20:00:00+00:00,23.92,33.2,15.48,41.48,25,40,Rome,,41.9028,12.4964,21,
2024-05-02T21:00:00+00:00,22.03,29.37,15.89,48.2,25,40,Rome,,41.9028,12.4964,21,
2024-05-02T22:00:00+00:00,26.32,38.11,17.91,43.49,25,40,Rome,,41.9028,12.4964,21,
2024-05-02T23:00:00+00:00,28.7,37.52,19.68,53.28,25,40,Rome,,41.9028,12.4964,21,
2024-05-03T00:00:00+00:00,23.56,29.09,18.87,57.64,25,40,Rome,,41.9028,12.4964,21,
2024-05-03T01:00:00+00:00,30.45,43.01,20.51,63.79,25,40,Rome,,41.9028,12.4964,21,
2024-05-03T02:00:00+00:00,24.81,31.9,22.17,54.32,25,40,Rome,,41.9028,12.4964,21,
2024-05-03T03:00:00+00:00,29.8,41.24,23.35,54.69,25,40,Rome,,41.9028,12.4964,21,
2024-05-03T04:00:00+00:00,25.93,37.01,23.91,60.27,25,40,Rome,,41.9028,12.4964,21,
2024-05-03T05:00:00+00:00,28.48,36.58,25.22,63.41,25,40,Rome,,41.9028,12.4964,21,
2024-05-03T06:00:00+00:00,24.95,33.0,23.41,64.15,25,40,Rome,,41.9028,12.4964,21,
2024-05-03T07:00:00+00:00,23.15,31.08,24.06,59.68,25,40,Rome,,41.9028,12.4964,21,
2024-05-03T08:00:00+00:00,23.63,28.8,22.68,66.4,25,40,Rome,,41.9028,12.4964,21,
2024-05-03T09:00:00+00:00,27.15,37.32,23.83,57.31,25,40,Rome,,41.9028,12.4964,21,
2024-05-03T10:00:00+00:00,22.99,30.35,21.99,58.98,25,40,Rome,,41.9028,12.4964,21,
2024-05-03T11:00:00+00:00,26.14,38.98,21.64,58.51,25,40,Rome,,41.9028,12.4964,21,
2024-05-03T12:00:00+00:00,28.14,37.22,19.46,51.31,25,40,Rome,,41.9028,12.4964,21,
2024-05-03T13:00:00+00:00,23.13,27.87,17.47,58.7,25,40,Rome,,41.9028,12.4964,21,
2024-05-03T14:00:00+00:00,27.91,38.63,18.02,49.63,25,40,Rome,,41.9028,12.4964,21,
2024-05-03T15:00:00+00:00,28.54,41.37,17.98,55.1,25,40,Rome,,41.9028,12.4964,21,
2024-05-03T16:00:00+00:00,26.92,32.93,15.34,45.11,25,40,Rome,,41.9028,12.4964,21,
2024-05-03T17:00:00+00:00,29.06,42.33,14.8,47.4,25,40,Rome,,41.9028,12.4964,21,
2024-05-03T18:00:00+00:00,22.61,31.75,16.21,44.25,25,40,Rome,,41.9028,12.4964,21,
2024-05-03T19:00:00+00:00,21.0,24.49,17.08,39.59,25,40,Rome,,41.9028,12.4964,21,
2024-05-03T20:00:00+00:00,23.2,27.95,17.72,39.67,25,40,Rome,,41.9028,12.4964,21,
2024-05-03T21:00:00+00:00,24.26,34.49,16.55,53.47,25,40,Rome,,41.9028,12.4964,21,
2024-05-03T22:00:00+00:00,29.46,43.23,17.27,57.67,25,40,Rome,,41.9028,12.4964,21,
2024-05-03T23:00:00+00:00,24.18,35.67,19.36,45.19,25,40,Rome,,41.9028,12.4964,21,
2024-05-04T00:00:00+00:00,22.22,33.85,21.48,50.96,25,40,Rome,,41.9028,12.4964,21,
2024-05-04T01:00:00+00:00,24.12,35.26,20.79,64.55,25,40,Rome,,41.9028,12.4964,21,
2024-05-04T02:00:00+00:00,28.27,38.04,22.28,67.79,25,40,Rome,,41.9028,12.4964,21,
2024-05-04T03:00:00+00:00,28.36,35.3,21.49,65.19,25,40,Rome,,41.9028,12.4964,21,
2024-05-04T04:00:00+00:00,29.01,35.94,23.04,65.13,25,40,Rome,,41.9028,12.4964,21,
2024-05-04T05:00:00+00:00,27.77,39.47,24.5,63.54,25,40,Rome,,41.9028,12.4964,21,
2024-05-04T06:00:00+00:00,30.41,42.92,23.6,58.73,25,40,Rome,,41.9028,12.4964,21,
2024-05-04T07:00:00+00:00,30.94,43.37,24.45,68.49,25,40,Rome,,41.9028,12.4964,21,
2024-05-04T08:00:00+00:00,27.8,40.62,22.86,59.03,25,40,Rome,,41.9028,12.4964,21,
2024-05-04T09:00:00+00:00,28.08,33.99,23.21,65.72,25,40,Rome,,41.9028,12.4964,21,
2024-05-04T10:00:00+00:00,23.03,28.36,22.28,54.46,25,40,Rome,,41.9028,12.4964,21,
2024-05-04T11:00:00+00:00,22.34,29.59,20.39,57.64,25,40,Rome,,41.9028,12.4964,21,
2024-05-04T12:00:00+00:00,26.94,32.86,19.48,57.41,25,40,Rome,,41.9028,12.4964,21,
2024-05-04T13:00:00+00:00,29.42,43.45,20.3,59.19,25,40,Rome,,41.9028,12.4964,21,
2024-05-04T14:00:00+00:00,25.0,35.09,18.87,55.3,25,40,Rome,,41.9028,12.4964,21,
2024-05-04T15:00:00+00:00,21.63,28.59,16.96,46.62,25,40,Rome,,41.9028,12.4964,21,
2024-05-04T16:00:00+00:00,27.32,38.2,17.46,50.09,25,40,Rome,,41.9028,12.4964,21,
2024-05-04T17:00:00+00:00,29.42,37.68,14.98,40.45,25,40,Rome,,41.9028,12.4964,21,
2024-05-04T18:00:00+00:00,24.03,30.66,15.36,48.3,25,40,Rome,,41.9028,12.4964,21,
2024-05-04T19:00:00+00:00,21.14,25.54,17.32,39.74,25,40,Rome,,41.9028,12.4964,21,
2024-05-04T20:00:00+00:00,24.85,36.78,16.35,44.87,25,40,Rome,,41.9028,12.4964,21,
2024-05-04T21:00:00+00:00,24.53,34.43,17.36,43.8,25,40,Rome,,41.9028,12.4964,21,
2024-05-04T22:00:00+00:00,29.53,42.76,18.18,45.25,25,40,Rome,,41.9028,12.4964,21,
2024-05-04T23:00:00+00:00,23.38,28.63,20.45,58.88,25,40,Rome,,41.9028,12.4964,21,
2024-05-05T00:00:00+00:00,28.39,37.77,18.96,51.32,25,40,Rome,,41.9028,12.4964,21,
2024-05-05T01:00:00+00:00,28.73,39.4,19.55,64.87,25,40,Rome,,41.9028,12.4964,21,
2024-05-05T02:00:00+00:00,22.24,33.19,21.03,53.77,25,40,Rome,,41.9028,12.4964,21,
2024-05-05T03:00:00+00:00,27.88,33.83,21.48,55.54,25,40,Rome,,41.9028,12.4964,21,
2024-05-05T04:00:00+00:00,26.73,34.76,22.74,64.02,25,40,Rome,,41.9028,12.4964,21,
2024-05-05T05:00:00+00:00,24.03,33.21,23.33,68.06,25,40,Rome,,41.9028,12.4964,21,
2024-05-05T06:00:00+00:00,29.38,36.13,22.89,70.73,25,40,Rome,,41.9028,12.4964,21,
2024-05-05T07:00:00+00:00,28.49,39.02,23.34,64.18,25,40,Rome,,41.9028,12.4964,21,
2024-05-05T08:00:00+00:00,24.36,35.95,23.24,64.69,25,40,Rome,,41.9028,12.4964,21,
2024-05-05T09:00:00+00:00,27.5,37.4,24.29,61.28,25,40,Rome,,41.9028,12.4964,21,
2024-05-05T10:00:00+00:00,22.69,30.44,22.95,62.9,25,40,Rome,,41.9028,12.4964,21,
2024-05-05T11:00:00+00:00,22.15,26.95,21.57,50.91,25,40,Rome,,41.9028,12.4964,21,
2024-05-05T12:00:00+00:00,24.3,31.22,20.36,58.08,25,40,Rome,,41.9028,12.4964,21,
2024-05-05T13:00:00+00:00,23.95,35.86,19.11,57.71,25,40,Rome,,41.9028,12.4964,21,
2024-05-05T14:00:00+00:00,28.58,41.13,18.63,54.77,25,40,Rome,,41.9028,12.4964,21,
2024-05-05T15:00:00+00:00,24.42,34.43,16.1,47.74,25,40,Rome,,41.9028,12.4964,21,
2024-05-05T16:00:00+00:00,28.4,35.65,16.61,44.87,25,40,Rome,,41.9028,12.4964,21,
2024-05-05T17:00:00+00:00,26.55,36.4,15.75,40.81,25,40,Rome,,41.9028,12.4964,21,
2024-05-05T18:00:00+00:00,28.77,37.44,14.62,38.02,25,40,Rome,,41.9028,12.4964,21,
2024-05-05T19:00:00+00:00,24.26,28.95,16.63,42.95,25,40,Rome,,41.9028,12.4964,21,
2024-05-05T20:00:00+00:00,30.4,42.67,17.0,52.9,25,40,Rome,,41.9028,12.4964,21,
2024-05-05T21:00:00+00:00,29.23,42.47,17.83,53.23,25,40,Rome,,41.9028,12.4964,21,
2024-05-05T22:00:00+00:00,24.07,32.58,17.93,45.51,25,40,Rome,,41.9028,12.4964,21,
2024-05-05T23:00:00+00:00,29.57,37.73,17.83,56.95,25,40,Rome,,41.9028,12.4964,21,
2024-05-06T00:00:00+00:00,30.64,38.24,20.37,57.75,25,40,Rome,,41.9028,12.4964,21,
2024-05-06T01:00:00+00:00,30.1,40.12,19.83,64.59,25,40,Rome,,41.9028,12.4964,21,
2024-05-06T02:00:00+00:00,31.36,45.44,22.41,63.45,25,40,Rome,,41.9028,12.4964,21,
2024-05-06T03:00:00+00:00,29.66,43.63,23.7,68.86,25,40,Rome,,41.9028,12.4964,21,
2024-05-06T04:00:00+00:00,30.86,44.18,24.64,64.54,25,40,Rome,,41.9028,12.4964,21,
2024-05-06T05:00:00+00:00,29.41,36.7,23.77,66.78,25,40,Rome,,41.9028,12.4964,21,
2024-05-06T06:00:00+00:00,26.27,38.14,25.48,68.82,25,40,Rome,,41.9028,12.4964,21,
2024-05-06T07:00:00+00:00,27.33,40.61,22.62,60.84,25,40,Rome,,41.9028,12.4964,21,
2024-05-06T08:00:00+00:00,26.94,33.34,23.11,67.53,25,40,Rome,,41.9028,12.4964,21,
2024-05-06T09:00:00+00:00,30.14,36.82,22.69,67.04,25,40,Rome,,41.9028,12.4964,21,
2024-05-06T10:00:00+00:00,26.25,32.34,20.59,66.91,25,40,Rome,,41.9028,12.4964,21,
2024-05-06T11:00:00+00:00,30.26,44.76,20.82,55.01,25,40,Rome,,41.9028,12.4964,21,
2024-05-06T12:00:00+00:00,28.66,36.92,20.4,62.77,25,40,Rome,,41.9028,12.4964,21,
2024-05-06T13:00:00+00:00,25.53,31.72,18.11,55.46,25,40,Rome,,41.9028,12.4964,21,
2024-05-06T14:00:00+00:00,26.51,34.11,16.73,49.39,25,40,Rome,,41.9028,12.4964,21,
2024-05-06T15:00:00+00:00,27.32,37.99,16.26,46.5,25,40,Rome,,41.9028,12.4964,21,
2024-05-06T16:00:00+00:00,26.98,35.51,17.22,54.29,25,40,Rome,,41.9028,12.4964,21,
2024-05-06T17:00:00+00:00,24.96,36.72,17.62,51.18,25,40,Rome,,41.9028,12.4964,21,
2024-05-06T18:00:00+00:00,22.08,30.26,15.81,38.07,25,40,Rome,,41.9028,12.4964,21,
2024-05-06T19:00:00+00:00,24.72,30.38,16.06,37.96,25,40,Rome,,41.9028,12.4964,21,
2024-05-06T20:00:00+00:00,20.92,30.94,17.89,40.03,25,40,Rome,,41.9028,12.4964,21,
2024-05-06T21:00:00+00:00,25.68,37.66,15.82,54.71,25,40,Rome,,41.9028,12.4964,21,
2024-05-06T22:00:00+00:00,25.91,37.85,16.68,57.51,25,40,Rome,,41.9028,12.4964,21,
2024-05-06T23:00:00+00:00,25.7,35.42,18.95,55.07,25,40,Rome,,41.9028,12.4964,21,
2024-05-07T00:00:00+00:00,29.57,39.43,20.13,56.05,25,40,Rome,,41.9028,12.4964,21,
2024-05-07T01:00:00+00:00,23.67,28.7,19.95,50.69,25,40,Rome,,41.9028,12.4964,21,
2024-05-07T02:00:00+00:00,23.15,34.22,21.12,65.31,25,40,Rome,,41.9028,12.4964,21,
2024-05-07T03:00:00+00:00,31.06,43.53,22.11,60.49,25,40,Rome,,41.9028,12.4964,21,
2024-05-07T04:00:00+00:00,24.3,29.49,23.94,63.45,25,40,Rome,,41.9028,12.4964,21,
2024-05-07T05:00:00+00:00,31.41,42.97,23.54,67.4,25,40,Rome,,41.9028,12.4964,21,
2024-05-07T06:00:00+00:00,30.14,44.02,23.72,71.77,25,40,Rome,,41.9028,12.4964,21,
2024-05-07T07:00:00+00:00,30.14,41.51,24.85,65.62,25,40,Rome,,41.9028,12.4964,21,
2024-05-07T08:00:00+00:00,27.85,36.62,24.25,70.29,25,40,Rome,,41.9028,12.4964,21,
2024-05-07T09:00:00+00:00,27.88,38.83,21.57,62.18,25,40,Rome,,41.9028,12.4964,21,
2024-05-07T10:00:00+00:00,26.64,34.42,20.82,67.47,25,40,Rome,,41.9028,12.4964,21,
2024-05-07T11:00:00+00:00,22.89,29.89,22.36,65.29,25,40,Rome,,41.9028,12.4964,21,
2024-05-07T12:00:00+00:00,27.56,39.54,21.03,57.29,25,40,Rome,,41.9028,12.4964,21,
2024-05-07T13:00:00+00:00,29.53,39.51,19.07,48.26,25,40,Rome,,41.9028,12.4964,21,
2024-05-07T14:00:00+00:00,21.86,32.31,18.82,52.01,25,40,Rome,,41.9028,12.4964,21,
2024-05-07T15:00:00+00:00,27.81,38.95,15.87,46.42,25,40,Rome,,41.9028,12.4964,21,
2024-05-07T16:00:00+00:00,23.43,32.61,17.86,52.06,25,40,Rome,,41.9028,12.4964,21,
2024-05-07T17:00:00+00:00,25.02,33.78,16.27,45.61,25,40,Rome,,41.9028,12.4964,21,
2024-05-07T18:00:00+00:00,25.66,35.37,15.59,40.12,25,40,Rome,,41.9028,12.4964,21,
2024-05-07T19:00:00+00:00,28.01,40.84,17.15,43.03,25,40,Rome,,41.9028,12.4964,21,
2024-05-07T20:00:00+00:00,22.38,32.71,15.51,38.47,25,40,Rome,,41.9028,12.4964,21,
2024-05-07T21:00:00+00:00,30.03,36.58,17.25,50.26,25,40,Rome,,41.9028,12.4964,21,
2024-05-07T22:00:00+00:00,26.84,38.69,17.33,49.11,25,40,Rome,,41.9028,12.4964,21,
2024-05-07T23:00:00+00:00,29.55,41.2,19.82,53.54,25,40,Rome,,41.9028,12.4964,21,
2024-05-08T00:00:00+00:00,23.85,29.84,18.68,50.41,25,40,Rome,,41.9028,12.4964,21,
2024-05-08T01:00:00+00:00,29.55,37.38,20.76,61.97,25,40,Rome,,41.9028,12.4964,21,
2024-05-08T02:00:00+00:00,26.18,36.79,20.81,55.53,25,40,Rome,,41.9028,12.4964,21,
2024-05-08T03:00:00+00:00,25.7,32.1,24.31,62.09,25,40,Rome,,41.9028,12.4964,21,
2024-05-08T04:00:00+00:00,26.18,32.29,22.0,69.09,25,40,Rome,,41.9028,12.4964,21,
2024-05-08T05:00:00+00:00,24.38,33.27,25.25,61.51,25,40,Rome,,41.9028,12.4964,21,
2024-05-08T06:00:00+00:00,28.01,34.61,24.59,66.63,25,40,Rome,,41.9028,12.4964,21,
2024-05-08T07:00:00+00:00,23.92,36.02,23.8,71.55,25,40,Rome,,41.9028,12.4964,21,
2024-05-08T08:00:00+00:00,23.5,34.17,22.14,64.35,25,40,Rome,,41.9028,12.4964,21,
2024-05-08T09:00:00+00:00,21.99,30.23,21.77,55.73,25,40,Rome,,41.9028,12.4964,21,
2024-05-08T10:00:00+00:00,26.05,36.74,23.23,53.97,25,40,Rome,,41.9028,12.4964,21,
2024-05-08T11:00:00+00:00,26.18,35.12,19.79,59.81,25,40,Rome,,41.9028,12.4964,21,
2024-05-08T12:00:00+00:00,29.84,43.83,20.34,53.33,25,40,Rome,,41.9028,12.4964,21,
2024-05-08T13:00:00+00:00,26.41,31.93,18.47,54.37,25,40,Rome,,41.9028,12.4964,21,
2024-05-08T14:00:00+00:00,27.61,34.91,18.19,54.48,25,40,Rome,,41.9028,12.4964,21,
2024-05-08T15:00:00+00:00,26.88,35.36,17.44,46.43,25,40,Rome,,41.9028,12.4964,21,
2024-05-08T16:00:00+00:00,26.53,35.55,16.8,40.06,25,40,Rome,,41.9028,12.4964,21,
2024-05-08T17:00:00+00:00,29.38,42.59,16.94,41.9,25,40,Rome,,41.9028,12.4964,21,
2024-05-08T18:00:00+00:00,28.98,36.64,17.36,42.32,25,40,Rome,,41.9028,12.4964,21,
2024-05-08T19:00:00+00:00,27.94,39.58,15.54,44.82,25,40,Rome,,41.9028,12.4964,21,
2024-05-08T20:00:00+00:00,30.37,42.62,15.27,47.01,25,40,Rome,,41.9028,12.4964,21,
2024-05-08T21:00:00+00:00,22.39,27.09,16.66,51.27,25,40,Rome,,41.9028,12.4964,21,
2024-05-08T22:00:00+00:00,28.8,40.32,17.9,43.53,25,40,Rome,,41.9028,12.4964,21,
2024-05-08T23:00:00+00:00,23.25,34.47,18.15,50.91,25,40,Rome,,41.9028,12.4964,21,
2024-05-09T00:00:00+00:00,28.76,38.64,21.31,53.92,25,40,Rome,,41.9028,12.4964,21,
2024-05-09T01:00:00+00:00,29.9,40.75,20.02,54.51,25,40,Rome,,41.9028,12.4964,21,
2024-05-09T02:00:00+00:00,26.66,35.14,21.89,57.38,25,40,Rome,,41.9028,12.4964,21,
2024-05-09T03:00:00+00:00,24.17,34.35,21.63,63.16,25,40,Rome,,41.9028,12.4964,21,
2024-05-09T04:00:00+00:00,25.2,35.87,24.4,59.16,25,40,Rome,,41.9028,12.4964,21,
2024-05-09T05:00:00+00:00,25.18,35.76,24.09,71.17,25,40,Rome,,41.9028,12.4964,21,
2024-05-09T06:00:00+00:00,23.04,32.01,23.62,57.29,25,40,Rome,,41.9028,12.4964,21,
2024-05-09T07:00:00+00:00,27.17,36.14,24.99,59.86,25,40,Rome,,41.9028,12.4964,21,
2024-05-09T08:00:00+00:00,30.08,39.07,22.43,67.88,25,40,Rome,,41.9028,12.4964,21,
2024-05-09T09:00:00+00:00,30.83,43.89,22.01,59.66,25,40,Rome,,41.9028,12.4964,21,
2024-05-09T10:00:00+00:00,27.58,38.43,22.89,65.63,25,40,Rome,,41.9028,12.4964,21,
2024-05-09T11:00:00+00:00,29.43,41.8,22.45,62.26,25,40,Rome,,41.9028,12.4964,21,
2024-05-09T12:00:00+00:00,27.94,41.5,20.46,52.62,25,40,Rome,,41.9028,12.4964,21,
2024-05-09T13:00:00+00:00,24.18,31.18,19.84,59.98,25,40,Rome,,41.9028,12.4964,21,
2024-05-09T14:00:00+00:00,23.33,32.87,18.87,42.17,25,40,Rome,,41.9028,12.4964,21,
2024-05-09T15:00:00+00:00,28.06,34.39,18.3,45.16,25,40,Rome,,41.9028,12.4964,21,
2024-05-09T16:00:00+00:00,26.15,34.05,16.15,47.32,25,40,Rome,,41.9028,12.4964,21,
2024-05-09T17:00:00+00:00,28.81,39.42,16.86,45.76,25,40,Rome,,41.9028,12.4964,21,
2024-05-09T18:00:00+00:00,24.33,32.39,16.09,49.4,25,40,Rome,,41.9028,12.4964,21,
2024-05-09T19:00:00+00:00,26.27,32.61,15.9,38.51,25,40,Rome,,41.9028,12.4964,21,
2024-05-09T20:00:00+00:00,21.99,32.55,17.07,47.03,25,40,Rome,,41.9028,12.4964,21,
2024-05-09T21:00:00+00:00,26.94,34.97,18.11,50.81,25,40,Rome,,41.9028,12.4964,21,
2024-05-09T22:00:00+00:00,28.97,35.39,19.44,53.35,25,40,Rome,,41.9028,12.4964,21,
2024-05-09T23:00:00+00:00,25.62,35.52,18.95,59.92,25,40,Rome,,41.9028,12.4964,21,
2024-05-10T00:00:00+00:00,30.03,43.44,20.03,57.52,25,40,Rome,,41.9028,12.4964,21,
2024-05-10T01:00:00+00:00,22.54,26.85,21.55,50.71,25,40,Rome,,41.9028,12.4964,21,
2024-05-10T02:00:00+00:00,28.39,40.11,20.63,64.23,25,40,Rome,,41.9028,12.4964,21,
2024-05-10T03:00:00+00:00,22.99,29.17,22.04,58.71,25,40,Rome,,41.9028,12.4964,21,
2024-05-10T04:00:00+00:00,24.39,36.63,23.41,61.7,25,40,Rome,,41.9028,12.4964,21,
2024-05-10T05:00:00+00:00,23.23,29.04,22.77,67.27,25,40,Rome,,41.9028,12.4964,21,
2024-05-10T06:00:00+00:00,24.94,33.06,24.3,57.61,25,40,Rome,,41.9028,12.4964,21,
2024-05-10T07:00:00+00:00,24.72,33.91,24.76,67.57,25,40,Rome,,41.9028,12.4964,21,
2024-05-10T08:00:00+00:00,29.56,39.37,23.31,67.97,25,40,Rome,,41.9028,12.4964,21,
2024-05-10T09:00:00+00:00,25.34,31.5,22.07,66.47,25,40,Rome,,41.9028,12.4964,21,
2024-05-10T10:00:00+00:00,25.34,30.65,21.27,54.29,25,40,Rome,,41.9028,12.4964,21,
2024-05-10T11:00:00+00:00,27.88,35.78,19.93,62.2,25,40,Rome,,41.9028,12.4964,21,
2024-05-10T12:00:00+00:00,27.61,36.07,21.03,51.57,25,40,Rome,,41.9028,12.4964,21,
2024-05-10T13:00:00+00:00,23.2,28.45,18.68,58.49,25,40,Rome,,41.9028,12.4964,21,
2024-05-10T14:00:00+00:00,28.75,37.65,18.64,42.0,25,40,Rome,,41.9028,12.4964,21,
2024-05-10T15:00:00+00:00,29.75,40.64,17.49,49.89,25,40,Rome,,41.9028,12.4964,21,
2024-05-10T16:00:00+00:00,27.38,33.31,16.45,54.11,25,40,Rome,,41.9028,12.4964,21,
2024-05-10T17:00:00+00:00,26.43,35.5,14.83,51.43,25,40,Rome,,41.9028,12.4964,21,
2024-05-10T18:00:00+00:00,27.1,36.07,16.72,38.21,25,40,Rome,,41.9028,12.4964,21,
2024-05-10T19:00:00+00:00,22.1,30.47,14.64,42.72,25,40,Rome,,41.9028,12.4964,21,
2024-05-10T20:00:00+00:00,24.5,30.07,17.96,50.28,25,40,Rome,,41.9028,12.4964,21,
2024-05-10T21:00:00+00:00,23.97,35.36,18.43,45.5,25,40,Rome,,41.9028,12.4964,21,
2024-05-10T22:00:00+00:00,30.33,41.35,16.97,57.38,25,40,Rome,,41.9028,12.4964,21,
2024-05-10T23:00:00+00:00,28.18,37.72,17.82,59.14,25,40,Rome,,41.9028,12.4964,21,
2024-05-11T00:00:00+00:00,25.71,30.75,20.81,55.86,25,40,Rome,,41.9028,12.4964,21,
2024-05-11T01:00:00+00:00,27.9,34.38,19.67,55.53,25,40,Rome,,41.9028,12.4964,21,
2024-05-11T02:00:00+00:00,29.79,42.46,22.71,56.75,25,40,Rome,,41.9028,12.4964,21,
2024-05-11T03:00:00+00:00,30.56,41.36,23.05,59.97,25,40,Rome,,41.9028,12.4964,21,
2024-05-11T04:00:00+00:00,29.84,42.24,24.18,65.2,25,40,Rome,,41.9028,12.4964,21,
2024-05-11T05:00:00+00:00,26.83,35.15,23.19,68.1,25,40,Rome,,41.9028,12.4964,21,
2024-05-11T06:00:00+00:00,28.75,41.44,24.97,62.45,25,40,Rome,,41.9028,12.4964,21,
2024-05-11T07:00:00+00:00,27.42,39.3,24.06,61.4,25,40,Rome,,41.9028,12.4964,21,
2024-05-11T08:00:00+00:00,29.18,36.94,22.23,57.11,25,40,Rome,,41.9028,12.4964,21,
2024-05-11T09:00:00+00:00,25.57,31.94,23.63,54.38,25,40,Rome,,41.9028,12.4964,21,
2024-05-11T10:00:00+00:00,24.19,35.0,22.08,59.0,25,40,Rome,,41.9028,12.4964,21,
2024-05-11T11:00:00+00:00,26.48,36.03,20.03,55.49,25,40,Rome,,41.9028,12.4964,21,
2024-05-11T12:00:00+00:00,30.05,38.17,20.53,60.56,25,40,Rome,,41.9028,12.4964,21,
2024-05-11T13:00:00+00:00,27.88,39.74,20.03,55.17,25,40,Rome,,41.9028,12.4964,21,
2024-05-11T14:00:00+00:00,26.22,38.86,18.05,44.42,25,40,Rome,,41.9028,12.4964,21,
2024-05-11T15:00:00+00:00,28.47,37.8,16.7,54.92,25,40,Rome,,41.9028,12.4964,21,
2024-05-11T16:00:00+00:00,28.26,35.0,17.54,51.55,25,40,Rome,,41.9028,12.4964,21,
2024-05-11T17:00:00+00:00,27.26,33.92,15.15,44.49,25,40,Rome,,41.9028,12.4964,21,
2024-05-11T18:00:00+00:00,30.01,38.51,16.08,47.05,25,40,Rome,,41.9028,12.4964,21,
2024-05-11T19:00:00+00:00,23.51,29.43,15.31,52.73,25,40,Rome,,41.9028,12.4964,21,
2024-05-11T20:00:00+00:00,24.23,33.85,17.68,42.04,25,40,Rome,,41.9028,12.4964,21,
2024-05-11T21:00:00+00:00,25.42,35.92,18.57,52.67,25,40,Rome,,41.9028,12.4964,21,
2024-05-11T22:00:00+00:00,27.12,36.92,17.99,53.09,25,40,Rome,,41.9028,12.4964,21,
2024-05-11T23:00:00+00:00,24.27,35.64,19.68,55.06,25,40,Rome,,41.9028,12.4964,21,
2024-05-12T00:00:00+00:00,26.53,31.98,21.04,61.43,25,40,Rome,,41.9028,12.4964,21,
2024-05-12T01:00:00+00:00,29.01,35.88,20.14,52.78,25,40,Rome,,41.9028,12.4964,21,
2024-05-12T02:00:00+00:00,31.3,42.26,21.73,65.31,25,40,Rome,,41.9028,12.4964,21,
2024-05-12T03:00:00+00:00,23.61,35.48,22.97,62.6,25,40,Rome,,41.9028,12.4964,21,
2024-05-12T04:00:00+00:00,28.15,37.27,22.35,63.29,25,40,Rome,,41.9028,12.4964,21,
2024-05-12T05:00:00+00:00,26.05,34.29,23.45,68.36,25,40,Rome,,41.9028,12.4964,21,
2024-05-12T06:00:00+00:00,28.22,38.94,22.84,61.12,25,40,Rome,,41.9028,12.4964,21,
2024-05-12T07:00:00+00:00,26.78,33.09,23.0,60.19,25,40,Rome,,41.9028,12.4964,21,
2024-05-12T08:00:00+00:00,22.07,29.43,24.65,60.31,25,40,Rome,,41.9028,12.4964,21,
2024-05-12T09:00:00+00:00,26.29,37.39,22.96,68.38,25,40,Rome,,41.9028,12.4964,21,
2024-05-12T10:00:00+00:00,23.59,30.71,22.47,57.99,25,40,Rome,,41.9028,12.4964,21,
2024-05-12T11:00:00+00:00,24.81,30.13,21.19,57.78,25,40,Rome,,41.9028,12.4964,21,
2024-05-12T12:00:00+00:00,23.94,31.44,19.05,50.49,25,40,Rome,,41.9028,12.4964,21,
2024-05-12T13:00:00+00:00,29.85,42.56,17.62,55.04,25,40,Rome,,41.9028,12.4964,21,
2024-05-12T14:00:00+00:00,24.52,36.67,16.86,48.93,25,40,Rome,,41.9028,12.4964,21,
2024-05-12T15:00:00+00:00,26.53,39.32,16.89,48.04,25,40,Rome,,41.9028,12.4964,21,
2024-05-12T16:00:00+00:00,30.63,41.49,17.29,53.15,25,40,Rome,,41.9028,12.4964,21,
2024-05-12T17:00:00+00:00,27.79,34.97,15.6,48.31,25,40,Rome,,41.9028,12.4964,21,
2024-05-12T18:00:00+00:00,25.01,34.84,16.92,50.74,25,40,Rome,,41.9028,12.4964,21,
2024-05-12T19:00:00+00:00,20.6,28.47,15.15,39.14,25,40,Rome,,41.9028,12.4964,21,
2024-05-12T20:00:00+00:00,25.1,35.0,15.54,51.39,25,40,Rome,,41.9028,12.4964,21,
2024-05-12T21:00:00+00:00,27.12,37.35,17.45,54.95,25,40,Rome,,41.9028,12.4964,21,
2024-05-12T22:00:00+00:00,24.55,32.0,17.51,42.17,25,40,Rome,,41.9028,12.4964,21,
2024-05-12T23:00:00+00:00,24.95,30.44,18.73,56.43,25,40,Rome,,41.9028,12.4964,21,
2024-05-13T00:00:00+00:00,29.78,40.63,21.02,61.91,25,40,Rome,,41.9028,12.4964,21,
2024-05-13T01:00:00+00:00,25.96,33.82,20.99,55.31,25,40,Rome,,41.9028,12.4964,21,
2024-05-13T02:00:00+00:00,22.26,26.31,21.69,56.25,25,40,Rome,,41.9028,12.4964,21,
2024-05-13T03:00:00+00:00,25.6,33.2,21.45,58.03,25,40,Rome,,41.9028,12.4964,21,
2024-05-13T04:00:00+00:00,27.57,35.38,23.67,56.27,25,40,Rome,,41.9028,12.4964,21,
2024-05-13T05:00:00+00:00,27.44,38.17,22.79,63.46,25,40,Rome,,41.9028,12.4964,21,
2024-05-13T06:00:00+00:00,28.97,42.65,24.94,61.78,25,40,Rome,,41.9028,12.4964,21,
2024-05-13T07:00:00+00:00,24.89,33.72,24.36,71.31,25,40,Rome,,41.9028,12.4964,21,
2024-05-13T08:00:00+00:00,23.15,28.29,22.88,56.33,25,40,Rome,,41.9028,12.4964,21,
2024-05-13T09:00:00+00:00,27.03,37.46,24.0,62.94,25,40,Rome,,41.9028,12.4964,21,
2024-05-13T10:00:00+00:00,27.91,41.48,22.93,58.62,25,40,Rome,,41.9028,12.4964,21,
2024-05-13T11:00:00+00:00,22.2,27.64,20.58,52.43,25,40,Rome,,41.9028,12.4964,21,
2024-05-13T12:00:00+00:00,22.98,27.08,21.11,51.51,25,40,Rome,,41.9028,12.4964,21,
2024-05-13T13:00:00+00:00,29.17,36.33,17.89,51.84,25,40,Rome,,41.9028,12.4964,21,
2024-05-13T14:00:00+00:00,25.74,36.29,18.68,46.46,25,40,Rome,,41.9028,12.4964,21,
2024-05-13T15:00:00+00:00,26.5,31.95,18.15,55.1,25,40,Rome,,41.9028,12.4964,21,
2024-05-13T16:00:00+00:00,21.85,25.57,16.6,44.73,25,40,Rome,,41.9028,12.4964,21,
2024-05-13T17:00:00+00:00,22.43,27.4,16.89,48.65,25,40,Rome,,41.9028,12.4964,21,
2024-05-13T18:00:00+00:00,27.36,35.94,16.12,41.12,25,40,Rome,,41.9028,12.4964,21,
2024-05-13T19:00:00+00:00,27.91,34.54,16.42,44.79,25,40,Rome,,41.9028,12.4964,21,
2024-05-13T20:00:00+00:00,29.65,38.23,16.69,44.73,25,40,Rome,,41.9028,12.4964,21,
2024-05-13T21:00:00+00:00,26.96,39.33,16.86,54.55,25,40,Rome,,41.9028,12.4964,21,
2024-05-13T22:00:00+00:00,25.33,30.24,18.92,42.46,25,40,Rome,,41.9028,12.4964,21,
2024-05-13T23:00:00+00:00,29.35,36.13,19.04,59.62,25,40,Rome,,41.9028,12.4964,21,
2024-05-14T00:00:00+00:00,23.73,32.43,20.08,49.61,25,40,Rome,,41.9028,12.4964,21,
2024-05-14T01:00:00+00:00,29.3,41.57,20.61,61.48,25,40,Rome,,41.9028,12.4964,21,
2024-05-14T02:00:00+00:00,28.84,36.19,22.77,66.81,25,40,Rome,,41.9028,12.4964,21,
2024-05-14T03:00:00+00:00,23.94,31.91,23.67,61.57,25,40,Rome,,41.9028,12.4964,21,
2024-05-14T04:00:00+00:00,27.54,39.86,24.2,69.01,25,40,Rome,,41.9028,12.4964,21,
2024-05-14T05:00:00+00:00,29.29,40.57,25.32,66.79,25,40,Rome,,41.9028,12.4964,21,
2024-05-14T06:00:00+00:00,30.49,38.25,22.86,67.71,25,40,Rome,,41.9028,12.4964,21,
2024-05-14T07:00:00+00:00,31.91,45.13,23.22,68.83,25,40,Rome,,41.9028,12.4964,21,
2024-05-14T08:00:00+00:00,30.17,44.21,23.34,55.74,25,40,Rome,,41.9028,12.4964,21,
2024-05-14T09:00:00+00:00,30.02,39.57,21.39,64.11,25,40,Rome,,41.9028,12.4964,21,
2024-05-14T10:00:00+00:00,28.96,36.72,21.1,55.72,25,40,Rome,,41.9028,12.4964,21,
2024-05-14T11:00:00+00:00,30.01,42.26,22.3,65.57,25,40,Rome,,41.9028,12.4964,21,
2024-05-14T12:00:00+00:00,29.65,40.76,19.25,48.9,25,40,Rome,,41.9028,12.4964,21,
2024-05-14T13:00:00+00:00,26.17,38.86,18.28,51.06,25,40,Rome,,41.9028,12.4964,21,
2024-05-14T14:00:00+00:00,24.2,36.39,18.91,56.12,25,40,Rome,,41.9028,12.4964,21,
2024-05-14T15:00:00+00:00,25.93,32.81,17.78,49.05,25,40,Rome,,41.9028,12.4964,21,
2024-05-14T16:00:00+00:00,21.88,29.24,17.56,38.88,25,40,Rome,,41.9028,12.4964,21,
2024-05-14T17:00:00+00:00,25.68,32.37,16.89,41.01,25,40,Rome,,41.9028,12.4964,21,
2024-05-14T18:00:00+00:00,21.79,31.65,15.97,39.85,25,40,Rome,,41.9028,12.4964,21,
2024-05-14T19:00:00+00:00,28.36,38.07,16.4,48.81,25,40,Rome,,41.9028,12.4964,21,
2024-05-14T20:00:00+00:00,24.67,30.29,17.71,40.38,25,40,Rome,,41.9028,12.4964,21,
2024-05-14T21:00:00+00:00,29.43,36.56,16.82,51.16,25,40,Rome,,41.9028,12.4964,21,
2024-05-14T22:00:00+00:00,22.35,28.08,17.61,54.81,25,40,Rome,,41.9028,12.4964,21,
2024-05-14T23:00:00+00:00,23.61,28.86,20.05,54.11,25,40,Rome,,41.9028,12.4964,21,
2024-05-15T00:00:00+00:00,21.04,27.16,20.7,49.03,25,40,Rome,,41.9028,12.4964,21,
2024-05-15T01:00:00+00:00,28.23,34.36,19.69,55.2,25,40,Rome,,41.9028,12.4964,21,
2024-05-15T02:00:00+00:00,23.25,31.09,22.95,55.57,25,40,Rome,,41.9028,12.4964,21,
2024-05-15T03:00:00+00:00,25.63,35.27,23.06,64.54,25,40,Rome,,41.9028,12.4964,21,
2024-05-15T04:00:00+00:00,28.0,38.7,23.37,62.64,25,40,Rome,,41.9028,12.4964,21,
2024-05-15T05:00:00+00:00,28.47,36.19,24.08,65.64,25,40,Rome,,41.9028,12.4964,21,
2024-05-15T06:00:00+00:00,30.93,41.0,23.35,63.52,25,40,Rome,,41.9028,12.4964,21,
2024-05-15T07:00:00+00:00,26.0,37.45,22.97,58.03,25,40,Rome,,41.9028,12.4964,21,
2024-05-15T08:00:00+00:00,23.18,32.56,22.63,67.77,25,40,Rome,,41.9028,12.4964,21,
2024-05-15T09:00:00+00:00,27.25,37.29,22.82,59.9,25,40,Rome,,41.9028,12.4964,21,
2024-05-15T10:00:00+00:00,29.51,40.43,21.38,61.8,25,40,Rome,,41.9028,12.4964,21,
2024-05-15T11:00:00+00:00,27.43,40.12,20.14,56.41,25,40,Rome,,41.9028,12.4964,21,
2024-05-15T12:00:00+00:00,29.28,36.69,20.78,50.49,25,40,Rome,,41.9028,12.4964,21,
2024-05-15T13:00:00+00:00,25.17,34.06,19.5,55.52,25,40,Rome,,41.9028,12.4964,21,
2024-05-15T14:00:00+00:00,27.36,39.36,17.21,54.37,25,40,Rome,,41.9028,12.4964,21,
2024-05-15T15:00:00+00:00,28.57,39.12,16.24,51.53,25,40,Rome,,41.9028,12.4964,21,
2024-05-15T16:00:00+00:00,26.65,34.32,15.58,39.36,25,40,Rome,,41.9028,12.4964,21,
2024-05-15T17:00:00+00:00,29.87,41.78,16.44,50.2,25,40,Rome,,41.9028,12.4964,21,
2024-05-15T18:00:00+00:00,24.58,33.36,16.57,41.9,25,40,Rome,,41.9028,12.4964,21,
2024-05-15T19:00:00+00:00,22.22,33.42,15.08,42.82,25,40,Rome,,41.9028,12.4964,21,
2024-05-15T20:00:00+00:00,25.41,33.98,17.29,52.94,25,40,Rome,,41.9028,12.4964,21,
2024-05-15T21:00:00+00:00,27.1,32.85,18.26,47.26,25,40,Rome,,41.9028,12.4964,21,
2024-05-15T22:00:00+00:00,24.43,29.52,18.21,43.71,25,40,Rome,,41.9028,12.4964,21,
2024-05-15T23:00:00+00:00,22.28,33.3,20.05,51.9,25,40,Rome,,41.9028,12.4964,21,
2024-05-16T00:00:00+00:00,22.35,34.06,20.15,47.21,25,40,Rome,,41.9028,12.4964,21,
2024-05-16T01:00:00+00:00,27.47,37.57,21.64,50.3,25,40,Rome,,41.9028,12.4964,21,
2024-05-16T02:00:00+00:00,30.78,37.82,21.7,61.04,25,40,Rome,,41.9028,12.4964,21,
2024-05-16T03:00:00+00:00,23.01,33.18,23.34,60.61,25,40,Rome,,41.9028,12.4964,21,
2024-05-16T04:00:00+00:00,24.13,34.01,23.69,68.4,25,40,Rome,,41.9028,12.4964,21,
2024-05-16T05:00:00+00:00,30.22,37.16,22.53,58.73,25,40,Rome,,41.9028,12.4964,21,
2024-05-16T06:00:00+00:00,22.91,33.65,25.48,65.13,25,40,Rome,,41.9028,12.4964,21,
2024-05-16T07:00:00+00:00,28.93,37.14,24.81,57.59,25,40,Rome,,41.9028,12.4964,21,
2024-05-16T08:00:00+00:00,31.49,46.36,24.1,66.26,25,40,Rome,,41.9028,12.4964,21,
2024-05-16T09:00:00+00:00,25.76,31.92,23.72,57.88,25,40,Rome,,41.9028,12.4964,21,
2024-05-16T10:00:00+00:00,24.66,34.52,23.48,57.7,25,40,Rome,,41.9028,12.4964,21,
2024-05-16T11:00:00+00:00,31.68,43.39,19.64,64.65,25,40,Rome,,41.9028,12.4964,21,
2024-05-16T12:00:00+00:00,28.86,42.57,19.0,60.45,25,40,Rome,,41.9028,12.4964,21,
2024-05-16T13:00:00+00:00,22.9,32.12,18.15,47.88,25,40,Rome,,41.9028,12.4964,21,
2024-05-16T14:00:00+00:00,27.58,34.86,17.16,53.25,25,40,Rome,,41.9028,12.4964,21,
2024-05-16T15:00:00+00:00,26.1,33.35,18.65,47.09,25,40,Rome,,41.9028,12.4964,21,
2024-05-16T16:00:00+00:00,24.15,35.97,16.92,45.76,25,40,Rome,,41.9028,12.4964,21,
2024-05-16T17:00:00+00:00,22.87,28.35,16.01,47.95,25,40,Rome,,41.9028,12.4964,21,
2024-05-16T18:00:00+00:00,21.71,29.52,16.56,46.88,25,40,Rome,,41.9028,12.4964,21,
2024-05-16T19:00:00+00:00,24.06,35.17,16.36,44.76,25,40,Rome,,41.9028,12.4964,21,
2024-05-16T20:00:00+00:00,23.8,31.14,15.92,46.12,25,40,Rome,,41.9028,12.4964,21,
2024-05-16T21:00:00+00:00,24.11,29.17,18.45,43.56,25,40,Rome,,41.9028,12.4964,21,
2024-05-16T22:00:00+00:00,27.69,38.59,17.44,57.4,25,40,Rome,,41.9028,12.4964,21,
2024-05-16T23:00:00+00:00,26.2,36.48,20.26,57.0,25,40,Rome,,41.9028,12.4964,21,
2024-05-17T00:00:00+00:00,23.98,35.02,20.42,49.57,25,40,Rome,,41.9028,12.4964,21,
2024-05-17T01:00:00+00:00,24.02,28.96,20.29,61.85,25,40,Rome,,41.9028,12.4964,21,
2024-05-17T02:00:00+00:00,31.73,45.59,22.12,65.72,25,40,Rome,,41.9028,12.4964,21,
2024-05-17T03:00:00+00:00,27.09,38.22,23.79,60.09,25,40,Rome,,41.9028,12.4964,21,
2024-05-17T04:00:00+00:00,23.0,30.26,22.31,59.18,25,40,Rome,,41.9028,12.4964,21,
2024-05-17T05:00:00+00:00,27.41,36.65,23.31,68.72,25,40,Rome,,41.9028,12.4964,21,
2024-05-17T06:00:00+00:00,23.49,35.58,22.53,69.53,25,40,Rome,,41.9028,12.4964,21,
2024-05-17T07:00:00+00:00,23.18,34.83,24.39,68.78,25,40,Rome,,41.9028,12.4964,21,
2024-05-17T08:00:00+00:00,29.39,39.56,24.3,61.49,25,40,Rome,,41.9028,12.4964,21,
2024-05-17T09:00:00+00:00,24.66,29.69,21.99,62.5,25,40,Rome,,41.9028,12.4964,21,
2024-05-17T10:00:00+00:00,29.45,36.53,22.22,57.48,25,40,Rome,,41.9028,12.4964,21,
2024-05-17T11:00:00+00:00,23.59,32.09,21.96,60.42,25,40,Rome,,41.9028,12.4964,21,
2024-05-17T12:00:00+00:00,27.08,40.15,20.66,52.77,25,40,Rome,,41.9028,12.4964,21,
2024-05-17T13:00:00+00:00,27.58,39.6,18.3,45.46,25,40,Rome,,41.9028,12.4964,21,
2024-05-17T14:00:00+00:00,23.46,33.84,16.84,53.3,25,40,Rome,,41.9028,12.4964,21,
2024-05-17T15:00:00+00:00,23.25,33.64,16.79,53.86,25,40,Rome,,41.9028,12.4964,21,
2024-05-17T16:00:00+00:00,20.44,26.87,16.77,39.26,25,40,Rome,,41.9028,12.4964,21,
2024-05-17T17:00:00+00:00,26.56,32.7,15.36,53.05,25,40,Rome,,41.9028,12.4964,21,
2024-05-17T18:00:00+00:00,28.45,39.23,16.03,45.56,25,40,Rome,,41.9028,12.4964,21,
2024-05-17T19:00:00+00:00,27.58,40.46,15.33,47.96,25,40,Rome,,41.9028,12.4964,21,
2024-05-17T20:00:00+00:00,26.18,31.66,15.04,48.02,25,40,Rome,,41.9028,12.4964,21,
2024-05-17T21:00:00+00:00,30.16,37.02,17.94,49.17,25,40,Rome,,41.9028,12.4964,21,
2024-05-17T22:00:00+00:00,28.32,37.98,16.86,56.11,25,40,Rome,,41.9028,12.4964,21,
2024-05-17T23:00:00+00:00,24.83,32.29,18.28,53.66,25,40,Rome,,41.9028,12.4964,21,
2024-05-18T00:00:00+00:00,23.59,32.58,19.02,60.55,25,40,Rome,,41.9028,12.4964,21,
2024-05-18T01:00:00+00:00,25.52,36.67,22.29,58.87,25,40,Rome,,41.9028,12.4964,21,
2024-05-18T02:00:00+00:00,27.56,37.99,22.18,62.81,25,40,Rome,,41.9028,12.4964,21,
2024-05-18T03:00:00+00:00,24.12,33.02,23.09,68.95,25,40,Rome,,41.9028,12.4964,21,
2024-05-18T04:00:00+00:00,27.0,35.52,23.11,67.44,25,40,Rome,,41.9028,12.4964,21,
2024-05-18T05:00:00+00:00,23.22,32.58,24.08,66.27,25,40,Rome,,41.9028,12.4964,21,
2024-05-18T06:00:00+00:00,29.25,39.6,23.91,66.92,25,40,Rome,,41.9028,12.4964,21,
2024-05-18T07:00:00+00:00,25.75,37.45,23.33,63.48,25,40,Rome,,41.9028,12.4964,21,
2024-05-18T08:00:00+00:00,29.47,38.7,21.99,70.52,25,40,Rome,,41.9028,12.4964,21,
2024-05-18T09:00:00+00:00,27.4,39.71,22.56,56.74,25,40,Rome,,41.9028,12.4964,21,
2024-05-18T10:00:00+00:00,30.34,40.41,23.34,65.06,25,40,Rome,,41.9028,12.4964,21,
2024-05-18T11:00:00+00:00,22.13,31.47,20.44,52.01,25,40,Rome,,41.9028,12.4964,21,
2024-05-18T12:00:00+00:00,23.74,35.35,19.7,52.07,25,40,Rome,,41.9028,12.4964,21,
2024-05-18T13:00:00+00:00,26.54,37.11,19.42,50.86,25,40,Rome,,41.9028,12.4964,21,
2024-05-18T14:00:00+00:00,27.17,35.46,18.31,47.44,25,40,Rome,,41.9028,12.4964,21,
2024-05-18T15:00:00+00:00,29.39,38.91,16.91,51.02,25,40,Rome,,41.9028,12.4964,21,
2024-05-18T16:00:00+00:00,24.42,30.92,18.02,51.92,25,40,Rome,,41.9028,12.4964,21,
2024-05-18T17:00:00+00:00,30.3,41.85,14.86,48.37,25,40,Rome,,41.9028,12.4964,21,
2024-05-18T18:00:00+00:00,28.09,36.8,15.41,51.57,25,40,Rome,,41.9028,12.4964,21,
2024-05-18T19:00:00+00:00,24.32,35.18,17.56,42.02,25,40,Rome,,41.9028,12.4964,21,
2024-05-18T20:00:00+00:00,29.36,38.79,17.57,45.84,25,40,Rome,,41.9028,12.4964,21,
2024-05-18T21:00:00+00:00,27.73,38.15,16.31,48.01,25,40,Rome,,41.9028,12.4964,21,
2024-05-18T22:00:00+00:00,25.26,32.33,17.25,53.05,25,40,Rome,,41.9028,12.4964,21,
2024-05-18T23:00:00+00:00,23.87,34.64,19.03,44.93,25,40,Rome,,41.9028,12.4964,21,
2024-05-19T00:00:00+00:00,22.16,27.6,21.21,53.12,25,40,Rome,,41.9028,12.4964,21,
2024-05-19T01:00:00+00:00,25.25,32.09,21.4,59.53,25,40,Rome,,41.9028,12.4964,21,
2024-05-19T02:00:00+00:00,27.79,37.28,21.03,64.39,25,40,Rome,,41.9028,12.4964,21,
2024-05-19T03:00:00+00:00,26.24,38.07,23.59,68.15,25,40,Rome,,41.9028,12.4964,21,
2024-05-19T04:00:00+00:00,30.41,44.3,22.6,60.13,25,40,Rome,,41.9028,12.4964,21,
2024-05-19T05:00:00+00:00,23.66,32.27,22.45,67.58,25,40,Rome,,41.9028,12.4964,21,
2024-05-19T06:00:00+00:00,31.59,41.0,22.59,68.26,25,40,Rome,,41.9028,12.4964,21,
2024-05-19T07:00:00+00:00,29.25,36.1,22.68,57.42,25,40,Rome,,41.9028,12.4964,21,
2024-05-19T08:00:00+00:00,26.65,34.44,24.74,64.22,25,40,Rome,,41.9028,12.4964,21,
2024-05-19T09:00:00+00:00,22.88,27.98,22.69,55.89,25,40,Rome,,41.9028,12.4964,21,
2024-05-19T10:00:00+00:00,26.98,37.32,21.88,57.05,25,40,Rome,,41.9028,12.4964,21,
2024-05-19T11:00:00+00:00,26.04,34.24,20.93,57.9,25,40,Rome,,41.9028,12.4964,21,
2024-05-19T12:00:00+00:00,28.67,40.88,20.79,51.78,25,40,Rome,,41.9028,12.4964,21,
2024-05-19T13:00:00+00:00,27.73,34.39,18.66,56.19,25,40,Rome,,41.9028,12.4964,21,
2024-05-19T14:00:00+00:00,26.95,33.23,18.01,50.34,25,40,Rome,,41.9028,12.4964,21,
2024-05-19T15:00:00+00:00,25.25,35.42,16.46,45.82,25,40,Rome,,41.9028,12.4964,21,
2024-05-19T16:00:00+00:00,26.19,38.16,16.46,48.07,25,40,Rome,,41.9028,12.4964,21,
2024-05-19T17:00:00+00:00,28.57,34.87,16.58,40.9,25,40,Rome,,41.9028,12.4964,21,
2024-05-19T18:00:00+00:00,23.89,34.42,15.46,46.34,25,40,Rome,,41.9028,12.4964,21,
2024-05-19T19:00:00+00:00,21.81,28.2,17.61,41.67,25,40,Rome,,41.9028,12.4964,21,
2024-05-19T20:00:00+00:00,26.56,34.43,16.62,47.33,25,40,Rome,,41.9028,12.4964,21,
2024-05-19T21:00:00+00:00,24.12,29.46,17.89,50.94,25,40,Rome,,41.9028,12.4964,21,
2024-05-19T22:00:00+00:00,29.02,36.24,17.29,43.76,25,40,Rome,,41.9028,12.4964,21,
2024-05-19T23:00:00+00:00,24.64,34.97,18.1,49.81,25,40,Rome,,41.9028,12.4964,21,
2024-05-20T00:00:00+00:00,22.18,30.31,18.82,54.29,25,40,Rome,,41.9028,12.4964,21,
2024-05-20T01:00:00+00:00,23.53,28.18,21.11,64.41,25,40,Rome,,41.9028,12.4964,21,
2024-05-20T02:00:00+00:00,23.04,34.07,22.06,53.97,25,40,Rome,,41.9028,12.4964,21,
2024-05-20T03:00:00+00:00,29.01,41.74,23.12,57.63,25,40,Rome,,41.9028,12.4964,21,
2024-05-20T04:00:00+00:00,25.18,36.29,22.0,64.97,25,40,Rome,,41.9028,12.4964,21,
2024-05-20T05:00:00+00:00,30.43,39.61,23.18,71.68,25,40,Rome,,41.9028,12.4964,21,
2024-05-20T06:00:00+00:00,29.41,42.55,24.8,72.8,25,40,Rome,,41.9028,12.4964,21,
2024-05-20T07:00:00+00:00,29.26,36.37,22.92,67.05,25,40,Rome,,41.9028,12.4964,21,
2024-05-20T08:00:00+00:00,31.11,38.5,22.0,70.88,25,40,Rome,,41.9028,12.4964,21,
2024-05-20T09:00:00+00:00,23.1,31.42,22.01,61.37,25,40,Rome,,41.9028,12.4964,21,
2024-05-20T10:00:00+00:00,25.32,33.55,21.95,66.03,25,40,Rome,,41.9028,12.4964,21,
2024-05-20T11:00:00+00:00,22.69,32.82,19.62,53.02,25,40,Rome,,41.9028,12.4964,21,
2024-05-20T12:00:00+00:00,22.85,30.09,21.46,59.73,25,40,Rome,,41.9028,12.4964,21,
2024-05-20T13:00:00+00:00,23.57,35.01,20.37,57.66,25,40,Rome,,41.9028,12.4964,21,
2024-05-20T14:00:00+00:00,25.55,37.64,16.84,53.15,25,40,Rome,,41.9028,12.4964,21,
2024-05-20T15:00:00+00:00,30.32,37.73,15.68,48.06,25,40,Rome,,41.9028,12.4964,21,
2024-05-20T16:00:00+00:00,22.0,30.03,17.48,41.59,25,40,Rome,,41.9028,12.4964,21,
2024-05-20T17:00:00+00:00,28.89,39.39,15.18,47.03,25,40,Rome,,41.9028,12.4964,21,
2024-05-20T18:00:00+00:00,26.26,33.3,15.49,47.64,25,40,Rome,,41.9028,12.4964,21,
2024-05-20T19:00:00+00:00,21.27,29.44,15.39,42.51,25,40,Rome,,41.9028,12.4964,21,
2024-05-20T20:00:00+00:00,24.46,36.73,16.65,47.23,25,40,Rome,,41.9028,12.4964,21,
2024-05-20T21:00:00+00:00,27.44,33.5,16.07,43.74,25,40,Rome,,41.9028,12.4964,21,
2024-05-20T22:00:00+00:00,30.13,40.02,16.57,54.17,25,40,Rome,,41.9028,12.4964,21,
2024-05-20T23:00:00+00:00,25.93,36.85,19.69,56.7,25,40,Rome,,41.9028,12.4964,21,
2024-05-21T00:00:00+00:00,22.48,27.63,19.0,47.6,25,40,Rome,,41.9028,12.4964,21,
2024-05-21T01:00:00+00:00,26.63,32.97,20.01,61.12,25,40,Rome,,41.9028,12.4964,21,
2024-05-21T02:00:00+00:00,28.41,38.36,20.68,57.14,25,40,Rome,,41.9028,12.4964,21,
2024-05-21T03:00:00+00:00,26.76,37.52,22.69,57.87,25,40,Rome,,41.9028,12.4964,21,
2024-05-21T04:00:00+00:00,22.4,28.69,23.01,57.09,25,40,Rome,,41.9028,12.4964,21,
2024-05-21T05:00:00+00:00,29.23,40.17,24.16,60.31,25,40,Rome,,41.9028,12.4964,21,
2024-05-21T06:00:00+00:00,26.79,33.25,23.52,68.92,25,40,Rome,,41.9028,12.4964,21,
2024-05-21T07:00:00+00:00,22.68,31.33,22.84,61.41,25,40,Rome,,41.9028,12.4964,21,
2024-05-21T08:00:00+00:00,28.88,36.88,24.62,70.92,25,40,Rome,,41.9028,12.4964,21,
2024-05-21T09:00:00+00:00,23.21,33.2,23.19,55.74,25,40,Rome,,41.9028,12.4964,21,
2024-05-21T10:00:00+00:00,27.71,34.0,22.28,57.06,25,40,Rome,,41.9028,12.4964,21,
2024-05-21T11:00:00+00:00,25.53,38.14,21.02,59.07,25,40,Rome,,41.9028,12.4964,21,
2024-05-21T12:00:00+00:00,31.76,45.34,19.2,62.38,25,40,Rome,,41.9028,12.4964,21,
2024-05-21T13:00:00+00:00,23.5,33.19,20.15,51.28,25,40,Rome,,41.9028,12.4964,21,
2024-05-21T14:00:00+00:00,27.37,33.97,17.72,49.32,25,40,Rome,,41.9028,12.4964,21,
2024-05-21T15:00:00+00:00,25.98,38.55,17.4,42.29,25,40,Rome,,41.9028,12.4964,21,
2024-05-21T16:00:00+00:00,30.27,37.91,15.6,50.87,25,40,Rome,,41.9028,12.4964,21,
2024-05-21T17:00:00+00:00,29.8,40.08,17.62,50.76,25,40,Rome,,41.9028,12.4964,21,
2024-05-21T18:00:00+00:00,25.31,36.49,17.16,39.27,25,40,Rome,,41.9028,12.4964,21,
2024-05-21T19:00:00+00:00,30.63,39.62,15.9,52.08,25,40,Rome,,41.9028,12.4964,21,
2024-05-21T20:00:00+00:00,27.33,35.92,17.6,44.27,25,40,Rome,,41.9028,12.4964,21,
2024-05-21T21:00:00+00:00,22.86,29.0,16.88,52.51,25,40,Rome,,41.9028,12.4964,21,
2024-05-21T22:00:00+00:00,26.89,39.64,18.74,49.54,25,40,Rome,,41.9028,12.4964,21,
2024-05-21T23:00:00+00:00,27.62,36.93,19.37,49.92,25,40,Rome,,41.9028,12.4964,21,
2024-05-22T00:00:00+00:00,24.38,36.43,20.98,60.71,25,40,Rome,,41.9028,12.4964,21,
2024-05-22T01:00:00+00:00,24.36,35.91,21.04,57.24,25,40,Rome,,41.9028,12.4964,21,
2024-05-22T02:00:00+00:00,30.13,44.56,22.25,59.8,25,40,Rome,,41.9028,12.4964,21,
2024-05-22T03:00:00+00:00,27.76,39.2,22.17,64.79,25,40,Rome,,41.9028,12.4964,21,
2024-05-22T04:00:00+00:00,30.15,40.95,24.11,56.77,25,40,Rome,,41.9028,12.4964,21,
2024-05-22T05:00:00+00:00,25.18,35.55,23.81,72.62,25,40,Rome,,41.9028,12.4964,21,
2024-05-22T06:00:00+00:00,30.95,45.62,22.54,67.46,25,40,Rome,,41.9028,12.4964,21,
2024-05-22T07:00:00+00:00,28.93,39.42,24.67,67.99,25,40,Rome,,41.9028,12.4964,21,
2024-05-22T08:00:00+00:00,29.69,39.42,24.95,69.72,25,40,Rome,,41.9028,12.4964,21,
2024-05-22T09:00:00+00:00,24.94,34.77,22.5,58.95,25,40,Rome,,41.9028,12.4964,21,
2024-05-22T10:00:00+00:00,28.71,41.32,23.18,63.03,25,40,Rome,,41.9028,12.4964,21,
2024-05-22T11:00:00+00:00,23.97,35.17,21.13,50.66,25,40,Rome,,41.9028,12.4964,21,
2024-05-22T12:00:00+00:00,29.29,42.45,20.87,50.2,25,40,Rome,,41.9028,12.4964,21,
2024-05-22T13:00:00+00:00,22.55,28.92,18.27,47.99,25,40,Rome,,41.9028,12.4964,21,
2024-05-22T14:00:00+00:00,27.16,35.82,17.68,55.33,25,40,Rome,,41.9028,12.4964,21,
2024-05-22T15:00:00+00:00,22.6,32.61,18.34,49.88,25,40,Rome,,41.9028,12.4964,21,
2024-05-22T16:00:00+00:00,21.5,30.88,17.75,48.83,25,40,Rome,,41.9028,12.4964,21,
2024-05-22T17:00:00+00:00,30.13,38.13,16.8,52.74,25,40,Rome,,41.9028,12.4964,21,
2024-05-22T18:00:00+00:00,23.38,32.26,16.8,43.99,25,40,Rome,,41.9028,12.4964,21,
2024-05-22T19:00:00+00:00,28.38,35.23,15.48,38.14,25,40,Rome,,41.9028,12.4964,21,
2024-05-22T20:00:00+00:00,24.74,32.72,16.96,44.23,25,40,Rome,,41.9028,12.4964,21,
2024-05-22T21:00:00+00:00,29.33,42.59,16.64,49.84,25,40,Rome,,41.9028,12.4964,21,
2024-05-22T22:00:00+00:00,21.6,27.21,18.35,49.4,25,40,Rome,,41.9028,12.4964,21,
2024-05-22T23:00:00+00:00,26.7,33.51,18.93,54.49,25,40,Rome,,41.9028,12.4964,21,
2024-05-23T00:00:00+00:00,27.34,36.51,21.15,58.83,25,40,Rome,,41.9028,12.4964,21,
2024-05-23T01:00:00+00:00,30.06,44.58,20.49,51.29,25,40,Rome,,41.9028,12.4964,21,
2024-05-23T02:00:00+00:00,24.99,37.37,20.9,61.99,25,40,Rome,,41.9028,12.4964,21,
2024-05-23T03:00:00+00:00,26.68,39.83,24.27,67.71,25,40,Rome,,41.9028,12.4964,21,
2024-05-23T04:00:00+00:00,29.16,38.56,23.81,71.33,25,40,Rome,,41.9028,12.4964,21,
2024-05-23T05:00:00+00:00,29.32,37.19,22.95,70.67,25,40,Rome,,41.9028,12.4964,21,
2024-05-23T06:00:00+00:00,25.35,33.5,23.61,66.45,25,40,Rome,,41.9028,12.4964,21,
2024-05-23T07:00:00+00:00,24.17,34.94,24.6,64.87,25,40,Rome,,41.9028,12.4964,21,
2024-05-23T08:00:00+00:00,22.76,32.07,23.16,59.39,25,40,Rome,,41.9028,12.4964,21,
2024-05-23T09:00:00+00:00,30.54,44.05,23.5,68.74,25,40,Rome,,41.9028,12.4964,21,
2024-05-23T10:00:00+00:00,23.52,30.15,23.35,66.05,25,40,Rome,,41.9028,12.4964,21,
2024-05-23T11:00:00+00:00,23.78,32.86,20.69,63.94,25,40,Rome,,41.9028,12.4964,21,
2024-05-23T12:00:00+00:00,29.52,40.54,20.96,61.41,25,40,Rome,,41.9028,12.4964,21,
2024-05-23T13:00:00+00:00,27.52,39.5,17.92,59.49,25,40,Rome,,41.9028,12.4964,21,
2024-05-23T14:00:00+00:00,21.5,28.09,16.8,42.76,25,40,Rome,,41.9028,12.4964,21,
2024-05-23T15:00:00+00:00,30.42,38.06,16.95,54.43,25,40,Rome,,41.9028,12.4964,21,
2024-05-23T16:00:00+00:00,26.98,37.0,17.16,42.77,25,40,Rome,,41.9028,12.4964,21,
2024-05-23T17:00:00+00:00,30.44,40.6,15.69,52.9,25,40,Rome,,41.9028,12.4964,21,
2024-05-23T18:00:00+00:00,22.8,34.34,14.69,42.37,25,40,Rome,,41.9028,12.4964,21,
2024-05-23T19:00:00+00:00,28.7,38.87,16.36,50.4,25,40,Rome,,41.9028,12.4964,21,
2024-05-23T20:00:00+00:00,28.63,41.31,17.11,53.12,25,40,Rome,,41.9028,12.4964,21,
2024-05-23T21:00:00+00:00,22.15,26.53,17.69,41.33,25,40,Rome,,41.9028,12.4964,21,
2024-05-23T22:00:00+00:00,22.93,27.29,18.64,43.04,25,40,Rome,,41.9028,12.4964,21,
2024-05-23T23:00:00+00:00,23.93,28.57,18.38,52.25,25,40,Rome,,41.9028,12.4964,21,
2024-05-24T00:00:00+00:00,23.44,33.9,20.33,51.89,25,40,Rome,,41.9028,12.4964,21,
2024-05-24T01:00:00+00:00,26.49,37.18,22.01,52.51,25,40,Rome,,41.9028,12.4964,21,
2024-05-24T02:00:00+00:00,29.15,38.46,20.51,60.51,25,40,Rome,,41.9028,12.4964,21,
2024-05-24T03:00:00+00:00,29.8,43.46,22.09,69.99,25,40,Rome,,41.9028,12.4964,21,
2024-05-24T04:00:00+00:00,30.49,41.14,23.98,60.81,25,40,Rome,,41.9028,12.4964,21,
2024-05-24T05:00:00+00:00,28.45,39.61,24.01,62.7,25,40,Rome,,41.9028,12.4964,21,
2024-05-24T06:00:00+00:00,26.63,37.07,22.8,58.46,25,40,Rome,,41.9028,12.4964,21,
2024-05-24T07:00:00+00:00,29.95,40.58,24.31,60.8,25,40,Rome,,41.9028,12.4964,21,
2024-05-24T08:00:00+00:00,27.46,33.36,22.52,57.08,25,40,Rome,,41.9028,12.4964,21,
2024-05-24T09:00:00+00:00,24.23,32.26,23.8,66.2,25,40,Rome,,41.9028,12.4964,21,
2024-05-24T10:00:00+00:00,28.14,36.58,23.01,61.67,25,40,Rome,,41.9028,12.4964,21,
2024-05-24T11:00:00+00:00,26.33,38.31,19.9,65.21,25,40,Rome,,41.9028,12.4964,21,
2024-05-24T12:00:00+00:00,27.53,38.79,19.97,60.38,25,40,Rome,,41.9028,12.4964,21,
2024-05-24T13:00:00+00:00,23.79,32.84,18.99,45.01,25,40,Rome,,41.9028,12.4964,21,
2024-05-24T14:00:00+00:00,24.04,30.05,16.9,52.68,25,40,Rome,,41.9028,12.4964,21,
2024-05-24T15:00:00+00:00,22.68,29.33,16.25,49.69,25,40,Rome,,41.9028,12.4964,21,
2024-05-24T16:00:00+00:00,25.26,34.15,16.46,46.19,25,40,Rome,,41.9028,12.4964,21,
2024-05-24T17:00:00+00:00,24.79,32.02,15.08,49.1,25,40,Rome,,41.9028,12.4964,21,
2024-05-24T18:00:00+00:00,30.69,41.22,14.96,52.02,25,40,Rome,,41.9028,12.4964,21,
2024-05-24T19:00:00+00:00,22.54,31.47,15.11,51.44,25,40,Rome,,41.9028,12.4964,21,
2024-05-24T20:00:00+00:00,29.72,36.16,17.99,45.63,25,40,Rome,,41.9028,12.4964,21,
2024-05-24T21:00:00+00:00,25.28,32.99,18.59,40.09,25,40,Rome,,41.9028,12.4964,21,
2024-05-24T22:00:00+00:00,29.22,39.48,18.34,51.01,25,40,Rome,,41.9028,12.4964,21,
2024-05-24T23:00:00+00:00,27.78,38.18,17.55,58.86,25,40,Rome,,41.9028,12.4964,21,
2024-05-25T00:00:00+00:00,27.12,38.74,19.02,55.87,25,40,Rome,,41.9028,12.4964,21,
2024-05-25T01:00:00+00:00,22.01,27.45,21.49,55.24,25,40,Rome,,41.9028,12.4964,21,
2024-05-25T02:00:00+00:00,25.74,36.37,23.47,58.07,25,40,Rome,,41.9028,12.4964,21,
2024-05-25T03:00:00+00:00,23.84,29.42,21.76,66.03,25,40,Rome,,41.9028,12.4964,21,
2024-05-25T04:00:00+00:00,28.8,38.63,23.25,66.93,25,40,Rome,,41.9028,12.4964,21,
2024-05-25T05:00:00+00:00,25.97,34.17,22.63,57.91,25,40,Rome,,41.9028,12.4964,21,
2024-05-25T06:00:00+00:00,22.33,27.27,25.21,60.24,25,40,Rome,,41.9028,12.4964,21,
2024-05-25T07:00:00+00:00,24.97,35.16,25.31,70.89,25,40,Rome,,41.9028,12.4964,21,
2024-05-25T08:00:00+00:00,28.01,34.04,23.71,60.53,25,40,Rome,,41.9028,12.4964,21,
2024-05-25T09:00:00+00:00,25.65,31.31,24.06,58.81,25,40,Rome,,41.9028,12.4964,21,
2024-05-25T10:00:00+00:00,21.89,26.57,21.16,54.08,25,40,Rome,,41.9028,12.4964,21,
2024-05-25T11:00:00+00:00,24.09,33.83,20.64,50.28,25,40,Rome,,41.9028,12.4964,21,
2024-05-25T12:00:00+00:00,29.52,39.13,21.21,62.41,25,40,Rome,,41.9028,12.4964,21,
2024-05-25T13:00:00+00:00,27.81,41.09,19.0,45.3,25,40,Rome,,41.9028,12.4964,21,
2024-05-25T14:00:00+00:00,27.91,35.74,18.91,57.79,25,40,Rome,,41.9028,12.4964,21,
2024-05-25T15:00:00+00:00,28.28,41.93,16.14,50.25,25,40,Rome,,41.9028,12.4964,21,
2024-05-25T16:00:00+00:00,26.99,35.97,15.83,51.98,25,40,Rome,,41.9028,12.4964,21,
2024-05-25T17:00:00+00:00,29.05,38.84,15.54,41.36,25,40,Rome,,41.9028,12.4964,21,
2024-05-25T18:00:00+00:00,25.01,29.77,16.29,48.34,25,40,Rome,,41.9028,12.4964,21,
2024-05-25T19:00:00+00:00,23.25,28.52,16.86,45.57,25,40,Rome,,41.9028,12.4964,21,
2024-05-25T20:00:00+00:00,24.07,29.5,17.08,38.97,25,40,Rome,,41.9028,12.4964,21,
2024-05-25T21:00:00+00:00,21.22,31.49,15.99,43.98,25,40,Rome,,41.9028,12.4964,21,
2024-05-25T22:00:00+00:00,23.41,35.36,17.69,50.6,25,40,Rome,,41.9028,12.4964,21,
2024-05-25T23:00:00+00:00,30.83,41.12,20.12,59.37,25,40,Rome,,41.9028,12.4964,21,
2024-05-26T00:00:00+00:00,31.14,39.03,20.91,61.69,25,40,Rome,,41.9028,12.4964,21,
2024-05-26T01:00:00+00:00,27.01,34.49,22.39,60.13,25,40,Rome,,41.9028,12.4964,21,
2024-05-26T02:00:00+00:00,26.59,32.25,21.99,66.97,25,40,Rome,,41.9028,12.4964,21,
2024-05-26T03:00:00+00:00,30.08,37.68,22.95,68.91,25,40,Rome,,41.9028,12.4964,21,
2024-05-26T04:00:00+00:00,30.77,38.6,22.64,63.23,25,40,Rome,,41.9028,12.4964,21,
2024-05-26T05:00:00+00:00,30.26,40.17,23.11,57.41,25,40,Rome,,41.9028,12.4964,21,
2024-05-26T06:00:00+00:00,30.57,39.04,23.52,60.19,25,40,Rome,,41.9028,12.4964,21,
2024-05-26T07:00:00+00:00,24.39,29.75,23.23,56.67,25,40,Rome,,41.9028,12.4964,21,
2024-05-26T08:00:00+00:00,24.75,33.44,23.03,64.72,25,40,Rome,,41.9028,12.4964,21,
2024-05-26T09:00:00+00:00,23.71,32.91,23.77,60.79,25,40,Rome,,41.9028,12.4964,21,
2024-05-26T10:00:00+00:00,26.9,40.27,22.04,65.26,25,40,Rome,,41.9028,12.4964,21,
2024-05-26T11:00:00+00:00,22.0,31.56,19.81,51.57,25,40,Rome,,41.9028,12.4964,21,
2024-05-26T12:00:00+00:00,25.5,37.75,20.01,58.19,25,40,Rome,,41.9028,12.4964,21,
2024-05-26T13:00:00+00:00,30.08,37.15,17.56,50.36,25,40,Rome,,41.9028,12.4964,21,
2024-05-26T14:00:00+00:00,22.89,32.49,16.51,46.7,25,40,Rome,,41.9028,12.4964,21,
2024-05-26T15:00:00+00:00,28.11,39.06,18.17,45.66,25,40,Rome,,41.9028,12.4964,21,
2024-05-26T16:00:00+00:00,28.54,39.3,16.57,49.9,25,40,Rome,,41.9028,12.4964,21,
2024-05-26T17:00:00+00:00,28.74,42.78,17.55,52.04,25,40,Rome,,41.9028,12.4964,21,
2024-05-26T18:00:00+00:00,22.6,27.09,15.88,42.0,25,40,Rome,,41.9028,12.4964,21,
2024-05-26T19:00:00+00:00,23.2,35.03,15.38,48.76,25,40,Rome,,41.9028,12.4964,21,
2024-05-26T20:00:00+00:00,27.93,39.73,17.7,39.95,25,40,Rome,,41.9028,12.4964,21,
2024-05-26T21:00:00+00:00,28.97,36.46,16.94,50.9,25,40,Rome,,41.9028,12.4964,21,
2024-05-26T22:00:00+00:00,23.0,34.04,18.25,42.63,25,40,Rome,,41.9028,12.4964,21,
2024-05-26T23:00:00+00:00,22.18,26.0,17.76,54.25,25,40,Rome,,41.9028,12.4964,21,
2024-05-27T00:00:00+00:00,22.55,32.09,21.37,56.21,25,40,Rome,,41.9028,12.4964,21,
2024-05-27T01:00:00+00:00,27.92,34.27,22.22,63.16,25,40,Rome,,41.9028,12.4964,21,
2024-05-27T02:00:00+00:00,24.02,33.59,22.92,56.52,25,40,Rome,,41.9028,12.4964,21,
2024-05-27T03:00:00+00:00,25.43,32.37,23.3,57.75,25,40,Rome,,41.9028,12.4964,21,
2024-05-27T04:00:00+00:00,25.9,31.56,23.45,62.72,25,40,Rome,,41.9028,12.4964,21,
2024-05-27T05:00:00+00:00,24.12,34.62,23.63,65.46,25,40,Rome,,41.9028,12.4964,21,
2024-05-27T06:00:00+00:00,27.71,34.51,25.47,62.0,25,40,Rome,,41.9028,12.4964,21,
2024-05-27T07:00:00+00:00,27.26,38.28,23.64,60.52,25,40,Rome,,41.9028,12.4964,21,
2024-05-27T08:00:00+00:00,25.81,35.04,22.12,68.68,25,40,Rome,,41.9028,12.4964,21,
2024-05-27T09:00:00+00:00,31.9,42.76,23.03,70.02,25,40,Rome,,41.9028,12.4964,21,
2024-05-27T10:00:00+00:00,23.94,30.4,21.44,56.74,25,40,Rome,,41.9028,12.4964,21,
2024-05-27T11:00:00+00:00,23.88,31.28,21.19,53.43,25,40,Rome,,41.9028,12.4964,21,
2024-05-27T12:00:00+00:00,26.01,38.16,20.51,52.2,25,40,Rome,,41.9028,12.4964,21,
2024-05-27T13:00:00+00:00,24.01,33.22,17.71,47.52,25,40,Rome,,41.9028,12.4964,21,
2024-05-27T14:00:00+00:00,24.23,32.93,18.26,55.59,25,40,Rome,,41.9028,12.4964,21,
2024-05-27T15:00:00+00:00,29.53,37.11,17.39,51.75,25,40,Rome,,41.9028,12.4964,21,
2024-05-27T16:00:00+00:00,25.76,31.59,17.59,38.89,25,40,Rome,,41.9028,12.4964,21,
2024-05-27T17:00:00+00:00,28.34,42.25,15.31,39.25,25,40,Rome,,41.9028,12.4964,21,
2024-05-27T18:00:00+00:00,23.86,34.32,14.54,46.52,25,40,Rome,,41.9028,12.4964,21,
2024-05-27T19:00:00+00:00,21.33,25.16,15.06,42.59,25,40,Rome,,41.9028,12.4964,21,
2024-05-27T20:00:00+00:00,29.46,42.38,16.33,47.09,25,40,Rome,,41.9028,12.4964,21,
2024-05-27T21:00:00+00:00,26.23,33.26,17.12,53.87,25,40,Rome,,41.9028,12.4964,21,
2024-05-27T22:00:00+00:00,24.11,33.14,17.62,43.47,25,40,Rome,,41.9028,12.4964,21,
2024-05-27T23:00:00+00:00,26.36,39.21,20.35,53.6,25,40,Rome,,41.9028,12.4964,21,
2024-05-28T00:00:00+00:00,29.19,43.17,20.16,61.48,25,40,Rome,,41.9028,12.4964,21,
2024-05-28T01:00:00+00:00,29.92,43.35,21.54,58.97,25,40,Rome,,41.9028,12.4964,21,
2024-05-28T02:00:00+00:00,24.19,35.82,20.92,54.71,25,40,Rome,,41.9028,12.4964,21,
2024-05-28T03:00:00+00:00,23.76,35.5,22.33,69.7,25,40,Rome,,41.9028,12.4964,21,
2024-05-28T04:00:00+00:00,24.97,36.49,22.1,58.17,25,40,Rome,,41.9028,12.4964,21,
2024-05-28T05:00:00+00:00,26.93,39.87,22.69,62.21,25,40,Rome,,41.9028,12.4964,21,
2024-05-28T06:00:00+00:00,24.65,33.04,24.5,65.28,25,40,Rome,,41.9028,12.4964,21,
2024-05-28T07:00:00+00:00,27.68,38.91,23.79,68.74,25,40,Rome,,41.9028,12.4964,21,
2024-05-28T08:00:00+00:00,28.49,35.61,23.1,56.43,25,40,Rome,,41.9028,12.4964,21,
2024-05-28T09:00:00+00:00,24.07,30.32,22.34,64.24,25,40,Rome,,41.9028,12.4964,21,
2024-05-28T10:00:00+00:00,25.98,36.38,21.71,62.92,25,40,Rome,,41.9028,12.4964,21,
2024-05-28T11:00:00+00:00,23.94,30.06,20.36,51.54,25,40,Rome,,41.9028,12.4964,21,
2024-05-28T12:00:00+00:00,29.07,40.89,20.2,62.38,25,40,Rome,,41.9028,12.4964,21,
2024-05-28T13:00:00+00:00,28.98,39.66,19.49,45.03,25,40,Rome,,41.9028,12.4964,21,
2024-05-28T14:00:00+00:00,25.44,36.75,18.97,52.91,25,40,Rome,,41.9028,12.4964,21,
2024-05-28T15:00:00+00:00,24.87,33.05,16.68,43.43,25,40,Rome,,41.9028,12.4964,21,
2024-05-28T16:00:00+00:00,21.82,27.64,16.45,44.24,25,40,Rome,,41.9028,12.4964,21,
2024-05-28T17:00:00+00:00,29.61,37.15,14.94,50.51,25,40,Rome,,41.9028,12.4964,21,
2024-05-28T18:00:00+00:00,23.6,30.0,14.84,49.06,25,40,Rome,,41.9028,12.4964,21,
2024-05-28T19:00:00+00:00,21.39,28.71,16.39,42.38,25,40,Rome,,41.9028,12.4964,21,
2024-05-28T20:00:00+00:00,29.78,36.38,15.98,46.09,25,40,Rome,,41.9028,12.4964,21,
2024-05-28T21:00:00+00:00,23.79,30.56,18.59,47.08,25,40,Rome,,41.9028,12.4964,21,
2024-05-28T22:00:00+00:00,27.36,35.28,16.84,45.09,25,40,Rome,,41.9028,12.4964,21,
2024-05-28T23:00:00+00:00,25.39,30.55,20.25,50.28,25,40,Rome,,41.9028,12.4964,21,
2024-05-29T00:00:00+00:00,23.71,34.13,20.62,52.19,25,40,Rome,,41.9028,12.4964,21,
2024-05-29T01:00:00+00:00,29.1,37.23,19.74,55.67,25,40,Rome,,41.9028,12.4964,21,
2024-05-29T02:00:00+00:00,25.6,38.14,21.84,65.32,25,40,Rome,,41.9028,12.4964,21,
2024-05-29T03:00:00+00:00,24.8,36.13,22.44,68.69,25,40,Rome,,41.9028,12.4964,21,
2024-05-29T04:00:00+00:00,26.59,39.55,22.6,57.93,25,40,Rome,,41.9028,12.4964,21,
2024-05-29T05:00:00+00:00,30.67,41.86,24.44,70.76,25,40,Rome,,41.9028,12.4964,21,
2024-05-29T06:00:00+00:00,28.14,36.25,24.47,67.99,25,40,Rome,,41.9028,12.4964,21,
2024-05-29T07:00:00+00:00,26.55,32.1,24.05,66.47,25,40,Rome,,41.9028,12.4964,21,
2024-05-29T08:00:00+00:00,24.73,36.68,22.24,61.74,25,40,Rome,,41.9028,12.4964,21,
2024-05-29T09:00:00+00:00,28.94,37.31,22.9,63.88,25,40,Rome,,41.9028,12.4964,21,
2024-05-29T10:00:00+00:00,25.8,32.84,22.96,58.61,25,40,Rome,,41.9028,12.4964,21,
2024-05-29T11:00:00+00:00,25.79,38.47,19.98,51.35,25,40,Rome,,41.9028,12.4964,21,
2024-05-29T12:00:00+00:00,26.93,37.78,20.9,58.72,25,40,Rome,,41.9028,12.4964,21,
2024-05-29T13:00:00+00:00,31.04,45.15,17.84,59.73,25,40,Rome,,41.9028,12.4964,21,
2024-05-29T14:00:00+00:00,28.07,41.22,17.85,52.74,25,40,Rome,,41.9028,12.4964,21,
2024-05-29T15:00:00+00:00,24.11,33.49,15.95,40.36,25,40,Rome,,41.9028,12.4964,21,
2024-05-29T16:00:00+00:00,25.16,31.29,16.03,49.91,25,40,Rome,,41.9028,12.4964,21,
2024-05-29T17:00:00+00:00,21.23,29.93,15.54,43.67,25,40,Rome,,41.9028,12.4964,21,
2024-05-29T18:00:00+00:00,23.75,33.74,16.39,44.2,25,40,Rome,,41.9028,12.4964,21,
2024-05-29T19:00:00+00:00,26.93,33.7,16.79,45.68,25,40,Rome,,41.9028,12.4964,21,
2024-05-29T20:00:00+00:00,25.59,36.22,15.39,44.3,25,40,Rome,,41.9028,12.4964,21,
2024-05-29T21:00:00+00:00,23.28,35.24,16.44,50.46,25,40,Rome,,41.9028,12.4964,21,
2024-05-29T22:00:00+00:00,24.97,33.84,18.13,42.02,25,40,Rome,,41.9028,12.4964,21,
2024-05-29T23:00:00+00:00,24.34,31.88,18.85,51.19,25,40,Rome,,41.9028,12.4964,21,
2024-05-30T00:00:00+00:00,24.48,31.4,20.92,54.81,25,40,Rome,,41.9028,12.4964,21,
2024-05-30T01:00:00+00:00,25.39,35.92,20.29,51.11,25,40,Rome,,41.9028,12.4964,21,
2024-05-30T02:00:00+00:00,28.15,40.67,23.3,67.92,25,40,Rome,,41.9028,12.4964,21,
2024-05-30T03:00:00+00:00,27.04,36.0,22.61,59.98,25,40,Rome,,41.9028,12.4964,21,
2024-05-30T04:00:00+00:00,21.73,27.04,22.45,55.67,25,40,Rome,,41.9028,12.4964,21,
2024-05-30T05:00:00+00:00,29.84,39.47,24.53,67.19,25,40,Rome,,41.9028,12.4964,21,
2024-05-30T06:00:00+00:00,25.22,33.14,22.99,63.51,25,40,Rome,,41.9028,12.4964,21,
2024-05-30T07:00:00+00:00,25.37,36.48,24.45,70.22,25,40,Rome,,41.9028,12.4964,21,
2024-05-30T08:00:00+00:00,25.37,35.73,23.59,63.57,25,40,Rome,,41.9028,12.4964,21,
2024-05-30T09:00:00+00:00,24.68,31.62,22.54,55.12,25,40,Rome,,41.9028,12.4964,21,
2024-05-30T10:00:00+00:00,29.53,36.85,23.42,56.99,25,40,Rome,,41.9028,12.4964,21,
2024-05-30T11:00:00+00:00,25.03,31.42,21.78,57.34,25,40,Rome,,41.9028,12.4964,21,
2024-05-30T12:00:00+00:00,31.31,39.37,19.64,61.29,25,40,Rome,,41.9028,12.4964,21,
2024-05-30T13:00:00+00:00,24.86,34.23,19.49,44.88,25,40,Rome,,41.9028,12.4964,21,
2024-05-30T14:00:00+00:00,26.3,39.17,18.35,51.39,25,40,Rome,,41.9028,12.4964,21,
2024-05-30T15:00:00+00:00,29.92,43.1,16.55,48.99,25,40,Rome,,41.9028,12.4964,21,
2024-05-30T16:00:00+00:00,25.7,32.8,16.32,44.72,25,40,Rome,,41.9028,12.4964,21,
2024-05-30T17:00:00+00:00,21.89,33.03,14.88,38.25,25,40,Rome,,41.9028,12.4964,21,
2024-05-30T18:00:00+00:00,25.7,38.12,16.51,51.99,25,40,Rome,,41.9028,12.4964,21,
2024-05-30T19:00:00+00:00,22.86,30.73,15.38,47.89,25,40,Rome,,41.9028,12.4964,21,
2024-05-30T20:00:00+00:00,22.53,30.5,15.61,39.7,25,40,Rome,,41.9028,12.4964,21,
2024-05-30T21:00:00+00:00,25.06,30.47,15.72,51.07,25,40,Rome,,41.9028,12.4964,21,
2024-05-30T22:00:00+00:00,24.69,33.32,19.2,50.36,25,40,Rome,,41.9028,12.4964,21,
2024-05-30T23:00:00+00:00,24.24,29.77,19.39,51.54,25,40,Rome,,41.9028,12.4964,21,
2024-05-31T00:00:00+00:00,24.75,37.29,19.61,50.57,25,40,Rome,,41.9028,12.4964,21,
2024-05-31T01:00:00+00:00,25.85,34.4,20.83,65.11,25,40,Rome,,41.9028,12.4964,21,
2024-05-31T02:00:00+00:00,23.37,33.77,23.04,58.69,25,40,Rome,,41.9028,12.4964,21,
2024-05-31T03:00:00+00:00,25.95,31.11,23.27,62.78,25,40,Rome,,41.9028,12.4964,21,
2024-05-31T04:00:00+00:00,22.13,33.23,24.12,59.12,25,40,Rome,,41.9028,12.4964,21,
2024-05-31T05:00:00+00:00,26.46,36.07,23.11,58.96,25,40,Rome,,41.9028,12.4964,21,
2024-05-31T06:00:00+00:00,27.57,37.65,24.76,63.83,25,40,Rome,,41.9028,12.4964,21,
2024-05-31T07:00:00+00:00,26.97,36.92,23.64,57.47,25,40,Rome,,41.9028,12.4964,21,
2024-05-31T08:00:00+00:00,28.24,38.16,22.26,58.3,25,40,Rome,,41.9028,12.4964,21,
2024-05-31T09:00:00+00:00,23.72,34.51,22.23,69.93,25,40,Rome,,41.9028,12.4964,21,
2024-05-31T10:00:00+00:00,27.7,33.63,22.02,58.08,25,40,Rome,,41.9028,12.4964,21,
2024-05-31T11:00:00+00:00,29.16,39.2,19.68,52.16,25,40,Rome,,41.9028,12.4964,21,
2024-05-31T12:00:00+00:00,23.74,29.18,20.61,61.82,25,40,Rome,,41.9028,12.4964,21,
2024-05-31T13:00:00+00:00,22.06,27.33,19.63,45.34,25,40,Rome,,41.9028,12.4964,21,
2024-05-31T14:00:00+00:00,26.47,33.92,16.74,55.24,25,40,Rome,,41.9028,12.4964,21,
2024-05-31T15:00:00+00:00,28.54,42.07,17.03,40.65,25,40,Rome,,41.9028,12.4964,21,
2024-05-31T16:00:00+00:00,29.74,38.57,16.27,49.57,25,40,Rome,,41.9028,12.4964,21,
2024-05-31T17:00:00+00:00,29.52,40.37,17.44,45.63,25,40,Rome,,41.9028,12.4964,21,
2024-05-31T18:00:00+00:00,28.0,33.86,15.19,39.52,25,40,Rome,,41.9028,12.4964,21,
2024-05-31T19:00:00+00:00,26.52,37.24,15.92,45.34,25,40,Rome,,41.9028,12.4964,21,
2024-05-31T20:00:00+00:00,29.87,43.4,16.05,46.1,25,40,Rome,,41.9028,12.4964,21,
2024-05-31T21:00:00+00:00,29.12,41.16,15.75,43.84,25,40,Rome,,41.9028,12.4964,21,
2024-05-31T22:00:00+00:00,27.53,33.67,17.66,54.32,25,40,Rome,,41.9028,12.4964,21,
2024-05-31T23:00:00+00:00,28.79,40.94,18.47,53.22,25,40,Rome,,41.9028,12.4964,21,
2024-06-01T00:00:00+00:00,15.92,24.66,24.2,51.07,25,40,Rome,,41.9028,12.4964,21,
2024-06-01T01:00:00+00:00,21.49,25.37,25.63,59.75,25,40,Rome,,41.9028,12.4964,21,
2024-06-01T02:00:00+00:00,18.32,23.81,26.08,61.1,25,40,Rome,,41.9028,12.4964,21,
2024-06-01T03:00:00+00:00,18.89,25.04,25.53,68.79,25,40,Rome,,41.9028,12.4964,21,
2024-06-01T04:00:00+00:00,17.82,27.52,27.38,60.8,25,40,Rome,,41.9028,12.4964,21,
2024-06-01T05:00:00+00:00,21.67,26.59,26.52,67.1,25,40,Rome,,41.9028,12.4964,21,
2024-06-01T06:00:00+00:00,18.26,21.53,28.84,62.24,25,40,Rome,,41.9028,12.4964,21,
2024-06-01T07:00:00+00:00,17.82,28.03,28.35,70.55,25,40,Rome,,41.9028,12.4964,21,
2024-06-01T08:00:00+00:00,21.21,26.92,27.22,60.94,25,40,Rome,,41.9028,12.4964,21,
2024-06-01T09:00:00+00:00,16.89,24.15,26.11,69.65,25,40,Rome,,41.9028,12.4964,21,
2024-06-01T10:00:00+00:00,19.32,22.14,26.35,58.87,25,40,Rome,,41.9028,12.4964,21,
2024-06-01T11:00:00+00:00,21.33,25.47,23.65,54.27,25,40,Rome,,41.9028,12.4964,21,
2024-06-01T12:00:00+00:00,16.23,21.5,24.79,62.15,25,40,Rome,,41.9028,12.4964,21,
2024-06-01T13:00:00+00:00,15.84,18.33,24.32,53.23,25,40,Rome,,41.9028,12.4964,21,
2024-06-01T14:00:00+00:00,16.24,24.44,21.76,43.33,25,40,Rome,,41.9028,12.4964,21,
2024-06-01T15:00:00+00:00,15.82,20.48,21.26,49.03,25,40,Rome,,41.9028,12.4964,21,
2024-06-01T16:00:00+00:00,16.97,26.33,19.89,49.54,25,40,Rome,,41.9028,12.4964,21,
2024-06-01T17:00:00+00:00,19.13,29.14,20.14,51.15,25,40,Rome,,41.9028,12.4964,21,
2024-06-01T18:00:00+00:00,21.17,25.82,19.93,46.21,25,40,Rome,,41.9028,12.4964,21,
2024-06-01T19:00:00+00:00,16.27,24.92,19.28,48.68,25,40,Rome,,41.9028,12.4964,21,
2024-06-01T20:00:00+00:00,16.57,22.67,19.38,40.89,25,40,Rome,,41.9028,12.4964,21,
2024-06-01T21:00:00+00:00,15.59,17.68,21.56,45.8,25,40,Rome,,41.9028,12.4964,21,
2024-06-01T22:00:00+00:00,17.66,24.47,21.25,43.72,25,40,Rome,,41.9028,12.4964,21,
2024-06-01T23:00:00+00:00,17.24,26.83,24.35,46.87,25,40,Rome,,41.9028,12.4964,21,
2024-06-02T00:00:00+00:00,16.33,25.63,24.41,55.43,25,40,Rome,,41.9028,12.4964,21,
2024-06-02T01:00:00+00:00,15.51,17.4,24.12,54.62,25,40,Rome,,41.9028,12.4964,21,
2024-06-02T02:00:00+00:00,18.59,26.34,25.18,59.31,25,40,Rome,,41.9028,12.4964,21,
2024-06-02T03:00:00+00:00,17.83,27.47,27.3,69.04,25,40,Rome,,41.9028,12.4964,21,
2024-06-02T04:00:00+00:00,19.83,27.68,28.82,62.86,25,40,Rome,,41.9028,12.4964,21,
2024-06-02T05:00:00+00:00,19.56,29.83,29.28,65.98,25,40,Rome,,41.9028,12.4964,21,
2024-06-02T06:00:00+00:00,17.09,21.77,28.01,68.59,25,40,Rome,,41.9028,12.4964,21,
2024-06-02T07:00:00+00:00,16.41,21.7,27.29,62.62,25,40,Rome,,41.9028,12.4964,21,
2024-06-02T08:00:00+00:00,15.64,19.93,26.06,58.57,25,40,Rome,,41.9028,12.4964,21,
2024-06-02T09:00:00+00:00,17.93,27.83,27.12,59.63,25,40,Rome,,41.9028,12.4964,21,
2024-06-02T10:00:00+00:00,18.44,24.31,27.4,61.52,25,40,Rome,,41.9028,12.4964,21,
2024-06-02T11:00:00+00:00,16.5,24.71,25.06,65.01,25,40,Rome,,41.9028,12.4964,21,
2024-06-02T12:00:00+00:00,21.46,28.05,24.28,54.71,25,40,Rome,,41.9028,12.4964,21,
2024-06-02T13:00:00+00:00,16.04,21.82,22.45,47.26,25,40,Rome,,41.9028,12.4964,21,
2024-06-02T14:00:00+00:00,16.24,18.44,22.74,51.5,25,40,Rome,,41.9028,12.4964,21,
2024-06-02T15:00:00+00:00,19.35,23.97,19.92,55.43,25,40,Rome,,41.9028,12.4964,21,
2024-06-02T16:00:00+00:00,18.61,26.06,21.99,38.67,25,40,Rome,,41.9028,12.4964,21,
2024-06-02T17:00:00+00:00,16.5,18.37,19.37,42.8,25,40,Rome,,41.9028,12.4964,21,
2024-06-02T18:00:00+00:00,19.98,28.88,19.95,44.03,25,40,Rome,,41.9028,12.4964,21,
2024-06-02T19:00:00+00:00,14.34,17.36,20.56,37.67,25,40,Rome,,41.9028,12.4964,21,
2024-06-02T20:00:00+00:00,15.39,23.6,19.33,44.18,25,40,Rome,,41.9028,12.4964,21,
2024-06-02T21:00:00+00:00,17.0,22.02,22.43,54.96,25,40,Rome,,41.9028,12.4964,21,
2024-06-02T22:00:00+00:00,17.42,21.95,22.0,56.31,25,40,Rome,,41.9028,12.4964,21,
2024-06-02T23:00:00+00:00,19.09,22.88,23.52,53.21,25,40,Rome,,41.9028,12.4964,21,
2024-06-03T00:00:00+00:00,19.34,27.15,24.5,51.26,25,40,Rome,,41.9028,12.4964,21,
2024-06-03T01:00:00+00:00,16.77,22.34,26.02,49.9,25,40,Rome,,41.9028,12.4964,21,
2024-06-03T02:00:00+00:00,22.36,30.48,27.48,65.9,25,40,Rome,,41.9028,12.4964,21,
2024-06-03T03:00:00+00:00,17.81,21.74,26.58,55.3,25,40,Rome,,41.9028,12.4964,21,
2024-06-03T04:00:00+00:00,17.65,23.97,27.54,68.86,25,40,Rome,,41.9028,12.4964,21,
2024-06-03T05:00:00+00:00,18.14,21.86,26.77,72.09,25,40,Rome,,41.9028,12.4964,21,
2024-06-03T06:00:00+00:00,21.21,31.67,29.23,59.11,25,40,Rome,,41.9028,12.4964,21,
2024-06-03T07:00:00+00:00,19.95,27.36,26.53,60.55,25,40,Rome,,41.9028,12.4964,21,
2024-06-03T08:00:00+00:00,17.86,23.91,26.45,70.85,25,40,Rome,,41.9028,12.4964,21,
2024-06-03T09:00:00+00:00,21.25,26.75,28.13,69.32,25,40,Rome,,41.9028,12.4964,21,
2024-06-03T10:00:00+00:00,17.35,26.95,27.04,53.23,25,40,Rome,,41.9028,12.4964,21,
2024-06-03T11:00:00+00:00,21.79,32.4,26.29,59.66,25,40,Rome,,41.9028,12.4964,21,
2024-06-03T12:00:00+00:00,17.89,23.18,24.14,56.72,25,40,Rome,,41.9028,12.4964,21,
2024-06-03T13:00:00+00:00,20.29,27.92,21.95,45.1,25,40,Rome,,41.9028,12.4964,21,
2024-06-03T14:00:00+00:00,18.97,23.56,22.59,46.61,25,40,Rome,,41.9028,12.4964,21,
2024-06-03T15:00:00+00:00,21.31,30.32,20.67,49.35,25,40,Rome,,41.9028,12.4964,21,
2024-06-03T16:00:00+00:00,19.47,23.52,20.85,38.56,25,40,Rome,,41.9028,12.4964,21,
2024-06-03T17:00:00+00:00,16.02,25.04,19.41,41.15,25,40,Rome,,41.9028,12.4964,21,
2024-06-03T18:00:00+00:00,16.76,22.79,20.4,47.75,25,40,Rome,,41.9028,12.4964,21,
2024-06-03T19:00:00+00:00,20.39,28.73,18.64,42.65,25,40,Rome,,41.9028,12.4964,21,
2024-06-03T20:00:00+00:00,15.69,19.86,21.63,39.42,25,40,Rome,,41.9028,12.4964,21,
2024-06-03T21:00:00+00:00,17.76,25.2,20.82,53.89,25,40,Rome,,41.9028,12.4964,21,
2024-06-03T22:00:00+00:00,19.42,30.17,20.69,53.23,25,40,Rome,,41.9028,12.4964,21,
2024-06-03T23:00:00+00:00,18.17,28.36,22.16,48.04,25,40,Rome,,41.9028,12.4964,21,
2024-06-04T00:00:00+00:00,17.16,25.5,25.49,61.79,25,40,Rome,,41.9028,12.4964,21,
2024-06-04T01:00:00+00:00,21.46,32.23,26.21,64.9,25,40,Rome,,41.9028,12.4964,21,
2024-06-04T02:00:00+00:00,17.47,27.52,25.53,61.06,25,40,Rome,,41.9028,12.4964,21,
2024-06-04T03:00:00+00:00,21.32,29.61,25.7,62.95,25,40,Rome,,41.9028,12.4964,21,
2024-06-04T04:00:00+00:00,19.35,24.82,27.56,70.17,25,40,Rome,,41.9028,12.4964,21,
2024-06-04T05:00:00+00:00,18.22,27.82,27.61,70.95,25,40,Rome,,41.9028,12.4964,21,
2024-06-04T06:00:00+00:00,18.26,26.98,28.66,57.01,25,40,Rome,,41.9028,12.4964,21,
2024-06-04T07:00:00+00:00,20.97,25.92,26.87,67.84,25,40,Rome,,41.9028,12.4964,21,
2024-06-04T08:00:00+00:00,19.77,24.95,27.63,62.98,25,40,Rome,,41.9028,12.4964,21,
2024-06-04T09:00:00+00:00,16.58,21.53,26.49,64.72,25,40,Rome,,41.9028,12.4964,21,
2024-06-04T10:00:00+00:00,19.42,26.18,26.52,61.31,25,40,Rome,,41.9028,12.4964,21,
2024-06-04T11:00:00+00:00,20.24,29.03,25.72,58.29,25,40,Rome,,41.9028,12.4964,21,
2024-06-04T12:00:00+00:00,18.18,20.88,23.63,51.32,25,40,Rome,,41.9028,12.4964,21,
2024-06-04T13:00:00+00:00,21.86,32.1,22.52,53.52,25,40,Rome,,41.9028,12.4964,21,
2024-06-04T14:00:00+00:00,16.88,22.72,22.43,53.28,25,40,Rome,,41.9028,12.4964,21,
2024-06-04T15:00:00+00:00,19.51,28.73,22.28,49.85,25,40,Rome,,41.9028,12.4964,21,
2024-06-04T16:00:00+00:00,20.85,30.41,19.28,43.69,25,40,Rome,,41.9028,12.4964,21,
2024-06-04T17:00:00+00:00,17.61,26.51,20.7,53.2,25,40,Rome,,41.9028,12.4964,21,
2024-06-04T18:00:00+00:00,21.15,28.11,21.45,50.71,25,40,Rome,,41.9028,12.4964,21,
2024-06-04T19:00:00+00:00,20.32,26.07,19.09,46.4,25,40,Rome,,41.9028,12.4964,21,
2024-06-04T20:00:00+00:00,19.19,25.48,19.98,47.39,25,40,Rome,,41.9028,12.4964,21,
2024-06-04T21:00:00+00:00,20.1,30.22,20.68,46.97,25,40,Rome,,41.9028,12.4964,21,
2024-06-04T22:00:00+00:00,15.94,22.82,23.4,57.47,25,40,Rome,,41.9028,12.4964,21,
2024-06-04T23:00:00+00:00,20.49,28.55,21.67,53.46,25,40,Rome,,41.9028,12.4964,21,
2024-06-05T00:00:00+00:00,16.51,19.63,24.9,49.18,25,40,Rome,,41.9028,12.4964,21,
2024-06-05T01:00:00+00:00,20.54,27.02,24.79,55.06,25,40,Rome,,41.9028,12.4964,21,
2024-06-05T02:00:00+00:00,17.05,20.21,26.91,63.97,25,40,Rome,,41.9028,12.4964,21,
2024-06-05T03:00:00+00:00,19.84,23.3,26.67,67.53,25,40,Rome,,41.9028,12.4964,21,
2024-06-05T04:00:00+00:00,21.42,27.37,28.09,63.11,25,40,Rome,,41.9028,12.4964,21,
2024-06-05T05:00:00+00:00,19.63,29.62,28.96,64.71,25,40,Rome,,41.9028,12.4964,21,
2024-06-05T06:00:00+00:00,15.42,22.11,29.24,59.42,25,40,Rome,,41.9028,12.4964,21,
2024-06-05T07:00:00+00:00,20.84,28.21,26.61,71.14,25,40,Rome,,41.9028,12.4964,21,
2024-06-05T08:00:00+00:00,19.89,27.15,27.03,60.87,25,40,Rome,,41.9028,12.4964,21,
2024-06-05T09:00:00+00:00,19.77,25.51,26.34,55.17,25,40,Rome,,41.9028,12.4964,21,
2024-06-05T10:00:00+00:00,21.15,24.7,24.9,57.41,25,40,Rome,,41.9028,12.4964,21,
2024-06-05T11:00:00+00:00,17.73,23.03,23.57,52.07,25,40,Rome,,41.9028,12.4964,21,
2024-06-05T12:00:00+00:00,15.94,21.05,24.62,53.65,25,40,Rome,,41.9028,12.4964,21,
2024-06-05T13:00:00+00:00,16.88,21.21,24.07,48.18,25,40,Rome,,41.9028,12.4964,21,
2024-06-05T14:00:00+00:00,19.4,27.59,22.16,49.27,25,40,Rome,,41.9028,12.4964,21,
2024-06-05T15:00:00+00:00,17.71,23.37,20.9,40.0,25,40,Rome,,41.9028,12.4964,21,
2024-06-05T16:00:00+00:00,20.1,30.98,21.69,47.94,25,40,Rome,,41.9028,12.4964,21,
2024-06-05T17:00:00+00:00,19.34,28.29,20.68,43.04,25,40,Rome,,41.9028,12.4964,21,
2024-06-05T18:00:00+00:00,20.98,30.78,20.28,45.77,25,40,Rome,,41.9028,12.4964,21,
2024-06-05T19:00:00+00:00,15.85,22.94,21.28,50.77,25,40,Rome,,41.9028,12.4964,21,
2024-06-05T20:00:00+00:00,16.37,22.55,19.76,44.38,25,40,Rome,,41.9028,12.4964,21,
2024-06-05T21:00:00+00:00,18.25,24.2,22.63,55.28,25,40,Rome,,41.9028,12.4964,21,
2024-06-05T22:00:00+00:00,17.38,23.1,22.68,52.02,25,40,Rome,,41.9028,12.4964,21,
2024-06-05T23:00:00+00:00,18.47,21.73,24.24,49.21,25,40,Rome,,41.9028,12.4964,21,
2024-06-06T00:00:00+00:00,15.29,23.45,22.63,48.55,25,40,Rome,,41.9028,12.4964,21,
2024-06-06T01:00:00+00:00,17.95,23.86,24.23,57.52,25,40,Rome,,41.9028,12.4964,21,
2024-06-06T02:00:00+00:00,19.67,29.36,26.93,61.4,25,40,Rome,,41.9028,12.4964,21,
2024-06-06T03:00:00+00:00,22.04,30.08,28.29,67.32,25,40,Rome,,41.9028,12.4964,21,
2024-06-06T04:00:00+00:00,15.38,24.59,27.42,56.3,25,40,Rome,,41.9028,12.4964,21,
2024-06-06T05:00:00+00:00,21.75,27.1,27.91,72.65,25,40,Rome,,41.9028,12.4964,21,
2024-06-06T06:00:00+00:00,18.55,23.88,29.31,67.38,25,40,Rome,,41.9028,12.4964,21,
2024-06-06T07:00:00+00:00,16.77,24.73,27.33,61.47,25,40,Rome,,41.9028,12.4964,21,
2024-06-06T08:00:00+00:00,16.66,22.48,27.8,71.09,25,40,Rome,,41.9028,12.4964,21,
2024-06-06T09:00:00+00:00,17.12,20.0,27.53,61.64,25,40,Rome,,41.9028,12.4964,21,
2024-06-06T10:00:00+00:00,18.84,27.48,24.76,58.68,25,40,Rome,,41.9028,12.4964,21,
2024-06-06T11:00:00+00:00,19.48,27.11,23.59,64.17,25,40,Rome,,41.9028,12.4964,21,
2024-06-06T12:00:00+00:00,17.11,22.28,23.71,55.93,25,40,Rome,,41.9028,12.4964,21,
2024-06-06T13:00:00+00:00,17.43,20.68,23.08,46.61,25,40,Rome,,41.9028,12.4964,21,
2024-06-06T14:00:00+00:00,15.73,22.17,21.87,42.21,25,40,Rome,,41.9028,12.4964,21,
2024-06-06T15:00:00+00:00,18.65,23.93,19.86,49.81,25,40,Rome,,41.9028,12.4964,21,
2024-06-06T16:00:00+00:00,19.86,28.46,19.05,49.87,25,40,Rome,,41.9028,12.4964,21,
2024-06-06T17:00:00+00:00,18.36,24.37,19.26,48.73,25,40,Rome,,41.9028,12.4964,21,
2024-06-06T18:00:00+00:00,20.53,28.09,19.03,50.04,25,40,Rome,,41.9028,12.4964,21,
2024-06-06T19:00:00+00:00,19.79,26.66,21.48,45.49,25,40,Rome,,41.9028,12.4964,21,
2024-06-06T20:00:00+00:00,18.99,27.93,20.56,40.43,25,40,Rome,,41.9028,12.4964,21,
2024-06-06T21:00:00+00:00,20.01,30.92,20.26,51.24,25,40,Rome,,41.9028,12.4964,21,
2024-06-06T22:00:00+00:00,18.12,24.45,22.76,56.85,25,40,Rome,,41.9028,12.4964,21,
2024-06-06T23:00:00+00:00,19.75,23.55,22.37,55.54,25,40,Rome,,41.9028,12.4964,21,
2024-06-07T00:00:00+00:00,20.08,26.83,24.6,49.13,25,40,Rome,,41.9028,12.4964,21,
2024-06-07T01:00:00+00:00,20.82,27.62,23.65,58.48,25,40,Rome,,41.9028,12.4964,21,
2024-06-07T02:00:00+00:00,21.53,31.96,25.33,55.47,25,40,Rome,,41.9028,12.4964,21,
2024-06-07T03:00:00+00:00,18.71,21.6,26.14,58.4,25,40,Rome,,41.9028,12.4964,21,
2024-06-07T04:00:00+00:00,19.56,30.2,26.94,70.42,25,40,Rome,,41.9028,12.4964,21,
2024-06-07T05:00:00+00:00,21.43,30.31,29.33,69.21,25,40,Rome,,41.9028,12.4964,21,
2024-06-07T06:00:00+00:00,18.9,27.8,27.87,65.09,25,40,Rome,,41.9028,12.4964,21,
2024-06-07T07:00:00+00:00,17.56,21.85,27.77,63.13,25,40,Rome,,41.9028,12.4964,21,
2024-06-07T08:00:00+00:00,21.37,31.48,27.05,64.8,25,40,Rome,,41.9028,12.4964,21,
2024-06-07T09:00:00+00:00,19.18,25.52,26.56,58.56,25,40,Rome,,41.9028,12.4964,21,
2024-06-07T10:00:00+00:00,19.27,28.83,25.73,67.14,25,40,Rome,,41.9028,12.4964,21,
2024-06-07T11:00:00+00:00,21.95,26.71,24.87,58.29,25,40,Rome,,41.9028,12.4964,21,
2024-06-07T12:00:00+00:00,17.27,23.0,24.18,62.65,25,40,Rome,,41.9028,12.4964,21,
2024-06-07T13:00:00+00:00,17.57,20.3,22.48,59.28,25,40,Rome,,41.9028,12.4964,21,
2024-06-07T14:00:00+00:00,16.49,20.0,22.26,49.77,25,40,Rome,,41.9028,12.4964,21,
2024-06-07T15:00:00+00:00,19.85,27.21,22.27,50.28,25,40,Rome,,41.9028,12.4964,21,
2024-06-07T16:00:00+00:00,19.97,25.68,19.79,40.2,25,40,Rome,,41.9028,12.4964,21,
2024-06-07T17:00:00+00:00,18.45,22.88,20.84,50.88,25,40,Rome,,41.9028,12.4964,21,
2024-06-07T18:00:00+00:00,15.75,21.29,20.98,44.41,25,40,Rome,,41.9028,12.4964,21,
2024-06-07T19:00:00+00:00,16.4,19.87,19.86,49.22,25,40,Rome,,41.9028,12.4964,21,
2024-06-07T20:00:00+00:00,21.47,32.98,21.03,50.51,25,40,Rome,,41.9028,12.4964,21,
2024-06-07T21:00:00+00:00,20.23,25.65,20.69,40.39,25,40,Rome,,41.9028,12.4964,21,
2024-06-07T22:00:00+00:00,19.83,26.81,22.06,49.46,25,40,Rome,,41.9028,12.4964,21,
2024-06-07T23:00:00+00:00,18.73,25.75,22.8,48.03,25,40,Rome,,41.9028,12.4964,21,
2024-06-08T00:00:00+00:00,20.44,25.34,24.96,51.49,25,40,Rome,,41.9028,12.4964,21,
2024-06-08T01:00:00+00:00,15.68,19.59,23.9,55.3,25,40,Rome,,41.9028,12.4964,21,
2024-06-08T02:00:00+00:00,22.13,28.58,25.24,62.05,25,40,Rome,,41.9028,12.4964,21,
2024-06-08T03:00:00+00:00,20.08,24.3,28.26,64.22,25,40,Rome,,41.9028,12.4964,21,
2024-06-08T04:00:00+00:00,22.36,27.03,26.04,67.2,25,40,Rome,,41.9028,12.4964,21,
2024-06-08T05:00:00+00:00,22.42,27.81,28.37,70.98,25,40,Rome,,41.9028,12.4964,21,
2024-06-08T06:00:00+00:00,17.9,21.68,28.42,65.62,25,40,Rome,,41.9028,12.4964,21,
2024-06-08T07:00:00+00:00,22.1,32.81,27.85,68.64,25,40,Rome,,41.9028,12.4964,21,
2024-06-08T08:00:00+00:00,17.94,24.11,28.18,60.35,25,40,Rome,,41.9028,12.4964,21,
2024-06-08T09:00:00+00:00,21.31,31.08,27.76,69.27,25,40,Rome,,41.9028,12.4964,21,
2024-06-08T10:00:00+00:00,21.24,29.48,24.93,62.13,25,40,Rome,,41.9028,12.4964,21,
2024-06-08T11:00:00+00:00,20.27,26.55,24.61,54.38,25,40,Rome,,41.9028,12.4964,21,
2024-06-08T12:00:00+00:00,16.84,25.79,25.31,55.7,25,40,Rome,,41.9028,12.4964,21,
2024-06-08T13:00:00+00:00,17.86,25.53,23.67,58.09,25,40,Rome,,41.9028,12.4964,21,
2024-06-08T14:00:00+00:00,16.05,20.32,21.59,48.8,25,40,Rome,,41.9028,12.4964,21,
2024-06-08T15:00:00+00:00,17.54,24.24,22.21,42.61,25,40,Rome,,41.9028,12.4964,21,
2024-06-08T16:00:00+00:00,16.19,20.34,21.4,39.94,25,40,Rome,,41.9028,12.4964,21,
2024-06-08T17:00:00+00:00,21.0,25.78,20.45,52.99,25,40,Rome,,41.9028,12.4964,21,
2024-06-08T18:00:00+00:00,18.11,25.06,19.27,43.2,25,40,Rome,,41.9028,12.4964,21,
2024-06-08T19:00:00+00:00,18.13,21.28,18.9,52.63,25,40,Rome,,41.9028,12.4964,21,
2024-06-08T20:00:00+00:00,15.83,22.74,21.74,51.57,25,40,Rome,,41.9028,12.4964,21,
2024-06-08T21:00:00+00:00,19.72,26.2,21.01,52.87,25,40,Rome,,41.9028,12.4964,21,
2024-06-08T22:00:00+00:00,20.55,29.81,22.0,43.53,25,40,Rome,,41.9028,12.4964,21,
2024-06-08T23:00:00+00:00,18.13,22.59,22.85,52.32,25,40,Rome,,41.9028,12.4964,21,
2024-06-09T00:00:00+00:00,16.82,18.82,23.15,51.96,25,40,Rome,,41.9028,12.4964,21,
2024-06-09T01:00:00+00:00,16.73,25.99,24.31,63.0,25,40,Rome,,41.9028,12.4964,21,
2024-06-09T02:00:00+00:00,17.66,21.08,25.5,58.86,25,40,Rome,,41.9028,12.4964,21,
2024-06-09T03:00:00+00:00,15.63,21.02,26.88,58.64,25,40,Rome,,41.9028,12.4964,21,
2024-06-09T04:00:00+00:00,17.25,23.11,26.14,70.46,25,40,Rome,,41.9028,12.4964,21,
2024-06-09T05:00:00+00:00,21.36,31.16,26.54,59.85,25,40,Rome,,41.9028,12.4964,21,
2024-06-09T06:00:00+00:00,18.22,23.29,26.68,58.24,25,40,Rome,,41.9028,12.4964,21,
2024-06-09T07:00:00+00:00,22.8,28.1,28.48,71.58,25,40,Rome,,41.9028,12.4964,21,
2024-06-09T08:00:00+00:00,19.53,22.59,26.99,64.45,25,40,Rome,,41.9028,12.4964,21,
2024-06-09T09:00:00+00:00,19.09,29.32,26.95,65.19,25,40,Rome,,41.9028,12.4964,21,
2024-06-09T10:00:00+00:00,18.64,22.93,24.67,64.67,25,40,Rome,,41.9028,12.4964,21,
2024-06-09T11:00:00+00:00,21.03,25.25,24.47,57.11,25,40,Rome,,41.9028,12.4964,21,
2024-06-09T12:00:00+00:00,19.6,26.53,23.34,49.44,25,40,Rome,,41.9028,12.4964,21,
2024-06-09T13:00:00+00:00,18.11,24.11,22.62,47.57,25,40,Rome,,41.9028,12.4964,21,
2024-06-09T14:00:00+00:00,18.66,28.39,22.42,42.9,25,40,Rome,,41.9028,12.4964,21,
2024-06-09T15:00:00+00:00,18.26,28.34,21.18,43.51,25,40,Rome,,41.9028,12.4964,21,
2024-06-09T16:00:00+00:00,20.78,31.96,19.78,40.75,25,40,Rome,,41.9028,12.4964,21,
2024-06-09T17:00:00+00:00,22.12,26.32,19.17,52.5,25,40,Rome,,41.9028,12.4964,21,
2024-06-09T18:00:00+00:00,18.71,24.78,21.23,47.93,25,40,Rome,,41.9028,12.4964,21,
2024-06-09T19:00:00+00:00,16.38,23.21,20.79,46.83,25,40,Rome,,41.9028,12.4964,21,
2024-06-09T20:00:00+00:00,14.79,20.79,20.4,41.09,25,40,Rome,,41.9028,12.4964,21,
2024-06-09T21:00:00+00:00,16.32,20.41,21.87,49.2,25,40,Rome,,41.9028,12.4964,21,
2024-06-09T22:00:00+00:00,19.09,28.81,20.9,57.29,25,40,Rome,,41.9028,12.4964,21,
2024-06-09T23:00:00+00:00,17.97,21.09,23.59,45.16,25,40,Rome,,41.9028,12.4964,21,
2024-06-10T00:00:00+00:00,20.47,30.24,22.74,55.5,25,40,Rome,,41.9028,12.4964,21,
2024-06-10T01:00:00+00:00,21.21,30.59,24.31,56.91,25,40,Rome,,41.9028,12.4964,21,
2024-06-10T02:00:00+00:00,17.77,20.78,27.32,56.51,25,40,Rome,,41.9028,12.4964,21,
2024-06-10T03:00:00+00:00,17.84,26.15,26.21,60.32,25,40,Rome,,41.9028,12.4964,21,
2024-06-10T04:00:00+00:00,16.19,22.69,27.16,65.41,25,40,Rome,,41.9028,12.4964,21,
2024-06-10T05:00:00+00:00,16.51,19.46,27.75,69.47,25,40,Rome,,41.9028,12.4964,21,
2024-06-10T06:00:00+00:00,18.82,22.08,27.69,69.31,25,40,Rome,,41.9028,12.4964,21,
2024-06-10T07:00:00+00:00,19.7,22.69,29.33,67.32,25,40,Rome,,41.9028,12.4964,21,
2024-06-10T08:00:00+00:00,21.86,33.21,26.45,69.93,25,40,Rome,,41.9028,12.4964,21,
2024-06-10T09:00:00+00:00,18.6,28.53,26.03,62.06,25,40,Rome,,41.9028,12.4964,21,
2024-06-10T10:00:00+00:00,19.59,23.17,25.93,59.48,25,40,Rome,,41.9028,12.4964,21,
2024-06-10T11:00:00+00:00,19.05,21.83,25.91,62.35,25,40,Rome,,41.9028,12.4964,21,
2024-06-10T12:00:00+00:00,22.05,33.18,23.84,61.96,25,40,Rome,,41.9028,12.4964,21,
2024-06-10T13:00:00+00:00,17.44,27.04,24.12,55.41,25,40,Rome,,41.9028,12.4964,21,
2024-06-10T14:00:00+00:00,19.25,29.05,20.55,43.21,25,40,Rome,,41.9028,12.4964,21,
2024-06-10T15:00:00+00:00,15.61,21.61,20.59,48.19,25,40,Rome,,41.9028,12.4964,21,
2024-06-10T16:00:00+00:00,20.23,25.55,21.38,46.48,25,40,Rome,,41.9028,12.4964,21,
2024-06-10T17:00:00+00:00,17.98,27.23,19.2,45.6,25,40,Rome,,41.9028,12.4964,21,
2024-06-10T18:00:00+00:00,19.74,29.11,18.66,42.5,25,40,Rome,,41.9028,12.4964,21,
2024-06-10T19:00:00+00:00,18.87,22.87,19.52,38.54,25,40,Rome,,41.9028,12.4964,21,
2024-06-10T20:00:00+00:00,18.93,28.83,20.18,46.77,25,40,Rome,,41.9028,12.4964,21,
2024-06-10T21:00:00+00:00,20.2,27.67,22.36,43.48,25,40,Rome,,41.9028,12.4964,21,
2024-06-10T22:00:00+00:00,16.34,21.91,21.93,46.97,25,40,Rome,,41.9028,12.4964,21,
2024-06-10T23:00:00+00:00,19.73,30.58,23.19,45.12,25,40,Rome,,41.9028,12.4964,21,
2024-06-11T00:00:00+00:00,16.81,21.48,23.18,62.58,25,40,Rome,,41.9028,12.4964,21,
2024-06-11T01:00:00+00:00,21.21,24.9,23.74,57.64,25,40,Rome,,41.9028,12.4964,21,
2024-06-11T02:00:00+00:00,17.77,27.85,26.72,62.45,25,40,Rome,,41.9028,12.4964,21,
2024-06-11T03:00:00+00:00,20.84,31.25,27.47,59.86,25,40,Rome,,41.9028,12.4964,21,
2024-06-11T04:00:00+00:00,16.71,20.34,27.87,55.85,25,40,Rome,,41.9028,12.4964,21,
2024-06-11T05:00:00+00:00,17.98,25.36,26.82,61.28,25,40,Rome,,41.9028,12.4964,21,
2024-06-11T06:00:00+00:00,19.41,28.98,28.11,65.52,25,40,Rome,,41.9028,12.4964,21,
2024-06-11T07:00:00+00:00,20.05,29.18,28.5,67.9,25,40,Rome,,41.9028,12.4964,21,
2024-06-11T08:00:00+00:00,16.43,25.73,28.33,60.86,25,40,Rome,,41.9028,12.4964,21,
2024-06-11T09:00:00+00:00,18.47,23.48,27.07,58.16,25,40,Rome,,41.9028,12.4964,21,
2024-06-11T10:00:00+00:00,18.25,21.85,26.53,66.27,25,40,Rome,,41.9028,12.4964,21,
2024-06-11T11:00:00+00:00,16.12,22.64,26.34,55.63,25,40,Rome,,41.9028,12.4964,21,
2024-06-11T12:00:00+00:00,15.36,24.44,25.39,49.32,25,40,Rome,,41.9028,12.4964,21,
2024-06-11T13:00:00+00:00,18.72,22.74,24.34,55.87,25,40,Rome,,41.9028,12.4964,21,
2024-06-11T14:00:00+00:00,17.39,24.66,21.17,45.29,25,40,Rome,,41.9028,12.4964,21,
2024-06-11T15:00:00+00:00,20.31,28.21,20.93,45.72,25,40,Rome,,41.9028,12.4964,21,
2024-06-11T16:00:00+00:00,18.09,28.0,20.08,43.54,25,40,Rome,,41.9028,12.4964,21,
2024-06-11T17:00:00+00:00,18.55,21.33,18.95,40.8,25,40,Rome,,41.9028,12.4964,21,
2024-06-11T18:00:00+00:00,17.98,26.07,20.19,43.83,25,40,Rome,,41.9028,12.4964,21,
2024-06-11T19:00:00+00:00,18.55,26.06,19.11,50.6,25,40,Rome,,41.9028,12.4964,21,
2024-06-11T20:00:00+00:00,19.55,29.78,20.3,38.42,25,40,Rome,,41.9028,12.4964,21,
2024-06-11T21:00:00+00:00,18.37,23.01,20.12,40.95,25,40,Rome,,41.9028,12.4964,21,
2024-06-11T22:00:00+00:00,15.72,17.25,22.47,49.6,25,40,Rome,,41.9028,12.4964,21,
2024-06-11T23:00:00+00:00,21.08,25.96,22.73,52.34,25,40,Rome,,41.9028,12.4964,21,
2024-06-12T00:00:00+00:00,16.78,24.37,24.1,59.44,25,40,Rome,,41.9028,12.4964,21,
2024-06-12T01:00:00+00:00,19.91,25.8,25.61,61.92,25,40,Rome,,41.9028,12.4964,21,
2024-06-12T02:00:00+00:00,17.13,21.72,26.79,55.37,25,40,Rome,,41.9028,12.4964,21,
2024-06-12T03:00:00+00:00,18.13,21.17,26.92,61.34,25,40,Rome,,41.9028,12.4964,21,
2024-06-12T04:00:00+00:00,21.21,26.76,27.2,63.69,25,40,Rome,,41.9028,12.4964,21,
2024-06-12T05:00:00+00:00,19.38,24.47,28.95,68.76,25,40,Rome,,41.9028,12.4964,21,
2024-06-12T06:00:00+00:00,21.68,28.5,27.71,66.02,25,40,Rome,,41.9028,12.4964,21,
2024-06-12T07:00:00+00:00,20.01,25.69,27.89,69.65,25,40,Rome,,41.9028,12.4964,21,
2024-06-12T08:00:00+00:00,18.56,25.08,27.73,55.73,25,40,Rome,,41.9028,12.4964,21,
2024-06-12T09:00:00+00:00,20.39,27.86,26.46,67.44,25,40,Rome,,41.9028,12.4964,21,
2024-06-12T10:00:00+00:00,22.48,32.4,24.8,64.74,25,40,Rome,,41.9028,12.4964,21,
2024-06-12T11:00:00+00:00,18.1,26.8,24.53,56.36,25,40,Rome,,41.9028,12.4964,21,
2024-06-12T12:00:00+00:00,21.29,31.97,24.51,57.49,25,40,Rome,,41.9028,12.4964,21,
2024-06-12T13:00:00+00:00,19.81,26.41,23.63,46.79,25,40,Rome,,41.9028,12.4964,21,
2024-06-12T14:00:00+00:00,15.59,24.89,20.63,46.01,25,40,Rome,,41.9028,12.4964,21,
2024-06-12T15:00:00+00:00,17.12,25.81,21.26,53.42,25,40,Rome,,41.9028,12.4964,21,
2024-06-12T16:00:00+00:00,18.35,22.11,19.41,42.23,25,40,Rome,,41.9028,12.4964,21,
2024-06-12T17:00:00+00:00,21.11,25.41,19.33,42.49,25,40,Rome,,41.9028,12.4964,21,
2024-06-12T18:00:00+00:00,20.2,26.74,19.88,43.81,25,40,Rome,,41.9028,12.4964,21,
2024-06-12T19:00:00+00:00,17.78,20.53,20.62,41.95,25,40,Rome,,41.9028,12.4964,21,
2024-06-12T20:00:00+00:00,15.74,22.63,20.22,42.17,25,40,Rome,,41.9028,12.4964,21,
2024-06-12T21:00:00+00:00,20.69,25.4,22.38,42.66,25,40,Rome,,41.9028,12.4964,21,
2024-06-12T22:00:00+00:00,16.0,18.97,21.05,47.44,25,40,Rome,,41.9028,12.4964,21,
2024-06-12T23:00:00+00:00,17.72,26.2,23.7,54.33,25,40,Rome,,41.9028,12.4964,21,
2024-06-13T00:00:00+00:00,17.05,25.99,23.55,52.65,25,40,Rome,,41.9028,12.4964,21,
2024-06-13T01:00:00+00:00,21.28,26.41,24.53,50.53,25,40,Rome,,41.9028,12.4964,21,
2024-06-13T02:00:00+00:00,18.25,26.48,26.49,62.46,25,40,Rome,,41.9028,12.4964,21,
2024-06-13T03:00:00+00:00,20.94,26.66,26.75,59.41,25,40,Rome,,41.9028,12.4964,21,
2024-06-13T04:00:00+00:00,18.7,28.59,27.85,59.07,25,40,Rome,,41.9028,12.4964,21,
2024-06-13T05:00:00+00:00,19.32,27.64,28.53,62.82,25,40,Rome,,41.9028,12.4964,21,
2024-06-13T06:00:00+00:00,16.86,23.86,27.32,58.1,25,40,Rome,,41.9028,12.4964,21,
2024-06-13T07:00:00+00:00,16.04,21.34,26.85,59.47,25,40,Rome,,41.9028,12.4964,21,
2024-06-13T08:00:00+00:00,19.94,29.27,28.45,62.45,25,40,Rome,,41.9028,12.4964,21,
2024-06-13T09:00:00+00:00,20.77,26.71,25.64,68.9,25,40,Rome,,41.9028,12.4964,21,
2024-06-13T10:00:00+00:00,16.58,24.96,25.17,56.59,25,40,Rome,,41.9028,12.4964,21,
2024-06-13T11:00:00+00:00,20.13,30.41,26.26,52.33,25,40,Rome,,41.9028,12.4964,21,
2024-06-13T12:00:00+00:00,17.63,24.57,23.72,52.26,25,40,Rome,,41.9028,12.4964,21,
2024-06-13T13:00:00+00:00,17.93,21.63,23.14,49.68,25,40,Rome,,41.9028,12.4964,21,
2024-06-13T14:00:00+00:00,20.04,25.61,20.65,56.56,25,40,Rome,,41.9028,12.4964,21,
2024-06-13T15:00:00+00:00,19.94,25.65,21.67,53.81,25,40,Rome,,41.9028,12.4964,21,
2024-06-13T16:00:00+00:00,16.68,20.46,20.08,53.4,25,40,Rome,,41.9028,12.4964,21,
2024-06-13T17:00:00+00:00,20.46,26.79,20.52,45.6,25,40,Rome,,41.9028,12.4964,21,
2024-06-13T18:00:00+00:00,20.91,29.91,21.05,49.07,25,40,Rome,,41.9028,12.4964,21,
2024-06-13T19:00:00+00:00,15.91,25.07,19.28,40.92,25,40,Rome,,41.9028,12.4964,21,
2024-06-13T20:00:00+00:00,17.42,24.0,21.92,50.26,25,40,Rome,,41.9028,12.4964,21,
2024-06-13T21:00:00+00:00,19.23,26.3,22.1,47.21,25,40,Rome,,41.9028,12.4964,21,
2024-06-13T22:00:00+00:00,20.1,30.71,21.68,46.32,25,40,Rome,,41.9028,12.4964,21,
2024-06-13T23:00:00+00:00,20.99,25.0,23.63,50.26,25,40,Rome,,41.9028,12.4964,21,
2024-06-14T00:00:00+00:00,18.87,28.56,24.19,56.22,25,40,Rome,,41.9028,12.4964,21,
2024-06-14T01:00:00+00:00,17.33,23.59,25.73,65.32,25,40,Rome,,41.9028,12.4964,21,
2024-06-14T02:00:00+00:00,22.6,29.78,25.92,67.19,25,40,Rome,,41.9028,12.4964,21,
2024-06-14T03:00:00+00:00,20.77,29.94,25.77,67.58,25,40,Rome,,41.9028,12.4964,21,
2024-06-14T04:00:00+00:00,21.81,30.07,28.43,69.7,25,40,Rome,,41.9028,12.4964,21,
2024-06-14T05:00:00+00:00,19.06,26.75,26.42,62.09,25,40,Rome,,41.9028,12.4964,21,
2024-06-14T06:00:00+00:00,17.76,21.89,28.23,65.02,25,40,Rome,,41.9028,12.4964,21,
2024-06-14T07:00:00+00:00,20.14,23.39,27.6,58.44,25,40,Rome,,41.9028,12.4964,21,
2024-06-14T08:00:00+00:00,21.07,29.42,26.81,68.65,25,40,Rome,,41.9028,12.4964,21,
2024-06-14T09:00:00+00:00,20.54,30.41,27.23,63.95,25,40,Rome,,41.9028,12.4964,21,
2024-06-14T10:00:00+00:00,16.55,20.5,26.73,59.62,25,40,Rome,,41.9028,12.4964,21,
2024-06-14T11:00:00+00:00,15.4,17.46,23.64,49.91,25,40,Rome,,41.9028,12.4964,21,
2024-06-14T12:00:00+00:00,18.31,21.85,25.3,49.48,25,40,Rome,,41.9028,12.4964,21,
2024-06-14T13:00:00+00:00,17.62,19.81,24.25,58.6,25,40,Rome,,41.9028,12.4964,21,
2024-06-14T14:00:00+00:00,16.82,24.47,22.08,49.12,25,40,Rome,,41.9028,12.4964,21,
2024-06-14T15:00:00+00:00,18.28,26.24,20.88,42.07,25,40,Rome,,41.9028,12.4964,21,
2024-06-14T16:00:00+00:00,21.16,28.79,19.63,43.89,25,40,Rome,,41.9028,12.4964,21,
2024-06-14T17:00:00+00:00,16.81,20.54,21.58,40.29,25,40,Rome,,41.9028,12.4964,21,
2024-06-14T18:00:00+00:00,15.1,23.35,18.83,39.66,25,40,Rome,,41.9028,12.4964,21,
2024-06-14T19:00:00+00:00,17.88,21.37,19.29,39.62,25,40,Rome,,41.9028,12.4964,21,
2024-06-14T20:00:00+00:00,18.45,28.55,21.12,50.75,25,40,Rome,,41.9028,12.4964,21,
2024-06-14T21:00:00+00:00,19.65,22.66,20.38,46.65,25,40,Rome,,41.9028,12.4964,21,
2024-06-14T22:00:00+00:00,18.9,28.14,20.52,55.88,25,40,Rome,,41.9028,12.4964,21,
2024-06-14T23:00:00+00:00,17.71,24.17,22.78,45.93,25,40,Rome,,41.9028,12.4964,21,
2024-06-15T00:00:00+00:00,18.19,21.19,22.63,55.95,25,40,Rome,,41.9028,12.4964,21,
2024-06-15T01:00:00+00:00,16.73,25.59,26.17,57.61,25,40,Rome,,41.9028,12.4964,21,
2024-06-15T02:00:00+00:00,19.58,25.45,26.71,62.6,25,40,Rome,,41.9028,12.4964,21,
2024-06-15T03:00:00+00:00,16.88,26.68,27.49,65.79,25,40,Rome,,41.9028,12.4964,21,
2024-06-15T04:00:00+00:00,21.12,27.95,28.66,68.42,25,40,Rome,,41.9028,12.4964,21,
2024-06-15T05:00:00+00:00,21.43,32.32,28.66,64.49,25,40,Rome,,41.9028,12.4964,21,
2024-06-15T06:00:00+00:00,20.05,27.68,27.3,68.78,25,40,Rome,,41.9028,12.4964,21,
2024-06-15T07:00:00+00:00,17.32,26.16,26.53,72.37,25,40,Rome,,41.9028,12.4964,21,
2024-06-15T08:00:00+00:00,22.05,29.24,28.75,70.26,25,40,Rome,,41.9028,12.4964,21,
2024-06-15T09:00:00+00:00,17.46,27.29,26.56,58.0,25,40,Rome,,41.9028,12.4964,21,
2024-06-15T10:00:00+00:00,21.7,27.19,26.89,66.01,25,40,Rome,,41.9028,12.4964,21,
2024-06-15T11:00:00+00:00,17.43,21.23,25.48,65.48,25,40,Rome,,41.9028,12.4964,21,
2024-06-15T12:00:00+00:00,19.61,23.04,22.66,54.47,25,40,Rome,,41.9028,12.4964,21,
2024-06-15T13:00:00+00:00,16.96,22.54,23.82,58.19,25,40,Rome,,41.9028,12.4964,21,
2024-06-15T14:00:00+00:00,19.91,29.8,23.43,54.34,25,40,Rome,,41.9028,12.4964,21,
2024-06-15T15:00:00+00:00,19.75,28.63,20.0,43.42,25,40,Rome,,41.9028,12.4964,21,
2024-06-15T16:00:00+00:00,18.31,23.89,19.25,49.1,25,40,Rome,,41.9028,12.4964,21,
2024-06-15T17:00:00+00:00,17.37,26.12,19.9,46.28,25,40,Rome,,41.9028,12.4964,21,
2024-06-15T18:00:00+00:00,18.39,23.03,20.44,48.64,25,40,Rome,,41.9028,12.4964,21,
2024-06-15T19:00:00+00:00,21.4,27.07,21.51,49.55,25,40,Rome,,41.9028,12.4964,21,
2024-06-15T20:00:00+00:00,17.59,22.82,20.17,52.76,25,40,Rome,,41.9028,12.4964,21,
2024-06-15T21:00:00+00:00,19.22,27.23,21.63,39.94,25,40,Rome,,41.9028,12.4964,21,
2024-06-15T22:00:00+00:00,20.76,28.53,21.11,45.34,25,40,Rome,,41.9028,12.4964,21,
2024-06-15T23:00:00+00:00,15.7,21.86,22.58,47.44,25,40,Rome,,41.9028,12.4964,21,
2024-06-16T00:00:00+00:00,19.21,23.49,22.95,47.73,25,40,Rome,,41.9028,12.4964,21,
2024-06-16T01:00:00+00:00,21.67,27.95,26.11,63.48,25,40,Rome,,41.9028,12.4964,21,
2024-06-16T02:00:00+00:00,19.22,24.58,26.95,64.3,25,40,Rome,,41.9028,12.4964,21,
2024-06-16T03:00:00+00:00,19.25,26.6,26.91,67.76,25,40,Rome,,41.9028,12.4964,21,
2024-06-16T04:00:00+00:00,21.39,25.87,28.34,68.68,25,40,Rome,,41.9028,12.4964,21,
2024-06-16T05:00:00+00:00,17.98,27.73,27.81,64.44,25,40,Rome,,41.9028,12.4964,21,
2024-06-16T06:00:00+00:00,17.53,25.89,27.53,69.3,25,40,Rome,,41.9028,12.4964,21,
2024-06-16T07:00:00+00:00,19.81,23.92,27.82,70.96,25,40,Rome,,41.9028,12.4964,21,
2024-06-16T08:00:00+00:00,17.68,23.96,28.79,65.78,25,40,Rome,,41.9028,12.4964,21,
2024-06-16T09:00:00+00:00,16.79,25.56,25.68,54.71,25,40,Rome,,41.9028,12.4964,21,
2024-06-16T10:00:00+00:00,18.98,22.09,26.59,54.85,25,40,Rome,,41.9028,12.4964,21,
2024-06-16T11:00:00+00:00,15.73,19.85,26.3,51.19,25,40,Rome,,41.9028,12.4964,21,
2024-06-16T12:00:00+00:00,17.28,25.84,25.24,47.95,25,40,Rome,,41.9028,12.4964,21,
2024-06-16T13:00:00+00:00,19.89,30.73,22.56,50.19,25,40,Rome,,41.9028,12.4964,21,
2024-06-16T14:00:00+00:00,16.88,21.31,22.5,43.81,25,40,Rome,,41.9028,12.4964,21,
2024-06-16T15:00:00+00:00,15.5,22.47,22.33,53.07,25,40,Rome,,41.9028,12.4964,21,
2024-06-16T16:00:00+00:00,16.69,20.36,20.95,43.54,25,40,Rome,,41.9028,12.4964,21,
2024-06-16T17:00:00+00:00,20.47,30.55,20.93,43.04,25,40,Rome,,41.9028,12.4964,21,
2024-06-16T18:00:00+00:00,18.28,20.95,20.71,51.87,25,40,Rome,,41.9028,12.4964,21,
2024-06-16T19:00:00+00:00,18.7,22.98,19.98,43.39,25,40,Rome,,41.9028,12.4964,21,
2024-06-16T20:00:00+00:00,16.92,25.42,20.16,44.48,25,40,Rome,,41.9028,12.4964,21,
2024-06-16T21:00:00+00:00,19.05,23.15,21.31,54.12,25,40,Rome,,41.9028,12.4964,21,
2024-06-16T22:00:00+00:00,16.15,22.57,22.28,46.11,25,40,Rome,,41.9028,12.4964,21,
2024-06-16T23:00:00+00:00,19.0,24.87,24.46,54.52,25,40,Rome,,41.9028,12.4964,21,
2024-06-17T00:00:00+00:00,18.93,26.68,24.12,56.54,25,40,Rome,,41.9028,12.4964,21,
2024-06-17T01:00:00+00:00,16.42,18.8,24.47,64.58,25,40,Rome,,41.9028,12.4964,21,
2024-06-17T02:00:00+00:00,19.8,29.77,27.16,53.92,25,40,Rome,,41.9028,12.4964,21,
2024-06-17T03:00:00+00:00,21.65,27.5,27.22,57.96,25,40,Rome,,41.9028,12.4964,21,
2024-06-17T04:00:00+00:00,20.6,31.41,26.24,65.74,25,40,Rome,,41.9028,12.4964,21,
2024-06-17T05:00:00+00:00,17.49,25.33,26.5,70.58,25,40,Rome,,41.9028,12.4964,21,
2024-06-17T06:00:00+00:00,16.61,19.35,28.38,57.48,25,40,Rome,,41.9028,12.4964,21,
2024-06-17T07:00:00+00:00,21.88,30.01,28.74,63.39,25,40,Rome,,41.9028,12.4964,21,
2024-06-17T08:00:00+00:00,20.13,29.71,26.39,70.75,25,40,Rome,,41.9028,12.4964,21,
2024-06-17T09:00:00+00:00,20.04,26.12,27.93,64.5,25,40,Rome,,41.9028,12.4964,21,
2024-06-17T10:00:00+00:00,20.57,27.76,26.32,59.96,25,40,Rome,,41.9028,12.4964,21,
2024-06-17T11:00:00+00:00,19.28,27.15,23.56,55.31,25,40,Rome,,41.9028,12.4964,21,
2024-06-17T12:00:00+00:00,21.3,27.21,25.41,62.77,25,40,Rome,,41.9028,12.4964,21,
2024-06-17T13:00:00+00:00,19.8,24.88,21.9,60.32,25,40,Rome,,41.9028,12.4964,21,
2024-06-17T14:00:00+00:00,15.91,25.33,23.29,56.49,25,40,Rome,,41.9028,12.4964,21,
2024-06-17T15:00:00+00:00,16.23,25.4,19.99,42.4,25,40,Rome,,41.9028,12.4964,21,
2024-06-17T16:00:00+00:00,21.13,29.08,21.36,48.36,25,40,Rome,,41.9028,12.4964,21,
2024-06-17T17:00:00+00:00,17.34,24.15,19.6,44.65,25,40,Rome,,41.9028,12.4964,21,
2024-06-17T18:00:00+00:00,17.42,26.3,19.91,45.64,25,40,Rome,,41.9028,12.4964,21,
2024-06-17T19:00:00+00:00,18.48,24.37,21.22,41.02,25,40,Rome,,41.9028,12.4964,21,
2024-06-17T20:00:00+00:00,18.69,26.24,20.86,52.05,25,40,Rome,,41.9028,12.4964,21,
2024-06-17T21:00:00+00:00,19.28,26.75,21.13,47.75,25,40,Rome,,41.9028,12.4964,21,
2024-06-17T22:00:00+00:00,19.2,28.71,20.77,55.66,25,40,Rome,,41.9028,12.4964,21,
2024-06-17T23:00:00+00:00,19.79,27.58,23.04,49.07,25,40,Rome,,41.9028,12.4964,21,
2024-06-18T00:00:00+00:00,15.07,19.19,24.5,51.4,25,40,Rome,,41.9028,12.4964,21,
2024-06-18T01:00:00+00:00,17.25,20.41,26.4,61.62,25,40,Rome,,41.9028,12.4964,21,
2024-06-18T02:00:00+00:00,21.23,25.83,24.63,60.14,25,40,Rome,,41.9028,12.4964,21,
2024-06-18T03:00:00+00:00,18.74,24.2,25.94,61.67,25,40,Rome,,41.9028,12.4964,21,
2024-06-18T04:00:00+00:00,16.33,25.56,28.43,66.66,25,40,Rome,,41.9028,12.4964,21,
2024-06-18T05:00:00+00:00,19.97,26.25,28.11,62.92,25,40,Rome,,41.9028,12.4964,21,
2024-06-18T06:00:00+00:00,19.1,25.76,28.74,72.56,25,40,Rome,,41.9028,12.4964,21,
2024-06-18T07:00:00+00:00,16.22,20.79,27.5,59.43,25,40,Rome,,41.9028,12.4964,21,
2024-06-18T08:00:00+00:00,18.13,20.73,26.33,67.09,25,40,Rome,,41.9028,12.4964,21,
2024-06-18T09:00:00+00:00,18.73,26.27,28.01,67.17,25,40,Rome,,41.9028,12.4964,21,
2024-06-18T10:00:00+00:00,17.99,28.11,25.5,56.8,25,40,Rome,,41.9028,12.4964,21,
2024-06-18T11:00:00+00:00,15.99,24.23,26.01,53.42,25,40,Rome,,41.9028,12.4964,21,
2024-06-18T12:00:00+00:00,17.9,27.16,24.91,62.65,25,40,Rome,,41.9028,12.4964,21,
2024-06-18T13:00:00+00:00,21.08,28.25,21.97,59.79,25,40,Rome,,41.9028,12.4964,21,
2024-06-18T14:00:00+00:00,20.7,26.91,20.81,49.61,25,40,Rome,,41.9028,12.4964,21,
2024-06-18T15:00:00+00:00,16.62,18.46,19.93,42.23,25,40,Rome,,41.9028,12.4964,21,
2024-06-18T16:00:00+00:00,21.44,25.52,19.24,53.16,25,40,Rome,,41.9028,12.4964,21,
2024-06-18T17:00:00+00:00,18.58,23.38,21.11,47.22,25,40,Rome,,41.9028,12.4964,21,
2024-06-18T18:00:00+00:00,19.25,29.19,18.59,44.66,25,40,Rome,,41.9028,12.4964,21,
2024-06-18T19:00:00+00:00,19.9,28.75,20.24,38.86,25,40,Rome,,41.9028,12.4964,21,
2024-06-18T20:00:00+00:00,19.35,22.51,20.46,43.09,25,40,Rome,,41.9028,12.4964,21,
2024-06-18T21:00:00+00:00,15.32,24.15,22.24,41.1,25,40,Rome,,41.9028,12.4964,21,
2024-06-18T22:00:00+00:00,15.94,18.34,21.93,44.88,25,40,Rome,,41.9028,12.4964,21,
2024-06-18T23:00:00+00:00,16.86,19.66,23.53,49.69,25,40,Rome,,41.9028,12.4964,21,
2024-06-19T00:00:00+00:00,18.93,29.54,22.6,61.71,25,40,Rome,,41.9028,12.4964,21,
2024-06-19T01:00:00+00:00,15.41,20.31,25.75,55.64,25,40,Rome,,41.9028,12.4964,21,
2024-06-19T02:00:00+00:00,19.42,28.32,25.49,62.21,25,40,Rome,,41.9028,12.4964,21,
2024-06-19T03:00:00+00:00,20.59,28.12,26.22,63.72,25,40,Rome,,41.9028,12.4964,21,
2024-06-19T04:00:00+00:00,21.6,27.31,27.29,57.89,25,40,Rome,,41.9028,12.4964,21,
2024-06-19T05:00:00+00:00,22.77,34.38,28.68,71.57,25,40,Rome,,41.9028,12.4964,21,
2024-06-19T06:00:00+00:00,17.46,20.63,27.36,60.2,25,40,Rome,,41.9028,12.4964,21,
2024-06-19T07:00:00+00:00,18.16,24.57,26.88,67.11,25,40,Rome,,41.9028,12.4964,21,
2024-06-19T08:00:00+00:00,19.03,26.3,28.11,60.83,25,40,Rome,,41.9028,12.4964,21,
2024-06-19T09:00:00+00:00,20.42,27.28,26.63,54.4,25,40,Rome,,41.9028,12.4964,21,
2024-06-19T10:00:00+00:00,17.81,23.27,25.96,62.03,25,40,Rome,,41.9028,12.4964,21,
2024-06-19T11:00:00+00:00,19.02,27.09,25.33,61.25,25,40,Rome,,41.9028,12.4964,21,
2024-06-19T12:00:00+00:00,17.86,20.44,25.23,53.26,25,40,Rome,,41.9028,12.4964,21,
2024-06-19T13:00:00+00:00,16.9,26.4,22.25,55.33,25,40,Rome,,41.9028,12.4964,21,
2024-06-19T14:00:00+00:00,15.31,23.52,22.69,42.59,25,40,Rome,,41.9028,12.4964,21,
2024-06-19T15:00:00+00:00,15.6,18.34,19.98,50.45,25,40,Rome,,41.9028,12.4964,21,
2024-06-19T16:00:00+00:00,18.27,21.75,21.79,43.69,25,40,Rome,,41.9028,12.4964,21,
2024-06-19T17:00:00+00:00,14.99,19.48,19.29,44.28,25,40,Rome,,41.9028,12.4964,21,
2024-06-19T18:00:00+00:00,21.45,26.62,18.69,49.23,25,40,Rome,,41.9028,12.4964,21,
2024-06-19T19:00:00+00:00,19.72,29.2,20.47,37.54,25,40,Rome,,41.9028,12.4964,21,
2024-06-19T20:00:00+00:00,16.9,18.92,20.37,44.96,25,40,Rome,,41.9028,12.4964,21,
2024-06-19T21:00:00+00:00,18.39,28.31,20.34,54.55,25,40,Rome,,41.9028,12.4964,21,
2024-06-19T22:00:00+00:00,19.92,26.13,23.48,47.69,25,40,Rome,,41.9028,12.4964,21,
2024-06-19T23:00:00+00:00,17.65,24.56,22.77,51.8,25,40,Rome,,41.9028,12.4964,21,
2024-06-20T00:00:00+00:00,20.23,29.78,24.35,53.89,25,40,Rome,,41.9028,12.4964,21,
2024-06-20T01:00:00+00:00,17.31,20.11,23.83,59.37,25,40,Rome,,41.9028,12.4964,21,
2024-06-20T02:00:00+00:00,16.13,19.89,26.96,58.08,25,40,Rome,,41.9028,12.4964,21,
2024-06-20T03:00:00+00:00,19.91,25.18,26.03,62.2,25,40,Rome,,41.9028,12.4964,21,
2024-06-20T04:00:00+00:00,22.06,32.06,26.25,64.86,25,40,Rome,,41.9028,12.4964,21,
2024-06-20T05:00:00+00:00,18.88,24.98,27.62,58.06,25,40,Rome,,41.9028,12.4964,21,
2024-06-20T06:00:00+00:00,21.59,28.54,27.36,61.7,25,40,Rome,,41.9028,12.4964,21,
2024-06-20T07:00:00+00:00,17.75,22.24,27.42,67.41,25,40,Rome,,41.9028,12.4964,21,
2024-06-20T08:00:00+00:00,19.94,28.28,28.37,68.35,25,40,Rome,,41.9028,12.4964,21,
2024-06-20T09:00:00+00:00,17.05,19.31,27.78,69.97,25,40,Rome,,41.9028,12.4964,21,
2024-06-20T10:00:00+00:00,21.29,31.6,24.62,53.76,25,40,Rome,,41.9028,12.4964,21,
2024-06-20T11:00:00+00:00,21.2,32.59,26.15,61.12,25,40,Rome,,41.9028,12.4964,21,
2024-06-20T12:00:00+00:00,20.59,28.18,25.46,58.63,25,40,Rome,,41.9028,12.4964,21,
2024-06-20T13:00:00+00:00,16.54,24.34,23.95,45.7,25,40,Rome,,41.9028,12.4964,21,
2024-06-20T14:00:00+00:00,20.51,25.46,22.78,46.07,25,40,Rome,,41.9028,12.4964,21,
2024-06-20T15:00:00+00:00,18.57,21.99,19.84,54.57,25,40,Rome,,41.9028,12.4964,21,
2024-06-20T16:00:00+00:00,18.55,26.26,19.44,45.11,25,40,Rome,,41.9028,12.4964,21,
2024-06-20T17:00:00+00:00,21.35,31.59,21.37,52.77,25,40,Rome,,41.9028,12.4964,21,
2024-06-20T18:00:00+00:00,21.22,30.94,20.93,52.01,25,40,Rome,,41.9028,12.4964,21,
2024-06-20T19:00:00+00:00,20.98,30.7,21.49,50.63,25,40,Rome,,41.9028,12.4964,21,
2024-06-20T20:00:00+00:00,16.68,23.9,20.03,44.34,25,40,Rome,,41.9028,12.4964,21,
2024-06-20T21:00:00+00:00,21.57,32.47,21.55,54.24,25,40,Rome,,41.9028,12.4964,21,
2024-06-20T22:00:00+00:00,18.82,24.37,20.73,52.97,25,40,Rome,,41.9028,12.4964,21,
2024-06-20T23:00:00+00:00,20.76,24.98,23.95,48.1,25,40,Rome,,41.9028,12.4964,21,
2024-06-21T00:00:00+00:00,19.85,27.71,24.09,61.79,25,40,Rome,,41.9028,12.4964,21,
2024-06-21T01:00:00+00:00,18.03,20.48,23.89,65.13,25,40,Rome,,41.9028,12.4964,21,
2024-06-21T02:00:00+00:00,20.96,31.21,25.73,58.75,25,40,Rome,,41.9028,12.4964,21,
2024-06-21T03:00:00+00:00,20.57,27.49,27.37,57.74,25,40,Rome,,41.9028,12.4964,21,
2024-06-21T04:00:00+00:00,21.17,24.97,26.62,61.18,25,40,Rome,,41.9028,12.4964,21,
2024-06-21T05:00:00+00:00,19.59,28.75,28.37,61.52,25,40,Rome,,41.9028,12.4964,21,
2024-06-21T06:00:00+00:00,20.69,25.84,28.94,68.46,25,40,Rome,,41.9028,12.4964,21,
2024-06-21T07:00:00+00:00,19.86,24.4,27.76,61.35,25,40,Rome,,41.9028,12.4964,21,
2024-06-21T08:00:00+00:00,22.39,30.36,26.07,68.06,25,40,Rome,,41.9028,12.4964,21,
2024-06-21T09:00:00+00:00,17.08,21.27,25.7,63.64,25,40,Rome,,41.9028,12.4964,21,
2024-06-21T10:00:00+00:00,16.83,20.1,25.67,63.69,25,40,Rome,,41.9028,12.4964,21,
2024-06-21T11:00:00+00:00,17.7,25.0,23.79,57.37,25,40,Rome,,41.9028,12.4964,21,
2024-06-21T12:00:00+00:00,20.33,23.99,24.65,49.36,25,40,Rome,,41.9028,12.4964,21,
2024-06-21T13:00:00+00:00,21.91,32.65,21.62,57.22,25,40,Rome,,41.9028,12.4964,21,
2024-06-21T14:00:00+00:00,16.66,22.37,23.31,50.02,25,40,Rome,,41.9028,12.4964,21,
2024-06-21T15:00:00+00:00,19.22,25.08,21.57,41.46,25,40,Rome,,41.9028,12.4964,21,
2024-06-21T16:00:00+00:00,17.45,22.29,21.44,52.88,25,40,Rome,,41.9028,12.4964,21,
2024-06-21T17:00:00+00:00,18.22,25.94,20.41,43.71,25,40,Rome,,41.9028,12.4964,21,
2024-06-21T18:00:00+00:00,15.55,21.65,20.59,38.35,25,40,Rome,,41.9028,12.4964,21,
2024-06-21T19:00:00+00:00,16.83,21.88,19.07,46.05,25,40,Rome,,41.9028,12.4964,21,
2024-06-21T20:00:00+00:00,17.97,23.1,19.08,45.55,25,40,Rome,,41.9028,12.4964,21,
2024-06-21T21:00:00+00:00,16.84,19.44,20.69,51.54,25,40,Rome,,41.9028,12.4964,21,
2024-06-21T22:00:00+00:00,15.79,19.98,22.87,56.55,25,40,Rome,,41.9028,12.4964,21,
2024-06-21T23:00:00+00:00,16.8,21.92,22.46,59.09,25,40,Rome,,41.9028,12.4964,21,
2024-06-22T00:00:00+00:00,16.79,20.04,23.39,55.36,25,40,Rome,,41.9028,12.4964,21,
2024-06-22T01:00:00+00:00,21.42,28.16,23.96,52.18,25,40,Rome,,41.9028,12.4964,21,
2024-06-22T02:00:00+00:00,17.67,20.61,26.04,60.51,25,40,Rome,,41.9028,12.4964,21,
2024-06-22T03:00:00+00:00,15.26,23.18,26.77,54.51,25,40,Rome,,41.9028,12.4964,21,
2024-06-22T04:00:00+00:00,17.32,22.7,26.78,62.54,25,40,Rome,,41.9028,12.4964,21,
2024-06-22T05:00:00+00:00,19.4,24.51,27.31,56.84,25,40,Rome,,41.9028,12.4964,21,
2024-06-22T06:00:00+00:00,15.95,22.96,28.87,63.21,25,40,Rome,,41.9028,12.4964,21,
2024-06-22T07:00:00+00:00,17.97,24.57,26.8,60.9,25,40,Rome,,41.9028,12.4964,21,
2024-06-22T08:00:00+00:00,20.25,27.55,27.45,63.52,25,40,Rome,,41.9028,12.4964,21,
2024-06-22T09:00:00+00:00,16.8,25.64,28.25,59.48,25,40,Rome,,41.9028,12.4964,21,
2024-06-22T10:00:00+00:00,20.12,23.46,26.59,66.0,25,40,Rome,,41.9028,12.4964,21,
2024-06-22T11:00:00+00:00,20.25,27.34,24.56,53.05,25,40,Rome,,41.9028,12.4964,21,
2024-06-22T12:00:00+00:00,18.09,26.06,24.14,50.64,25,40,Rome,,41.9028,12.4964,21,
2024-06-22T13:00:00+00:00,21.46,32.77,21.93,55.07,25,40,Rome,,41.9028,12.4964,21,
2024-06-22T14:00:00+00:00,16.79,21.1,21.46,53.74,25,40,Rome,,41.9028,12.4964,21,
2024-06-22T15:00:00+00:00,14.96,18.28,20.63,44.56,25,40,Rome,,41.9028,12.4964,21,
2024-06-22T16:00:00+00:00,18.62,26.86,21.6,43.55,25,40,Rome,,41.9028,12.4964,21,
2024-06-22T17:00:00+00:00,20.2,27.25,18.88,47.33,25,40,Rome,,41.9028,12.4964,21,
2024-06-22T18:00:00+00:00,17.02,24.54,20.45,45.61,25,40,Rome,,41.9028,12.4964,21,
2024-06-22T19:00:00+00:00,19.41,29.85,18.84,52.63,25,40,Rome,,41.9028,12.4964,21,
2024-06-22T20:00:00+00:00,20.59,31.37,20.43,49.23,25,40,Rome,,41.9028,12.4964,21,
2024-06-22T21:00:00+00:00,15.87,19.39,21.77,43.62,25,40,Rome,,41.9028,12.4964,21,
2024-06-22T22:00:00+00:00,20.36,31.41,23.43,43.32,25,40,Rome,,41.9028,12.4964,21,
2024-06-22T23:00:00+00:00,15.82,22.39,21.98,49.04,25,40,Rome,,41.9028,12.4964,21,
2024-06-23T00:00:00+00:00,18.48,21.75,23.61,50.04,25,40,Rome,,41.9028,12.4964,21,
2024-06-23T01:00:00+00:00,18.15,24.71,23.54,58.44,25,40,Rome,,41.9028,12.4964,21,
2024-06-23T02:00:00+00:00,17.63,22.94,24.84,59.73,25,40,Rome,,41.9028,12.4964,21,
2024-06-23T03:00:00+00:00,21.49,31.3,26.67,64.03,25,40,Rome,,41.9028,12.4964,21,
2024-06-23T04:00:00+00:00,21.8,32.84,26.68,62.33,25,40,Rome,,41.9028,12.4964,21,
2024-06-23T05:00:00+00:00,17.01,24.52,28.76,69.76,25,40,Rome,,41.9028,12.4964,21,
2024-06-23T06:00:00+00:00,16.94,26.79,27.2,69.0,25,40,Rome,,41.9028,12.4964,21,
2024-06-23T07:00:00+00:00,19.67,27.33,28.99,69.51,25,40,Rome,,41.9028,12.4964,21,
2024-06-23T08:00:00+00:00,17.19,20.32,27.34,64.87,25,40,Rome,,41.9028,12.4964,21,
2024-06-23T09:00:00+00:00,18.71,25.48,27.95,54.31,25,40,Rome,,41.9028,12.4964,21,
2024-06-23T10:00:00+00:00,21.94,29.67,25.17,60.47,25,40,Rome,,41.9028,12.4964,21,
2024-06-23T11:00:00+00:00,18.51,22.92,25.27,64.19,25,40,Rome,,41.9028,12.4964,21,
2024-06-23T12:00:00+00:00,19.2,28.39,23.8,56.82,25,40,Rome,,41.9028,12.4964,21,
2024-06-23T13:00:00+00:00,17.7,20.76,21.51,53.84,25,40,Rome,,41.9028,12.4964,21,
2024-06-23T14:00:00+00:00,19.34,25.78,22.93,48.02,25,40,Rome,,41.9028,12.4964,21,
2024-06-23T15:00:00+00:00,16.35,21.55,21.63,46.23,25,40,Rome,,41.9028,12.4964,21,
2024-06-23T16:00:00+00:00,17.6,20.06,19.53,51.63,25,40,Rome,,41.9028,12.4964,21,
2024-06-23T17:00:00+00:00,21.39,32.53,21.03,51.27,25,40,Rome,,41.9028,12.4964,21,
2024-06-23T18:00:00+00:00,19.83,25.55,21.48,37.73,25,40,Rome,,41.9028,12.4964,21,
2024-06-23T19:00:00+00:00,17.08,26.52,19.3,40.12,25,40,Rome,,41.9028,12.4964,21,
2024-06-23T20:00:00+00:00,17.02,24.01,20.07,43.77,25,40,Rome,,41.9028,12.4964,21,
2024-06-23T21:00:00+00:00,16.12,20.75,22.32,53.02,25,40,Rome,,41.9028,12.4964,21,
2024-06-23T22:00:00+00:00,16.85,24.49,20.71,57.01,25,40,Rome,,41.9028,12.4964,21,
2024-06-23T23:00:00+00:00,17.99,20.96,22.68,50.36,25,40,Rome,,41.9028,12.4964,21,
2024-06-24T00:00:00+00:00,16.59,18.5,24.0,57.39,25,40,Rome,,41.9028,12.4964,21,
2024-06-24T01:00:00+00:00,20.15,25.7,24.61,53.63,25,40,Rome,,41.9028,12.4964,21,
2024-06-24T02:00:00+00:00,21.05,32.41,25.62,58.19,25,40,Rome,,41.9028,12.4964,21,
2024-06-24T03:00:00+00:00,18.52,22.31,25.46,55.89,25,40,Rome,,41.9028,12.4964,21,
2024-06-24T04:00:00+00:00,17.44,21.25,28.37,65.26,25,40,Rome,,41.9028,12.4964,21,
2024-06-24T05:00:00+00:00,17.39,25.08,28.88,66.58,25,40,Rome,,41.9028,12.4964,21,
2024-06-24T06:00:00+00:00,18.91,27.49,27.26,70.55,25,40,Rome,,41.9028,12.4964,21,
2024-06-24T07:00:00+00:00,19.48,25.43,26.64,57.43,25,40,Rome,,41.9028,12.4964,21,
2024-06-24T08:00:00+00:00,18.91,27.9,26.17,64.28,25,40,Rome,,41.9028,12.4964,21,
2024-06-24T09:00:00+00:00,16.64,19.27,28.21,61.95,25,40,Rome,,41.9028,12.4964,21,
2024-06-24T10:00:00+00:00,15.8,22.99,26.3,54.32,25,40,Rome,,41.9028,12.4964,21,
2024-06-24T11:00:00+00:00,18.63,24.86,24.44,52.22,25,40,Rome,,41.9028,12.4964,21,
2024-06-24T12:00:00+00:00,22.13,26.61,24.92,62.34,25,40,Rome,,41.9028,12.4964,21,
2024-06-24T13:00:00+00:00,16.45,24.62,21.81,52.6,25,40,Rome,,41.9028,12.4964,21,
2024-06-24T14:00:00+00:00,16.85,23.28,22.85,54.24,25,40,Rome,,41.9028,12.4964,21,
2024-06-24T15:00:00+00:00,16.3,22.37,20.93,43.82,25,40,Rome,,41.9028,12.4964,21,
2024-06-24T16:00:00+00:00,19.36,24.55,21.56,44.72,25,40,Rome,,41.9028,12.4964,21,
2024-06-24T17:00:00+00:00,16.63,19.02,19.16,39.01,25,40,Rome,,41.9028,12.4964,21,
2024-06-24T18:00:00+00:00,21.17,31.34,19.06,43.41,25,40,Rome,,41.9028,12.4964,21,
2024-06-24T19:00:00+00:00,16.8,25.57,19.51,40.18,25,40,Rome,,41.9028,12.4964,21,
2024-06-24T20:00:00+00:00,18.28,22.85,19.71,47.99,25,40,Rome,,41.9028,12.4964,21,
2024-06-24T21:00:00+00:00,15.83,20.05,22.12,48.29,25,40,Rome,,41.9028,12.4964,21,
2024-06-24T22:00:00+00:00,18.93,21.63,22.01,56.62,25,40,Rome,,41.9028,12.4964,21,
2024-06-24T23:00:00+00:00,20.26,30.46,22.84,49.55,25,40,Rome,,41.9028,12.4964,21,
2024-06-25T00:00:00+00:00,15.3,22.22,23.75,48.13,25,40,Rome,,41.9028,12.4964,21,
2024-06-25T01:00:00+00:00,20.51,30.66,25.72,49.84,25,40,Rome,,41.9028,12.4964,21,
2024-06-25T02:00:00+00:00,22.22,29.75,26.1,67.78,25,40,Rome,,41.9028,12.4964,21,
2024-06-25T03:00:00+00:00,17.25,26.19,26.81,54.41,25,40,Rome,,41.9028,12.4964,21,
2024-06-25T04:00:00+00:00,22.54,33.73,27.72,68.8,25,40,Rome,,41.9028,12.4964,21,
2024-06-25T05:00:00+00:00,17.43,24.3,26.42,70.54,25,40,Rome,,41.9028,12.4964,21,
2024-06-25T06:00:00+00:00,15.9,18.56,29.21,58.04,25,40,Rome,,41.9028,12.4964,21,
2024-06-25T07:00:00+00:00,17.75,22.85,28.22,58.8,25,40,Rome,,41.9028,12.4964,21,
2024-06-25T08:00:00+00:00,15.5,18.33,27.48,57.21,25,40,Rome,,41.9028,12.4964,21,
2024-06-25T09:00:00+00:00,17.99,20.64,27.09,69.18,25,40,Rome,,41.9028,12.4964,21,
2024-06-25T10:00:00+00:00,19.35,27.24,25.5,65.38,25,40,Rome,,41.9028,12.4964,21,
2024-06-25T11:00:00+00:00,19.14,26.5,25.03,51.01,25,40,Rome,,41.9028,12.4964,21,
2024-06-25T12:00:00+00:00,18.83,28.19,24.85,57.6,25,40,Rome,,41.9028,12.4964,21,
2024-06-25T13:00:00+00:00,17.08,26.25,23.03,46.55,25,40,Rome,,41.9028,12.4964,21,
2024-06-25T14:00:00+00:00,16.33,19.8,23.23,51.54,25,40,Rome,,41.9028,12.4964,21,
2024-06-25T15:00:00+00:00,20.79,28.13,20.26,53.0,25,40,Rome,,41.9028,12.4964,21,
2024-06-25T16:00:00+00:00,18.09,27.82,19.8,50.22,25,40,Rome,,41.9028,12.4964,21,
2024-06-25T17:00:00+00:00,20.63,30.55,20.58,46.11,25,40,Rome,,41.9028,12.4964,21,
2024-06-25T18:00:00+00:00,18.92,23.72,19.67,47.83,25,40,Rome,,41.9028,12.4964,21,
2024-06-25T19:00:00+00:00,21.5,26.68,21.23,50.36,25,40,Rome,,41.9028,12.4964,21,
2024-06-25T20:00:00+00:00,14.96,18.24,21.2,42.19,25,40,Rome,,41.9028,12.4964,21,
2024-06-25T21:00:00+00:00,19.53,23.91,22.27,46.57,25,40,Rome,,41.9028,12.4964,21,
2024-06-25T22:00:00+00:00,18.9,28.62,23.08,57.4,25,40,Rome,,41.9028,12.4964,21,
2024-06-25T23:00:00+00:00,17.38,19.62,22.81,55.86,25,40,Rome,,41.9028,12.4964,21,
2024-06-26T00:00:00+00:00,15.76,19.02,24.46,54.98,25,40,Rome,,41.9028,12.4964,21,
2024-06-26T01:00:00+00:00,20.93,31.48,25.46,63.91,25,40,Rome,,41.9028,12.4964,21,
2024-06-26T02:00:00+00:00,21.39,27.73,25.26,61.6,25,40,Rome,,41.9028,12.4964,21,
2024-06-26T03:00:00+00:00,21.27,26.82,27.45,57.5,25,40,Rome,,41.9028,12.4964,21,
2024-06-26T04:00:00+00:00,20.4,27.19,26.34,68.26,25,40,Rome,,41.9028,12.4964,21,
2024-06-26T05:00:00+00:00,21.58,31.79,27.05,70.9,25,40,Rome,,41.9028,12.4964,21,
2024-06-26T06:00:00+00:00,22.44,33.7,28.3,69.46,25,40,Rome,,41.9028,12.4964,21,
2024-06-26T07:00:00+00:00,20.08,29.68,27.29,59.36,25,40,Rome,,41.9028,12.4964,21,
2024-06-26T08:00:00+00:00,21.0,31.93,27.88,58.08,25,40,Rome,,41.9028,12.4964,21,
2024-06-26T09:00:00+00:00,20.59,31.25,27.57,57.69,25,40,Rome,,41.9028,12.4964,21,
2024-06-26T10:00:00+00:00,20.66,24.41,27.29,57.71,25,40,Rome,,41.9028,12.4964,21,
2024-06-26T11:00:00+00:00,15.91,17.84,26.28,59.4,25,40,Rome,,41.9028,12.4964,21,
2024-06-26T12:00:00+00:00,17.01,19.93,23.69,50.29,25,40,Rome,,41.9028,12.4964,21,
2024-06-26T13:00:00+00:00,18.36,26.31,23.2,48.42,25,40,Rome,,41.9028,12.4964,21,
2024-06-26T14:00:00+00:00,18.42,21.15,22.33,55.16,25,40,Rome,,41.9028,12.4964,21,
2024-06-26T15:00:00+00:00,19.33,29.32,21.21,47.96,25,40,Rome,,41.9028,12.4964,21,
2024-06-26T16:00:00+00:00,21.26,28.68,21.82,46.63,25,40,Rome,,41.9028,12.4964,21,
2024-06-26T17:00:00+00:00,17.58,20.29,21.53,43.87,25,40,Rome,,41.9028,12.4964,21,
2024-06-26T18:00:00+00:00,17.41,21.7,20.96,52.11,25,40,Rome,,41.9028,12.4964,21,
2024-06-26T19:00:00+00:00,17.96,23.23,18.84,47.5,25,40,Rome,,41.9028,12.4964,21,
2024-06-26T20:00:00+00:00,18.36,22.21,21.41,38.87,25,40,Rome,,41.9028,12.4964,21,
2024-06-26T21:00:00+00:00,15.31,24.04,21.12,45.0,25,40,Rome,,41.9028,12.4964,21,
2024-06-26T22:00:00+00:00,17.38,26.28,22.69,49.52,25,40,Rome,,41.9028,12.4964,21,
2024-06-26T23:00:00+00:00,19.06,26.8,23.95,52.33,25,40,Rome,,41.9028,12.4964,21,
2024-06-27T00:00:00+00:00,16.47,24.76,25.5,60.83,25,40,Rome,,41.9028,12.4964,21,
2024-06-27T01:00:00+00:00,16.38,22.41,24.67,59.59,25,40,Rome,,41.9028,12.4964,21,
2024-06-27T02:00:00+00:00,18.66,28.86,26.95,53.95,25,40,Rome,,41.9028,12.4964,21,
2024-06-27T03:00:00+00:00,17.73,24.47,28.28,60.71,25,40,Rome,,41.9028,12.4964,21,
2024-06-27T04:00:00+00:00,16.69,18.9,27.44,61.55,25,40,Rome,,41.9028,12.4964,21,
2024-06-27T05:00:00+00:00,18.61,24.67,28.62,59.96,25,40,Rome,,41.9028,12.4964,21,
2024-06-27T06:00:00+00:00,19.89,24.24,28.3,58.23,25,40,Rome,,41.9028,12.4964,21,
2024-06-27T07:00:00+00:00,19.32,29.81,28.25,58.35,25,40,Rome,,41.9028,12.4964,21,
2024-06-27T08:00:00+00:00,20.78,28.48,28.14,65.15,25,40,Rome,,41.9028,12.4964,21,
2024-06-27T09:00:00+00:00,21.97,28.66,28.15,63.58,25,40,Rome,,41.9028,12.4964,21,
2024-06-27T10:00:00+00:00,20.26,30.54,26.1,65.62,25,40,Rome,,41.9028,12.4964,21,
2024-06-27T11:00:00+00:00,21.69,25.93,26.39,60.96,25,40,Rome,,41.9028,12.4964,21,
2024-06-27T12:00:00+00:00,16.48,21.78,23.41,60.93,25,40,Rome,,41.9028,12.4964,21,
2024-06-27T13:00:00+00:00,17.68,23.57,23.55,46.95,25,40,Rome,,41.9028,12.4964,21,
2024-06-27T14:00:00+00:00,19.01,28.83,23.22,49.95,25,40,Rome,,41.9028,12.4964,21,
2024-06-27T15:00:00+00:00,19.06,22.94,21.39,52.43,25,40,Rome,,41.9028,12.4964,21,
2024-06-27T16:00:00+00:00,16.74,23.29,19.37,52.54,25,40,Rome,,41.9028,12.4964,21,
2024-06-27T17:00:00+00:00,17.73,21.14,21.26,41.08,25,40,Rome,,41.9028,12.4964,21,
2024-06-27T18:00:00+00:00,17.4,24.78,19.78,46.43,25,40,Rome,,41.9028,12.4964,21,
2024-06-27T19:00:00+00:00,20.26,26.87,19.01,52.67,25,40,Rome,,41.9028,12.4964,21,
2024-06-27T20:00:00+00:00,19.72,28.7,19.48,53.87,25,40,Rome,,41.9028,12.4964,21,
2024-06-27T21:00:00+00:00,16.0,23.58,20.2,55.58,25,40,Rome,,41.9028,12.4964,21,
2024-06-27T22:00:00+00:00,20.67,30.76,21.78,43.83,25,40,Rome,,41.9028,12.4964,21,
2024-06-27T23:00:00+00:00,20.3,23.49,23.57,49.77,25,40,Rome,,41.9028,12.4964,21,
2024-06-28T00:00:00+00:00,15.9,19.79,25.41,60.42,25,40,Rome,,41.9028,12.4964,21,
2024-06-28T01:00:00+00:00,16.61,20.71,25.28,59.21,25,40,Rome,,41.9028,12.4964,21,
2024-06-28T02:00:00+00:00,20.03,26.09,26.92,60.67,25,40,Rome,,41.9028,12.4964,21,
2024-06-28T03:00:00+00:00,22.03,32.4,26.86,63.23,25,40,Rome,,41.9028,12.4964,21,
2024-06-28T04:00:00+00:00,18.2,21.27,26.05,62.38,25,40,Rome,,41.9028,12.4964,21,
2024-06-28T05:00:00+00:00,17.93,27.42,27.12,62.68,25,40,Rome,,41.9028,12.4964,21,
2024-06-28T06:00:00+00:00,22.42,30.8,28.43,71.9,25,40,Rome,,41.9028,12.4964,21,
2024-06-28T07:00:00+00:00,17.65,26.49,28.54,66.98,25,40,Rome,,41.9028,12.4964,21,
2024-06-28T08:00:00+00:00,18.69,26.08,27.87,70.49,25,40,Rome,,41.9028,12.4964,21,
2024-06-28T09:00:00+00:00,21.35,28.74,25.75,60.04,25,40,Rome,,41.9028,12.4964,21,
2024-06-28T10:00:00+00:00,15.85,23.11,25.45,59.77,25,40,Rome,,41.9028,12.4964,21,
2024-06-28T11:00:00+00:00,15.69,20.67,25.12,53.61,25,40,Rome,,41.9028,12.4964,21,
2024-06-28T12:00:00+00:00,20.31,23.61,24.61,55.64,25,40,Rome,,41.9028,12.4964,21,
2024-06-28T13:00:00+00:00,17.84,26.21,23.51,49.07,25,40,Rome,,41.9028,12.4964,21,
2024-06-28T14:00:00+00:00,17.32,20.5,21.59,53.74,25,40,Rome,,41.9028,12.4964,21,
2024-06-28T15:00:00+00:00,19.12,22.31,19.76,53.83,25,40,Rome,,41.9028,12.4964,21,
2024-06-28T16:00:00+00:00,19.6,26.5,21.97,46.84,25,40,Rome,,41.9028,12.4964,21,
2024-06-28T17:00:00+00:00,14.71,16.12,20.15,38.64,25,40,Rome,,41.9028,12.4964,21,
2024-06-28T18:00:00+00:00,16.88,20.33,21.27,47.28,25,40,Rome,,41.9028,12.4964,21,
2024-06-28T19:00:00+00:00,17.63,22.12,20.36,37.53,25,40,Rome,,41.9028,12.4964,21,
2024-06-28T20:00:00+00:00,18.33,23.82,19.66,46.83,25,40,Rome,,41.9028,12.4964,21,
2024-06-28T21:00:00+00:00,20.55,25.24,22.09,53.87,25,40,Rome,,41.9028,12.4964,21,
2024-06-28T22:00:00+00:00,18.55,26.84,22.8,56.18,25,40,Rome,,41.9028,12.4964,21,
2024-06-28T23:00:00+00:00,19.93,25.1,24.11,47.48,25,40,Rome,,41.9028,12.4964,21,
2024-06-29T00:00:00+00:00,15.97,18.73,24.87,48.36,25,40,Rome,,41.9028,12.4964,21,
2024-06-29T01:00:00+00:00,16.54,25.31,25.2,57.52,25,40,Rome,,41.9028,12.4964,21,
2024-06-29T02:00:00+00:00,19.18,25.76,27.42,58.45,25,40,Rome,,41.9028,12.4964,21,
2024-06-29T03:00:00+00:00,15.73,19.6,25.9,54.43,25,40,Rome,,41.9028,12.4964,21,
2024-06-29T04:00:00+00:00,17.87,20.18,28.0,68.1,25,40,Rome,,41.9028,12.4964,21,
2024-06-29T05:00:00+00:00,19.58,26.27,29.04,70.97,25,40,Rome,,41.9028,12.4964,21,
2024-06-29T06:00:00+00:00,22.31,30.78,27.16,68.6,25,40,Rome,,41.9028,12.4964,21,
2024-06-29T07:00:00+00:00,20.97,29.95,28.68,63.59,25,40,Rome,,41.9028,12.4964,21,
2024-06-29T08:00:00+00:00,18.25,26.47,26.81,68.73,25,40,Rome,,41.9028,12.4964,21,
2024-06-29T09:00:00+00:00,19.5,29.77,28.2,61.57,25,40,Rome,,41.9028,12.4964,21,
2024-06-29T10:00:00+00:00,19.23,24.74,27.07,67.0,25,40,Rome,,41.9028,12.4964,21,
2024-06-29T11:00:00+00:00,17.12,20.89,24.15,63.73,25,40,Rome,,41.9028,12.4964,21,
2024-06-29T12:00:00+00:00,19.5,22.62,24.17,54.82,25,40,Rome,,41.9028,12.4964,21,
2024-06-29T13:00:00+00:00,15.75,24.75,23.22,51.84,25,40,Rome,,41.9028,12.4964,21,
2024-06-29T14:00:00+00:00,17.83,22.45,21.91,48.93,25,40,Rome,,41.9028,12.4964,21,
2024-06-29T15:00:00+00:00,18.89,23.37,20.06,45.88,25,40,Rome,,41.9028,12.4964,21,
2024-06-29T16:00:00+00:00,20.34,26.06,20.94,42.68,25,40,Rome,,41.9028,12.4964,21,
2024-06-29T17:00:00+00:00,18.31,26.06,19.98,51.02,25,40,Rome,,41.9028,12.4964,21,
2024-06-29T18:00:00+00:00,18.3,26.9,20.0,49.83,25,40,Rome,,41.9028,12.4964,21,
2024-06-29T19:00:00+00:00,19.92,23.77,20.37,41.98,25,40,Rome,,41.9028,12.4964,21,
2024-06-29T20:00:00+00:00,16.63,20.34,21.74,50.54,25,40,Rome,,41.9028,12.4964,21,
2024-06-29T21:00:00+00:00,20.5,28.53,19.92,52.83,25,40,Rome,,41.9028,12.4964,21,
2024-06-29T22:00:00+00:00,20.27,27.76,23.3,47.93,25,40,Rome,,41.9028,12.4964,21,
2024-06-29T23:00:00+00:00,20.63,31.67,21.96,47.62,25,40,Rome,,41.9028,12.4964,21,
2024-06-30T00:00:00+00:00,18.04,20.47,23.06,62.92,25,40,Rome,,41.9028,12.4964,21,
2024-06-30T01:00:00+00:00,16.14,21.67,24.7,61.43,25,40,Rome,,41.9028,12.4964,21,
2024-06-30T02:00:00+00:00,18.86,29.11,24.58,66.51,25,40,Rome,,41.9028,12.4964,21,
2024-06-30T03:00:00+00:00,17.57,27.33,26.42,60.08,25,40,Rome,,41.9028,12.4964,21,
2024-06-30T04:00:00+00:00,20.89,25.95,28.33,59.39,25,40,Rome,,41.9028,12.4964,21,
2024-06-30T05:00:00+00:00,20.27,28.5,28.01,63.86,25,40,Rome,,41.9028,12.4964,21,
2024-06-30T06:00:00+00:00,17.16,22.93,26.67,58.53,25,40,Rome,,41.9028,12.4964,21,
2024-06-30T07:00:00+00:00,19.16,26.2,29.15,65.57,25,40,Rome,,41.9028,12.4964,21,
2024-06-30T08:00:00+00:00,15.27,23.97,28.4,58.68,25,40,Rome,,41.9028,12.4964,21,
2024-06-30T09:00:00+00:00,16.1,24.66,25.9,58.58,25,40,Rome,,41.9028,12.4964,21,
2024-06-30T10:00:00+00:00,18.24,22.33,24.67,54.86,25,40,Rome,,41.9028,12.4964,21,
2024-06-30T11:00:00+00:00,17.96,26.2,26.08,62.65,25,40,Rome,,41.9028,12.4964,21,
2024-06-30T12:00:00+00:00,20.41,28.76,24.5,48.14,25,40,Rome,,41.9028,12.4964,21,
2024-06-30T13:00:00+00:00,15.74,18.05,22.75,45.32,25,40,Rome,,41.9028,12.4964,21,
2024-06-30T14:00:00+00:00,16.7,24.51,20.82,42.83,25,40,Rome,,41.9028,12.4964,21,
2024-06-30T15:00:00+00:00,18.91,27.81,19.86,55.41,25,40,Rome,,41.9028,12.4964,21,
2024-06-30T16:00:00+00:00,17.13,22.35,19.25,50.38,25,40,Rome,,41.9028,12.4964,21,
2024-06-30T17:00:00+00:00,19.55,27.01,19.84,44.14,25,40,Rome,,41.9028,12.4964,21,
2024-06-30T18:00:00+00:00,16.75,24.99,19.38,41.14,25,40,Rome,,41.9028,12.4964,21,
2024-06-30T19:00:00+00:00,19.26,24.06,20.21,41.31,25,40,Rome,,41.9028,12.4964,21,
2024-06-30T20:00:00+00:00,18.51,28.48,21.38,47.77,25,40,Rome,,41.9028,12.4964,21,
2024-06-30T21:00:00+00:00,21.01,28.34,21.46,49.44,25,40,Rome,,41.9028,12.4964,21,
2024-06-30T22:00:00+00:00,18.21,27.19,22.5,42.81,25,40,Rome,,41.9028,12.4964,21,
2024-06-30T23:00:00+00:00,17.96,27.97,22.21,49.05,25,40,Rome,,41.9028,12.4964,21,
2024-07-01T00:00:00+00:00,19.22,26.57,27.52,50.09,25,40,Rome,,41.9028,12.4964,21,
2024-07-01T01:00:00+00:00,21.05,31.38,28.02,53.32,25,40,Rome,,41.9028,12.4964,21,
2024-07-01T02:00:00+00:00,16.09,22.49,27.61,63.98,25,40,Rome,,41.9028,12.4964,21,
2024-07-01T03:00:00+00:00,16.83,22.38,30.04,68.02,25,40,Rome,,41.9028,12.4964,21,
2024-07-01T04:00:00+00:00,21.01,27.15,31.67,57.12,25,40,Rome,,41.9028,12.4964,21,
2024-07-01T05:00:00+00:00,16.94,21.13,30.17,71.44,25,40,Rome,,41.9028,12.4964,21,
2024-07-01T06:00:00+00:00,15.7,24.3,30.25,62.4,25,40,Rome,,41.9028,12.4964,21,
2024-07-01T07:00:00+00:00,17.61,22.49,31.88,65.35,25,40,Rome,,41.9028,12.4964,21,
2024-07-01T08:00:00+00:00,16.88,23.28,29.94,58.99,25,40,Rome,,41.9028,12.4964,21,
2024-07-01T09:00:00+00:00,16.13,24.37,29.38,66.05,25,40,Rome,,41.9028,12.4964,21,
2024-07-01T10:00:00+00:00,18.1,27.22,30.19,52.43,25,40,Rome,,41.9028,12.4964,21,
2024-07-01T11:00:00+00:00,21.64,29.17,29.24,62.47,25,40,Rome,,41.9028,12.4964,21,
2024-07-01T12:00:00+00:00,18.05,27.88,26.95,62.39,25,40,Rome,,41.9028,12.4964,21,
2024-07-01T13:00:00+00:00,15.93,20.48,26.61,55.4,25,40,Rome,,41.9028,12.4964,21,
2024-07-01T14:00:00+00:00,15.22,22.23,26.16,47.54,25,40,Rome,,41.9028,12.4964,21,
2024-07-01T15:00:00+00:00,21.12,25.57,22.94,53.07,25,40,Rome,,41.9028,12.4964,21,
2024-07-01T16:00:00+00:00,16.44,26.13,24.12,51.62,25,40,Rome,,41.9028,12.4964,21,
2024-07-01T17:00:00+00:00,16.75,20.31,21.76,41.52,25,40,Rome,,41.9028,12.4964,21,
2024-07-01T18:00:00+00:00,15.65,19.99,21.74,37.65,25,40,Rome,,41.9028,12.4964,21,
2024-07-01T19:00:00+00:00,19.01,23.49,24.36,53.25,25,40,Rome,,41.9028,12.4964,21,
2024-07-01T20:00:00+00:00,14.9,22.05,24.99,46.21,25,40,Rome,,41.9028,12.4964,21,
2024-07-01T21:00:00+00:00,19.92,23.52,25.09,47.59,25,40,Rome,,41.9028,12.4964,21,
2024-07-01T22:00:00+00:00,19.1,27.98,25.48,43.33,25,40,Rome,,41.9028,12.4964,21,
2024-07-01T23:00:00+00:00,21.19,30.87,25.63,51.1,25,40,Rome,,41.9028,12.4964,21,
2024-07-02T00:00:00+00:00,20.17,25.35,26.39,48.71,25,40,Rome,,41.9028,12.4964,21,
2024-07-02T01:00:00+00:00,21.03,30.17,27.45,64.39,25,40,Rome,,41.9028,12.4964,21,
2024-07-02T02:00:00+00:00,19.87,23.75,29.43,52.16,25,40,Rome,,41.9028,12.4964,21,
2024-07-02T03:00:00+00:00,20.93,26.37,29.93,66.51,25,40,Rome,,41.9028,12.4964,21,
2024-07-02T04:00:00+00:00,16.93,21.56,30.81,58.61,25,40,Rome,,41.9028,12.4964,21,
2024-07-02T05:00:00+00:00,18.12,26.71,30.14,62.92,25,40,Rome,,41.9028,12.4964,21,
2024-07-02T06:00:00+00:00,16.81,24.05,29.7,66.33,25,40,Rome,,41.9028,12.4964,21,
2024-07-02T07:00:00+00:00,16.27,18.55,30.92,64.68,25,40,Rome,,41.9028,12.4964,21,
2024-07-02T08:00:00+00:00,20.23,30.52,31.53,66.68,25,40,Rome,,41.9028,12.4964,21,
2024-07-02T09:00:00+00:00,16.29,23.67,29.66,57.43,25,40,Rome,,41.9028,12.4964,21,
2024-07-02T10:00:00+00:00,19.32,22.67,30.37,67.95,25,40,Rome,,41.9028,12.4964,21,
2024-07-02T11:00:00+00:00,15.84,17.5,27.86,49.75,25,40,Rome,,41.9028,12.4964,21,
2024-07-02T12:00:00+00:00,19.76,27.15,26.78,48.58,25,40,Rome,,41.9028,12.4964,21,
2024-07-02T13:00:00+00:00,16.53,23.08,26.25,54.25,25,40,Rome,,41.9028,12.4964,21,
2024-07-02T14:00:00+00:00,17.35,27.16,23.57,52.22,25,40,Rome,,41.9028,12.4964,21,
2024-07-02T15:00:00+00:00,20.4,25.14,22.96,46.93,25,40,Rome,,41.9028,12.4964,21,
2024-07-02T16:00:00+00:00,19.5,27.72,23.37,39.63,25,40,Rome,,41.9028,12.4964,21,
2024-07-02T17:00:00+00:00,20.1,24.4,22.67,50.83,25,40,Rome,,41.9028,12.4964,21,
2024-07-02T18:00:00+00:00,17.36,23.04,23.21,46.73,25,40,Rome,,41.9028,12.4964,21,
2024-07-02T19:00:00+00:00,18.59,24.6,23.83,50.71,25,40,Rome,,41.9028,12.4964,21,
2024-07-02T20:00:00+00:00,18.01,27.75,23.46,52.75,25,40,Rome,,41.9028,12.4964,21,
2024-07-02T21:00:00+00:00,19.67,29.24,24.1,46.74,25,40,Rome,,41.9028,12.4964,21,
2024-07-02T22:00:00+00:00,16.81,19.86,24.53,55.34,25,40,Rome,,41.9028,12.4964,21,
2024-07-02T23:00:00+00:00,16.71,24.83,25.23,57.55,25,40,Rome,,41.9028,12.4964,21,
2024-07-03T00:00:00+00:00,20.07,26.02,26.46,48.74,25,40,Rome,,41.9028,12.4964,21,
2024-07-03T01:00:00+00:00,18.17,28.15,29.22,53.1,25,40,Rome,,41.9028,12.4964,21,
2024-07-03T02:00:00+00:00,15.95,21.52,27.63,52.55,25,40,Rome,,41.9028,12.4964,21,
2024-07-03T03:00:00+00:00,19.79,24.8,29.7,56.55,25,40,Rome,,41.9028,12.4964,21,
2024-07-03T04:00:00+00:00,17.94,22.05,29.3,61.2,25,40,Rome,,41.9028,12.4964,21,
2024-07-03T05:00:00+00:00,16.82,22.68,29.67,65.76,25,40,Rome,,41.9028,12.4964,21,
2024-07-03T06:00:00+00:00,21.2,27.13,32.22,72.16,25,40,Rome,,41.9028,12.4964,21,
2024-07-03T07:00:00+00:00,21.89,28.77,31.1,69.3,25,40,Rome,,41.9028,12.4964,21,
2024-07-03T08:00:00+00:00,16.27,19.69,29.93,62.82,25,40,Rome,,41.9028,12.4964,21,
2024-07-03T09:00:00+00:00,16.01,25.01,30.96,60.54,25,40,Rome,,41.9028,12.4964,21,
2024-07-03T10:00:00+00:00,20.55,24.27,28.71,54.63,25,40,Rome,,41.9028,12.4964,21,
2024-07-03T11:00:00+00:00,17.87,23.74,26.94,53.24,25,40,Rome,,41.9028,12.4964,21,
2024-07-03T12:00:00+00:00,17.76,24.3,28.14,62.36,25,40,Rome,,41.9028,12.4964,21,
2024-07-03T13:00:00+00:00,21.51,30.09,25.58,55.35,25,40,Rome,,41.9028,12.4964,21,
2024-07-03T14:00:00+00:00,15.37,23.2,24.98,47.44,25,40,Rome,,41.9028,12.4964,21,
2024-07-03T15:00:00+00:00,20.03,28.78,23.89,41.05,25,40,Rome,,41.9028,12.4964,21,
2024-07-03T16:00:00+00:00,18.13,24.36,22.57,41.09,25,40,Rome,,41.9028,12.4964,21,
2024-07-03T17:00:00+00:00,16.8,22.67,24.2,52.33,25,40,Rome,,41.9028,12.4964,21,
2024-07-03T18:00:00+00:00,16.63,23.7,23.28,52.1,25,40,Rome,,41.9028,12.4964,21,
2024-07-03T19:00:00+00:00,15.18,22.94,22.05,47.01,25,40,Rome,,41.9028,12.4964,21,
2024-07-03T20:00:00+00:00,17.67,27.04,24.98,39.68,25,40,Rome,,41.9028,12.4964,21,
2024-07-03T21:00:00+00:00,17.65,26.77,25.21,43.04,25,40,Rome,,41.9028,12.4964,21,
2024-07-03T22:00:00+00:00,14.8,19.61,25.26,47.54,25,40,Rome,,41.9028,12.4964,21,
2024-07-03T23:00:00+00:00,16.88,22.89,27.38,45.04,25,40,Rome,,41.9028,12.4964,21,
2024-07-04T00:00:00+00:00,14.94,22.71,28.45,55.2,25,40,Rome,,41.9028,12.4964,21,
2024-07-04T01:00:00+00:00,17.97,27.49,27.48,60.53,25,40,Rome,,41.9028,12.4964,21,
2024-07-04T02:00:00+00:00,17.45,26.7,28.57,53.43,25,40,Rome,,41.9028,12.4964,21,
2024-07-04T03:00:00+00:00,16.84,25.89,29.27,56.34,25,40,Rome,,41.9028,12.4964,21,
2024-07-04T04:00:00+00:00,16.88,25.59,30.09,62.91,25,40,Rome,,41.9028,12.4964,21,
2024-07-04T05:00:00+00:00,15.87,24.85,31.04,65.02,25,40,Rome,,41.9028,12.4964,21,
2024-07-04T06:00:00+00:00,20.92,25.86,31.63,66.83,25,40,Rome,,41.9028,12.4964,21,
2024-07-04T07:00:00+00:00,21.34,26.88,31.49,64.81,25,40,Rome,,41.9028,12.4964,21,
2024-07-04T08:00:00+00:00,19.14,23.66,30.17,62.82,25,40,Rome,,41.9028,12.4964,21,
2024-07-04T09:00:00+00:00,22.15,27.45,28.86,68.72,25,40,Rome,,41.9028,12.4964,21,
2024-07-04T10:00:00+00:00,22.15,32.56,29.19,67.87,25,40,Rome,,41.9028,12.4964,21,
2024-07-04T11:00:00+00:00,14.79,21.44,29.44,51.77,25,40,Rome,,41.9028,12.4964,21,
2024-07-04T12:00:00+00:00,20.29,24.96,26.73,60.41,25,40,Rome,,41.9028,12.4964,21,
2024-07-04T13:00:00+00:00,16.18,22.14,25.21,47.47,25,40,Rome,,41.9028,12.4964,21,
2024-07-04T14:00:00+00:00,16.33,23.07,25.47,43.71,25,40,Rome,,41.9028,12.4964,21,
2024-07-04T15:00:00+00:00,16.56,20.98,25.36,52.81,25,40,Rome,,41.9028,12.4964,21,
2024-07-04T16:00:00+00:00,17.75,20.79,24.63,42.64,25,40,Rome,,41.9028,12.4964,21,
2024-07-04T17:00:00+00:00,19.2,22.44,24.54,52.3,25,40,Rome,,41.9028,12.4964,21,
2024-07-04T18:00:00+00:00,14.44,16.89,23.93,42.27,25,40,Rome,,41.9028,12.4964,21,
2024-07-04T19:00:00+00:00,18.43,28.53,23.35,47.38,25,40,Rome,,41.9028,12.4964,21,
2024-07-04T20:00:00+00:00,16.84,19.58,23.22,49.59,25,40,Rome,,41.9028,12.4964,21,
2024-07-04T21:00:00+00:00,14.58,23.63,25.08,42.73,25,40,Rome,,41.9028,12.4964,21,
2024-07-04T22:00:00+00:00,18.46,23.51,25.27,44.51,25,40,Rome,,41.9028,12.4964,21,
2024-07-04T23:00:00+00:00,21.55,30.36,25.65,57.97,25,40,Rome,,41.9028,12.4964,21,
2024-07-05T00:00:00+00:00,16.49,25.95,26.46,61.44,25,40,Rome,,41.9028,12.4964,21,
2024-07-05T01:00:00+00:00,16.09,20.29,26.66,55.27,25,40,Rome,,41.9028,12.4964,21,
2024-07-05T02:00:00+00:00,19.16,25.81,30.42,66.12,25,40,Rome,,41.9028,12.4964,21,
2024-07-05T03:00:00+00:00,19.25,29.12,29.48,55.71,25,40,Rome,,41.9028,12.4964,21,
2024-07-05T04:00:00+00:00,20.89,31.0,28.99,67.61,25,40,Rome,,41.9028,12.4964,21,
2024-07-05T05:00:00+00:00,16.93,21.31,30.75,68.05,25,40,Rome,,41.9028,12.4964,21,
2024-07-05T06:00:00+00:00,19.59,25.12,29.58,64.18,25,40,Rome,,41.9028,12.4964,21,
2024-07-05T07:00:00+00:00,18.91,23.33,29.39,69.25,25,40,Rome,,41.9028,12.4964,21,
2024-07-05T08:00:00+00:00,19.56,26.43,29.32,57.33,25,40,Rome,,41.9028,12.4964,21,
2024-07-05T09:00:00+00:00,19.66,23.04,29.45,65.21,25,40,Rome,,41.9028,12.4964,21,
2024-07-05T10:00:00+00:00,20.19,29.54,30.44,52.78,25,40,Rome,,41.9028,12.4964,21,
2024-07-05T11:00:00+00:00,20.0,23.48,26.9,56.82,25,40,Rome,,41.9028,12.4964,21,
2024-07-05T12:00:00+00:00,18.01,27.56,27.81,52.61,25,40,Rome,,41.9028,12.4964,21,
2024-07-05T13:00:00+00:00,20.44,24.64,26.09,45.05,25,40,Rome,,41.9028,12.4964,21,
2024-07-05T14:00:00+00:00,15.43,16.92,25.56,47.76,25,40,Rome,,41.9028,12.4964,21,
2024-07-05T15:00:00+00:00,21.08,29.12,23.14,46.38,25,40,Rome,,41.9028,12.4964,21,
2024-07-05T16:00:00+00:00,16.79,23.15,23.08,47.1,25,40,Rome,,41.9028,12.4964,21,
2024-07-05T17:00:00+00:00,16.48,25.06,23.72,40.57,25,40,Rome,,41.9028,12.4964,21,
2024-07-05T18:00:00+00:00,20.97,30.98,23.45,46.73,25,40,Rome,,41.9028,12.4964,21,
2024-07-05T19:00:00+00:00,17.03,22.38,22.37,50.73,25,40,Rome,,41.9028,12.4964,21,
2024-07-05T20:00:00+00:00,17.96,25.08,22.67,40.13,25,40,Rome,,41.9028,12.4964,21,
2024-07-05T21:00:00+00:00,14.82,21.12,23.17,44.49,25,40,Rome,,41.9028,12.4964,21,
2024-07-05T22:00:00+00:00,17.59,21.11,25.68,45.57,25,40,Rome,,41.9028,12.4964,21,
2024-07-05T23:00:00+00:00,17.7,23.07,24.82,48.63,25,40,Rome,,41.9028,12.4964,21,
2024-07-06T00:00:00+00:00,16.84,22.51,27.72,60.02,25,40,Rome,,41.9028,12.4964,21,
2024-07-06T01:00:00+00:00,18.01,23.55,28.38,60.37,25,40,Rome,,41.9028,12.4964,21,
2024-07-06T02:00:00+00:00,18.66,24.69,28.11,58.91,25,40,Rome,,41.9028,12.4964,21,
2024-07-06T03:00:00+00:00,19.49,28.73,28.68,57.29,25,40,Rome,,41.9028,12.4964,21,
2024-07-06T04:00:00+00:00,18.07,23.68,30.9,62.41,25,40,Rome,,41.9028,12.4964,21,
2024-07-06T05:00:00+00:00,20.26,28.55,32.36,58.46,25,40,Rome,,41.9028,12.4964,21,
2024-07-06T06:00:00+00:00,16.49,23.37,29.68,64.02,25,40,Rome,,41.9028,12.4964,21,
2024-07-06T07:00:00+00:00,20.34,25.96,31.89,57.68,25,40,Rome,,41.9028,12.4964,21,
2024-07-06T08:00:00+00:00,18.22,21.28,29.73,70.71,25,40,Rome,,41.9028,12.4964,21,
2024-07-06T09:00:00+00:00,20.56,30.84,28.77,55.19,25,40,Rome,,41.9028,12.4964,21,
2024-07-06T10:00:00+00:00,17.27,22.07,27.86,64.39,25,40,Rome,,41.9028,12.4964,21,
2024-07-06T11:00:00+00:00,21.41,28.9,27.88,59.38,25,40,Rome,,41.9028,12.4964,21,
2024-07-06T12:00:00+00:00,20.4,25.08,26.73,58.6,25,40,Rome,,41.9028,12.4964,21,
2024-07-06T13:00:00+00:00,21.2,32.61,26.15,52.91,25,40,Rome,,41.9028,12.4964,21,
2024-07-06T14:00:00+00:00,18.9,25.05,24.03,51.99,25,40,Rome,,41.9028,12.4964,21,
2024-07-06T15:00:00+00:00,17.37,22.44,24.34,50.08,25,40,Rome,,41.9028,12.4964,21,
2024-07-06T16:00:00+00:00,16.01,19.19,22.12,45.02,25,40,Rome,,41.9028,12.4964,21,
2024-07-06T17:00:00+00:00,16.17,20.69,21.93,51.79,25,40,Rome,,41.9028,12.4964,21,
2024-07-06T18:00:00+00:00,16.49,19.97,22.24,38.9,25,40,Rome,,41.9028,12.4964,21,
2024-07-06T19:00:00+00:00,19.87,28.86,23.08,50.3,25,40,Rome,,41.9028,12.4964,21,
2024-07-06T20:00:00+00:00,18.84,23.46,23.54,50.88,25,40,Rome,,41.9028,12.4964,21,
2024-07-06T21:00:00+00:00,19.69,22.82,23.16,49.44,25,40,Rome,,41.9028,12.4964,21,
2024-07-06T22:00:00+00:00,16.76,21.43,23.81,42.46,25,40,Rome,,41.9028,12.4964,21,
2024-07-06T23:00:00+00:00,16.86,25.64,26.53,46.33,25,40,Rome,,41.9028,12.4964,21,
2024-07-07T00:00:00+00:00,16.8,23.83,26.44,55.13,25,40,Rome,,41.9028,12.4964,21,
2024-07-07T01:00:00+00:00,16.68,25.75,28.71,61.15,25,40,Rome,,41.9028,12.4964,21,
2024-07-07T02:00:00+00:00,16.3,24.33,29.83,53.43,25,40,Rome,,41.9028,12.4964,21,
2024-07-07T03:00:00+00:00,18.97,27.06,30.19,58.75,25,40,Rome,,41.9028,12.4964,21,
2024-07-07T04:00:00+00:00,20.73,24.91,29.45,68.98,25,40,Rome,,41.9028,12.4964,21,
2024-07-07T05:00:00+00:00,21.22,31.33,30.68,70.31,25,40,Rome,,41.9028,12.4964,21,
2024-07-07T06:00:00+00:00,19.85,27.35,31.32,57.32,25,40,Rome,,41.9028,12.4964,21,
2024-07-07T07:00:00+00:00,20.1,25.95,29.93,62.33,25,40,Rome,,41.9028,12.4964,21,
2024-07-07T08:00:00+00:00,20.89,25.85,30.11,63.65,25,40,Rome,,41.9028,12.4964,21,
2024-07-07T09:00:00+00:00,20.38,25.62,30.77,56.57,25,40,Rome,,41.9028,12.4964,21,
2024-07-07T10:00:00+00:00,19.93,24.64,29.17,61.5,25,40,Rome,,41.9028,12.4964,21,
2024-07-07T11:00:00+00:00,15.7,22.4,28.0,62.67,25,40,Rome,,41.9028,12.4964,21,
2024-07-07T12:00:00+00:00,16.23,19.92,26.8,50.93,25,40,Rome,,41.9028,12.4964,21,
2024-07-07T13:00:00+00:00,17.73,26.15,25.88,59.36,25,40,Rome,,41.9028,12.4964,21,
2024-07-07T14:00:00+00:00,19.81,27.36,25.48,53.05,25,40,Rome,,41.9028,12.4964,21,
2024-07-07T15:00:00+00:00,15.43,17.72,23.23,48.72,25,40,Rome,,41.9028,12.4964,21,
2024-07-07T16:00:00+00:00,17.9,26.34,23.31,45.26,25,40,Rome,,41.9028,12.4964,21,
2024-07-07T17:00:00+00:00,19.93,29.2,22.8,41.31,25,40,Rome,,41.9028,12.4964,21,
2024-07-07T18:00:00+00:00,15.18,21.14,24.42,47.03,25,40,Rome,,41.9028,12.4964,21,
2024-07-07T19:00:00+00:00,21.74,27.46,22.83,53.14,25,40,Rome,,41.9028,12.4964,21,
2024-07-07T20:00:00+00:00,17.03,25.2,24.61,46.95,25,40,Rome,,41.9028,12.4964,21,
2024-07-07T21:00:00+00:00,21.23,25.03,23.77,51.8,25,40,Rome,,41.9028,12.4964,21,
2024-07-07T22:00:00+00:00,18.48,28.63,24.68,49.53,25,40,Rome,,41.9028,12.4964,21,
2024-07-07T23:00:00+00:00,16.71,22.47,25.59,47.66,25,40,Rome,,41.9028,12.4964,21,
2024-07-08T00:00:00+00:00,20.87,31.78,27.94,59.52,25,40,Rome,,41.9028,12.4964,21,
2024-07-08T01:00:00+00:00,19.31,24.87,27.07,63.41,25,40,Rome,,41.9028,12.4964,21,
2024-07-08T02:00:00+00:00,21.02,27.48,30.13,58.37,25,40,Rome,,41.9028,12.4964,21,
2024-07-08T03:00:00+00:00,17.52,26.69,31.2,56.75,25,40,Rome,,41.9028,12.4964,21,
2024-07-08T04:00:00+00:00,18.79,25.08,31.52,65.98,25,40,Rome,,41.9028,12.4964,21,
2024-07-08T05:00:00+00:00,15.3,18.43,32.08,61.95,25,40,Rome,,41.9028,12.4964,21,
2024-07-08T06:00:00+00:00,18.76,22.54,29.7,63.91,25,40,Rome,,41.9028,12.4964,21,
2024-07-08T07:00:00+00:00,18.64,24.04,31.76,60.32,25,40,Rome,,41.9028,12.4964,21,
2024-07-08T08:00:00+00:00,16.71,18.58,31.15,71.34,25,40,Rome,,41.9028,12.4964,21,
2024-07-08T09:00:00+00:00,19.02,22.59,28.5,65.5,25,40,Rome,,41.9028,12.4964,21,
2024-07-08T10:00:00+00:00,19.68,25.55,29.38,54.97,25,40,Rome,,41.9028,12.4964,21,
2024-07-08T11:00:00+00:00,19.98,23.28,27.75,61.98,25,40,Rome,,41.9028,12.4964,21,
2024-07-08T12:00:00+00:00,19.96,30.43,27.34,61.92,25,40,Rome,,41.9028,12.4964,21,
2024-07-08T13:00:00+00:00,16.59,18.57,26.97,45.39,25,40,Rome,,41.9028,12.4964,21,
2024-07-08T14:00:00+00:00,17.99,27.18,24.93,55.41,25,40,Rome,,41.9028,12.4964,21,
2024-07-08T15:00:00+00:00,16.56,22.95,25.14,51.16,25,40,Rome,,41.9028,12.4964,21,
2024-07-08T16:00:00+00:00,19.53,23.68,24.0,50.48,25,40,Rome,,41.9028,12.4964,21,
2024-07-08T17:00:00+00:00,19.5,27.8,24.0,38.74,25,40,Rome,,41.9028,12.4964,21,
2024-07-08T18:00:00+00:00,19.26,28.04,24.36,43.82,25,40,Rome,,41.9028,12.4964,21,
2024-07-08T19:00:00+00:00,17.01,26.15,22.16,47.44,25,40,Rome,,41.9028,12.4964,21,
2024-07-08T20:00:00+00:00,20.09,25.05,24.73,45.66,25,40,Rome,,41.9028,12.4964,21,
2024-07-08T21:00:00+00:00,17.1,24.19,23.35,50.77,25,40,Rome,,41.9028,12.4964,21,
2024-07-08T22:00:00+00:00,19.14,25.11,24.31,44.9,25,40,Rome,,41.9028,12.4964,21,
2024-07-08T23:00:00+00:00,18.44,21.36,24.83,51.73,25,40,Rome,,41.9028,12.4964,21,
2024-07-09T00:00:00+00:00,19.95,30.24,25.89,56.34,25,40,Rome,,41.9028,12.4964,21,
2024-07-09T01:00:00+00:00,17.43,20.49,29.51,62.62,25,40,Rome,,41.9028,12.4964,21,
2024-07-09T02:00:00+00:00,16.5,20.9,28.16,62.06,25,40,Rome,,41.9028,12.4964,21,
2024-07-09T03:00:00+00:00,16.43,24.54,30.31,67.57,25,40,Rome,,41.9028,12.4964,21,
2024-07-09T04:00:00+00:00,16.83,20.03,29.85,66.73,25,40,Rome,,41.9028,12.4964,21,
2024-07-09T05:00:00+00:00,17.9,28.14,29.39,71.68,25,40,Rome,,41.9028,12.4964,21,
2024-07-09T06:00:00+00:00,22.8,34.31,29.5,72.93,25,40,Rome,,41.9028,12.4964,21,
2024-07-09T07:00:00+00:00,16.77,24.08,29.63,58.16,25,40,Rome,,41.9028,12.4964,21,
2024-07-09T08:00:00+00:00,17.06,26.9,31.44,71.11,25,40,Rome,,41.9028,12.4964,21,
2024-07-09T09:00:00+00:00,18.52,28.25,28.76,59.61,25,40,Rome,,41.9028,12.4964,21,
2024-07-09T10:00:00+00:00,22.44,28.8,27.94,67.91,25,40,Rome,,41.9028,12.4964,21,
2024-07-09T11:00:00+00:00,18.93,26.45,28.65,54.72,25,40,Rome,,41.9028,12.4964,21,
2024-07-09T12:00:00+00:00,16.49,24.52,27.44,56.97,25,40,Rome,,41.9028,12.4964,21,
2024-07-09T13:00:00+00:00,19.21,28.67,26.56,44.88,25,40,Rome,,41.9028,12.4964,21,
2024-07-09T14:00:00+00:00,18.44,27.34,25.19,54.33,25,40,Rome,,41.9028,12.4964,21,
2024-07-09T15:00:00+00:00,20.4,29.67,24.47,41.45,25,40,Rome,,41.9028,12.4964,21,
2024-07-09T16:00:00+00:00,20.57,25.07,22.98,43.45,25,40,Rome,,41.9028,12.4964,21,
2024-07-09T17:00:00+00:00,19.59,23.02,22.6,42.16,25,40,Rome,,41.9028,12.4964,21,
2024-07-09T18:00:00+00:00,20.31,28.07,22.13,51.35,25,40,Rome,,41.9028,12.4964,21,
2024-07-09T19:00:00+00:00,15.07,21.19,23.63,39.8,25,40,Rome,,41.9028,12.4964,21,
2024-07-09T20:00:00+00:00,17.38,22.9,24.83,45.96,25,40,Rome,,41.9028,12.4964,21,
2024-07-09T21:00:00+00:00,16.17,24.16,23.13,44.13,25,40,Rome,,41.9028,12.4964,21,
2024-07-09T22:00:00+00:00,17.11,24.55,25.21,55.9,25,40,Rome,,41.9028,12.4964,21,
2024-07-09T23:00:00+00:00,20.68,30.66,25.44,58.03,25,40,Rome,,41.9028,12.4964,21,
2024-07-10T00:00:00+00:00,18.02,26.38,27.01,47.86,25,40,Rome,,41.9028,12.4964,21,
2024-07-10T01:00:00+00:00,16.69,26.14,27.42,54.73,25,40,Rome,,41.9028,12.4964,21,
2024-07-10T02:00:00+00:00,19.89,27.91,28.78,62.43,25,40,Rome,,41.9028,12.4964,21,
2024-07-10T03:00:00+00:00,19.68,28.64,30.34,59.52,25,40,Rome,,41.9028,12.4964,21,
2024-07-10T04:00:00+00:00,19.47,22.86,29.33,61.46,25,40,Rome,,41.9028,12.4964,21,
2024-07-10T05:00:00+00:00,20.63,24.68,30.11,62.26,25,40,Rome,,41.9028,12.4964,21,
2024-07-10T06:00:00+00:00,16.74,24.13,31.22,63.12,25,40,Rome,,41.9028,12.4964,21,
2024-07-10T07:00:00+00:00,18.54,22.4,32.27,62.87,25,40,Rome,,41.9028,12.4964,21,
2024-07-10T08:00:00+00:00,20.66,28.54,30.21,57.87,25,40,Rome,,41.9028,12.4964,21,
2024-07-10T09:00:00+00:00,19.52,24.63,28.56,59.12,25,40,Rome,,41.9028,12.4964,21,
2024-07-10T10:00:00+00:00,16.24,21.14,29.59,53.65,25,40,Rome,,41.9028,12.4964,21,
2024-07-10T11:00:00+00:00,16.28,20.58,28.73,64.93,25,40,Rome,,41.9028,12.4964,21,
2024-07-10T12:00:00+00:00,17.26,25.36,26.22,50.66,25,40,Rome,,41.9028,12.4964,21,
2024-07-10T13:00:00+00:00,17.89,23.92,25.47,50.48,25,40,Rome,,41.9028,12.4964,21,
2024-07-10T14:00:00+00:00,15.21,19.73,25.75,47.16,25,40,Rome,,41.9028,12.4964,21,
2024-07-10T15:00:00+00:00,20.75,24.94,23.69,55.39,25,40,Rome,,41.9028,12.4964,21,
2024-07-10T16:00:00+00:00,17.57,20.11,22.06,44.34,25,40,Rome,,41.9028,12.4964,21,
2024-07-10T17:00:00+00:00,16.67,23.23,23.16,48.69,25,40,Rome,,41.9028,12.4964,21,
2024-07-10T18:00:00+00:00,17.85,23.53,24.05,47.44,25,40,Rome,,41.9028,12.4964,21,
2024-07-10T19:00:00+00:00,18.13,26.73,24.29,49.78,25,40,Rome,,41.9028,12.4964,21,
2024-07-10T20:00:00+00:00,15.57,24.5,24.44,51.04,25,40,Rome,,41.9028,12.4964,21,
2024-07-10T21:00:00+00:00,20.92,26.54,23.51,53.05,25,40,Rome,,41.9028,12.4964,21,
2024-07-10T22:00:00+00:00,18.45,27.87,25.76,47.29,25,40,Rome,,41.9028,12.4964,21,
2024-07-10T23:00:00+00:00,18.94,23.36,26.72,53.82,25,40,Rome,,41.9028,12.4964,21,
2024-07-11T00:00:00+00:00,15.86,25.18,27.95,58.68,25,40,Rome,,41.9028,12.4964,21,
2024-07-11T01:00:00+00:00,16.97,24.26,29.46,58.02,25,40,Rome,,41.9028,12.4964,21,
2024-07-11T02:00:00+00:00,19.08,28.47,29.67,67.78,25,40,Rome,,41.9028,12.4964,21,
2024-07-11T03:00:00+00:00,21.64,26.24,28.83,62.89,25,40,Rome,,41.9028,12.4964,21,
2024-07-11T04:00:00+00:00,16.48,21.0,31.18,67.01,25,40,Rome,,41.9028,12.4964,21,
2024-07-11T05:00:00+00:00,18.24,23.6,31.79,71.79,25,40,Rome,,41.9028,12.4964,21,
2024-07-11T06:00:00+00:00,15.14,21.31,31.42,58.85,25,40,Rome,,41.9028,12.4964,21,
2024-07-11T07:00:00+00:00,16.89,20.78,31.68,61.18,25,40,Rome,,41.9028,12.4964,21,
2024-07-11T08:00:00+00:00,17.37,27.42,30.78,69.99,25,40,Rome,,41.9028,12.4964,21,
2024-07-11T09:00:00+00:00,16.45,22.4,29.24,55.73,25,40,Rome,,41.9028,12.4964,21,
2024-07-11T10:00:00+00:00,15.43,23.44,27.74,53.52,25,40,Rome,,41.9028,12.4964,21,
2024-07-11T11:00:00+00:00,16.44,18.69,27.42,58.88,25,40,Rome,,41.9028,12.4964,21,
2024-07-11T12:00:00+00:00,20.12,26.52,25.7,57.86,25,40,Rome,,41.9028,12.4964,21,
2024-07-11T13:00:00+00:00,19.23,29.16,25.39,45.75,25,40,Rome,,41.9028,12.4964,21,
2024-07-11T14:00:00+00:00,20.17,23.46,26.37,52.83,25,40,Rome,,41.9028,12.4964,21,
2024-07-11T15:00:00+00:00,17.49,27.5,23.01,47.64,25,40,Rome,,41.9028,12.4964,21,
2024-07-11T16:00:00+00:00,17.78,22.86,22.23,49.41,25,40,Rome,,41.9028,12.4964,21,
2024-07-11T17:00:00+00:00,19.2,29.37,24.18,50.77,25,40,Rome,,41.9028,12.4964,21,
2024-07-11T18:00:00+00:00,20.31,27.85,22.84,43.87,25,40,Rome,,41.9028,12.4964,21,
2024-07-11T19:00:00+00:00,15.15,23.11,23.63,39.94,25,40,Rome,,41.9028,12.4964,21,
2024-07-11T20:00:00+00:00,17.21,27.1,23.35,53.95,25,40,Rome,,41.9028,12.4964,21,
2024-07-11T21:00:00+00:00,15.91,22.16,24.0,44.34,25,40,Rome,,41.9028,12.4964,21,
2024-07-11T22:00:00+00:00,19.15,22.22,25.77,53.06,25,40,Rome,,41.9028,12.4964,21,
2024-07-11T23:00:00+00:00,16.0,22.76,25.84,52.21,25,40,Rome,,41.9028,12.4964,21,
2024-07-12T00:00:00+00:00,20.36,25.25,27.2,58.02,25,40,Rome,,41.9028,12.4964,21,
2024-07-12T01:00:00+00:00,17.59,23.23,29.18,54.32,25,40,Rome,,41.9028,12.4964,21,
2024-07-12T02:00:00+00:00,20.14,24.51,28.69,58.15,25,40,Rome,,41.9028,12.4964,21,
2024-07-12T03:00:00+00:00,20.99,32.01,30.82,67.76,25,40,Rome,,41.9028,12.4964,21,
2024-07-12T04:00:00+00:00,17.68,21.11,31.34,64.37,25,40,Rome,,41.9028,12.4964,21,
2024-07-12T05:00:00+00:00,18.27,21.5,29.59,70.35,25,40,Rome,,41.9028,12.4964,21,
2024-07-12T06:00:00+00:00,20.86,28.37,30.6,66.43,25,40,Rome,,41.9028,12.4964,21,
2024-07-12T07:00:00+00:00,18.11,25.85,31.84,62.33,25,40,Rome,,41.9028,12.4964,21,
2024-07-12T08:00:00+00:00,18.08,24.65,29.36,67.22,25,40,Rome,,41.9028,12.4964,21,
2024-07-12T09:00:00+00:00,16.9,20.34,31.3,59.32,25,40,Rome,,41.9028,12.4964,21,
2024-07-12T10:00:00+00:00,19.71,26.59,28.17,63.35,25,40,Rome,,41.9028,12.4964,21,
2024-07-12T11:00:00+00:00,21.65,26.74,28.57,58.85,25,40,Rome,,41.9028,12.4964,21,
2024-07-12T12:00:00+00:00,18.34,22.31,27.92,55.54,25,40,Rome,,41.9028,12.4964,21,
2024-07-12T13:00:00+00:00,14.92,20.72,25.6,50.14,25,40,Rome,,41.9028,12.4964,21,
2024-07-12T14:00:00+00:00,17.56,24.98,24.35,48.2,25,40,Rome,,41.9028,12.4964,21,
2024-07-12T15:00:00+00:00,15.16,17.13,24.58,41.8,25,40,Rome,,41.9028,12.4964,21,
2024-07-12T16:00:00+00:00,15.47,20.77,22.38,43.83,25,40,Rome,,41.9028,12.4964,21,
2024-07-12T17:00:00+00:00,16.69,18.81,23.38,45.71,25,40,Rome,,41.9028,12.4964,21,
2024-07-12T18:00:00+00:00,20.54,28.21,21.77,47.07,25,40,Rome,,41.9028,12.4964,21,
2024-07-12T19:00:00+00:00,19.22,25.48,24.18,39.15,25,40,Rome,,41.9028,12.4964,21,
2024-07-12T20:00:00+00:00,18.27,23.35,24.21,51.33,25,40,Rome,,41.9028,12.4964,21,
2024-07-12T21:00:00+00:00,20.63,28.45,24.73,50.56,25,40,Rome,,41.9028,12.4964,21,
2024-07-12T22:00:00+00:00,18.98,25.22,23.57,56.25,25,40,Rome,,41.9028,12.4964,21,
2024-07-12T23:00:00+00:00,16.57,18.4,26.03,53.65,25,40,Rome,,41.9028,12.4964,21,
2024-07-13T00:00:00+00:00,17.34,21.42,25.82,57.69,25,40,Rome,,41.9028,12.4964,21,
2024-07-13T01:00:00+00:00,20.32,29.53,28.23,61.85,25,40,Rome,,41.9028,12.4964,21,
2024-07-13T02:00:00+00:00,18.98,27.5,29.13,55.69,25,40,Rome,,41.9028,12.4964,21,
2024-07-13T03:00:00+00:00,17.95,21.96,28.64,56.04,25,40,Rome,,41.9028,12.4964,21,
2024-07-13T04:00:00+00:00,16.06,19.25,29.18,57.77,25,40,Rome,,41.9028,12.4964,21,
2024-07-13T05:00:00+00:00,20.15,30.78,30.66,62.45,25,40,Rome,,41.9028,12.4964,21,
2024-07-13T06:00:00+00:00,16.36,20.43,30.73,63.54,25,40,Rome,,41.9028,12.4964,21,
2024-07-13T07:00:00+00:00,21.49,25.44,30.93,60.84,25,40,Rome,,41.9028,12.4964,21,
2024-07-13T08:00:00+00:00,21.66,32.03,30.95,65.87,25,40,Rome,,41.9028,12.4964,21,
2024-07-13T09:00:00+00:00,22.09,32.55,28.35,69.76,25,40,Rome,,41.9028,12.4964,21,
2024-07-13T10:00:00+00:00,14.67,20.58,30.14,52.57,25,40,Rome,,41.9028,12.4964,21,
2024-07-13T11:00:00+00:00,15.47,16.91,27.68,52.24,25,40,Rome,,41.9028,12.4964,21,
2024-07-13T12:00:00+00:00,15.04,19.84,27.93,54.32,25,40,Rome,,41.9028,12.4964,21,
2024-07-13T13:00:00+00:00,20.8,29.36,26.91,60.34,25,40,Rome,,41.9028,12.4964,21,
2024-07-13T14:00:00+00:00,19.26,29.97,24.31,45.96,25,40,Rome,,41.9028,12.4964,21,
2024-07-13T15:00:00+00:00,19.71,29.2,23.48,40.03,25,40,Rome,,41.9028,12.4964,21,
2024-07-13T16:00:00+00:00,18.73,29.18,23.25,42.76,25,40,Rome,,41.9028,12.4964,21,
2024-07-13T17:00:00+00:00,14.09,16.9,22.17,38.37,25,40,Rome,,41.9028,12.4964,21,
2024-07-13T18:00:00+00:00,19.71,26.05,21.77,51.99,25,40,Rome,,41.9028,12.4964,21,
2024-07-13T19:00:00+00:00,18.84,26.71,23.96,52.1,25,40,Rome,,41.9028,12.4964,21,
2024-07-13T20:00:00+00:00,14.42,23.08,23.83,40.32,25,40,Rome,,41.9028,12.4964,21,
2024-07-13T21:00:00+00:00,20.51,27.92,23.77,55.2,25,40,Rome,,41.9028,12.4964,21,
2024-07-13T22:00:00+00:00,16.14,21.42,23.56,50.7,25,40,Rome,,41.9028,12.4964,21,
2024-07-13T23:00:00+00:00,17.98,20.45,24.69,54.44,25,40,Rome,,41.9028,12.4964,21,
2024-07-14T00:00:00+00:00,19.89,25.81,27.94,55.53,25,40,Rome,,41.9028,12.4964,21,
2024-07-14T01:00:00+00:00,18.97,28.15,28.34,53.58,25,40,Rome,,41.9028,12.4964,21,
2024-07-14T02:00:00+00:00,20.56,31.07,28.57,63.4,25,40,Rome,,41.9028,12.4964,21,
2024-07-14T03:00:00+00:00,18.33,26.07,28.8,66.3,25,40,Rome,,41.9028,12.4964,21,
2024-07-14T04:00:00+00:00,18.14,21.28,31.47,57.63,25,40,Rome,,41.9028,12.4964,21,
2024-07-14T05:00:00+00:00,20.03,27.37,31.19,57.63,25,40,Rome,,41.9028,12.4964,21,
2024-07-14T06:00:00+00:00,20.92,25.99,32.43,59.67,25,40,Rome,,41.9028,12.4964,21,
2024-07-14T07:00:00+00:00,21.41,25.7,30.8,68.92,25,40,Rome,,41.9028,12.4964,21,
2024-07-14T08:00:00+00:00,18.89,27.62,31.34,60.57,25,40,Rome,,41.9028,12.4964,21,
2024-07-14T09:00:00+00:00,21.69,31.12,30.37,63.14,25,40,Rome,,41.9028,12.4964,21,
2024-07-14T10:00:00+00:00,16.22,20.02,28.37,65.91,25,40,Rome,,41.9028,12.4964,21,
2024-07-14T11:00:00+00:00,17.55,22.98,28.51,64.92,25,40,Rome,,41.9028,12.4964,21,
2024-07-14T12:00:00+00:00,19.83,30.31,27.71,51.5,25,40,Rome,,41.9028,12.4964,21,
2024-07-14T13:00:00+00:00,17.56,23.07,26.3,50.76,25,40,Rome,,41.9028,12.4964,21,
2024-07-14T14:00:00+00:00,18.77,29.08,25.51,55.11,25,40,Rome,,41.9028,12.4964,21,
2024-07-14T15:00:00+00:00,18.61,25.9,23.04,49.93,25,40,Rome,,41.9028,12.4964,21,
2024-07-14T16:00:00+00:00,16.57,25.08,24.59,49.88,25,40,Rome,,41.9028,12.4964,21,
2024-07-14T17:00:00+00:00,15.35,20.9,22.93,47.47,25,40,Rome,,41.9028,12.4964,21,
2024-07-14T18:00:00+00:00,16.08,19.26,23.13,37.33,25,40,Rome,,41.9028,12.4964,21,
2024-07-14T19:00:00+00:00,19.76,28.24,23.89,40.94,25,40,Rome,,41.9028,12.4964,21,
2024-07-14T20:00:00+00:00,18.33,28.61,22.72,39.6,25,40,Rome,,41.9028,12.4964,21,
2024-07-14T21:00:00+00:00,18.2,25.14,24.7,46.23,25,40,Rome,,41.9028,12.4964,21,
2024-07-14T22:00:00+00:00,16.82,24.79,25.41,52.99,25,40,Rome,,41.9028,12.4964,21,
2024-07-14T23:00:00+00:00,19.49,25.57,27.36,50.51,25,40,Rome,,41.9028,12.4964,21,
2024-07-15T00:00:00+00:00,17.75,26.62,26.51,48.79,25,40,Rome,,41.9028,12.4964,21,
2024-07-15T01:00:00+00:00,20.26,26.45,29.21,62.16,25,40,Rome,,41.9028,12.4964,21,
2024-07-15T02:00:00+00:00,17.52,25.08,30.36,59.88,25,40,Rome,,41.9028,12.4964,21,
2024-07-15T03:00:00+00:00,20.59,27.68,29.53,54.96,25,40,Rome,,41.9028,12.4964,21,
2024-07-15T04:00:00+00:00,16.49,21.03,29.72,70.45,25,40,Rome,,41.9028,12.4964,21,
2024-07-15T05:00:00+00:00,18.91,28.71,30.75,66.0,25,40,Rome,,41.9028,12.4964,21,
2024-07-15T06:00:00+00:00,17.67,21.21,30.74,70.62,25,40,Rome,,41.9028,12.4964,21,
2024-07-15T07:00:00+00:00,20.66,25.82,32.03,64.95,25,40,Rome,,41.9028,12.4964,21,
2024-07-15T08:00:00+00:00,20.01,30.54,30.06,55.95,25,40,Rome,,41.9028,12.4964,21,
2024-07-15T09:00:00+00:00,20.82,24.13,30.06,61.24,25,40,Rome,,41.9028,12.4964,21,
2024-07-15T10:00:00+00:00,17.21,19.85,29.74,52.53,25,40,Rome,,41.9028,12.4964,21,
2024-07-15T11:00:00+00:00,19.32,26.86,28.9,61.86,25,40,Rome,,41.9028,12.4964,21,
2024-07-15T12:00:00+00:00,16.13,24.05,27.03,61.99,25,40,Rome,,41.9028,12.4964,21,
2024-07-15T13:00:00+00:00,16.67,18.88,24.57,54.14,25,40,Rome,,41.9028,12.4964,21,
2024-07-15T14:00:00+00:00,20.86,25.33,25.0,55.85,25,40,Rome,,41.9028,12.4964,21,
2024-07-15T15:00:00+00:00,18.95,28.23,25.48,47.4,25,40,Rome,,41.9028,12.4964,21,
2024-07-15T16:00:00+00:00,20.78,31.83,24.33,51.08,25,40,Rome,,41.9028,12.4964,21,
2024-07-15T17:00:00+00:00,14.96,19.52,22.11,37.79,25,40,Rome,,41.9028,12.4964,21,
2024-07-15T18:00:00+00:00,19.84,22.81,22.41,48.62,25,40,Rome,,41.9028,12.4964,21,
2024-07-15T19:00:00+00:00,17.99,23.95,22.82,49.9,25,40,Rome,,41.9028,12.4964,21,
2024-07-15T20:00:00+00:00,16.17,22.63,24.68,52.26,25,40,Rome,,41.9028,12.4964,21,
2024-07-15T21:00:00+00:00,15.81,22.79,22.72,52.07,25,40,Rome,,41.9028,12.4964,21,
2024-07-15T22:00:00+00:00,15.3,17.45,23.8,46.26,25,40,Rome,,41.9028,12.4964,21,
2024-07-15T23:00:00+00:00,21.29,24.79,26.23,59.48,25,40,Rome,,41.9028,12.4964,21,
2024-07-16T00:00:00+00:00,21.52,33.01,26.74,57.59,25,40,Rome,,41.9028,12.4964,21,
2024-07-16T01:00:00+00:00,20.48,29.72,28.56,49.71,25,40,Rome,,41.9028,12.4964,21,
2024-07-16T02:00:00+00:00,17.35,19.63,29.62,58.97,25,40,Rome,,41.9028,12.4964,21,
2024-07-16T03:00:00+00:00,18.21,21.21,29.39,55.62,25,40,Rome,,41.9028,12.4964,21,
2024-07-16T04:00:00+00:00,18.09,22.5,31.41,68.92,25,40,Rome,,41.9028,12.4964,21,
2024-07-16T05:00:00+00:00,17.85,20.51,30.03,62.85,25,40,Rome,,41.9028,12.4964,21,
2024-07-16T06:00:00+00:00,18.09,24.72,30.09,65.05,25,40,Rome,,41.9028,12.4964,21,
2024-07-16T07:00:00+00:00,20.95,25.65,30.77,72.07,25,40,Rome,,41.9028,12.4964,21,
2024-07-16T08:00:00+00:00,18.36,24.97,31.95,67.91,25,40,Rome,,41.9028,12.4964,21,
2024-07-16T09:00:00+00:00,17.8,21.49,29.84,57.24,25,40,Rome,,41.9028,12.4964,21,
2024-07-16T10:00:00+00:00,18.27,26.32,27.82,53.95,25,40,Rome,,41.9028,12.4964,21,
2024-07-16T11:00:00+00:00,20.26,25.39,27.37,60.97,25,40,Rome,,41.9028,12.4964,21,
2024-07-16T12:00:00+00:00,21.86,31.37,25.85,59.9,25,40,Rome,,41.9028,12.4964,21,
2024-07-16T13:00:00+00:00,17.04,22.97,26.79,46.17,25,40,Rome,,41.9028,12.4964,21,
2024-07-16T14:00:00+00:00,16.99,26.73,24.89,55.13,25,40,Rome,,41.9028,12.4964,21,
2024-07-16T15:00:00+00:00,15.2,24.08,25.49,44.25,25,40,Rome,,41.9028,12.4964,21,
2024-07-16T16:00:00+00:00,20.12,28.72,23.14,41.07,25,40,Rome,,41.9028,12.4964,21,
2024-07-16T17:00:00+00:00,21.15,31.37,24.18,51.95,25,40,Rome,,41.9028,12.4964,21,
2024-07-16T18:00:00+00:00,19.61,27.19,23.82,51.3,25,40,Rome,,41.9028,12.4964,21,
2024-07-16T19:00:00+00:00,19.77,23.61,22.89,44.84,25,40,Rome,,41.9028,12.4964,21,
2024-07-16T20:00:00+00:00,18.4,21.06,23.52,53.95,25,40,Rome,,41.9028,12.4964,21,
2024-07-16T21:00:00+00:00,14.41,21.46,25.61,45.47,25,40,Rome,,41.9028,12.4964,21,
2024-07-16T22:00:00+00:00,20.56,30.58,24.02,42.43,25,40,Rome,,41.9028,12.4964,21,
2024-07-16T23:00:00+00:00,16.53,19.18,25.02,49.93,25,40,Rome,,41.9028,12.4964,21,
2024-07-17T00:00:00+00:00,15.52,21.54,25.75,53.0,25,40,Rome,,41.9028,12.4964,21,
2024-07-17T01:00:00+00:00,19.82,27.66,28.42,64.7,25,40,Rome,,41.9028,12.4964,21,
2024-07-17T02:00:00+00:00,19.49,29.04,29.78,57.52,25,40,Rome,,41.9028,12.4964,21,
2024-07-17T03:00:00+00:00,20.21,28.48,31.24,60.21,25,40,Rome,,41.9028,12.4964,21,
2024-07-17T04:00:00+00:00,19.1,22.35,30.46,61.11,25,40,Rome,,41.9028,12.4964,21,
2024-07-17T05:00:00+00:00,21.29,28.61,31.51,70.44,25,40,Rome,,41.9028,12.4964,21,
2024-07-17T06:00:00+00:00,21.22,28.62,31.58,62.82,25,40,Rome,,41.9028,12.4964,21,
2024-07-17T07:00:00+00:00,20.26,24.95,31.58,58.5,25,40,Rome,,41.9028,12.4964,21,
2024-07-17T08:00:00+00:00,15.53,21.23,31.73,56.17,25,40,Rome,,41.9028,12.4964,21,
2024-07-17T09:00:00+00:00,16.92,19.2,30.99,63.8,25,40,Rome,,41.9028,12.4964,21,
2024-07-17T10:00:00+00:00,18.79,24.94,29.85,63.76,25,40,Rome,,41.9028,12.4964,21,
2024-07-17T11:00:00+00:00,21.68,31.1,27.92,61.59,25,40,Rome,,41.9028,12.4964,21,
2024-07-17T12:00:00+00:00,20.87,24.56,27.52,62.99,25,40,Rome,,41.9028,12.4964,21,
2024-07-17T13:00:00+00:00,18.13,21.77,25.39,52.19,25,40,Rome,,41.9028,12.4964,21,
2024-07-17T14:00:00+00:00,19.59,26.44,25.72,45.35,25,40,Rome,,41.9028,12.4964,21,
2024-07-17T15:00:00+00:00,18.0,23.29,24.19,44.11,25,40,Rome,,41.9028,12.4964,21,
2024-07-17T16:00:00+00:00,16.34,22.18,23.65,45.35,25,40,Rome,,41.9028,12.4964,21,
2024-07-17T17:00:00+00:00,17.05,23.43,23.53,52.27,25,40,Rome,,41.9028,12.4964,21,
2024-07-17T18:00:00+00:00,20.14,26.62,24.23,45.44,25,40,Rome,,41.9028,12.4964,21,
2024-07-17T19:00:00+00:00,14.99,16.78,24.6,40.66,25,40,Rome,,41.9028,12.4964,21,
2024-07-17T20:00:00+00:00,17.2,23.83,22.33,52.28,25,40,Rome,,41.9028,12.4964,21,
2024-07-17T21:00:00+00:00,15.3,17.0,25.51,49.74,25,40,Rome,,41.9028,12.4964,21,
2024-07-17T22:00:00+00:00,18.77,24.14,25.63,47.35,25,40,Rome,,41.9028,12.4964,21,
2024-07-17T23:00:00+00:00,19.24,23.03,25.8,51.09,25,40,Rome,,41.9028,12.4964,21,
2024-07-18T00:00:00+00:00,21.77,25.68,25.77,57.55,25,40,Rome,,41.9028,12.4964,21,
2024-07-18T01:00:00+00:00,17.93,22.23,28.26,50.02,25,40,Rome,,41.9028,12.4964,21,
2024-07-18T02:00:00+00:00,19.46,25.88,30.22,58.16,25,40,Rome,,41.9028,12.4964,21,
2024-07-18T03:00:00+00:00,16.5,18.32,28.38,69.59,25,40,Rome,,41.9028,12.4964,21,
2024-07-18T04:00:00+00:00,21.15,30.82,30.25,62.04,25,40,Rome,,41.9028,12.4964,21,
2024-07-18T05:00:00+00:00,16.66,23.72,29.66,56.73,25,40,Rome,,41.9028,12.4964,21,
2024-07-18T06:00:00+00:00,20.78,30.11,29.78,68.26,25,40,Rome,,41.9028,12.4964,21,
2024-07-18T07:00:00+00:00,15.98,19.22,32.22,65.99,25,40,Rome,,41.9028,12.4964,21,
2024-07-18T08:00:00+00:00,15.53,22.05,31.05,61.69,25,40,Rome,,41.9028,12.4964,21,
2024-07-18T09:00:00+00:00,20.76,29.32,30.49,60.04,25,40,Rome,,41.9028,12.4964,21,
2024-07-18T10:00:00+00:00,18.37,21.21,29.61,65.16,25,40,Rome,,41.9028,12.4964,21,
2024-07-18T11:00:00+00:00,19.6,27.92,28.89,63.5,25,40,Rome,,41.9028,12.4964,21,
2024-07-18T12:00:00+00:00,18.87,27.28,25.96,53.11,25,40,Rome,,41.9028,12.4964,21,
2024-07-18T13:00:00+00:00,16.57,26.18,27.4,47.54,25,40,Rome,,41.9028,12.4964,21,
2024-07-18T14:00:00+00:00,17.27,22.49,24.36,57.58,25,40,Rome,,41.9028,12.4964,21,
2024-07-18T15:00:00+00:00,19.88,30.08,23.32,41.56,25,40,Rome,,41.9028,12.4964,21,
2024-07-18T16:00:00+00:00,17.0,25.66,24.63,47.19,25,40,Rome,,41.9028,12.4964,21,
2024-07-18T17:00:00+00:00,15.08,20.89,22.7,49.22,25,40,Rome,,41.9028,12.4964,21,
2024-07-18T18:00:00+00:00,15.21,19.85,23.6,43.04,25,40,Rome,,41.9028,12.4964,21,
2024-07-18T19:00:00+00:00,20.06,26.43,24.05,39.87,25,40,Rome,,41.9028,12.4964,21,
2024-07-18T20:00:00+00:00,19.59,28.43,22.52,45.77,25,40,Rome,,41.9028,12.4964,21,
2024-07-18T21:00:00+00:00,19.71,26.64,23.45,45.6,25,40,Rome,,41.9028,12.4964,21,
2024-07-18T22:00:00+00:00,18.94,23.14,25.42,47.79,25,40,Rome,,41.9028,12.4964,21,
2024-07-18T23:00:00+00:00,16.74,25.38,25.15,51.53,25,40,Rome,,41.9028,12.4964,21,
2024-07-19T00:00:00+00:00,21.63,25.82,26.76,58.74,25,40,Rome,,41.9028,12.4964,21,
2024-07-19T01:00:00+00:00,20.12,27.98,28.34,56.91,25,40,Rome,,41.9028,12.4964,21,
2024-07-19T02:00:00+00:00,18.68,27.66,28.4,65.92,25,40,Rome,,41.9028,12.4964,21,
2024-07-19T03:00:00+00:00,16.41,20.85,29.82,54.58,25,40,Rome,,41.9028,12.4964,21,
2024-07-19T04:00:00+00:00,15.55,24.0,29.12,57.04,25,40,Rome,,41.9028,12.4964,21,
2024-07-19T05:00:00+00:00,16.45,24.93,30.37,65.26,25,40,Rome,,41.9028,12.4964,21,
2024-07-19T06:00:00+00:00,19.38,25.25,29.9,64.99,25,40,Rome,,41.9028,12.4964,21,
2024-07-19T07:00:00+00:00,17.99,25.26,30.45,68.2,25,40,Rome,,41.9028,12.4964,21,
2024-07-19T08:00:00+00:00,17.59,21.07,29.75,62.61,25,40,Rome,,41.9028,12.4964,21,
2024-07-19T09:00:00+00:00,21.27,27.24,30.78,66.68,25,40,Rome,,41.9028,12.4964,21,
2024-07-19T10:00:00+00:00,19.65,27.26,28.96,57.67,25,40,Rome,,41.9028,12.4964,21,
2024-07-19T11:00:00+00:00,16.1,19.34,27.43,62.12,25,40,Rome,,41.9028,12.4964,21,
2024-07-19T12:00:00+00:00,19.05,24.95,27.26,55.15,25,40,Rome,,41.9028,12.4964,21,
2024-07-19T13:00:00+00:00,19.05,22.21,27.24,50.93,25,40,Rome,,41.9028,12.4964,21,
2024-07-19T14:00:00+00:00,21.02,25.75,25.16,56.48,25,40,Rome,,41.9028,12.4964,21,
2024-07-19T15:00:00+00:00,18.15,25.46,24.52,41.25,25,40,Rome,,41.9028,12.4964,21,
2024-07-19T16:00:00+00:00,17.53,24.1,23.17,43.02,25,40,Rome,,41.9028,12.4964,21,
2024-07-19T17:00:00+00:00,19.67,29.45,23.04,51.73,25,40,Rome,,41.9028,12.4964,21,
2024-07-19T18:00:00+00:00,19.58,29.8,23.31,42.45,25,40,Rome,,41.9028,12.4964,21,
2024-07-19T19:00:00+00:00,17.96,25.37,23.23,45.93,25,40,Rome,,41.9028,12.4964,21,
2024-07-19T20:00:00+00:00,17.05,23.18,24.1,40.5,25,40,Rome,,41.9028,12.4964,21,
2024-07-19T21:00:00+00:00,18.96,24.33,23.12,45.84,25,40,Rome,,41.9028,12.4964,21,
2024-07-19T22:00:00+00:00,21.01,31.85,23.85,46.51,25,40,Rome,,41.9028,12.4964,21,
2024-07-19T23:00:00+00:00,19.55,28.19,24.86,49.16,25,40,Rome,,41.9028,12.4964,21,
2024-07-20T00:00:00+00:00,18.46,26.06,27.7,61.45,25,40,Rome,,41.9028,12.4964,21,
2024-07-20T01:00:00+00:00,20.56,25.8,27.58,63.23,25,40,Rome,,41.9028,12.4964,21,
2024-07-20T02:00:00+00:00,20.01,29.81,28.29,53.27,25,40,Rome,,41.9028,12.4964,21,
2024-07-20T03:00:00+00:00,18.39,22.26,29.78,65.81,25,40,Rome,,41.9028,12.4964,21,
2024-07-20T04:00:00+00:00,21.35,30.8,30.77,69.44,25,40,Rome,,41.9028,12.4964,21,
2024-07-20T05:00:00+00:00,18.6,23.65,32.24,63.96,25,40,Rome,,41.9028,12.4964,21,
2024-07-20T06:00:00+00:00,21.26,26.3,29.91,68.55,25,40,Rome,,41.9028,12.4964,21,
2024-07-20T07:00:00+00:00,19.54,28.48,29.38,58.78,25,40,Rome,,41.9028,12.4964,21,
2024-07-20T08:00:00+00:00,19.93,30.14,31.96,56.05,25,40,Rome,,41.9028,12.4964,21,
2024-07-20T09:00:00+00:00,17.14,21.81,29.8,68.75,25,40,Rome,,41.9028,12.4964,21,
2024-07-20T10:00:00+00:00,19.67,23.92,30.08,61.28,25,40,Rome,,41.9028,12.4964,21,
2024-07-20T11:00:00+00:00,16.3,18.66,29.45,55.72,25,40,Rome,,41.9028,12.4964,21,
2024-07-20T12:00:00+00:00,19.67,23.11,27.38,52.12,25,40,Rome,,41.9028,12.4964,21,
2024-07-20T13:00:00+00:00,19.93,23.72,24.61,54.88,25,40,Rome,,41.9028,12.4964,21,
2024-07-20T14:00:00+00:00,15.68,20.58,23.96,48.14,25,40,Rome,,41.9028,12.4964,21,
2024-07-20T15:00:00+00:00,16.12,25.42,23.74,54.95,25,40,Rome,,41.9028,12.4964,21,
2024-07-20T16:00:00+00:00,16.51,18.99,24.73,48.4,25,40,Rome,,41.9028,12.4964,21,
2024-07-20T17:00:00+00:00,15.79,18.52,23.81,41.85,25,40,Rome,,41.9028,12.4964,21,
2024-07-20T18:00:00+00:00,15.43,24.75,22.18,42.29,25,40,Rome,,41.9028,12.4964,21,
2024-07-20T19:00:00+00:00,18.12,25.58,22.16,49.03,25,40,Rome,,41.9028,12.4964,21,
2024-07-20T20:00:00+00:00,17.25,19.37,24.12,46.29,25,40,Rome,,41.9028,12.4964,21,
2024-07-20T21:00:00+00:00,20.56,25.92,23.99,48.23,25,40,Rome,,41.9028,12.4964,21,
2024-07-20T22:00:00+00:00,17.16,21.94,24.57,49.23,25,40,Rome,,41.9028,12.4964,21,
2024-07-20T23:00:00+00:00,19.14,23.52,25.4,49.85,25,40,Rome,,41.9028,12.4964,21,
2024-07-21T00:00:00+00:00,15.8,19.91,28.4,55.29,25,40,Rome,,41.9028,12.4964,21,
2024-07-21T01:00:00+00:00,19.56,23.44,26.96,55.19,25,40,Rome,,41.9028,12.4964,21,
2024-07-21T02:00:00+00:00,18.92,28.83,27.86,57.37,25,40,Rome,,41.9028,12.4964,21,
2024-07-21T03:00:00+00:00,18.54,24.29,29.46,60.77,25,40,Rome,,41.9028,12.4964,21,
2024-07-21T04:00:00+00:00,22.04,28.35,29.52,70.45,25,40,Rome,,41.9028,12.4964,21,
2024-07-21T05:00:00+00:00,20.18,27.0,30.02,58.3,25,40,Rome,,41.9028,12.4964,21,
2024-07-21T06:00:00+00:00,17.19,21.59,31.57,68.27,25,40,Rome,,41.9028,12.4964,21,
2024-07-21T07:00:00+00:00,15.89,18.29,30.08,61.49,25,40,Rome,,41.9028,12.4964,21,
2024-07-21T08:00:00+00:00,16.51,20.31,30.66,69.81,25,40,Rome,,41.9028,12.4964,21,
2024-07-21T09:00:00+00:00,16.32,24.05,31.26,59.14,25,40,Rome,,41.9028,12.4964,21,
2024-07-21T10:00:00+00:00,19.85,28.82,29.38,53.98,25,40,Rome,,41.9028,12.4964,21,
2024-07-21T11:00:00+00:00,16.3,22.97,27.35,58.02,25,40,Rome,,41.9028,12.4964,21,
2024-07-21T12:00:00+00:00,17.1,20.25,26.81,50.34,25,40,Rome,,41.9028,12.4964,21,
2024-07-21T13:00:00+00:00,18.23,28.57,25.08,51.31,25,40,Rome,,41.9028,12.4964,21,
2024-07-21T14:00:00+00:00,19.48,29.04,25.39,55.87,25,40,Rome,,41.9028,12.4964,21,
2024-07-21T15:00:00+00:00,15.1,19.16,24.74,43.39,25,40,Rome,,41.9028,12.4964,21,
2024-07-21T16:00:00+00:00,17.52,27.29,22.3,45.88,25,40,Rome,,41.9028,12.4964,21,
2024-07-21T17:00:00+00:00,16.95,20.83,24.02,38.87,25,40,Rome,,41.9028,12.4964,21,
2024-07-21T18:00:00+00:00,20.72,29.16,22.77,48.67,25,40,Rome,,41.9028,12.4964,21,
2024-07-21T19:00:00+00:00,19.05,25.47,21.9,48.38,25,40,Rome,,41.9028,12.4964,21,
2024-07-21T20:00:00+00:00,17.58,25.1,24.47,43.11,25,40,Rome,,41.9028,12.4964,21,
2024-07-21T21:00:00+00:00,18.68,29.19,24.53,54.77,25,40,Rome,,41.9028,12.4964,21,
2024-07-21T22:00:00+00:00,18.7,28.33,24.85,52.55,25,40,Rome,,41.9028,12.4964,21,
2024-07-21T23:00:00+00:00,18.77,23.76,25.78,50.57,25,40,Rome,,41.9028,12.4964,21,
2024-07-22T00:00:00+00:00,15.82,25.12,27.86,52.12,25,40,Rome,,41.9028,12.4964,21,
2024-07-22T01:00:00+00:00,15.85,22.73,28.89,52.74,25,40,Rome,,41.9028,12.4964,21,
2024-07-22T02:00:00+00:00,21.51,29.03,30.43,62.1,25,40,Rome,,41.9028,12.4964,21,
2024-07-22T03:00:00+00:00,18.13,23.94,30.34,63.0,25,40,Rome,,41.9028,12.4964,21,
2024-07-22T04:00:00+00:00,16.69,19.94,30.86,65.01,25,40,Rome,,41.9028,12.4964,21,
2024-07-22T05:00:00+00:00,15.29,20.42,30.2,60.03,25,40,Rome,,41.9028,12.4964,21,
2024-07-22T06:00:00+00:00,17.96,25.39,32.48,67.52,25,40,Rome,,41.9028,12.4964,21,
2024-07-22T07:00:00+00:00,20.64,30.55,32.06,59.05,25,40,Rome,,41.9028,12.4964,21,
2024-07-22T08:00:00+00:00,18.44,24.06,29.33,69.32,25,40,Rome,,41.9028,12.4964,21,
2024-07-22T09:00:00+00:00,18.93,22.7,29.38,55.76,25,40,Rome,,41.9028,12.4964,21,
2024-07-22T10:00:00+00:00,18.88,27.58,27.81,65.47,25,40,Rome,,41.9028,12.4964,21,
2024-07-22T11:00:00+00:00,16.51,19.56,28.51,52.53,25,40,Rome,,41.9028,12.4964,21,
2024-07-22T12:00:00+00:00,16.94,22.92,27.53,56.36,25,40,Rome,,41.9028,12.4964,21,
2024-07-22T13:00:00+00:00,15.11,16.94,25.25,48.39,25,40,Rome,,41.9028,12.4964,21,
2024-07-22T14:00:00+00:00,16.58,22.07,24.85,45.04,25,40,Rome,,41.9028,12.4964,21,
2024-07-22T15:00:00+00:00,18.76,26.54,24.89,42.52,25,40,Rome,,41.9028,12.4964,21,
2024-07-22T16:00:00+00:00,15.05,22.19,22.86,48.28,25,40,Rome,,41.9028,12.4964,21,
2024-07-22T17:00:00+00:00,19.51,22.97,23.2,41.28,25,40,Rome,,41.9028,12.4964,21,
2024-07-22T18:00:00+00:00,19.61,27.4,23.27,49.79,25,40,Rome,,41.9028,12.4964,21,
2024-07-22T19:00:00+00:00,15.1,20.72,23.68,38.72,25,40,Rome,,41.9028,12.4964,21,
2024-07-22T20:00:00+00:00,17.44,19.68,22.53,45.68,25,40,Rome,,41.9028,12.4964,21,
2024-07-22T21:00:00+00:00,16.12,20.92,23.39,55.25,25,40,Rome,,41.9028,12.4964,21,
2024-07-22T22:00:00+00:00,20.36,25.1,26.02,55.54,25,40,Rome,,41.9028,12.4964,21,
2024-07-22T23:00:00+00:00,19.47,29.72,26.91,47.78,25,40,Rome,,41.9028,12.4964,21,
2024-07-23T00:00:00+00:00,18.07,27.36,25.8,53.65,25,40,Rome,,41.9028,12.4964,21,
2024-07-23T01:00:00+00:00,16.4,18.28,26.62,51.71,25,40,Rome,,41.9028,12.4964,21,
2024-07-23T02:00:00+00:00,20.47,25.2,29.64,62.32,25,40,Rome,,41.9028,12.4964,21,
2024-07-23T03:00:00+00:00,19.79,28.22,30.09,68.33,25,40,Rome,,41.9028,12.4964,21,
2024-07-23T04:00:00+00:00,17.74,26.42,31.77,59.37,25,40,Rome,,41.9028,12.4964,21,
2024-07-23T05:00:00+00:00,18.47,21.16,29.84,68.0,25,40,Rome,,41.9028,12.4964,21,
2024-07-23T06:00:00+00:00,15.66,18.7,29.87,63.59,25,40,Rome,,41.9028,12.4964,21,
2024-07-23T07:00:00+00:00,16.72,20.0,31.78,58.06,25,40,Rome,,41.9028,12.4964,21,
2024-07-23T08:00:00+00:00,18.92,22.95,31.89,69.06,25,40,Rome,,41.9028,12.4964,21,
2024-07-23T09:00:00+00:00,22.48,30.88,28.88,69.83,25,40,Rome,,41.9028,12.4964,21,
2024-07-23T10:00:00+00:00,15.9,20.63,29.38,65.96,25,40,Rome,,41.9028,12.4964,21,
2024-07-23T11:00:00+00:00,18.36,22.53,27.13,57.21,25,40,Rome,,41.9028,12.4964,21,
2024-07-23T12:00:00+00:00,19.78,25.69,25.62,51.97,25,40,Rome,,41.9028,12.4964,21,
2024-07-23T13:00:00+00:00,15.56,20.36,26.7,55.76,25,40,Rome,,41.9028,12.4964,21,
2024-07-23T14:00:00+00:00,15.9,22.17,24.74,57.62,25,40,Rome,,41.9028,12.4964,21,
2024-07-23T15:00:00+00:00,18.65,22.36,23.59,55.14,25,40,Rome,,41.9028,12.4964,21,
2024-07-23T16:00:00+00:00,17.75,20.14,23.26,44.91,25,40,Rome,,41.9028,12.4964,21,
2024-07-23T17:00:00+00:00,20.56,28.65,22.96,45.51,25,40,Rome,,41.9028,12.4964,21,
2024-07-23T18:00:00+00:00,18.56,25.27,22.61,42.52,25,40,Rome,,41.9028,12.4964,21,
2024-07-23T19:00:00+00:00,15.92,19.24,22.15,44.76,25,40,Rome,,41.9028,12.4964,21,
2024-07-23T20:00:00+00:00,18.0,25.09,24.66,39.41,25,40,Rome,,41.9028,12.4964,21,
2024-07-23T21:00:00+00:00,15.01,18.02,23.08,45.3,25,40,Rome,,41.9028,12.4964,21,
2024-07-23T22:00:00+00:00,15.48,21.6,25.95,51.02,25,40,Rome,,41.9028,12.4964,21,
2024-07-23T23:00:00+00:00,16.17,19.55,25.55,51.92,25,40,Rome,,41.9028,12.4964,21,
2024-07-24T00:00:00+00:00,15.3,19.23,28.35,55.56,25,40,Rome,,41.9028,12.4964,21,
2024-07-24T01:00:00+00:00,21.51,32.96,28.44,57.29,25,40,Rome,,41.9028,12.4964,21,
2024-07-24T02:00:00+00:00,20.45,24.65,30.09,53.66,25,40,Rome,,41.9028,12.4964,21,
2024-07-24T03:00:00+00:00,15.86,23.01,29.23,57.06,25,40,Rome,,41.9028,12.4964,21,
2024-07-24T04:00:00+00:00,18.84,25.15,30.02,70.4,25,40,Rome,,41.9028,12.4964,21,
2024-07-24T05:00:00+00:00,19.46,25.67,30.33,70.16,25,40,Rome,,41.9028,12.4964,21,
2024-07-24T06:00:00+00:00,16.16,21.4,31.57,65.69,25,40,Rome,,41.9028,12.4964,21,
2024-07-24T07:00:00+00:00,19.08,24.31,30.92,72.06,25,40,Rome,,41.9028,12.4964,21,
2024-07-24T08:00:00+00:00,21.62,28.96,29.19,66.76,25,40,Rome,,41.9028,12.4964,21,
2024-07-24T09:00:00+00:00,20.46,24.75,29.9,63.14,25,40,Rome,,41.9028,12.4964,21,
2024-07-24T10:00:00+00:00,15.89,23.41,27.95,62.24,25,40,Rome,,41.9028,12.4964,21,
2024-07-24T11:00:00+00:00,20.15,23.63,28.6,56.78,25,40,Rome,,41.9028,12.4964,21,
2024-07-24T12:00:00+00:00,15.4,16.95,27.55,56.98,25,40,Rome,,41.9028,12.4964,21,
2024-07-24T13:00:00+00:00,16.76,24.3,27.4,52.38,25,40,Rome,,41.9028,12.4964,21,
2024-07-24T14:00:00+00:00,14.96,23.94,25.31,47.29,25,40,Rome,,41.9028,12.4964,21,
2024-07-24T15:00:00+00:00,17.81,21.62,25.38,52.94,25,40,Rome,,41.9028,12.4964,21,
2024-07-24T16:00:00+00:00,20.69,24.15,24.6,45.83,25,40,Rome,,41.9028,12.4964,21,
2024-07-24T17:00:00+00:00,16.68,20.99,21.73,50.38,25,40,Rome,,41.9028,12.4964,21,
2024-07-24T18:00:00+00:00,19.57,29.28,23.17,47.56,25,40,Rome,,41.9028,12.4964,21,
2024-07-24T19:00:00+00:00,18.9,29.48,24.56,44.76,25,40,Rome,,41.9028,12.4964,21,
2024-07-24T20:00:00+00:00,14.09,18.4,24.38,39.77,25,40,Rome,,41.9028,12.4964,21,
2024-07-24T21:00:00+00:00,17.96,20.45,23.81,49.43,25,40,Rome,,41.9028,12.4964,21,
2024-07-24T22:00:00+00:00,17.09,20.27,24.01,42.13,25,40,Rome,,41.9028,12.4964,21,
2024-07-24T23:00:00+00:00,15.71,18.52,27.42,59.35,25,40,Rome,,41.9028,12.4964,21,
2024-07-25T00:00:00+00:00,14.97,19.05,26.7,47.16,25,40,Rome,,41.9028,12.4964,21,
2024-07-25T01:00:00+00:00,19.21,26.93,26.67,50.67,25,40,Rome,,41.9028,12.4964,21,
2024-07-25T02:00:00+00:00,21.35,27.51,28.11,67.0,25,40,Rome,,41.9028,12.4964,21,
2024-07-25T03:00:00+00:00,20.46,27.9,29.01,69.42,25,40,Rome,,41.9028,12.4964,21,
2024-07-25T04:00:00+00:00,20.3,27.95,30.41,60.9,25,40,Rome,,41.9028,12.4964,21,
2024-07-25T05:00:00+00:00,17.69,22.28,29.6,67.75,25,40,Rome,,41.9028,12.4964,21,
2024-07-25T06:00:00+00:00,18.23,25.22,31.34,58.71,25,40,Rome,,41.9028,12.4964,21,
2024-07-25T07:00:00+00:00,16.04,18.97,30.47,68.67,25,40,Rome,,41.9028,12.4964,21,
2024-07-25T08:00:00+00:00,17.38,25.46,31.19,64.62,25,40,Rome,,41.9028,12.4964,21,
2024-07-25T09:00:00+00:00,16.44,25.32,30.89,55.87,25,40,Rome,,41.9028,12.4964,21,
2024-07-25T10:00:00+00:00,16.87,26.65,29.67,56.46,25,40,Rome,,41.9028,12.4964,21,
2024-07-25T11:00:00+00:00,20.41,24.79,28.96,53.09,25,40,Rome,,41.9028,12.4964,21,
2024-07-25T12:00:00+00:00,15.03,21.15,27.53,47.09,25,40,Rome,,41.9028,12.4964,21,
2024-07-25T13:00:00+00:00,17.1,21.99,25.94,57.31,25,40,Rome,,41.9028,12.4964,21,
2024-07-25T14:00:00+00:00,16.12,20.97,26.41,42.45,25,40,Rome,,41.9028,12.4964,21,
2024-07-25T15:00:00+00:00,18.18,24.12,23.57,41.5,25,40,Rome,,41.9028,12.4964,21,
2024-07-25T16:00:00+00:00,18.96,25.71,22.56,50.04,25,40,Rome,,41.9028,12.4964,21,
2024-07-25T17:00:00+00:00,17.42,24.15,23.59,50.28,25,40,Rome,,41.9028,12.4964,21,
2024-07-25T18:00:00+00:00,21.39,27.38,23.49,50.94,25,40,Rome,,41.9028,12.4964,21,
2024-07-25T19:00:00+00:00,17.73,27.07,23.03,44.99,25,40,Rome,,41.9028,12.4964,21,
2024-07-25T20:00:00+00:00,15.15,22.04,22.36,38.64,25,40,Rome,,41.9028,12.4964,21,
2024-07-25T21:00:00+00:00,16.17,19.08,22.71,41.1,25,40,Rome,,41.9028,12.4964,21,
2024-07-25T22:00:00+00:00,19.1,27.6,25.58,49.59,25,40,Rome,,41.9028,12.4964,21,
2024-07-25T23:00:00+00:00,20.28,23.7,26.96,54.32,25,40,Rome,,41.9028,12.4964,21,
2024-07-26T00:00:00+00:00,15.64,21.08,25.63,52.46,25,40,Rome,,41.9028,12.4964,21,
2024-07-26T01:00:00+00:00,18.28,27.97,29.3,64.86,25,40,Rome,,41.9028,12.4964,21,
2024-07-26T02:00:00+00:00,16.52,19.11,28.51,54.4,25,40,Rome,,41.9028,12.4964,21,
2024-07-26T03:00:00+00:00,21.23,30.77,28.86,57.58,25,40,Rome,,41.9028,12.4964,21,
2024-07-26T04:00:00+00:00,20.53,30.36,30.29,61.34,25,40,Rome,,41.9028,12.4964,21,
2024-07-26T05:00:00+00:00,22.44,29.21,30.94,71.13,25,40,Rome,,41.9028,12.4964,21,
2024-07-26T06:00:00+00:00,16.01,23.13,30.36,61.82,25,40,Rome,,41.9028,12.4964,21,
2024-07-26T07:00:00+00:00,18.55,27.63,30.12,64.19,25,40,Rome,,41.9028,12.4964,21,
2024-07-26T08:00:00+00:00,20.15,29.18,30.0,61.86,25,40,Rome,,41.9028,12.4964,21,
2024-07-26T09:00:00+00:00,17.99,27.02,28.8,56.12,25,40,Rome,,41.9028,12.4964,21,
2024-07-26T10:00:00+00:00,15.45,23.89,29.18,58.37,25,40,Rome,,41.9028,12.4964,21,
2024-07-26T11:00:00+00:00,17.23,22.48,27.88,52.79,25,40,Rome,,41.9028,12.4964,21,
2024-07-26T12:00:00+00:00,20.1,28.57,27.06,53.37,25,40,Rome,,41.9028,12.4964,21,
2024-07-26T13:00:00+00:00,17.48,20.25,24.67,56.22,25,40,Rome,,41.9028,12.4964,21,
2024-07-26T14:00:00+00:00,19.08,28.1,25.87,45.98,25,40,Rome,,41.9028,12.4964,21,
2024-07-26T15:00:00+00:00,15.73,25.07,23.29,54.53,25,40,Rome,,41.9028,12.4964,21,
2024-07-26T16:00:00+00:00,18.03,22.38,22.58,50.29,25,40,Rome,,41.9028,12.4964,21,
2024-07-26T17:00:00+00:00,15.43,22.66,22.85,38.99,25,40,Rome,,41.9028,12.4964,21,
2024-07-26T18:00:00+00:00,20.77,28.92,23.69,49.52,25,40,Rome,,41.9028,12.4964,21,
2024-07-26T19:00:00+00:00,17.09,26.19,23.45,51.66,25,40,Rome,,41.9028,12.4964,21,
2024-07-26T20:00:00+00:00,14.1,16.1,22.99,39.35,25,40,Rome,,41.9028,12.4964,21,
2024-07-26T21:00:00+00:00,18.43,21.99,24.32,42.84,25,40,Rome,,41.9028,12.4964,21,
2024-07-26T22:00:00+00:00,19.61,25.94,24.23,53.57,25,40,Rome,,41.9028,12.4964,21,
2024-07-26T23:00:00+00:00,16.29,25.77,27.37,51.89,25,40,Rome,,41.9028,12.4964,21,
2024-07-27T00:00:00+00:00,21.68,27.62,26.93,57.89,25,40,Rome,,41.9028,12.4964,21,
2024-07-27T01:00:00+00:00,14.95,16.66,26.54,50.71,25,40,Rome,,41.9028,12.4964,21,
2024-07-27T02:00:00+00:00,16.45,26.2,30.41,58.02,25,40,Rome,,41.9028,12.4964,21,
2024-07-27T03:00:00+00:00,21.58,27.43,30.93,62.13,25,40,Rome,,41.9028,12.4964,21,
2024-07-27T04:00:00+00:00,18.54,24.19,31.58,57.04,25,40,Rome,,41.9028,12.4964,21,
2024-07-27T05:00:00+00:00,15.25,22.06,31.36,60.82,25,40,Rome,,41.9028,12.4964,21,
2024-07-27T06:00:00+00:00,17.18,22.91,29.76,59.88,25,40,Rome,,41.9028,12.4964,21,
2024-07-27T07:00:00+00:00,21.62,29.04,30.37,72.34,25,40,Rome,,41.9028,12.4964,21,
2024-07-27T08:00:00+00:00,18.01,24.47,29.94,63.52,25,40,Rome,,41.9028,12.4964,21,
2024-07-27T09:00:00+00:00,16.84,25.1,29.39,64.51,25,40,Rome,,41.9028,12.4964,21,
2024-07-27T10:00:00+00:00,18.4,22.42,30.29,64.17,25,40,Rome,,41.9028,12.4964,21,
2024-07-27T11:00:00+00:00,15.16,17.01,28.03,55.86,25,40,Rome,,41.9028,12.4964,21,
2024-07-27T12:00:00+00:00,17.0,26.27,25.92,50.59,25,40,Rome,,41.9028,12.4964,21,
2024-07-27T13:00:00+00:00,18.91,28.82,26.99,48.24,25,40,Rome,,41.9028,12.4964,21,
2024-07-27T14:00:00+00:00,16.88,19.23,25.87,52.41,25,40,Rome,,41.9028,12.4964,21,
2024-07-27T15:00:00+00:00,17.13,25.55,23.06,44.9,25,40,Rome,,41.9028,12.4964,21,
2024-07-27T16:00:00+00:00,21.25,31.0,23.45,51.04,25,40,Rome,,41.9028,12.4964,21,
2024-07-27T17:00:00+00:00,17.27,26.34,21.87,41.23,25,40,Rome,,41.9028,12.4964,21,
2024-07-27T18:00:00+00:00,19.11,28.66,24.04,45.25,25,40,Rome,,41.9028,12.4964,21,
2024-07-27T19:00:00+00:00,15.38,21.67,24.39,42.46,25,40,Rome,,41.9028,12.4964,21,
2024-07-27T20:00:00+00:00,15.45,19.47,22.24,39.47,25,40,Rome,,41.9028,12.4964,21,
2024-07-27T21:00:00+00:00,17.92,26.63,22.93,48.08,25,40,Rome,,41.9028,12.4964,21,
2024-07-27T22:00:00+00:00,16.43,24.17,25.27,42.32,25,40,Rome,,41.9028,12.4964,21,
2024-07-27T23:00:00+00:00,18.91,27.91,27.1,51.33,25,40,Rome,,41.9028,12.4964,21,
2024-07-28T00:00:00+00:00,17.5,26.17,28.02,51.45,25,40,Rome,,41.9028,12.4964,21,
2024-07-28T01:00:00+00:00,20.45,25.12,28.94,62.71,25,40,Rome,,41.9028,12.4964,21,
2024-07-28T02:00:00+00:00,21.78,29.51,29.15,66.4,25,40,Rome,,41.9028,12.4964,21,
2024-07-28T03:00:00+00:00,20.17,30.8,29.87,57.14,25,40,Rome,,41.9028,12.4964,21,
2024-07-28T04:00:00+00:00,20.06,30.2,31.09,65.06,25,40,Rome,,41.9028,12.4964,21,
2024-07-28T05:00:00+00:00,21.01,26.43,30.91,64.88,25,40,Rome,,41.9028,12.4964,21,
2024-07-28T06:00:00+00:00,18.93,28.18,30.79,69.12,25,40,Rome,,41.9028,12.4964,21,
2024-07-28T07:00:00+00:00,21.52,28.8,30.17,62.1,25,40,Rome,,41.9028,12.4964,21,
2024-07-28T08:00:00+00:00,16.85,24.06,31.84,67.14,25,40,Rome,,41.9028,12.4964,21,
2024-07-28T09:00:00+00:00,19.62,24.34,29.35,68.17,25,40,Rome,,41.9028,12.4964,21,
2024-07-28T10:00:00+00:00,20.42,29.45,28.78,58.12,25,40,Rome,,41.9028,12.4964,21,
2024-07-28T11:00:00+00:00,18.6,22.13,27.17,56.28,25,40,Rome,,41.9028,12.4964,21,
2024-07-28T12:00:00+00:00,20.3,24.75,27.82,47.46,25,40,Rome,,41.9028,12.4964,21,
2024-07-28T13:00:00+00:00,15.15,18.88,25.1,45.78,25,40,Rome,,41.9028,12.4964,21,
2024-07-28T14:00:00+00:00,20.05,29.41,24.66,42.06,25,40,Rome,,41.9028,12.4964,21,
2024-07-28T15:00:00+00:00,14.99,23.44,23.96,49.59,25,40,Rome,,41.9028,12.4964,21,
2024-07-28T16:00:00+00:00,16.53,24.18,22.21,38.52,25,40,Rome,,41.9028,12.4964,21,
2024-07-28T17:00:00+00:00,17.84,25.76,22.48,51.7,25,40,Rome,,41.9028,12.4964,21,
2024-07-28T18:00:00+00:00,14.62,21.69,22.56,41.93,25,40,Rome,,41.9028,12.4964,21,
2024-07-28T19:00:00+00:00,18.34,24.59,23.05,42.55,25,40,Rome,,41.9028,12.4964,21,
2024-07-28T20:00:00+00:00,20.42,30.87,25.03,43.93,25,40,Rome,,41.9028,12.4964,21,
2024-07-28T21:00:00+00:00,18.46,22.27,22.82,43.23,25,40,Rome,,41.9028,12.4964,21,
2024-07-28T22:00:00+00:00,18.15,28.35,25.73,45.98,25,40,Rome,,41.9028,12.4964,21,
2024-07-28T23:00:00+00:00,18.44,28.06,26.63,59.52,25,40,Rome,,41.9028,12.4964,21,
2024-07-29T00:00:00+00:00,18.85,24.66,27.81,58.64,25,40,Rome,,41.9028,12.4964,21,
2024-07-29T01:00:00+00:00,17.51,27.07,28.54,58.3,25,40,Rome,,41.9028,12.4964,21,
2024-07-29T02:00:00+00:00,15.71,21.41,28.72,53.17,25,40,Rome,,41.9028,12.4964,21,
2024-07-29T03:00:00+00:00,19.9,30.62,29.34,70.03,25,40,Rome,,41.9028,12.4964,21,
2024-07-29T04:00:00+00:00,18.43,23.62,30.77,65.13,25,40,Rome,,41.9028,12.4964,21,
2024-07-29T05:00:00+00:00,16.52,23.7,31.84,71.88,25,40,Rome,,41.9028,12.4964,21,
2024-07-29T06:00:00+00:00,20.07,23.98,32.45,62.26,25,40,Rome,,41.9028,12.4964,21,
2024-07-29T07:00:00+00:00,21.39,25.19,29.47,64.91,25,40,Rome,,41.9028,12.4964,21,
2024-07-29T08:00:00+00:00,18.75,26.63,30.46,67.47,25,40,Rome,,41.9028,12.4964,21,
2024-07-29T09:00:00+00:00,20.38,24.75,28.46,58.36,25,40,Rome,,41.9028,12.4964,21,
2024-07-29T10:00:00+00:00,19.45,23.55,29.55,63.6,25,40,Rome,,41.9028,12.4964,21,
2024-07-29T11:00:00+00:00,19.72,23.78,27.07,52.95,25,40,Rome,,41.9028,12.4964,21,
2024-07-29T12:00:00+00:00,18.97,21.85,27.79,56.16,25,40,Rome,,41.9028,12.4964,21,
2024-07-29T13:00:00+00:00,20.64,24.79,27.03,55.07,25,40,Rome,,41.9028,12.4964,21,
2024-07-29T14:00:00+00:00,19.9,27.06,24.96,55.69,25,40,Rome,,41.9028,12.4964,21,
2024-07-29T15:00:00+00:00,19.98,27.18,25.11,49.86,25,40,Rome,,41.9028,12.4964,21,
2024-07-29T16:00:00+00:00,16.12,21.82,24.69,40.57,25,40,Rome,,41.9028,12.4964,21,
2024-07-29T17:00:00+00:00,19.94,24.56,22.32,37.55,25,40,Rome,,41.9028,12.4964,21,
2024-07-29T18:00:00+00:00,20.17,24.64,23.23,46.02,25,40,Rome,,41.9028,12.4964,21,
2024-07-29T19:00:00+00:00,19.73,30.15,22.74,38.26,25,40,Rome,,41.9028,12.4964,21,
2024-07-29T20:00:00+00:00,19.64,29.19,22.62,51.42,25,40,Rome,,41.9028,12.4964,21,
2024-07-29T21:00:00+00:00,14.97,23.94,22.82,41.97,25,40,Rome,,41.9028,12.4964,21,
2024-07-29T22:00:00+00:00,21.63,30.16,24.03,56.55,25,40,Rome,,41.9028,12.4964,21,
2024-07-29T23:00:00+00:00,19.04,23.99,26.88,47.77,25,40,Rome,,41.9028,12.4964,21,
2024-07-30T00:00:00+00:00,19.15,22.94,27.24,56.25,25,40,Rome,,41.9028,12.4964,21,
2024-07-30T01:00:00+00:00,19.92,24.97,28.2,52.18,25,40,Rome,,41.9028,12.4964,21,
2024-07-30T02:00:00+00:00,19.55,24.25,29.18,52.75,25,40,Rome,,41.9028,12.4964,21,
2024-07-30T03:00:00+00:00,17.56,21.54,29.97,54.68,25,40,Rome,,41.9028,12.4964,21,
2024-07-30T04:00:00+00:00,18.82,27.37,31.17,69.62,25,40,Rome,,41.9028,12.4964,21,
2024-07-30T05:00:00+00:00,21.04,31.25,30.01,63.59,25,40,Rome,,41.9028,12.4964,21,
2024-07-30T06:00:00+00:00,18.71,26.28,29.53,71.29,25,40,Rome,,41.9028,12.4964,21,
2024-07-30T07:00:00+00:00,20.17,27.95,30.34,58.67,25,40,Rome,,41.9028,12.4964,21,
2024-07-30T08:00:00+00:00,17.92,22.95,30.82,68.03,25,40,Rome,,41.9028,12.4964,21,
2024-07-30T09:00:00+00:00,16.99,25.48,30.62,66.49,25,40,Rome,,41.9028,12.4964,21,
2024-07-30T10:00:00+00:00,17.11,19.14,27.52,64.95,25,40,Rome,,41.9028,12.4964,21,
2024-07-30T11:00:00+00:00,19.34,28.71,27.97,53.14,25,40,Rome,,41.9028,12.4964,21,
2024-07-30T12:00:00+00:00,19.75,29.62,27.76,47.12,25,40,Rome,,41.9028,12.4964,21,
2024-07-30T13:00:00+00:00,15.68,20.52,26.48,51.34,25,40,Rome,,41.9028,12.4964,21,
2024-07-30T14:00:00+00:00,18.83,22.06,24.14,44.55,25,40,Rome,,41.9028,12.4964,21,
2024-07-30T15:00:00+00:00,17.92,20.6,25.31,53.08,25,40,Rome,,41.9028,12.4964,21,
2024-07-30T16:00:00+00:00,19.02,24.42,22.61,39.53,25,40,Rome,,41.9028,12.4964,21,
2024-07-30T17:00:00+00:00,16.12,21.53,22.64,52.9,25,40,Rome,,41.9028,12.4964,21,
2024-07-30T18:00:00+00:00,18.28,24.95,22.65,37.58,25,40,Rome,,41.9028,12.4964,21,
2024-07-30T19:00:00+00:00,18.87,23.92,23.84,52.92,25,40,Rome,,41.9028,12.4964,21,
2024-07-30T20:00:00+00:00,14.51,17.8,24.44,43.7,25,40,Rome,,41.9028,12.4964,21,
2024-07-30T21:00:00+00:00,18.48,26.51,24.21,40.78,25,40,Rome,,41.9028,12.4964,21,
2024-07-30T22:00:00+00:00,15.97,21.6,25.82,42.15,25,40,Rome,,41.9028,12.4964,21,
2024-07-30T23:00:00+00:00,18.1,23.98,26.63,59.91,25,40,Rome,,41.9028,12.4964,21,
2024-07-31T00:00:00+00:00,21.18,29.46,26.31,57.38,25,40,Rome,,41.9028,12.4964,21,
2024-07-31T01:00:00+00:00,19.55,26.44,29.16,62.92,25,40,Rome,,41.9028,12.4964,21,
2024-07-31T02:00:00+00:00,19.23,27.42,30.07,53.51,25,40,Rome,,41.9028,12.4964,21,
2024-07-31T03:00:00+00:00,16.47,20.05,29.0,63.35,25,40,Rome,,41.9028,12.4964,21,
2024-07-31T04:00:00+00:00,20.81,25.77,30.94,56.23,25,40,Rome,,41.9028,12.4964,21,
2024-07-31T05:00:00+00:00,18.02,20.8,30.89,63.83,25,40,Rome,,41.9028,12.4964,21,
2024-07-31T06:00:00+00:00,21.19,26.85,29.65,63.96,25,40,Rome,,41.9028,12.4964,21,
2024-07-31T07:00:00+00:00,17.57,20.93,32.25,65.54,25,40,Rome,,41.9028,12.4964,21,
2024-07-31T08:00:00+00:00,17.6,23.06,30.12,68.02,25,40,Rome,,41.9028,12.4964,21,
2024-07-31T09:00:00+00:00,20.96,30.18,29.67,55.4,25,40,Rome,,41.9028,12.4964,21,
2024-07-31T10:00:00+00:00,15.12,23.91,27.77,54.27,25,40,Rome,,41.9028,12.4964,21,
2024-07-31T11:00:00+00:00,20.04,30.63,28.0,63.38,25,40,Rome,,41.9028,12.4964,21,
2024-07-31T12:00:00+00:00,19.33,29.98,26.23,52.98,25,40,Rome,,41.9028,12.4964,21,
2024-07-31T13:00:00+00:00,20.86,31.89,26.96,53.16,25,40,Rome,,41.9028,12.4964,21,
2024-07-31T14:00:00+00:00,20.66,26.27,26.09,51.98,25,40,Rome,,41.9028,12.4964,21,
2024-07-31T15:00:00+00:00,20.42,24.78,24.47,47.07,25,40,Rome,,41.9028,12.4964,21,
2024-07-31T16:00:00+00:00,15.79,17.6,23.44,38.97,25,40,Rome,,41.9028,12.4964,21,
2024-07-31T17:00:00+00:00,15.63,17.16,23.16,45.64,25,40,Rome,,41.9028,12.4964,21,
2024-07-31T18:00:00+00:00,20.23,23.78,23.89,40.18,25,40,Rome,,41.9028,12.4964,21,
2024-07-31T19:00:00+00:00,20.35,30.34,22.1,44.47,25,40,Rome,,41.9028,12.4964,21,
2024-07-31T20:00:00+00:00,16.52,20.14,23.9,45.12,25,40,Rome,,41.9028,12.4964,21,
2024-07-31T21:00:00+00:00,16.39,19.96,22.68,47.75,25,40,Rome,,41.9028,12.4964,21,
2024-07-31T22:00:00+00:00,18.29,21.77,23.61,47.63,25,40,Rome,,41.9028,12.4964,21,
2024-07-31T23:00:00+00:00,17.16,19.96,25.63,48.26,25,40,Rome,,41.9028,12.4964,21,
2024-08-01T00:00:00+00:00,17.12,25.75,27.12,60.25,25,40,Rome,,41.9028,12.4964,21,
2024-08-01T01:00:00+00:00,16.46,18.44,26.6,54.64,25,40,Rome,,41.9028,12.4964,21,
2024-08-01T02:00:00+00:00,19.55,27.45,30.32,53.72,25,40,Rome,,41.9028,12.4964,21,
2024-08-01T03:00:00+00:00,17.46,25.12,31.18,60.58,25,40,Rome,,41.9028,12.4964,21,
2024-08-01T04:00:00+00:00,21.84,32.45,29.77,65.21,25,40,Rome,,41.9028,12.4964,21,
2024-08-01T05:00:00+00:00,17.97,23.64,30.87,69.39,25,40,Rome,,41.9028,12.4964,21,
2024-08-01T06:00:00+00:00,16.98,24.84,30.72,66.66,25,40,Rome,,41.9028,12.4964,21,
2024-08-01T07:00:00+00:00,19.5,28.05,30.6,68.54,25,40,Rome,,41.9028,12.4964,21,
2024-08-01T08:00:00+00:00,17.47,20.51,30.27,62.02,25,40,Rome,,41.9028,12.4964,21,
2024-08-01T09:00:00+00:00,16.27,18.01,28.34,67.93,25,40,Rome,,41.9028,12.4964,21,
2024-08-01T10:00:00+00:00,16.74,26.16,29.1,52.58,25,40,Rome,,41.9028,12.4964,21,
2024-08-01T11:00:00+00:00,18.81,25.17,29.32,60.68,25,40,Rome,,41.9028,12.4964,21,
2024-08-01T12:00:00+00:00,18.13,27.97,27.41,50.16,25,40,Rome,,41.9028,12.4964,21,
2024-08-01T13:00:00+00:00,15.31,20.35,25.45,51.73,25,40,Rome,,41.9028,12.4964,21,
2024-08-01T14:00:00+00:00,16.04,23.54,26.41,42.45,25,40,Rome,,41.9028,12.4964,21,
2024-08-01T15:00:00+00:00,19.96,24.48,24.82,45.39,25,40,Rome,,41.9028,12.4964,21,
2024-08-01T16:00:00+00:00,19.94,29.17,22.57,40.38,25,40,Rome,,41.9028,12.4964,21,
2024-08-01T17:00:00+00:00,16.17,24.49,22.21,39.38,25,40,Rome,,41.9028,12.4964,21,
2024-08-01T18:00:00+00:00,19.19,24.6,21.55,51.92,25,40,Rome,,41.9028,12.4964,21,
2024-08-01T19:00:00+00:00,15.58,17.34,22.3,39.2,25,40,Rome,,41.9028,12.4964,21,
2024-08-01T20:00:00+00:00,16.47,18.76,24.23,41.63,25,40,Rome,,41.9028,12.4964,21,
2024-08-01T21:00:00+00:00,19.89,24.1,25.52,52.9,25,40,Rome,,41.9028,12.4964,21,
2024-08-01T22:00:00+00:00,17.53,25.85,25.13,53.34,25,40,Rome,,41.9028,12.4964,21,
2024-08-01T23:00:00+00:00,19.6,29.05,25.98,56.66,25,40,Rome,,41.9028,12.4964,21,
2024-08-02T00:00:00+00:00,20.12,26.68,25.69,59.47,25,40,Rome,,41.9028,12.4964,21,
2024-08-02T01:00:00+00:00,20.49,28.6,28.33,63.51,25,40,Rome,,41.9028,12.4964,21,
2024-08-02T02:00:00+00:00,20.52,27.17,28.75,53.21,25,40,Rome,,41.9028,12.4964,21,
2024-08-02T03:00:00+00:00,17.53,24.83,30.8,55.04,25,40,Rome,,41.9028,12.4964,21,
2024-08-02T04:00:00+00:00,21.3,26.61,31.81,70.21,25,40,Rome,,41.9028,12.4964,21,
2024-08-02T05:00:00+00:00,18.7,25.17,29.58,61.33,25,40,Rome,,41.9028,12.4964,21,
2024-08-02T06:00:00+00:00,17.24,26.07,31.18,70.03,25,40,Rome,,41.9028,12.4964,21,
2024-08-02T07:00:00+00:00,20.07,29.49,30.03,64.72,25,40,Rome,,41.9028,12.4964,21,
2024-08-02T08:00:00+00:00,18.22,24.48,30.78,70.07,25,40,Rome,,41.9028,12.4964,21,
2024-08-02T09:00:00+00:00,18.31,26.87,29.02,62.98,25,40,Rome,,41.9028,12.4964,21,
2024-08-02T10:00:00+00:00,16.02,19.65,29.22,62.66,25,40,Rome,,41.9028,12.4964,21,
2024-08-02T11:00:00+00:00,21.98,29.71,28.32,64.59,25,40,Rome,,41.9028,12.4964,21,
2024-08-02T12:00:00+00:00,20.77,32.01,25.6,55.36,25,40,Rome,,41.9028,12.4964,21,
2024-08-02T13:00:00+00:00,20.2,29.33,26.61,45.7,25,40,Rome,,41.9028,12.4964,21,
2024-08-02T14:00:00+00:00,18.91,22.01,24.4,56.18,25,40,Rome,,41.9028,12.4964,21,
2024-08-02T15:00:00+00:00,18.88,25.08,22.9,54.8,25,40,Rome,,41.9028,12.4964,21,
2024-08-02T16:00:00+00:00,21.49,32.39,23.29,53.15,25,40,Rome,,41.9028,12.4964,21,
2024-08-02T17:00:00+00:00,19.91,24.84,23.06,39.12,25,40,Rome,,41.9028,12.4964,21,
2024-08-02T18:00:00+00:00,15.68,24.44,23.96,47.62,25,40,Rome,,41.9028,12.4964,21,
2024-08-02T19:00:00+00:00,17.9,26.96,22.29,48.79,25,40,Rome,,41.9028,12.4964,21,
2024-08-02T20:00:00+00:00,18.95,24.42,24.63,45.01,25,40,Rome,,41.9028,12.4964,21,
2024-08-02T21:00:00+00:00,21.48,25.04,23.06,50.92,25,40,Rome,,41.9028,12.4964,21,
2024-08-02T22:00:00+00:00,18.48,21.72,24.1,55.32,25,40,Rome,,41.9028,12.4964,21,
2024-08-02T23:00:00+00:00,17.66,23.18,26.11,51.11,25,40,Rome,,41.9028,12.4964,21,
2024-08-03T00:00:00+00:00,16.15,24.81,26.07,49.77,25,40,Rome,,41.9028,12.4964,21,
2024-08-03T01:00:00+00:00,15.82,21.58,28.58,62.94,25,40,Rome,,41.9028,12.4964,21,
2024-08-03T02:00:00+00:00,18.91,23.65,28.65,55.24,25,40,Rome,,41.9028,12.4964,21,
2024-08-03T03:00:00+00:00,20.18,27.35,31.17,66.55,25,40,Rome,,41.9028,12.4964,21,
2024-08-03T04:00:00+00:00,17.18,23.25,29.41,58.41,25,40,Rome,,41.9028,12.4964,21,
2024-08-03T05:00:00+00:00,17.59,22.59,31.64,67.65,25,40,Rome,,41.9028,12.4964,21,
2024-08-03T06:00:00+00:00,19.17,25.44,32.49,71.79,25,40,Rome,,41.9028,12.4964,21,
2024-08-03T07:00:00+00:00,21.17,31.67,29.48,67.83,25,40,Rome,,41.9028,12.4964,21,
2024-08-03T08:00:00+00:00,20.64,26.68,29.03,61.8,25,40,Rome,,41.9028,12.4964,21,
2024-08-03T09:00:00+00:00,17.74,27.84,30.39,56.72,25,40,Rome,,41.9028,12.4964,21,
2024-08-03T10:00:00+00:00,19.56,22.75,28.49,55.27,25,40,Rome,,41.9028,12.4964,21,
2024-08-03T11:00:00+00:00,16.18,21.64,27.97,60.98,25,40,Rome,,41.9028,12.4964,21,
2024-08-03T12:00:00+00:00,17.09,25.86,27.51,60.75,25,40,Rome,,41.9028,12.4964,21,
2024-08-03T13:00:00+00:00,16.14,25.48,27.32,57.22,25,40,Rome,,41.9028,12.4964,21,
2024-08-03T14:00:00+00:00,16.87,22.32,26.24,52.44,25,40,Rome,,41.9028,12.4964,21,
2024-08-03T15:00:00+00:00,17.61,26.33,23.37,45.64,25,40,Rome,,41.9028,12.4964,21,
2024-08-03T16:00:00+00:00,15.45,18.84,23.35,45.45,25,40,Rome,,41.9028,12.4964,21,
2024-08-03T17:00:00+00:00,14.41,19.03,24.61,38.84,25,40,Rome,,41.9028,12.4964,21,
2024-08-03T18:00:00+00:00,18.35,24.01,23.72,44.68,25,40,Rome,,41.9028,12.4964,21,
2024-08-03T19:00:00+00:00,20.3,23.81,22.78,48.19,25,40,Rome,,41.9028,12.4964,21,
2024-08-03T20:00:00+00:00,20.31,27.3,23.01,52.19,25,40,Rome,,41.9028,12.4964,21,
2024-08-03T21:00:00+00:00,18.11,24.99,23.33,55.23,25,40,Rome,,41.9028,12.4964,21,
2024-08-03T22:00:00+00:00,18.57,26.4,25.24,55.69,25,40,Rome,,41.9028,12.4964,21,
2024-08-03T23:00:00+00:00,19.71,23.45,26.46,56.15,25,40,Rome,,41.9028,12.4964,21,
2024-08-04T00:00:00+00:00,19.31,28.74,25.88,51.34,25,40,Rome,,41.9028,12.4964,21,
2024-08-04T01:00:00+00:00,18.16,26.59,27.4,51.18,25,40,Rome,,41.9028,12.4964,21,
2024-08-04T02:00:00+00:00,18.46,26.51,29.84,65.22,25,40,Rome,,41.9028,12.4964,21,
2024-08-04T03:00:00+00:00,19.34,27.48,28.55,64.32,25,40,Rome,,41.9028,12.4964,21,
2024-08-04T04:00:00+00:00,18.83,25.64,30.02,67.29,25,40,Rome,,41.9028,12.4964,21,
2024-08-04T05:00:00+00:00,15.62,18.87,30.95,58.69,25,40,Rome,,41.9028,12.4964,21,
2024-08-04T06:00:00+00:00,20.27,26.44,30.97,59.57,25,40,Rome,,41.9028,12.4964,21,
2024-08-04T07:00:00+00:00,18.08,20.63,30.14,72.6,25,40,Rome,,41.9028,12.4964,21,
2024-08-04T08:00:00+00:00,18.33,26.67,30.25,62.12,25,40,Rome,,41.9028,12.4964,21,
2024-08-04T09:00:00+00:00,18.42,21.47,29.63,62.54,25,40,Rome,,41.9028,12.4964,21,
2024-08-04T10:00:00+00:00,21.32,31.05,29.47,63.78,25,40,Rome,,41.9028,12.4964,21,
2024-08-04T11:00:00+00:00,19.34,30.0,28.53,58.86,25,40,Rome,,41.9028,12.4964,21,
2024-08-04T12:00:00+00:00,16.5,25.95,26.3,49.53,25,40,Rome,,41.9028,12.4964,21,
2024-08-04T13:00:00+00:00,16.81,19.99,24.57,47.43,25,40,Rome,,41.9028,12.4964,21,
2024-08-04T14:00:00+00:00,21.07,27.0,23.67,49.24,25,40,Rome,,41.9028,12.4964,21,
2024-08-04T15:00:00+00:00,20.44,31.04,25.2,50.44,25,40,Rome,,41.9028,12.4964,21,
2024-08-04T16:00:00+00:00,15.74,18.32,22.75,53.33,25,40,Rome,,41.9028,12.4964,21,
2024-08-04T17:00:00+00:00,14.62,16.77,23.13,44.68,25,40,Rome,,41.9028,12.4964,21,
2024-08-04T18:00:00+00:00,18.94,24.59,22.85,44.84,25,40,Rome,,41.9028,12.4964,21,
2024-08-04T19:00:00+00:00,18.51,26.05,22.28,51.1,25,40,Rome,,41.9028,12.4964,21,
2024-08-04T20:00:00+00:00,17.98,27.23,24.44,41.5,25,40,Rome,,41.9028,12.4964,21,
2024-08-04T21:00:00+00:00,20.46,27.73,22.84,48.51,25,40,Rome,,41.9028,12.4964,21,
2024-08-04T22:00:00+00:00,21.12,31.2,23.74,50.7,25,40,Rome,,41.9028,12.4964,21,
2024-08-04T23:00:00+00:00,21.66,25.73,26.4,59.06,25,40,Rome,,41.9028,12.4964,21,
2024-08-05T00:00:00+00:00,15.61,21.78,28.5,49.13,25,40,Rome,,41.9028,12.4964,21,
2024-08-05T01:00:00+00:00,17.04,25.83,28.56,57.57,25,40,Rome,,41.9028,12.4964,21,
2024-08-05T02:00:00+00:00,16.19,22.94,29.07,53.5,25,40,Rome,,41.9028,12.4964,21,
2024-08-05T03:00:00+00:00,20.01,30.6,28.34,62.94,25,40,Rome,,41.9028,12.4964,21,
2024-08-05T04:00:00+00:00,21.4,31.03,30.48,61.14,25,40,Rome,,41.9028,12.4964,21,
2024-08-05T05:00:00+00:00,21.93,26.81,29.81,68.45,25,40,Rome,,41.9028,12.4964,21,
2024-08-05T06:00:00+00:00,18.81,27.13,29.54,72.81,25,40,Rome,,41.9028,12.4964,21,
2024-08-05T07:00:00+00:00,17.41,23.6,31.12,58.5,25,40,Rome,,41.9028,12.4964,21,
2024-08-05T08:00:00+00:00,22.17,31.52,30.45,68.59,25,40,Rome,,41.9028,12.4964,21,
2024-08-05T09:00:00+00:00,20.05,30.12,30.15,66.29,25,40,Rome,,41.9028,12.4964,21,
2024-08-05T10:00:00+00:00,18.11,21.5,30.3,56.32,25,40,Rome,,41.9028,12.4964,21,
2024-08-05T11:00:00+00:00,20.54,25.85,26.57,52.21,25,40,Rome,,41.9028,12.4964,21,
2024-08-05T12:00:00+00:00,21.09,25.26,26.64,56.24,25,40,Rome,,41.9028,12.4964,21,
2024-08-05T13:00:00+00:00,17.59,23.99,24.71,58.85,25,40,Rome,,41.9028,12.4964,21,
2024-08-05T14:00:00+00:00,21.63,27.47,23.92,56.64,25,40,Rome,,41.9028,12.4964,21,
2024-08-05T15:00:00+00:00,18.52,25.32,24.79,50.98,25,40,Rome,,41.9028,12.4964,21,
2024-08-05T16:00:00+00:00,16.5,25.5,23.58,45.36,25,40,Rome,,41.9028,12.4964,21,
2024-08-05T17:00:00+00:00,19.15,27.36,21.93,40.45,25,40,Rome,,41.9028,12.4964,21,
2024-08-05T18:00:00+00:00,20.32,30.25,22.61,38.4,25,40,Rome,,41.9028,12.4964,21,
2024-08-05T19:00:00+00:00,19.35,22.23,22.55,46.51,25,40,Rome,,41.9028,12.4964,21,
2024-08-05T20:00:00+00:00,17.12,27.06,23.4,53.62,25,40,Rome,,41.9028,12.4964,21,
2024-08-05T21:00:00+00:00,20.78,28.52,24.29,52.86,25,40,Rome,,41.9028,12.4964,21,
2024-08-05T22:00:00+00:00,19.98,27.92,24.58,49.22,25,40,Rome,,41.9028,12.4964,21,
2024-08-05T23:00:00+00:00,17.45,24.95,24.5,56.18,25,40,Rome,,41.9028,12.4964,21,
2024-08-06T00:00:00+00:00,20.62,28.47,25.57,57.59,25,40,Rome,,41.9028,12.4964,21,
2024-08-06T01:00:00+00:00,16.58,20.94,28.7,64.05,25,40,Rome,,41.9028,12.4964,21,
2024-08-06T02:00:00+00:00,19.25,28.54,28.31,60.12,25,40,Rome,,41.9028,12.4964,21,
2024-08-06T03:00:00+00:00,16.82,21.51,30.36,65.42,25,40,Rome,,41.9028,12.4964,21,
2024-08-06T04:00:00+00:00,18.34,22.53,29.37,61.84,25,40,Rome,,41.9028,12.4964,21,
2024-08-06T05:00:00+00:00,15.04,20.8,29.94,58.19,25,40,Rome,,41.9028,12.4964,21,
2024-08-06T06:00:00+00:00,18.22,28.18,30.8,58.3,25,40,Rome,,41.9028,12.4964,21,
2024-08-06T07:00:00+00:00,16.53,23.8,30.45,70.42,25,40,Rome,,41.9028,12.4964,21,
2024-08-06T08:00:00+00:00,20.93,29.69,31.09,57.89,25,40,Rome,,41.9028,12.4964,21,
2024-08-06T09:00:00+00:00,17.67,23.07,29.08,57.74,25,40,Rome,,41.9028,12.4964,21,
2024-08-06T10:00:00+00:00,15.68,17.37,29.05,56.0,25,40,Rome,,41.9028,12.4964,21,
2024-08-06T11:00:00+00:00,21.66,32.04,29.21,62.37,25,40,Rome,,41.9028,12.4964,21,
2024-08-06T12:00:00+00:00,18.15,23.92,28.35,58.5,25,40,Rome,,41.9028,12.4964,21,
2024-08-06T13:00:00+00:00,20.03,28.08,26.67,58.56,25,40,Rome,,41.9028,12.4964,21,
2024-08-06T14:00:00+00:00,15.44,22.38,25.49,50.84,25,40,Rome,,41.9028,12.4964,21,
2024-08-06T15:00:00+00:00,17.0,21.61,22.98,54.67,25,40,Rome,,41.9028,12.4964,21,
2024-08-06T16:00:00+00:00,14.05,16.04,24.29,40.36,25,40,Rome,,41.9028,12.4964,21,
2024-08-06T17:00:00+00:00,15.04,18.36,24.54,50.98,25,40,Rome,,41.9028,12.4964,21,
2024-08-06T18:00:00+00:00,16.67,20.24,21.67,42.63,25,40,Rome,,41.9028,12.4964,21,
2024-08-06T19:00:00+00:00,15.65,18.77,22.96,46.4,25,40,Rome,,41.9028,12.4964,21,
2024-08-06T20:00:00+00:00,14.83,16.76,24.31,42.12,25,40,Rome,,41.9028,12.4964,21,
2024-08-06T21:00:00+00:00,17.03,22.66,23.65,44.71,25,40,Rome,,41.9028,12.4964,21,
2024-08-06T22:00:00+00:00,15.81,20.62,24.0,56.35,25,40,Rome,,41.9028,12.4964,21,
2024-08-06T23:00:00+00:00,17.87,27.97,24.85,60.09,25,40,Rome,,41.9028,12.4964,21,
2024-08-07T00:00:00+00:00,20.59,27.24,27.07,57.79,25,40,Rome,,41.9028,12.4964,21,
2024-08-07T01:00:00+00:00,16.15,19.58,27.72,50.53,25,40,Rome,,41.9028,12.4964,21,
2024-08-07T02:00:00+00:00,16.73,26.55,28.22,57.55,25,40,Rome,,41.9028,12.4964,21,
2024-08-07T03:00:00+00:00,18.62,28.54,29.32,58.83,25,40,Rome,,41.9028,12.4964,21,
2024-08-07T04:00:00+00:00,16.08,19.08,30.19,56.68,25,40,Rome,,41.9028,12.4964,21,
2024-08-07T05:00:00+00:00,15.92,23.99,31.92,63.4,25,40,Rome,,41.9028,12.4964,21,
2024-08-07T06:00:00+00:00,20.93,26.97,29.94,59.49,25,40,Rome,,41.9028,12.4964,21,
2024-08-07T07:00:00+00:00,16.91,19.62,31.25,58.41,25,40,Rome,,41.9028,12.4964,21,
2024-08-07T08:00:00+00:00,17.44,24.83,29.95,57.05,25,40,Rome,,41.9028,12.4964,21,
2024-08-07T09:00:00+00:00,18.09,27.73,29.29,56.11,25,40,Rome,,41.9028,12.4964,21,
2024-08-07T10:00:00+00:00,18.54,28.49,27.98,61.01,25,40,Rome,,41.9028,12.4964,21,
2024-08-07T11:00:00+00:00,18.35,20.78,28.1,58.39,25,40,Rome,,41.9028,12.4964,21,
2024-08-07T12:00:00+00:00,16.33,24.54,25.64,54.59,25,40,Rome,,41.9028,12.4964,21,
2024-08-07T13:00:00+00:00,15.69,23.5,25.77,53.19,25,40,Rome,,41.9028,12.4964,21,
2024-08-07T14:00:00+00:00,19.37,25.6,23.97,47.29,25,40,Rome,,41.9028,12.4964,21,
2024-08-07T15:00:00+00:00,21.23,28.48,25.23,51.83,25,40,Rome,,41.9028,12.4964,21,
2024-08-07T16:00:00+00:00,15.62,21.94,22.26,41.64,25,40,Rome,,41.9028,12.4964,21,
2024-08-07T17:00:00+00:00,18.3,20.8,22.25,52.65,25,40,Rome,,41.9028,12.4964,21,
2024-08-07T18:00:00+00:00,19.36,27.43,22.6,43.19,25,40,Rome,,41.9028,12.4964,21,
2024-08-07T19:00:00+00:00,17.05,20.56,22.52,39.57,25,40,Rome,,41.9028,12.4964,21,
2024-08-07T20:00:00+00:00,16.83,26.58,24.49,45.52,25,40,Rome,,41.9028,12.4964,21,
2024-08-07T21:00:00+00:00,18.24,28.41,24.34,43.75,25,40,Rome,,41.9028,12.4964,21,
2024-08-07T22:00:00+00:00,15.68,19.22,25.13,57.91,25,40,Rome,,41.9028,12.4964,21,
2024-08-07T23:00:00+00:00,16.04,19.55,25.76,46.73,25,40,Rome,,41.9028,12.4964,21,
2024-08-08T00:00:00+00:00,16.19,20.0,27.22,53.87,25,40,Rome,,41.9028,12.4964,21,
2024-08-08T01:00:00+00:00,21.28,28.94,29.02,56.95,25,40,Rome,,41.9028,12.4964,21,
2024-08-08T02:00:00+00:00,15.58,18.93,28.76,54.0,25,40,Rome,,41.9028,12.4964,21,
2024-08-08T03:00:00+00:00,21.1,27.85,29.5,63.89,25,40,Rome,,41.9028,12.4964,21,
2024-08-08T04:00:00+00:00,19.0,26.5,30.27,62.44,25,40,Rome,,41.9028,12.4964,21,
2024-08-08T05:00:00+00:00,17.93,25.29,31.35,61.28,25,40,Rome,,41.9028,12.4964,21,
2024-08-08T06:00:00+00:00,21.37,27.58,30.33,70.34,25,40,Rome,,41.9028,12.4964,21,
2024-08-08T07:00:00+00:00,20.86,27.48,30.08,66.3,25,40,Rome,,41.9028,12.4964,21,
2024-08-08T08:00:00+00:00,17.55,24.68,30.94,64.0,25,40,Rome,,41.9028,12.4964,21,
2024-08-08T09:00:00+00:00,21.95,30.78,28.93,64.27,25,40,Rome,,41.9028,12.4964,21,
2024-08-08T10:00:00+00:00,16.21,18.5,29.21,54.38,25,40,Rome,,41.9028,12.4964,21,
2024-08-08T11:00:00+00:00,18.7,22.09,28.14,55.24,25,40,Rome,,41.9028,12.4964,21,
2024-08-08T12:00:00+00:00,20.79,29.28,26.67,55.16,25,40,Rome,,41.9028,12.4964,21,
2024-08-08T13:00:00+00:00,16.54,19.16,26.14,56.05,25,40,Rome,,41.9028,12.4964,21,
2024-08-08T14:00:00+00:00,14.77,17.12,25.76,45.23,25,40,Rome,,41.9028,12.4964,21,
2024-08-08T15:00:00+00:00,16.01,18.89,24.47,53.27,25,40,Rome,,41.9028,12.4964,21,
2024-08-08T16:00:00+00:00,19.32,22.94,24.41,41.89,25,40,Rome,,41.9028,12.4964,21,
2024-08-08T17:00:00+00:00,16.0,19.22,22.14,48.99,25,40,Rome,,41.9028,12.4964,21,
2024-08-08T18:00:00+00:00,14.78,16.15,22.6,40.18,25,40,Rome,,41.9028,12.4964,21,
2024-08-08T19:00:00+00:00,15.91,23.4,23.4,48.27,25,40,Rome,,41.9028,12.4964,21,
2024-08-08T20:00:00+00:00,14.67,15.93,24.69,39.3,25,40,Rome,,41.9028,12.4964,21,
2024-08-08T21:00:00+00:00,16.83,23.5,25.24,54.62,25,40,Rome,,41.9028,12.4964,21,
2024-08-08T22:00:00+00:00,18.11,26.42,24.27,54.89,25,40,Rome,,41.9028,12.4964,21,
2024-08-08T23:00:00+00:00,20.59,30.24,24.98,60.12,25,40,Rome,,41.9028,12.4964,21,
2024-08-09T00:00:00+00:00,20.29,28.7,27.48,58.03,25,40,Rome,,41.9028,12.4964,21,
2024-08-09T01:00:00+00:00,18.71,26.61,26.77,51.44,25,40,Rome,,41.9028,12.4964,21,
2024-08-09T02:00:00+00:00,21.33,31.32,27.75,58.34,25,40,Rome,,41.9028,12.4964,21,
2024-08-09T03:00:00+00:00,17.61,24.79,28.76,58.31,25,40,Rome,,41.9028,12.4964,21,
2024-08-09T04:00:00+00:00,16.99,26.89,31.04,60.49,25,40,Rome,,41.9028,12.4964,21,
2024-08-09T05:00:00+00:00,17.6,20.83,31.58,67.62,25,40,Rome,,41.9028,12.4964,21,
2024-08-09T06:00:00+00:00,17.91,23.01,31.82,72.42,25,40,Rome,,41.9028,12.4964,21,
2024-08-09T07:00:00+00:00,18.9,22.01,31.02,63.59,25,40,Rome,,41.9028,12.4964,21,
2024-08-09T08:00:00+00:00,19.05,27.07,29.73,63.28,25,40,Rome,,41.9028,12.4964,21,
2024-08-09T09:00:00+00:00,16.22,21.67,28.33,67.92,25,40,Rome,,41.9028,12.4964,21,
2024-08-09T10:00:00+00:00,16.59,18.63,28.74,63.53,25,40,Rome,,41.9028,12.4964,21,
2024-08-09T11:00:00+00:00,16.53,19.66,28.71,50.27,25,40,Rome,,41.9028,12.4964,21,
2024-08-09T12:00:00+00:00,20.31,26.03,27.18,62.22,25,40,Rome,,41.9028,12.4964,21,
2024-08-09T13:00:00+00:00,18.95,25.37,26.25,45.41,25,40,Rome,,41.9028,12.4964,21,
2024-08-09T14:00:00+00:00,15.09,22.35,24.27,46.58,25,40,Rome,,41.9028,12.4964,21,
2024-08-09T15:00:00+00:00,17.91,21.38,24.46,51.36,25,40,Rome,,41.9028,12.4964,21,
2024-08-09T16:00:00+00:00,18.52,28.77,22.04,43.08,25,40,Rome,,41.9028,12.4964,21,
2024-08-09T17:00:00+00:00,20.87,31.23,22.42,53.23,25,40,Rome,,41.9028,12.4964,21,
2024-08-09T18:00:00+00:00,17.05,24.41,22.55,47.84,25,40,Rome,,41.9028,12.4964,21,
2024-08-09T19:00:00+00:00,19.88,27.59,24.17,48.63,25,40,Rome,,41.9028,12.4964,21,
2024-08-09T20:00:00+00:00,15.87,21.44,23.0,40.46,25,40,Rome,,41.9028,12.4964,21,
2024-08-09T21:00:00+00:00,16.6,23.65,24.56,49.06,25,40,Rome,,41.9028,12.4964,21,
2024-08-09T22:00:00+00:00,16.62,23.8,23.98,44.14,25,40,Rome,,41.9028,12.4964,21,
2024-08-09T23:00:00+00:00,20.95,29.54,26.67,60.39,25,40,Rome,,41.9028,12.4964,21,
2024-08-10T00:00:00+00:00,19.36,25.54,25.5,59.51,25,40,Rome,,41.9028,12.4964,21,
2024-08-10T01:00:00+00:00,16.84,21.07,29.17,64.16,25,40,Rome,,41.9028,12.4964,21,
2024-08-10T02:00:00+00:00,19.49,27.45,29.33,61.83,25,40,Rome,,41.9028,12.4964,21,
2024-08-10T03:00:00+00:00,17.91,25.57,31.17,55.17,25,40,Rome,,41.9028,12.4964,21,
2024-08-10T04:00:00+00:00,18.19,25.22,31.88,57.97,25,40,Rome,,41.9028,12.4964,21,
2024-08-10T05:00:00+00:00,17.49,27.32,31.12,72.63,25,40,Rome,,41.9028,12.4964,21,
2024-08-10T06:00:00+00:00,19.81,26.81,30.84,63.54,25,40,Rome,,41.9028,12.4964,21,
2024-08-10T07:00:00+00:00,18.99,25.95,31.31,61.17,25,40,Rome,,41.9028,12.4964,21,
2024-08-10T08:00:00+00:00,21.35,29.31,31.65,61.71,25,40,Rome,,41.9028,12.4964,21,
2024-08-10T09:00:00+00:00,16.74,25.56,29.59,60.36,25,40,Rome,,41.9028,12.4964,21,
2024-08-10T10:00:00+00:00,19.11,29.43,28.72,65.92,25,40,Rome,,41.9028,12.4964,21,
2024-08-10T11:00:00+00:00,20.04,24.76,27.22,52.59,25,40,Rome,,41.9028,12.4964,21,
2024-08-10T12:00:00+00:00,17.55,22.25,25.77,48.72,25,40,Rome,,41.9028,12.4964,21,
2024-08-10T13:00:00+00:00,16.11,24.51,26.62,52.99,25,40,Rome,,41.9028,12.4964,21,
2024-08-10T14:00:00+00:00,15.25,18.43,24.55,53.15,25,40,Rome,,41.9028,12.4964,21,
2024-08-10T15:00:00+00:00,21.18,30.76,25.12,54.55,25,40,Rome,,41.9028,12.4964,21,
2024-08-10T16:00:00+00:00,15.96,20.51,24.82,42.69,25,40,Rome,,41.9028,12.4964,21,
2024-08-10T17:00:00+00:00,14.7,16.58,21.64,37.53,25,40,Rome,,41.9028,12.4964,21,
2024-08-10T18:00:00+00:00,16.59,23.5,21.58,39.15,25,40,Rome,,41.9028,12.4964,21,
2024-08-10T19:00:00+00:00,19.34,25.26,22.44,40.71,25,40,Rome,,41.9028,12.4964,21,
2024-08-10T20:00:00+00:00,18.43,24.51,22.98,42.39,25,40,Rome,,41.9028,12.4964,21,
2024-08-10T21:00:00+00:00,15.73,17.89,23.29,43.3,25,40,Rome,,41.9028,12.4964,21,
2024-08-10T22:00:00+00:00,19.39,26.93,24.75,57.81,25,40,Rome,,41.9028,12.4964,21,
2024-08-10T23:00:00+00:00,17.16,24.42,26.73,55.98,25,40,Rome,,41.9028,12.4964,21,
2024-08-11T00:00:00+00:00,18.82,22.79,27.59,47.75,25,40,Rome,,41.9028,12.4964,21,
2024-08-11T01:00:00+00:00,15.73,18.92,28.51,54.83,25,40,Rome,,41.9028,12.4964,21,
2024-08-11T02:00:00+00:00,20.5,31.51,29.9,62.06,25,40,Rome,,41.9028,12.4964,21,
2024-08-11T03:00:00+00:00,20.32,23.86,29.04,56.56,25,40,Rome,,41.9028,12.4964,21,
2024-08-11T04:00:00+00:00,19.88,28.84,29.25,60.69,25,40,Rome,,41.9028,12.4964,21,
2024-08-11T05:00:00+00:00,19.41,25.08,30.93,70.35,25,40,Rome,,41.9028,12.4964,21,
2024-08-11T06:00:00+00:00,21.92,33.24,29.57,63.88,25,40,Rome,,41.9028,12.4964,21,
2024-08-11T07:00:00+00:00,17.07,26.04,30.8,72.47,25,40,Rome,,41.9028,12.4964,21,
2024-08-11T08:00:00+00:00,18.21,24.77,30.84,63.73,25,40,Rome,,41.9028,12.4964,21,
2024-08-11T09:00:00+00:00,15.82,19.43,28.94,62.8,25,40,Rome,,41.9028,12.4964,21,
2024-08-11T10:00:00+00:00,17.55,20.4,30.24,55.78,25,40,Rome,,41.9028,12.4964,21,
2024-08-11T11:00:00+00:00,16.64,20.58,27.97,61.87,25,40,Rome,,41.9028,12.4964,21,
2024-08-11T12:00:00+00:00,18.36,27.85,26.47,57.71,25,40,Rome,,41.9028,12.4964,21,
2024-08-11T13:00:00+00:00,17.56,23.68,24.61,54.64,25,40,Rome,,41.9028,12.4964,21,
2024-08-11T14:00:00+00:00,18.35,25.2,24.76,46.07,25,40,Rome,,41.9028,12.4964,21,
2024-08-11T15:00:00+00:00,14.89,22.27,24.98,47.35,25,40,Rome,,41.9028,12.4964,21,
2024-08-11T16:00:00+00:00,18.46,26.81,24.03,53.09,25,40,Rome,,41.9028,12.4964,21,
2024-08-11T17:00:00+00:00,19.91,30.2,22.74,40.93,25,40,Rome,,41.9028,12.4964,21,
2024-08-11T18:00:00+00:00,20.48,24.5,23.89,50.42,25,40,Rome,,41.9028,12.4964,21,
2024-08-11T19:00:00+00:00,17.85,27.32,24.61,48.93,25,40,Rome,,41.9028,12.4964,21,
2024-08-11T20:00:00+00:00,17.26,20.72,24.46,42.91,25,40,Rome,,41.9028,12.4964,21,
2024-08-11T21:00:00+00:00,21.19,31.55,23.28,47.98,25,40,Rome,,41.9028,12.4964,21,
2024-08-11T22:00:00+00:00,19.85,24.26,26.44,47.59,25,40,Rome,,41.9028,12.4964,21,
2024-08-11T23:00:00+00:00,19.46,29.47,24.52,50.27,25,40,Rome,,41.9028,12.4964,21,
2024-08-12T00:00:00+00:00,16.75,22.16,26.08,51.71,25,40,Rome,,41.9028,12.4964,21,
2024-08-12T01:00:00+00:00,18.87,25.02,26.76,60.75,25,40,Rome,,41.9028,12.4964,21,
2024-08-12T02:00:00+00:00,18.6,21.92,28.9,67.6,25,40,Rome,,41.9028,12.4964,21,
2024-08-12T03:00:00+00:00,16.01,21.01,29.52,56.52,25,40,Rome,,41.9028,12.4964,21,
2024-08-12T04:00:00+00:00,15.15,17.45,29.87,57.83,25,40,Rome,,41.9028,12.4964,21,
2024-08-12T05:00:00+00:00,16.99,24.58,31.69,63.7,25,40,Rome,,41.9028,12.4964,21,
2024-08-12T06:00:00+00:00,17.67,20.77,32.46,58.9,25,40,Rome,,41.9028,12.4964,21,
2024-08-12T07:00:00+00:00,21.51,28.6,29.45,61.66,25,40,Rome,,41.9028,12.4964,21,
2024-08-12T08:00:00+00:00,16.74,18.64,29.69,68.84,25,40,Rome,,41.9028,12.4964,21,
2024-08-12T09:00:00+00:00,19.73,30.58,28.58,65.25,25,40,Rome,,41.9028,12.4964,21,
2024-08-12T10:00:00+00:00,16.02,24.89,30.49,56.98,25,40,Rome,,41.9028,12.4964,21,
2024-08-12T11:00:00+00:00,15.97,19.68,28.86,53.0,25,40,Rome,,41.9028,12.4964,21,
2024-08-12T12:00:00+00:00,14.65,22.29,27.45,48.75,25,40,Rome,,41.9028,12.4964,21,
2024-08-12T13:00:00+00:00,20.32,27.24,25.35,51.59,25,40,Rome,,41.9028,12.4964,21,
2024-08-12T14:00:00+00:00,17.75,20.23,26.02,53.04,25,40,Rome,,41.9028,12.4964,21,
2024-08-12T15:00:00+00:00,20.28,27.28,23.39,45.43,25,40,Rome,,41.9028,12.4964,21,
2024-08-12T16:00:00+00:00,17.68,25.47,23.36,45.09,25,40,Rome,,41.9028,12.4964,21,
2024-08-12T17:00:00+00:00,21.06,25.24,22.64,47.59,25,40,Rome,,41.9028,12.4964,21,
2024-08-12T18:00:00+00:00,16.03,21.08,21.78,50.15,25,40,Rome,,41.9028,12.4964,21,
2024-08-12T19:00:00+00:00,20.89,27.51,23.48,45.51,25,40,Rome,,41.9028,12.4964,21,
2024-08-12T20:00:00+00:00,18.04,27.36,23.91,40.43,25,40,Rome,,41.9028,12.4964,21,
2024-08-12T21:00:00+00:00,17.31,25.64,23.12,47.72,25,40,Rome,,41.9028,12.4964,21,
2024-08-12T22:00:00+00:00,20.78,31.46,26.39,51.67,25,40,Rome,,41.9028,12.4964,21,
2024-08-12T23:00:00+00:00,17.18,22.21,27.09,57.04,25,40,Rome,,41.9028,12.4964,21,
2024-08-13T00:00:00+00:00,19.44,28.12,26.9,47.5,25,40,Rome,,41.9028,12.4964,21,
2024-08-13T01:00:00+00:00,18.17,23.61,26.64,56.0,25,40,Rome,,41.9028,12.4964,21,
2024-08-13T02:00:00+00:00,17.87,23.29,28.76,54.26,25,40,Rome,,41.9028,12.4964,21,
2024-08-13T03:00:00+00:00,18.76,25.11,29.01,54.9,25,40,Rome,,41.9028,12.4964,21,
2024-08-13T04:00:00+00:00,21.68,28.45,29.51,68.22,25,40,Rome,,41.9028,12.4964,21,
2024-08-13T05:00:00+00:00,21.39,25.93,31.43,59.68,25,40,Rome,,41.9028,12.4964,21,
2024-08-13T06:00:00+00:00,15.24,20.35,29.97,59.2,25,40,Rome,,41.9028,12.4964,21,
2024-08-13T07:00:00+00:00,18.64,25.96,31.58,69.45,25,40,Rome,,41.9028,12.4964,21,
2024-08-13T08:00:00+00:00,17.06,23.71,30.16,66.82,25,40,Rome,,41.9028,12.4964,21,
2024-08-13T09:00:00+00:00,18.22,25.75,30.17,65.77,25,40,Rome,,41.9028,12.4964,21,
2024-08-13T10:00:00+00:00,17.86,21.45,27.98,67.59,25,40,Rome,,41.9028,12.4964,21,
2024-08-13T11:00:00+00:00,19.44,25.15,27.04,63.53,25,40,Rome,,41.9028,12.4964,21,
2024-08-13T12:00:00+00:00,16.41,25.6,27.71,55.95,25,40,Rome,,41.9028,12.4964,21,
2024-08-13T13:00:00+00:00,17.13,25.03,24.78,52.69,25,40,Rome,,41.9028,12.4964,21,
2024-08-13T14:00:00+00:00,17.31,27.35,24.07,45.03,25,40,Rome,,41.9028,12.4964,21,
2024-08-13T15:00:00+00:00,20.77,26.98,23.53,54.32,25,40,Rome,,41.9028,12.4964,21,
2024-08-13T16:00:00+00:00,20.9,26.73,23.22,44.39,25,40,Rome,,41.9028,12.4964,21,
2024-08-13T17:00:00+00:00,17.63,21.1,22.17,44.5,25,40,Rome,,41.9028,12.4964,21,
2024-08-13T18:00:00+00:00,19.52,22.54,22.68,39.55,25,40,Rome,,41.9028,12.4964,21,
2024-08-13T19:00:00+00:00,21.01,24.58,24.32,53.05,25,40,Rome,,41.9028,12.4964,21,
2024-08-13T20:00:00+00:00,19.28,27.31,23.82,53.6,25,40,Rome,,41.9028,12.4964,21,
2024-08-13T21:00:00+00:00,19.27,28.0,24.58,41.0,25,40,Rome,,41.9028,12.4964,21,
2024-08-13T22:00:00+00:00,17.75,26.11,24.09,43.36,25,40,Rome,,41.9028,12.4964,21,
2024-08-13T23:00:00+00:00,19.47,29.11,24.72,52.77,25,40,Rome,,41.9028,12.4964,21,
2024-08-14T00:00:00+00:00,19.82,27.3,26.04,50.03,25,40,Rome,,41.9028,12.4964,21,
2024-08-14T01:00:00+00:00,19.71,23.8,26.74,57.41,25,40,Rome,,41.9028,12.4964,21,
2024-08-14T02:00:00+00:00,21.47,27.48,29.2,67.54,25,40,Rome,,41.9028,12.4964,21,
2024-08-14T03:00:00+00:00,18.63,26.24,28.57,55.55,25,40,Rome,,41.9028,12.4964,21,
2024-08-14T04:00:00+00:00,18.72,21.93,30.83,66.22,25,40,Rome,,41.9028,12.4964,21,
2024-08-14T05:00:00+00:00,20.12,27.73,29.76,69.55,25,40,Rome,,41.9028,12.4964,21,
2024-08-14T06:00:00+00:00,18.84,22.48,31.87,61.78,25,40,Rome,,41.9028,12.4964,21,
2024-08-14T07:00:00+00:00,19.55,23.41,30.41,56.84,25,40,Rome,,41.9028,12.4964,21,
2024-08-14T08:00:00+00:00,17.82,26.14,29.28,62.49,25,40,Rome,,41.9028,12.4964,21,
2024-08-14T09:00:00+00:00,19.21,29.87,28.45,60.34,25,40,Rome,,41.9028,12.4964,21,
2024-08-14T10:00:00+00:00,20.8,25.5,29.86,62.34,25,40,Rome,,41.9028,12.4964,21,
2024-08-14T11:00:00+00:00,18.33,23.89,26.76,50.26,25,40,Rome,,41.9028,12.4964,21,
2024-08-14T12:00:00+00:00,15.83,17.77,26.44,50.97,25,40,Rome,,41.9028,12.4964,21,
2024-08-14T13:00:00+00:00,16.93,24.56,27.27,54.4,25,40,Rome,,41.9028,12.4964,21,
2024-08-14T14:00:00+00:00,14.97,18.37,25.25,50.82,25,40,Rome,,41.9028,12.4964,21,
2024-08-14T15:00:00+00:00,14.75,18.23,23.78,46.69,25,40,Rome,,41.9028,12.4964,21,
2024-08-14T16:00:00+00:00,16.21,18.99,23.77,45.21,25,40,Rome,,41.9028,12.4964,21,
2024-08-14T17:00:00+00:00,18.58,23.25,24.33,40.14,25,40,Rome,,41.9028,12.4964,21,
2024-08-14T18:00:00+00:00,17.59,23.94,21.87,45.18,25,40,Rome,,41.9028,12.4964,21,
2024-08-14T19:00:00+00:00,17.25,24.39,22.85,49.94,25,40,Rome,,41.9028,12.4964,21,
2024-08-14T20:00:00+00:00,20.32,26.69,22.35,50.6,25,40,Rome,,41.9028,12.4964,21,
2024-08-14T21:00:00+00:00,16.61,19.07,24.23,47.82,25,40,Rome,,41.9028,12.4964,21,
2024-08-14T22:00:00+00:00,18.68,21.41,24.29,48.12,25,40,Rome,,41.9028,12.4964,21,
2024-08-14T23:00:00+00:00,18.41,28.09,26.05,45.07,25,40,Rome,,41.9028,12.4964,21,
2024-08-15T00:00:00+00:00,19.47,22.51,26.0,61.38,25,40,Rome,,41.9028,12.4964,21,
2024-08-15T01:00:00+00:00,17.96,26.09,27.55,61.66,25,40,Rome,,41.9028,12.4964,21,
2024-08-15T02:00:00+00:00,15.54,20.48,29.83,58.14,25,40,Rome,,41.9028,12.4964,21,
2024-08-15T03:00:00+00:00,21.33,27.09,29.45,65.85,25,40,Rome,,41.9028,12.4964,21,
2024-08-15T04:00:00+00:00,17.13,23.27,30.44,64.76,25,40,Rome,,41.9028,12.4964,21,
2024-08-15T05:00:00+00:00,18.64,21.38,30.28,63.29,25,40,Rome,,41.9028,12.4964,21,
2024-08-15T06:00:00+00:00,21.16,31.84,30.88,71.66,25,40,Rome,,41.9028,12.4964,21,
2024-08-15T07:00:00+00:00,18.86,22.6,31.12,61.94,25,40,Rome,,41.9028,12.4964,21,
2024-08-15T08:00:00+00:00,17.18,22.13,30.93,55.85,25,40,Rome,,41.9028,12.4964,21,
2024-08-15T09:00:00+00:00,20.72,24.85,30.56,58.72,25,40,Rome,,41.9028,12.4964,21,
2024-08-15T10:00:00+00:00,16.63,23.28,28.03,63.41,25,40,Rome,,41.9028,12.4964,21,
2024-08-15T11:00:00+00:00,18.96,25.92,29.07,53.51,25,40,Rome,,41.9028,12.4964,21,
2024-08-15T12:00:00+00:00,20.57,25.2,26.45,54.89,25,40,Rome,,41.9028,12.4964,21,
2024-08-15T13:00:00+00:00,21.47,27.41,24.98,52.69,25,40,Rome,,41.9028,12.4964,21,
2024-08-15T14:00:00+00:00,16.85,18.99,24.05,54.49,25,40,Rome,,41.9028,12.4964,21,
2024-08-15T15:00:00+00:00,15.48,21.71,23.9,48.87,25,40,Rome,,41.9028,12.4964,21,
2024-08-15T16:00:00+00:00,19.23,23.3,22.4,54.3,25,40,Rome,,41.9028,12.4964,21,
2024-08-15T17:00:00+00:00,18.01,20.4,22.94,44.89,25,40,Rome,,41.9028,12.4964,21,
2024-08-15T18:00:00+00:00,15.41,18.88,23.72,49.28,25,40,Rome,,41.9028,12.4964,21,
2024-08-15T19:00:00+00:00,20.13,24.13,22.66,44.96,25,40,Rome,,41.9028,12.4964,21,
2024-08-15T20:00:00+00:00,20.3,24.57,24.11,39.26,25,40,Rome,,41.9028,12.4964,21,
2024-08-15T21:00:00+00:00,19.65,29.67,23.5,48.65,25,40,Rome,,41.9028,12.4964,21,
2024-08-15T22:00:00+00:00,20.95,29.87,25.12,56.15,25,40,Rome,,41.9028,12.4964,21,
2024-08-15T23:00:00+00:00,19.51,24.3,27.45,48.83,25,40,Rome,,41.9028,12.4964,21,
2024-08-16T00:00:00+00:00,16.47,25.42,27.73,52.4,25,40,Rome,,41.9028,12.4964,21,
2024-08-16T01:00:00+00:00,15.34,20.1,29.26,49.93,25,40,Rome,,41.9028,12.4964,21,
2024-08-16T02:00:00+00:00,15.89,21.76,28.4,52.4,25,40,Rome,,41.9028,12.4964,21,
2024-08-16T03:00:00+00:00,16.94,24.62,29.29,67.69,25,40,Rome,,41.9028,12.4964,21,
2024-08-16T04:00:00+00:00,16.45,25.9,29.0,66.63,25,40,Rome,,41.9028,12.4964,21,
2024-08-16T05:00:00+00:00,20.28,27.97,30.95,63.48,25,40,Rome,,41.9028,12.4964,21,
2024-08-16T06:00:00+00:00,19.85,24.96,30.2,62.75,25,40,Rome,,41.9028,12.4964,21,
2024-08-16T07:00:00+00:00,16.24,24.37,31.21,59.84,25,40,Rome,,41.9028,12.4964,21,
2024-08-16T08:00:00+00:00,21.83,29.69,29.09,61.72,25,40,Rome,,41.9028,12.4964,21,
2024-08-16T09:00:00+00:00,16.94,22.57,29.27,59.18,25,40,Rome,,41.9028,12.4964,21,
2024-08-16T10:00:00+00:00,15.1,16.72,27.95,52.08,25,40,Rome,,41.9028,12.4964,21,
2024-08-16T11:00:00+00:00,15.56,24.25,28.23,55.33,25,40,Rome,,41.9028,12.4964,21,
2024-08-16T12:00:00+00:00,19.82,25.75,27.35,60.17,25,40,Rome,,41.9028,12.4964,21,
2024-08-16T13:00:00+00:00,19.44,23.29,24.78,55.7,25,40,Rome,,41.9028,12.4964,21,
2024-08-16T14:00:00+00:00,16.07,21.14,24.75,53.38,25,40,Rome,,41.9028,12.4964,21,
2024-08-16T15:00:00+00:00,16.48,25.69,25.38,50.16,25,40,Rome,,41.9028,12.4964,21,
2024-08-16T16:00:00+00:00,21.3,27.65,23.37,53.65,25,40,Rome,,41.9028,12.4964,21,
2024-08-16T17:00:00+00:00,15.74,17.91,24.38,44.67,25,40,Rome,,41.9028,12.4964,21,
2024-08-16T18:00:00+00:00,14.31,18.75,23.4,41.81,25,40,Rome,,41.9028,12.4964,21,
2024-08-16T19:00:00+00:00,20.89,32.19,23.49,47.9,25,40,Rome,,41.9028,12.4964,21,
2024-08-16T20:00:00+00:00,15.05,19.88,22.8,48.49,25,40,Rome,,41.9028,12.4964,21,
2024-08-16T21:00:00+00:00,15.17,23.96,24.49,51.91,25,40,Rome,,41.9028,12.4964,21,
2024-08-16T22:00:00+00:00,19.25,22.01,24.81,53.18,25,40,Rome,,41.9028,12.4964,21,
2024-08-16T23:00:00+00:00,16.06,23.27,25.56,50.36,25,40,Rome,,41.9028,12.4964,21,
2024-08-17T00:00:00+00:00,19.96,25.68,28.05,51.87,25,40,Rome,,41.9028,12.4964,21,
2024-08-17T01:00:00+00:00,17.54,24.66,27.27,52.05,25,40,Rome,,41.9028,12.4964,21,
2024-08-17T02:00:00+00:00,17.27,20.8,28.34,55.81,25,40,Rome,,41.9028,12.4964,21,
2024-08-17T03:00:00+00:00,15.52,17.82,30.84,60.66,25,40,Rome,,41.9028,12.4964,21,
2024-08-17T04:00:00+00:00,16.09,19.47,29.47,59.07,25,40,Rome,,41.9028,12.4964,21,
2024-08-17T05:00:00+00:00,17.79,23.72,29.43,64.53,25,40,Rome,,41.9028,12.4964,21,
2024-08-17T06:00:00+00:00,18.2,23.62,31.08,63.33,25,40,Rome,,41.9028,12.4964,21,
2024-08-17T07:00:00+00:00,19.76,24.28,30.84,62.19,25,40,Rome,,41.9028,12.4964,21,
2024-08-17T08:00:00+00:00,21.47,30.29,31.2,68.44,25,40,Rome,,41.9028,12.4964,21,
2024-08-17T09:00:00+00:00,19.65,26.9,29.29,62.08,25,40,Rome,,41.9028,12.4964,21,
2024-08-17T10:00:00+00:00,20.47,25.72,29.03,66.49,25,40,Rome,,41.9028,12.4964,21,
2024-08-17T11:00:00+00:00,17.68,21.96,26.93,62.88,25,40,Rome,,41.9028,12.4964,21,
2024-08-17T12:00:00+00:00,16.7,19.94,27.89,62.79,25,40,Rome,,41.9028,12.4964,21,
2024-08-17T13:00:00+00:00,17.33,23.82,25.17,59.01,25,40,Rome,,41.9028,12.4964,21,
2024-08-17T14:00:00+00:00,20.07,27.48,25.93,42.88,25,40,Rome,,41.9028,12.4964,21,
2024-08-17T15:00:00+00:00,20.7,28.09,24.14,46.42,25,40,Rome,,41.9028,12.4964,21,
2024-08-17T16:00:00+00:00,15.08,23.34,23.94,42.13,25,40,Rome,,41.9028,12.4964,21,
2024-08-17T17:00:00+00:00,18.94,24.3,23.08,39.94,25,40,Rome,,41.9028,12.4964,21,
2024-08-17T18:00:00+00:00,17.23,22.34,22.65,51.83,25,40,Rome,,41.9028,12.4964,21,
2024-08-17T19:00:00+00:00,19.39,24.39,23.81,46.25,25,40,Rome,,41.9028,12.4964,21,
2024-08-17T20:00:00+00:00,15.62,19.63,24.56,53.88,25,40,Rome,,41.9028,12.4964,21,
2024-08-17T21:00:00+00:00,18.27,27.2,24.18,41.16,25,40,Rome,,41.9028,12.4964,21,
2024-08-17T22:00:00+00:00,20.91,26.68,26.43,53.51,25,40,Rome,,41.9028,12.4964,21,
2024-08-17T23:00:00+00:00,17.9,25.36,26.19,49.69,25,40,Rome,,41.9028,12.4964,21,
2024-08-18T00:00:00+00:00,16.14,19.81,27.9,53.67,25,40,Rome,,41.9028,12.4964,21,
2024-08-18T01:00:00+00:00,18.84,23.64,27.2,59.69,25,40,Rome,,41.9028,12.4964,21,
2024-08-18T02:00:00+00:00,16.85,24.92,27.65,61.38,25,40,Rome,,41.9028,12.4964,21,
2024-08-18T03:00:00+00:00,21.39,32.15,29.66,60.76,25,40,Rome,,41.9028,12.4964,21,
2024-08-18T04:00:00+00:00,15.94,17.69,30.54,61.31,25,40,Rome,,41.9028,12.4964,21,
2024-08-18T05:00:00+00:00,21.5,28.49,30.56,63.8,25,40,Rome,,41.9028,12.4964,21,
2024-08-18T06:00:00+00:00,20.11,26.06,32.41,62.02,25,40,Rome,,41.9028,12.4964,21,
2024-08-18T07:00:00+00:00,17.64,21.69,31.18,68.76,25,40,Rome,,41.9028,12.4964,21,
2024-08-18T08:00:00+00:00,16.75,20.22,29.49,63.93,25,40,Rome,,41.9028,12.4964,21,
2024-08-18T09:00:00+00:00,19.64,29.1,30.93,64.18,25,40,Rome,,41.9028,12.4964,21,
2024-08-18T10:00:00+00:00,18.02,20.82,27.82,54.78,25,40,Rome,,41.9028,12.4964,21,
2024-08-18T11:00:00+00:00,15.04,18.61,28.38,52.43,25,40,Rome,,41.9028,12.4964,21,
2024-08-18T12:00:00+00:00,15.51,18.44,27.67,52.53,25,40,Rome,,41.9028,12.4964,21,
2024-08-18T13:00:00+00:00,19.94,25.88,26.59,51.45,25,40,Rome,,41.9028,12.4964,21,
2024-08-18T14:00:00+00:00,19.54,28.42,25.72,42.03,25,40,Rome,,41.9028,12.4964,21,
2024-08-18T15:00:00+00:00,16.62,24.92,23.86,46.39,25,40,Rome,,41.9028,12.4964,21,
2024-08-18T16:00:00+00:00,15.64,18.55,24.93,45.12,25,40,Rome,,41.9028,12.4964,21,
2024-08-18T17:00:00+00:00,19.47,25.91,24.16,38.45,25,40,Rome,,41.9028,12.4964,21,
2024-08-18T18:00:00+00:00,16.69,26.09,21.52,38.97,25,40,Rome,,41.9028,12.4964,21,
2024-08-18T19:00:00+00:00,19.54,25.35,24.38,44.87,25,40,Rome,,41.9028,12.4964,21,
2024-08-18T20:00:00+00:00,17.58,27.21,22.86,48.6,25,40,Rome,,41.9028,12.4964,21,
2024-08-18T21:00:00+00:00,19.18,26.95,24.48,45.2,25,40,Rome,,41.9028,12.4964,21,
2024-08-18T22:00:00+00:00,18.47,26.21,26.23,51.83,25,40,Rome,,41.9028,12.4964,21,
2024-08-18T23:00:00+00:00,16.03,19.41,26.87,47.65,25,40,Rome,,41.9028,12.4964,21,
2024-08-19T00:00:00+00:00,18.75,25.84,26.47,48.41,25,40,Rome,,41.9028,12.4964,21,
2024-08-19T01:00:00+00:00,16.75,22.68,27.34,60.07,25,40,Rome,,41.9028,12.4964,21,
2024-08-19T02:00:00+00:00,21.88,26.82,28.18,67.07,25,40,Rome,,41.9028,12.4964,21,
2024-08-19T03:00:00+00:00,16.21,18.57,29.11,56.98,25,40,Rome,,41.9028,12.4964,21,
2024-08-19T04:00:00+00:00,18.17,25.92,31.52,57.27,25,40,Rome,,41.9028,12.4964,21,
2024-08-19T05:00:00+00:00,17.84,26.63,30.65,58.86,25,40,Rome,,41.9028,12.4964,21,
2024-08-19T06:00:00+00:00,16.93,22.69,30.74,64.34,25,40,Rome,,41.9028,12.4964,21,
2024-08-19T07:00:00+00:00,18.92,27.47,30.85,65.77,25,40,Rome,,41.9028,12.4964,21,
2024-08-19T08:00:00+00:00,22.13,31.34,29.93,69.73,25,40,Rome,,41.9028,12.4964,21,
2024-08-19T09:00:00+00:00,21.98,28.26,29.97,69.73,25,40,Rome,,41.9028,12.4964,21,
2024-08-19T10:00:00+00:00,18.53,26.98,30.32,52.61,25,40,Rome,,41.9028,12.4964,21,
2024-08-19T11:00:00+00:00,19.23,26.34,28.35,54.78,25,40,Rome,,41.9028,12.4964,21,
2024-08-19T12:00:00+00:00,14.51,20.49,27.89,49.22,25,40,Rome,,41.9028,12.4964,21,
2024-08-19T13:00:00+00:00,17.5,20.35,26.52,51.81,25,40,Rome,,41.9028,12.4964,21,
2024-08-19T14:00:00+00:00,16.59,22.76,24.56,45.07,25,40,Rome,,41.9028,12.4964,21,
2024-08-19T15:00:00+00:00,19.82,26.26,24.23,45.06,25,40,Rome,,41.9028,12.4964,21,
2024-08-19T16:00:00+00:00,20.79,24.17,23.42,46.93,25,40,Rome,,41.9028,12.4964,21,
2024-08-19T17:00:00+00:00,16.32,24.99,24.12,48.29,25,40,Rome,,41.9028,12.4964,21,
2024-08-19T18:00:00+00:00,15.69,24.94,22.98,37.93,25,40,Rome,,41.9028,12.4964,21,
2024-08-19T19:00:00+00:00,18.37,21.1,24.45,38.52,25,40,Rome,,41.9028,12.4964,21,
2024-08-19T20:00:00+00:00,17.57,26.37,22.84,52.62,25,40,Rome,,41.9028,12.4964,21,
2024-08-19T21:00:00+00:00,20.47,28.56,24.71,49.13,25,40,Rome,,41.9028,12.4964,21,
2024-08-19T22:00:00+00:00,18.96,23.94,26.06,54.47,25,40,Rome,,41.9028,12.4964,21,
2024-08-19T23:00:00+00:00,21.35,30.62,26.54,57.26,25,40,Rome,,41.9028,12.4964,21,
2024-08-20T00:00:00+00:00,21.08,31.78,27.98,59.01,25,40,Rome,,41.9028,12.4964,21,
2024-08-20T01:00:00+00:00,16.53,20.73,29.51,54.24,25,40,Rome,,41.9028,12.4964,21,
2024-08-20T02:00:00+00:00,15.2,24.24,29.4,57.62,25,40,Rome,,41.9028,12.4964,21,
2024-08-20T03:00:00+00:00,19.24,23.17,28.46,64.68,25,40,Rome,,41.9028,12.4964,21,
2024-08-20T04:00:00+00:00,17.06,23.12,29.66,56.63,25,40,Rome,,41.9028,12.4964,21,
2024-08-20T05:00:00+00:00,20.72,29.42,31.48,66.12,25,40,Rome,,41.9028,12.4964,21,
2024-08-20T06:00:00+00:00,20.83,24.77,31.66,59.84,25,40,Rome,,41.9028,12.4964,21,
2024-08-20T07:00:00+00:00,17.8,24.11,31.97,58.24,25,40,Rome,,41.9028,12.4964,21,
2024-08-20T08:00:00+00:00,19.71,24.64,31.45,60.16,25,40,Rome,,41.9028,12.4964,21,
2024-08-20T09:00:00+00:00,17.82,20.77,30.45,67.19,25,40,Rome,,41.9028,12.4964,21,
2024-08-20T10:00:00+00:00,20.85,24.62,28.68,61.13,25,40,Rome,,41.9028,12.4964,21,
2024-08-20T11:00:00+00:00,16.39,24.73,27.53,57.24,25,40,Rome,,41.9028,12.4964,21,
2024-08-20T12:00:00+00:00,18.97,21.7,27.67,61.4,25,40,Rome,,41.9028,12.4964,21,
2024-08-20T13:00:00+00:00,18.96,24.6,27.21,50.52,25,40,Rome,,41.9028,12.4964,21,
2024-08-20T14:00:00+00:00,21.48,28.52,23.94,52.46,25,40,Rome,,41.9028,12.4964,21,
2024-08-20T15:00:00+00:00,19.32,27.13,24.13,44.87,25,40,Rome,,41.9028,12.4964,21,
2024-08-20T16:00:00+00:00,20.34,30.42,23.98,46.05,25,40,Rome,,41.9028,12.4964,21,
2024-08-20T17:00:00+00:00,18.62,25.8,22.21,48.53,25,40,Rome,,41.9028,12.4964,21,
2024-08-20T18:00:00+00:00,18.22,20.99,23.73,48.11,25,40,Rome,,41.9028,12.4964,21,
2024-08-20T19:00:00+00:00,20.48,27.65,22.38,52.62,25,40,Rome,,41.9028,12.4964,21,
2024-08-20T20:00:00+00:00,20.1,25.59,22.64,38.42,25,40,Rome,,41.9028,12.4964,21,
2024-08-20T21:00:00+00:00,20.77,26.76,24.17,49.54,25,40,Rome,,41.9028,12.4964,21,
2024-08-20T22:00:00+00:00,19.26,26.85,23.81,55.58,25,40,Rome,,41.9028,12.4964,21,
2024-08-20T23:00:00+00:00,15.09,19.53,25.35,48.05,25,40,Rome,,41.9028,12.4964,21,
2024-08-21T00:00:00+00:00,20.87,28.45,25.67,51.47,25,40,Rome,,41.9028,12.4964,21,
2024-08-21T01:00:00+00:00,15.04,16.53,28.61,55.81,25,40,Rome,,41.9028,12.4964,21,
2024-08-21T02:00:00+00:00,21.26,30.95,28.93,62.41,25,40,Rome,,41.9028,12.4964,21,
2024-08-21T03:00:00+00:00,19.34,29.38,29.94,62.74,25,40,Rome,,41.9028,12.4964,21,
2024-08-21T04:00:00+00:00,18.24,25.22,30.27,61.63,25,40,Rome,,41.9028,12.4964,21,
2024-08-21T05:00:00+00:00,16.29,20.32,31.16,56.67,25,40,Rome,,41.9028,12.4964,21,
2024-08-21T06:00:00+00:00,19.81,23.78,32.43,72.02,25,40,Rome,,41.9028,12.4964,21,
2024-08-21T07:00:00+00:00,21.74,28.91,29.45,66.36,25,40,Rome,,41.9028,12.4964,21,
2024-08-21T08:00:00+00:00,18.66,22.88,29.08,61.42,25,40,Rome,,41.9028,12.4964,21,
2024-08-21T09:00:00+00:00,20.33,24.29,30.79,61.07,25,40,Rome,,41.9028,12.4964,21,
2024-08-21T10:00:00+00:00,17.87,27.46,28.3,55.17,25,40,Rome,,41.9028,12.4964,21,
2024-08-21T11:00:00+00:00,17.28,21.63,27.77,52.73,25,40,Rome,,41.9028,12.4964,21,
2024-08-21T12:00:00+00:00,17.22,22.31,28.36,62.42,25,40,Rome,,41.9028,12.4964,21,
2024-08-21T13:00:00+00:00,21.37,29.23,25.59,60.0,25,40,Rome,,41.9028,12.4964,21,
2024-08-21T14:00:00+00:00,17.66,23.66,25.43,53.91,25,40,Rome,,41.9028,12.4964,21,
2024-08-21T15:00:00+00:00,20.69,24.47,22.86,43.29,25,40,Rome,,41.9028,12.4964,21,
2024-08-21T16:00:00+00:00,17.8,27.45,22.94,42.02,25,40,Rome,,41.9028,12.4964,21,
2024-08-21T17:00:00+00:00,21.09,27.78,22.87,51.86,25,40,Rome,,41.9028,12.4964,21,
2024-08-21T18:00:00+00:00,15.34,19.83,22.73,38.57,25,40,Rome,,41.9028,12.4964,21,
2024-08-21T19:00:00+00:00,18.24,26.18,24.0,51.51,25,40,Rome,,41.9028,12.4964,21,
2024-08-21T20:00:00+00:00,18.42,25.14,23.46,42.63,25,40,Rome,,41.9028,12.4964,21,
2024-08-21T21:00:00+00:00,15.04,17.21,24.33,44.37,25,40,Rome,,41.9028,12.4964,21,
2024-08-21T22:00:00+00:00,18.35,24.94,26.12,46.97,25,40,Rome,,41.9028,12.4964,21,
2024-08-21T23:00:00+00:00,18.0,24.05,27.35,48.95,25,40,Rome,,41.9028,12.4964,21,
2024-08-22T00:00:00+00:00,17.0,21.35,26.04,54.68,25,40,Rome,,41.9028,12.4964,21,
2024-08-22T01:00:00+00:00,21.13,27.18,27.52,60.97,25,40,Rome,,41.9028,12.4964,21,
2024-08-22T02:00:00+00:00,19.83,22.83,29.36,67.81,25,40,Rome,,41.9028,12.4964,21,
2024-08-22T03:00:00+00:00,16.81,21.53,28.7,68.4,25,40,Rome,,41.9028,12.4964,21,
2024-08-22T04:00:00+00:00,20.08,24.78,29.7,71.35,25,40,Rome,,41.9028,12.4964,21,
2024-08-22T05:00:00+00:00,20.98,26.47,31.81,64.47,25,40,Rome,,41.9028,12.4964,21,
2024-08-22T06:00:00+00:00,20.9,31.51,31.58,71.7,25,40,Rome,,41.9028,12.4964,21,
2024-08-22T07:00:00+00:00,19.27,22.11,30.09,60.56,25,40,Rome,,41.9028,12.4964,21,
2024-08-22T08:00:00+00:00,18.83,27.15,30.1,61.85,25,40,Rome,,41.9028,12.4964,21,
2024-08-22T09:00:00+00:00,17.44,19.76,31.28,66.1,25,40,Rome,,41.9028,12.4964,21,
2024-08-22T10:00:00+00:00,18.63,29.11,27.98,52.53,25,40,Rome,,41.9028,12.4964,21,
2024-08-22T11:00:00+00:00,19.61,28.62,28.34,62.08,25,40,Rome,,41.9028,12.4964,21,
2024-08-22T12:00:00+00:00,15.34,21.01,26.0,50.55,25,40,Rome,,41.9028,12.4964,21,
2024-08-22T13:00:00+00:00,18.0,23.31,26.63,57.62,25,40,Rome,,41.9028,12.4964,21,
2024-08-22T14:00:00+00:00,20.62,26.71,24.3,53.49,25,40,Rome,,41.9028,12.4964,21,
2024-08-22T15:00:00+00:00,17.86,21.8,25.64,50.6,25,40,Rome,,41.9028,12.4964,21,
2024-08-22T16:00:00+00:00,19.9,29.16,24.37,52.65,25,40,Rome,,41.9028,12.4964,21,
2024-08-22T17:00:00+00:00,19.04,27.23,23.5,48.06,25,40,Rome,,41.9028,12.4964,21,
2024-08-22T18:00:00+00:00,15.2,21.18,24.28,52.33,25,40,Rome,,41.9028,12.4964,21,
2024-08-22T19:00:00+00:00,17.83,22.17,23.2,52.84,25,40,Rome,,41.9028,12.4964,21,
2024-08-22T20:00:00+00:00,19.78,28.07,22.42,38.41,25,40,Rome,,41.9028,12.4964,21,
2024-08-22T21:00:00+00:00,16.61,23.48,24.24,48.5,25,40,Rome,,41.9028,12.4964,21,
2024-08-22T22:00:00+00:00,17.19,20.99,24.69,48.42,25,40,Rome,,41.9028,12.4964,21,
2024-08-22T23:00:00+00:00,15.84,21.75,25.54,46.03,25,40,Rome,,41.9028,12.4964,21,
2024-08-23T00:00:00+00:00,18.95,25.81,26.99,57.55,25,40,Rome,,41.9028,12.4964,21,
2024-08-23T01:00:00+00:00,20.47,25.59,28.43,52.62,25,40,Rome,,41.9028,12.4964,21,
2024-08-23T02:00:00+00:00,21.57,30.02,27.92,62.61,25,40,Rome,,41.9028,12.4964,21,
2024-08-23T03:00:00+00:00,21.33,28.93,30.8,64.06,25,40,Rome,,41.9028,12.4964,21,
2024-08-23T04:00:00+00:00,18.45,24.79,30.53,56.98,25,40,Rome,,41.9028,12.4964,21,
2024-08-23T05:00:00+00:00,15.81,19.52,32.14,61.45,25,40,Rome,,41.9028,12.4964,21,
2024-08-23T06:00:00+00:00,21.1,26.92,32.25,71.25,25,40,Rome,,41.9028,12.4964,21,
2024-08-23T07:00:00+00:00,18.8,24.46,29.93,68.25,25,40,Rome,,41.9028,12.4964,21,
2024-08-23T08:00:00+00:00,17.82,27.46,31.26,69.78,25,40,Rome,,41.9028,12.4964,21,
2024-08-23T09:00:00+00:00,15.76,19.11,28.93,58.36,25,40,Rome,,41.9028,12.4964,21,
2024-08-23T10:00:00+00:00,17.68,26.85,30.0,55.07,25,40,Rome,,41.9028,12.4964,21,
2024-08-23T11:00:00+00:00,20.49,27.66,28.72,50.7,25,40,Rome,,41.9028,12.4964,21,
2024-08-23T12:00:00+00:00,14.5,18.04,26.39,47.03,25,40,Rome,,41.9028,12.4964,21,
2024-08-23T13:00:00+00:00,15.76,23.37,26.06,45.77,25,40,Rome,,41.9028,12.4964,21,
2024-08-23T14:00:00+00:00,19.74,28.44,23.68,43.64,25,40,Rome,,41.9028,12.4964,21,
2024-08-23T15:00:00+00:00,21.36,25.96,25.07,51.67,25,40,Rome,,41.9028,12.4964,21,
2024-08-23T16:00:00+00:00,16.78,26.21,24.99,39.98,25,40,Rome,,41.9028,12.4964,21,
2024-08-23T17:00:00+00:00,19.44,27.43,23.11,48.23,25,40,Rome,,41.9028,12.4964,21,
2024-08-23T18:00:00+00:00,19.86,26.08,23.94,47.43,25,40,Rome,,41.9028,12.4964,21,
2024-08-23T19:00:00+00:00,14.75,17.39,21.87,44.33,25,40,Rome,,41.9028,12.4964,21,
2024-08-23T20:00:00+00:00,20.72,29.54,22.06,53.95,25,40,Rome,,41.9028,12.4964,21,
2024-08-23T21:00:00+00:00,18.53,21.7,23.76,43.12,25,40,Rome,,41.9028,12.4964,21,
2024-08-23T22:00:00+00:00,15.31,24.43,25.14,42.54,25,40,Rome,,41.9028,12.4964,21,
2024-08-23T23:00:00+00:00,19.17,28.93,25.75,46.55,25,40,Rome,,41.9028,12.4964,21,
2024-08-24T00:00:00+00:00,17.17,25.93,27.04,48.67,25,40,Rome,,41.9028,12.4964,21,
2024-08-24T01:00:00+00:00,20.7,25.59,27.58,56.25,25,40,Rome,,41.9028,12.4964,21,
2024-08-24T02:00:00+00:00,21.65,25.85,29.05,63.96,25,40,Rome,,41.9028,12.4964,21,
2024-08-24T03:00:00+00:00,20.3,28.9,30.32,55.69,25,40,Rome,,41.9028,12.4964,21,
2024-08-24T04:00:00+00:00,21.86,30.84,30.67,68.26,25,40,Rome,,41.9028,12.4964,21,
2024-08-24T05:00:00+00:00,17.43,19.81,30.97,62.08,25,40,Rome,,41.9028,12.4964,21,
2024-08-24T06:00:00+00:00,16.35,22.74,30.18,70.56,25,40,Rome,,41.9028,12.4964,21,
2024-08-24T07:00:00+00:00,18.62,24.82,31.3,67.15,25,40,Rome,,41.9028,12.4964,21,
2024-08-24T08:00:00+00:00,17.79,25.93,29.11,65.24,25,40,Rome,,41.9028,12.4964,21,
2024-08-24T09:00:00+00:00,15.66,22.4,28.76,57.53,25,40,Rome,,41.9028,12.4964,21,
2024-08-24T10:00:00+00:00,21.31,25.27,29.62,57.06,25,40,Rome,,41.9028,12.4964,21,
2024-08-24T11:00:00+00:00,21.72,30.37,28.37,62.82,25,40,Rome,,41.9028,12.4964,21,
2024-08-24T12:00:00+00:00,18.99,23.33,26.93,59.58,25,40,Rome,,41.9028,12.4964,21,
2024-08-24T13:00:00+00:00,18.06,21.87,26.49,49.09,25,40,Rome,,41.9028,12.4964,21,
2024-08-24T14:00:00+00:00,19.85,23.93,26.29,44.92,25,40,Rome,,41.9028,12.4964,21,
2024-08-24T15:00:00+00:00,20.64,31.25,23.72,54.25,25,40,Rome,,41.9028,12.4964,21,
2024-08-24T16:00:00+00:00,15.35,21.09,24.06,44.41,25,40,Rome,,41.9028,12.4964,21,
2024-08-24T17:00:00+00:00,18.75,25.91,22.49,41.48,25,40,Rome,,41.9028,12.4964,21,
2024-08-24T18:00:00+00:00,18.5,21.02,22.9,38.39,25,40,Rome,,41.9028,12.4964,21,
2024-08-24T19:00:00+00:00,17.48,22.27,22.11,42.7,25,40,Rome,,41.9028,12.4964,21,
2024-08-24T20:00:00+00:00,16.92,21.36,24.56,43.43,25,40,Rome,,41.9028,12.4964,21,
2024-08-24T21:00:00+00:00,17.36,21.1,23.19,51.51,25,40,Rome,,41.9028,12.4964,21,
2024-08-24T22:00:00+00:00,20.41,29.2,23.76,51.51,25,40,Rome,,41.9028,12.4964,21,
2024-08-24T23:00:00+00:00,20.35,26.62,26.32,53.3,25,40,Rome,,41.9028,12.4964,21,
2024-08-25T00:00:00+00:00,19.1,28.81,27.15,50.15,25,40,Rome,,41.9028,12.4964,21,
2024-08-25T01:00:00+00:00,19.38,27.25,29.25,61.64,25,40,Rome,,41.9028,12.4964,21,
2024-08-25T02:00:00+00:00,17.1,22.05,30.06,65.3,25,40,Rome,,41.9028,12.4964,21,
2024-08-25T03:00:00+00:00,16.42,19.3,28.48,61.85,25,40,Rome,,41.9028,12.4964,21,
2024-08-25T04:00:00+00:00,15.45,22.39,30.0,57.04,25,40,Rome,,41.9028,12.4964,21,
2024-08-25T05:00:00+00:00,20.9,31.82,31.75,63.92,25,40,Rome,,41.9028,12.4964,21,
2024-08-25T06:00:00+00:00,19.36,27.65,31.82,69.07,25,40,Rome,,41.9028,12.4964,21,
2024-08-25T07:00:00+00:00,16.33,19.78,31.23,57.75,25,40,Rome,,41.9028,12.4964,21,
2024-08-25T08:00:00+00:00,21.41,30.21,30.17,64.14,25,40,Rome,,41.9028,12.4964,21,
2024-08-25T09:00:00+00:00,22.04,28.21,30.5,66.41,25,40,Rome,,41.9028,12.4964,21,
2024-08-25T10:00:00+00:00,19.98,28.31,30.23,65.19,25,40,Rome,,41.9028,12.4964,21,
2024-08-25T11:00:00+00:00,21.52,28.06,28.33,58.69,25,40,Rome,,41.9028,12.4964,21,
2024-08-25T12:00:00+00:00,18.69,26.3,28.23,60.16,25,40,Rome,,41.9028,12.4964,21,
2024-08-25T13:00:00+00:00,21.09,27.42,25.33,51.07,25,40,Rome,,41.9028,12.4964,21,
2024-08-25T14:00:00+00:00,19.14,29.6,26.49,46.31,25,40,Rome,,41.9028,12.4964,21,
2024-08-25T15:00:00+00:00,19.86,28.02,25.54,44.07,25,40,Rome,,41.9028,12.4964,21,
2024-08-25T16:00:00+00:00,18.6,23.25,23.27,53.11,25,40,Rome,,41.9028,12.4964,21,
2024-08-25T17:00:00+00:00,19.36,27.64,22.6,42.29,25,40,Rome,,41.9028,12.4964,21,
2024-08-25T18:00:00+00:00,18.47,26.46,23.7,47.84,25,40,Rome,,41.9028,12.4964,21,
2024-08-25T19:00:00+00:00,17.78,27.82,21.86,41.27,25,40,Rome,,41.9028,12.4964,21,
2024-08-25T20:00:00+00:00,14.85,19.81,24.96,48.04,25,40,Rome,,41.9028,12.4964,21,
2024-08-25T21:00:00+00:00,16.11,20.88,22.84,40.01,25,40,Rome,,41.9028,12.4964,21,
2024-08-25T22:00:00+00:00,15.46,23.55,23.82,51.8,25,40,Rome,,41.9028,12.4964,21,
2024-08-25T23:00:00+00:00,20.5,30.3,26.94,46.59,25,40,Rome,,41.9028,12.4964,21,
2024-08-26T00:00:00+00:00,17.98,27.07,27.56,51.71,25,40,Rome,,41.9028,12.4964,21,
2024-08-26T01:00:00+00:00,16.76,25.82,28.48,62.57,25,40,Rome,,41.9028,12.4964,21,
2024-08-26T02:00:00+00:00,15.85,17.89,29.39,62.17,25,40,Rome,,41.9028,12.4964,21,
2024-08-26T03:00:00+00:00,16.66,20.71,30.13,69.26,25,40,Rome,,41.9028,12.4964,21,
2024-08-26T04:00:00+00:00,17.78,25.04,29.37,59.33,25,40,Rome,,41.9028,12.4964,21,
2024-08-26T05:00:00+00:00,19.25,24.27,31.33,59.02,25,40,Rome,,41.9028,12.4964,21,
2024-08-26T06:00:00+00:00,20.84,24.43,30.34,60.78,25,40,Rome,,41.9028,12.4964,21,
2024-08-26T07:00:00+00:00,22.39,27.19,30.87,72.62,25,40,Rome,,41.9028,12.4964,21,
2024-08-26T08:00:00+00:00,21.48,28.83,29.52,68.4,25,40,Rome,,41.9028,12.4964,21,
2024-08-26T09:00:00+00:00,15.17,21.28,29.79,59.39,25,40,Rome,,41.9028,12.4964,21,
2024-08-26T10:00:00+00:00,15.54,24.0,30.09,62.97,25,40,Rome,,41.9028,12.4964,21,
2024-08-26T11:00:00+00:00,16.63,24.79,28.53,63.62,25,40,Rome,,41.9028,12.4964,21,
2024-08-26T12:00:00+00:00,18.05,20.68,25.95,57.32,25,40,Rome,,41.9028,12.4964,21,
2024-08-26T13:00:00+00:00,17.14,21.19,25.27,60.31,25,40,Rome,,41.9028,12.4964,21,
2024-08-26T14:00:00+00:00,15.03,24.18,26.06,44.78,25,40,Rome,,41.9028,12.4964,21,
2024-08-26T15:00:00+00:00,15.55,23.77,23.55,42.82,25,40,Rome,,41.9028,12.4964,21,
2024-08-26T16:00:00+00:00,18.16,27.74,23.46,44.66,25,40,Rome,,41.9028,12.4964,21,
2024-08-26T17:00:00+00:00,18.87,27.13,24.6,43.5,25,40,Rome,,41.9028,12.4964,21,
2024-08-26T18:00:00+00:00,15.99,23.45,21.99,41.81,25,40,Rome,,41.9028,12.4964,21,
2024-08-26T19:00:00+00:00,20.1,26.06,24.02,46.21,25,40,Rome,,41.9028,12.4964,21,
2024-08-26T20:00:00+00:00,18.47,22.49,23.3,47.61,25,40,Rome,,41.9028,12.4964,21,
2024-08-26T21:00:00+00:00,19.77,26.35,23.66,40.38,25,40,Rome,,41.9028,12.4964,21,
2024-08-26T22:00:00+00:00,19.86,26.86,25.26,47.55,25,40,Rome,,41.9028,12.4964,21,
2024-08-26T23:00:00+00:00,16.71,19.51,25.24,56.82,25,40,Rome,,41.9028,12.4964,21,
2024-08-27T00:00:00+00:00,15.14,24.1,28.5,49.51,25,40,Rome,,41.9028,12.4964,21,
2024-08-27T01:00:00+00:00,16.1,20.64,27.46,54.4,25,40,Rome,,41.9028,12.4964,21,
2024-08-27T02:00:00+00:00,16.8,25.87,29.69,54.82,25,40,Rome,,41.9028,12.4964,21,
2024-08-27T03:00:00+00:00,22.6,34.34,28.45,69.19,25,40,Rome,,41.9028,12.4964,21,
2024-08-27T04:00:00+00:00,18.2,27.55,29.93,64.06,25,40,Rome,,41.9028,12.4964,21,
2024-08-27T05:00:00+00:00,16.73,21.34,30.55,69.83,25,40,Rome,,41.9028,12.4964,21,
2024-08-27T06:00:00+00:00,16.19,18.66,32.02,58.92,25,40,Rome,,41.9028,12.4964,21,
2024-08-27T07:00:00+00:00,20.09,29.85,30.64,66.02,25,40,Rome,,41.9028,12.4964,21,
2024-08-27T08:00:00+00:00,18.63,26.02,31.22,68.53,25,40,Rome,,41.9028,12.4964,21,
2024-08-27T09:00:00+00:00,18.64,23.23,29.37,66.38,25,40,Rome,,41.9028,12.4964,21,
2024-08-27T10:00:00+00:00,16.63,25.14,29.35,64.89,25,40,Rome,,41.9028,12.4964,21,
2024-08-27T11:00:00+00:00,16.93,19.73,27.82,59.85,25,40,Rome,,41.9028,12.4964,21,
2024-08-27T12:00:00+00:00,19.04,26.7,26.2,50.11,25,40,Rome,,41.9028,12.4964,21,
2024-08-27T13:00:00+00:00,16.04,20.25,25.42,47.1,25,40,Rome,,41.9028,12.4964,21,
2024-08-27T14:00:00+00:00,20.54,31.23,24.96,43.36,25,40,Rome,,41.9028,12.4964,21,
2024-08-27T15:00:00+00:00,15.72,24.98,24.19,49.26,25,40,Rome,,41.9028,12.4964,21,
2024-08-27T16:00:00+00:00,19.85,29.48,24.34,52.94,25,40,Rome,,41.9028,12.4964,21,
2024-08-27T17:00:00+00:00,16.42,20.08,23.57,43.47,25,40,Rome,,41.9028,12.4964,21,
2024-08-27T18:00:00+00:00,20.28,24.54,22.96,48.78,25,40,Rome,,41.9028,12.4964,21,
2024-08-27T19:00:00+00:00,16.4,25.95,22.95,48.74,25,40,Rome,,41.9028,12.4964,21,
2024-08-27T20:00:00+00:00,21.28,27.37,24.98,53.1,25,40,Rome,,41.9028,12.4964,21,
2024-08-27T21:00:00+00:00,16.4,20.89,22.76,45.5,25,40,Rome,,41.9028,12.4964,21,
2024-08-27T22:00:00+00:00,17.81,26.05,25.75,56.34,25,40,Rome,,41.9028,12.4964,21,
2024-08-27T23:00:00+00:00,18.25,28.41,27.09,55.65,25,40,Rome,,41.9028,12.4964,21,
2024-08-28T00:00:00+00:00,16.99,22.6,25.93,61.59,25,40,Rome,,41.9028,12.4964,21,
2024-08-28T01:00:00+00:00,16.15,18.78,26.69,56.34,25,40,Rome,,41.9028,12.4964,21,
2024-08-28T02:00:00+00:00,19.39,28.98,29.61,60.26,25,40,Rome,,41.9028,12.4964,21,
2024-08-28T03:00:00+00:00,17.47,21.48,29.74,57.88,25,40,Rome,,41.9028,12.4964,21,
2024-08-28T04:00:00+00:00,17.06,24.45,31.86,70.46,25,40,Rome,,41.9028,12.4964,21,
2024-08-28T05:00:00+00:00,18.39,22.99,31.93,57.97,25,40,Rome,,41.9028,12.4964,21,
2024-08-28T06:00:00+00:00,16.73,23.48,30.99,62.39,25,40,Rome,,41.9028,12.4964,21,
2024-08-28T07:00:00+00:00,18.77,22.5,31.59,67.19,25,40,Rome,,41.9028,12.4964,21,
2024-08-28T08:00:00+00:00,18.35,27.59,29.72,62.23,25,40,Rome,,41.9028,12.4964,21,
2024-08-28T09:00:00+00:00,18.38,23.38,28.8,65.64,25,40,Rome,,41.9028,12.4964,21,
2024-08-28T10:00:00+00:00,15.29,24.3,29.95,52.57,25,40,Rome,,41.9028,12.4964,21,
2024-08-28T11:00:00+00:00,20.98,27.53,26.61,52.59,25,40,Rome,,41.9028,12.4964,21,
2024-08-28T12:00:00+00:00,20.19,23.91,27.53,52.5,25,40,Rome,,41.9028,12.4964,21,
2024-08-28T13:00:00+00:00,18.89,28.62,24.77,47.55,25,40,Rome,,41.9028,12.4964,21,
2024-08-28T14:00:00+00:00,20.0,29.44,25.74,52.17,25,40,Rome,,41.9028,12.4964,21,
2024-08-28T15:00:00+00:00,18.05,22.98,25.27,44.96,25,40,Rome,,41.9028,12.4964,21,
2024-08-28T16:00:00+00:00,18.36,25.06,23.81,52.2,25,40,Rome,,41.9028,12.4964,21,
2024-08-28T17:00:00+00:00,19.49,25.02,23.73,40.58,25,40,Rome,,41.9028,12.4964,21,
2024-08-28T18:00:00+00:00,18.19,24.02,23.2,52.03,25,40,Rome,,41.9028,12.4964,21,
2024-08-28T19:00:00+00:00,18.95,28.86,22.12,39.33,25,40,Rome,,41.9028,12.4964,21,
2024-08-28T20:00:00+00:00,19.11,27.04,23.91,49.16,25,40,Rome,,41.9028,12.4964,21,
2024-08-28T21:00:00+00:00,15.48,17.67,24.62,44.94,25,40,Rome,,41.9028,12.4964,21,
2024-08-28T22:00:00+00:00,15.6,19.4,25.82,45.52,25,40,Rome,,41.9028,12.4964,21,
2024-08-28T23:00:00+00:00,18.5,23.68,26.53,47.58,25,40,Rome,,41.9028,12.4964,21,
2024-08-29T00:00:00+00:00,22.04,30.93,26.04,61.93,25,40,Rome,,41.9028,12.4964,21,
2024-08-29T01:00:00+00:00,14.66,23.67,28.21,51.1,25,40,Rome,,41.9028,12.4964,21,
2024-08-29T02:00:00+00:00,18.26,24.01,27.52,55.15,25,40,Rome,,41.9028,12.4964,21,
2024-08-29T03:00:00+00:00,19.58,26.39,29.34,63.19,25,40,Rome,,41.9028,12.4964,21,
2024-08-29T04:00:00+00:00,20.78,24.07,31.77,67.85,25,40,Rome,,41.9028,12.4964,21,
2024-08-29T05:00:00+00:00,16.55,21.26,31.24,63.42,25,40,Rome,,41.9028,12.4964,21,
2024-08-29T06:00:00+00:00,20.96,27.15,32.04,58.82,25,40,Rome,,41.9028,12.4964,21,
2024-08-29T07:00:00+00:00,18.9,26.51,29.83,63.2,25,40,Rome,,41.9028,12.4964,21,
2024-08-29T08:00:00+00:00,17.6,22.5,30.86,70.59,25,40,Rome,,41.9028,12.4964,21,
2024-08-29T09:00:00+00:00,18.37,26.67,30.6,54.46,25,40,Rome,,41.9028,12.4964,21,
2024-08-29T10:00:00+00:00,21.23,25.16,27.84,63.3,25,40,Rome,,41.9028,12.4964,21,
2024-08-29T11:00:00+00:00,18.44,27.7,26.8,58.83,25,40,Rome,,41.9028,12.4964,21,
2024-08-29T12:00:00+00:00,15.42,20.62,27.25,55.24,25,40,Rome,,41.9028,12.4964,21,
2024-08-29T13:00:00+00:00,14.57,17.3,27.18,45.92,25,40,Rome,,41.9028,12.4964,21,
2024-08-29T14:00:00+00:00,16.67,25.25,24.92,46.04,25,40,Rome,,41.9028,12.4964,21,
2024-08-29T15:00:00+00:00,19.13,28.05,24.47,51.32,25,40,Rome,,41.9028,12.4964,21,
2024-08-29T16:00:00+00:00,15.19,21.28,24.22,51.97,25,40,Rome,,41.9028,12.4964,21,
2024-08-29T17:00:00+00:00,17.49,24.81,22.33,37.72,25,40,Rome,,41.9028,12.4964,21,
2024-08-29T18:00:00+00:00,19.64,29.08,24.32,37.53,25,40,Rome,,41.9028,12.4964,21,
2024-08-29T19:00:00+00:00,16.47,21.35,21.79,41.59,25,40,Rome,,41.9028,12.4964,21,
2024-08-29T20:00:00+00:00,17.65,20.39,23.63,44.96,25,40,Rome,,41.9028,12.4964,21,
2024-08-29T21:00:00+00:00,15.68,24.61,23.0,41.48,25,40,Rome,,41.9028,12.4964,21,
2024-08-29T22:00:00+00:00,20.33,28.84,24.7,50.04,25,40,Rome,,41.9028,12.4964,21,
2024-08-29T23:00:00+00:00,17.79,23.93,26.05,57.19,25,40,Rome,,41.9028,12.4964,21,
2024-08-30T00:00:00+00:00,18.42,22.26,28.24,55.22,25,40,Rome,,41.9028,12.4964,21,
2024-08-30T01:00:00+00:00,19.52,26.55,28.0,53.3,25,40,Rome,,41.9028,12.4964,21,
2024-08-30T02:00:00+00:00,15.57,17.46,27.51,53.52,25,40,Rome,,41.9028,12.4964,21,
2024-08-30T03:00:00+00:00,18.15,21.07,31.3,60.25,25,40,Rome,,41.9028,12.4964,21,
2024-08-30T04:00:00+00:00,16.16,20.07,31.31,58.46,25,40,Rome,,41.9028,12.4964,21,
2024-08-30T05:00:00+00:00,20.78,30.89,30.19,67.47,25,40,Rome,,41.9028,12.4964,21,
2024-08-30T06:00:00+00:00,17.5,25.44,32.0,63.83,25,40,Rome,,41.9028,12.4964,21,
2024-08-30T07:00:00+00:00,21.81,27.95,29.95,67.98,25,40,Rome,,41.9028,12.4964,21,
2024-08-30T08:00:00+00:00,19.48,26.81,30.74,55.72,25,40,Rome,,41.9028,12.4964,21,
2024-08-30T09:00:00+00:00,21.41,30.43,30.23,62.34,25,40,Rome,,41.9028,12.4964,21,
2024-08-30T10:00:00+00:00,18.51,27.92,28.47,57.49,25,40,Rome,,41.9028,12.4964,21,
2024-08-30T11:00:00+00:00,16.11,23.91,27.21,54.54,25,40,Rome,,41.9028,12.4964,21,
2024-08-30T12:00:00+00:00,20.39,28.46,25.52,54.39,25,40,Rome,,41.9028,12.4964,21,
2024-08-30T13:00:00+00:00,15.85,23.91,25.52,48.63,25,40,Rome,,41.9028,12.4964,21,
2024-08-30T14:00:00+00:00,17.36,20.0,24.08,48.54,25,40,Rome,,41.9028,12.4964,21,
2024-08-30T15:00:00+00:00,18.75,23.86,25.08,40.12,25,40,Rome,,41.9028,12.4964,21,
2024-08-30T16:00:00+00:00,16.79,21.32,24.09,39.69,25,40,Rome,,41.9028,12.4964,21,
2024-08-30T17:00:00+00:00,18.83,27.62,23.06,44.58,25,40,Rome,,41.9028,12.4964,21,
2024-08-30T18:00:00+00:00,19.61,24.64,21.54,49.07,25,40,Rome,,41.9028,12.4964,21,
2024-08-30T19:00:00+00:00,19.05,24.83,24.36,44.65,25,40,Rome,,41.9028,12.4964,21,
2024-08-30T20:00:00+00:00,16.18,21.03,23.76,53.73,25,40,Rome,,41.9028,12.4964,21,
2024-08-30T21:00:00+00:00,18.74,24.93,23.85,52.21,25,40,Rome,,41.9028,12.4964,21,
2024-08-30T22:00:00+00:00,16.36,21.9,26.33,50.68,25,40,Rome,,41.9028,12.4964,21,
2024-08-30T23:00:00+00:00,21.79,27.69,25.26,58.6,25,40,Rome,,41.9028,12.4964,21,
2024-08-31T00:00:00+00:00,19.59,24.09,27.33,57.26,25,40,Rome,,41.9028,12.4964,21,
2024-08-31T01:00:00+00:00,20.39,26.76,27.11,61.99,25,40,Rome,,41.9028,12.4964,21,
2024-08-31T02:00:00+00:00,18.0,23.94,30.36,65.7,25,40,Rome,,41.9028,12.4964,21,
2024-08-31T03:00:00+00:00,18.27,24.6,28.77,65.17,25,40,Rome,,41.9028,12.4964,21,
2024-08-31T04:00:00+00:00,18.98,24.78,29.13,66.62,25,40,Rome,,41.9028,12.4964,21,
2024-08-31T05:00:00+00:00,20.35,28.33,29.87,68.65,25,40,Rome,,41.9028,12.4964,21,
2024-08-31T06:00:00+00:00,19.15,22.17,29.52,64.94,25,40,Rome,,41.9028,12.4964,21,
2024-08-31T07:00:00+00:00,19.51,29.84,31.63,60.34,25,40,Rome,,41.9028,12.4964,21,
2024-08-31T08:00:00+00:00,20.62,29.02,31.45,65.67,25,40,Rome,,41.9028,12.4964,21,
2024-08-31T09:00:00+00:00,18.39,22.3,31.14,68.02,25,40,Rome,,41.9028,12.4964,21,
2024-08-31T10:00:00+00:00,17.05,20.52,27.71,61.32,25,40,Rome,,41.9028,12.4964,21,
2024-08-31T11:00:00+00:00,16.9,23.6,29.07,59.17,25,40,Rome,,41.9028,12.4964,21,
2024-08-31T12:00:00+00:00,22.11,33.22,26.76,61.5,25,40,Rome,,41.9028,12.4964,21,
2024-08-31T13:00:00+00:00,18.14,20.9,27.21,55.25,25,40,Rome,,41.9028,12.4964,21,
2024-08-31T14:00:00+00:00,16.57,25.62,26.29,47.29,25,40,Rome,,41.9028,12.4964,21,
2024-08-31T15:00:00+00:00,17.22,22.19,24.62,41.16,25,40,Rome,,41.9028,12.4964,21,
2024-08-31T16:00:00+00:00,15.86,20.51,23.17,44.93,25,40,Rome,,41.9028,12.4964,21,
2024-08-31T17:00:00+00:00,20.71,31.04,24.32,49.43,25,40,Rome,,41.9028,12.4964,21,
2024-08-31T18:00:00+00:00,18.94,27.08,24.22,50.53,25,40,Rome,,41.9028,12.4964,21,
2024-08-31T19:00:00+00:00,19.01,27.18,24.25,44.64,25,40,Rome,,41.9028,12.4964,21,
2024-08-31T20:00:00+00:00,19.18,26.89,23.07,38.85,25,40,Rome,,41.9028,12.4964,21,
2024-08-31T21:00:00+00:00,21.41,28.27,23.53,51.05,25,40,Rome,,41.9028,12.4964,21,
2024-08-31T22:00:00+00:00,17.81,20.42,24.21,55.39,25,40,Rome,,41.9028,12.4964,21,
2024-08-31T23:00:00+00:00,17.73,27.56,26.36,47.42,25,40,Rome,,41.9028,12.4964,21,
2024-09-01T00:00:00+00:00,28.1,40.92,23.72,62.12,25,40,Rome,,41.9028,12.4964,21,
2024-09-01T01:00:00+00:00,20.86,28.0,22.99,60.81,25,40,Rome,,41.9028,12.4964,21,
2024-09-01T02:00:00+00:00,23.61,32.96,26.45,53.21,25,40,Rome,,41.9028,12.4964,21,
2024-09-01T03:00:00+00:00,25.92,31.8,25.18,67.81,25,40,Rome,,41.9028,12.4964,21,
2024-09-01T04:00:00+00:00,26.97,39.77,27.71,61.07,25,40,Rome,,41.9028,12.4964,21,
2024-09-01T05:00:00+00:00,26.21,35.46,26.29,62.32,25,40,Rome,,41.9028,12.4964,21,
2024-09-01T06:00:00+00:00,24.86,32.42,25.64,70.32,25,40,Rome,,41.9028,12.4964,21,
2024-09-01T07:00:00+00:00,19.87,26.93,27.57,58.18,25,40,Rome,,41.9028,12.4964,21,
2024-09-01T08:00:00+00:00,26.26,38.45,25.49,64.68,25,40,Rome,,41.9028,12.4964,21,
2024-09-01T09:00:00+00:00,24.15,33.05,25.88,66.07,25,40,Rome,,41.9028,12.4964,21,
2024-09-01T10:00:00+00:00,25.8,36.83,24.73,59.86,25,40,Rome,,41.9028,12.4964,21,
2024-09-01T11:00:00+00:00,22.37,28.24,25.42,58.51,25,40,Rome,,41.9028,12.4964,21,
2024-09-01T12:00:00+00:00,21.18,25.0,23.15,52.27,25,40,Rome,,41.9028,12.4964,21,
2024-09-01T13:00:00+00:00,21.18,25.93,23.19,54.56,25,40,Rome,,41.9028,12.4964,21,
2024-09-01T14:00:00+00:00,21.77,32.94,21.54,52.05,25,40,Rome,,41.9028,12.4964,21,
2024-09-01T15:00:00+00:00,24.06,36.3,21.49,45.85,25,40,Rome,,41.9028,12.4964,21,
2024-09-01T16:00:00+00:00,21.67,33.05,19.29,49.85,25,40,Rome,,41.9028,12.4964,21,
2024-09-01T17:00:00+00:00,21.83,31.92,17.83,46.25,25,40,Rome,,41.9028,12.4964,21,
2024-09-01T18:00:00+00:00,25.46,33.1,20.4,51.85,25,40,Rome,,41.9028,12.4964,21,
2024-09-01T19:00:00+00:00,24.7,36.67,19.78,50.36,25,40,Rome,,41.9028,12.4964,21,
2024-09-01T20:00:00+00:00,22.7,30.89,19.86,41.19,25,40,Rome,,41.9028,12.4964,21,
2024-09-01T21:00:00+00:00,21.59,26.18,19.3,51.81,25,40,Rome,,41.9028,12.4964,21,
2024-09-01T22:00:00+00:00,23.39,29.53,20.07,57.73,25,40,Rome,,41.9028,12.4964,21,
2024-09-01T23:00:00+00:00,26.09,35.99,23.43,53.02,25,40,Rome,,41.9028,12.4964,21,
2024-09-02T00:00:00+00:00,23.33,31.49,21.64,50.63,25,40,Rome,,41.9028,12.4964,21,
2024-09-02T01:00:00+00:00,23.99,33.5,22.88,52.4,25,40,Rome,,41.9028,12.4964,21,
2024-09-02T02:00:00+00:00,21.84,27.93,24.28,62.73,25,40,Rome,,41.9028,12.4964,21,
2024-09-02T03:00:00+00:00,21.83,26.3,24.34,69.0,25,40,Rome,,41.9028,12.4964,21,
2024-09-02T04:00:00+00:00,20.99,26.21,25.77,63.63,25,40,Rome,,41.9028,12.4964,21,
2024-09-02T05:00:00+00:00,25.1,30.56,28.25,70.95,25,40,Rome,,41.9028,12.4964,21,
2024-09-02T06:00:00+00:00,21.64,27.95,26.61,65.63,25,40,Rome,,41.9028,12.4964,21,
2024-09-02T07:00:00+00:00,26.17,38.55,25.37,71.43,25,40,Rome,,41.9028,12.4964,21,
2024-09-02T08:00:00+00:00,20.86,24.31,26.26,67.53,25,40,Rome,,41.9028,12.4964,21,
2024-09-02T09:00:00+00:00,20.73,26.22,25.36,60.74,25,40,Rome,,41.9028,12.4964,21,
2024-09-02T10:00:00+00:00,26.07,36.72,24.84,61.39,25,40,Rome,,41.9028,12.4964,21,
2024-09-02T11:00:00+00:00,20.37,30.49,24.53,53.64,25,40,Rome,,41.9028,12.4964,21,
2024-09-02T12:00:00+00:00,19.19,28.12,24.17,48.44,25,40,Rome,,41.9028,12.4964,21,
2024-09-02T13:00:00+00:00,24.07,30.03,21.1,48.31,25,40,Rome,,41.9028,12.4964,21,
2024-09-02T14:00:00+00:00,20.58,29.93,19.74,43.31,25,40,Rome,,41.9028,12.4964,21,
2024-09-02T15:00:00+00:00,25.29,34.23,21.24,50.23,25,40,Rome,,41.9028,12.4964,21,
2024-09-02T16:00:00+00:00,21.67,25.47,18.87,52.24,25,40,Rome,,41.9028,12.4964,21,
2024-09-02T17:00:00+00:00,23.12,32.26,18.57,45.46,25,40,Rome,,41.9028,12.4964,21,
2024-09-02T18:00:00+00:00,19.93,23.21,19.25,47.79,25,40,Rome,,41.9028,12.4964,21,
2024-09-02T19:00:00+00:00,25.85,32.47,17.94,49.88,25,40,Rome,,41.9028,12.4964,21,
2024-09-02T20:00:00+00:00,21.47,28.76,18.67,48.81,25,40,Rome,,41.9028,12.4964,21,
2024-09-02T21:00:00+00:00,21.33,26.1,19.1,55.02,25,40,Rome,,41.9028,12.4964,21,
2024-09-02T22:00:00+00:00,19.24,23.14,21.22,42.24,25,40,Rome,,41.9028,12.4964,21,
2024-09-02T23:00:00+00:00,20.14,31.15,21.01,57.68,25,40,Rome,,41.9028,12.4964,21,
2024-09-03T00:00:00+00:00,19.44,24.72,23.75,49.03,25,40,Rome,,41.9028,12.4964,21,
2024-09-03T01:00:00+00:00,25.65,31.31,24.24,60.47,25,40,Rome,,41.9028,12.4964,21,
2024-09-03T02:00:00+00:00,20.87,25.18,26.39,56.93,25,40,Rome,,41.9028,12.4964,21,
2024-09-03T03:00:00+00:00,25.52,31.15,26.45,58.71,25,40,Rome,,41.9028,12.4964,21,
2024-09-03T04:00:00+00:00,24.3,32.24,25.6,60.7,25,40,Rome,,41.9028,12.4964,21,
2024-09-03T05:00:00+00:00,26.21,38.64,26.84,63.51,25,40,Rome,,41.9028,12.4964,21,
2024-09-03T06:00:00+00:00,24.93,35.32,26.68,72.13,25,40,Rome,,41.9028,12.4964,21,
2024-09-03T07:00:00+00:00,24.12,32.84,25.94,69.51,25,40,Rome,,41.9028,12.4964,21,
2024-09-03T08:00:00+00:00,23.98,29.01,25.72,66.39,25,40,Rome,,41.9028,12.4964,21,
2024-09-03T09:00:00+00:00,19.68,29.38,27.31,58.9,25,40,Rome,,41.9028,12.4964,21,
2024-09-03T10:00:00+00:00,26.98,34.28,24.33,56.59,25,40,Rome,,41.9028,12.4964,21,
2024-09-03T11:00:00+00:00,26.65,33.05,24.21,55.14,25,40,Rome,,41.9028,12.4964,21,
2024-09-03T12:00:00+00:00,27.05,39.73,23.64,59.53,25,40,Rome,,41.9028,12.4964,21,
2024-09-03T13:00:00+00:00,25.26,34.5,21.9,51.42,25,40,Rome,,41.9028,12.4964,21,
2024-09-03T14:00:00+00:00,20.03,23.69,22.17,53.02,25,40,Rome,,41.9028,12.4964,21,
2024-09-03T15:00:00+00:00,22.65,33.85,18.69,44.78,25,40,Rome,,41.9028,12.4964,21,
2024-09-03T16:00:00+00:00,25.84,31.11,20.68,44.96,25,40,Rome,,41.9028,12.4964,21,
2024-09-03T17:00:00+00:00,18.77,26.11,20.34,38.76,25,40,Rome,,41.9028,12.4964,21,
2024-09-03T18:00:00+00:00,26.29,35.0,19.23,49.27,25,40,Rome,,41.9028,12.4964,21,
2024-09-03T19:00:00+00:00,25.72,36.17,18.38,45.05,25,40,Rome,,41.9028,12.4964,21,
2024-09-03T20:00:00+00:00,21.55,29.53,20.72,47.96,25,40,Rome,,41.9028,12.4964,21,
2024-09-03T21:00:00+00:00,26.12,35.94,19.74,42.96,25,40,Rome,,41.9028,12.4964,21,
2024-09-03T22:00:00+00:00,21.04,27.96,19.61,54.4,25,40,Rome,,41.9028,12.4964,21,
2024-09-03T23:00:00+00:00,26.34,38.22,21.24,56.68,25,40,Rome,,41.9028,12.4964,21,
2024-09-04T00:00:00+00:00,21.3,31.07,22.41,60.6,25,40,Rome,,41.9028,12.4964,21,
2024-09-04T01:00:00+00:00,25.32,35.72,22.89,60.55,25,40,Rome,,41.9028,12.4964,21,
2024-09-04T02:00:00+00:00,22.41,30.74,23.53,60.86,25,40,Rome,,41.9028,12.4964,21,
2024-09-04T03:00:00+00:00,26.67,35.66,24.53,54.94,25,40,Rome,,41.9028,12.4964,21,
2024-09-04T04:00:00+00:00,20.46,30.62,26.33,57.17,25,40,Rome,,41.9028,12.4964,21,
2024-09-04T05:00:00+00:00,27.37,37.79,26.69,60.11,25,40,Rome,,41.9028,12.4964,21,
2024-09-04T06:00:00+00:00,23.11,31.5,27.27,71.7,25,40,Rome,,41.9028,12.4964,21,
2024-09-04T07:00:00+00:00,24.69,31.45,27.3,71.61,25,40,Rome,,41.9028,12.4964,21,
2024-09-04T08:00:00+00:00,21.32,25.21,27.14,59.31,25,40,Rome,,41.9028,12.4964,21,
2024-09-04T09:00:00+00:00,23.39,28.12,26.99,54.41,25,40,Rome,,41.9028,12.4964,21,
2024-09-04T10:00:00+00:00,27.47,39.96,25.6,65.12,25,40,Rome,,41.9028,12.4964,21,
2024-09-04T11:00:00+00:00,28.19,39.73,24.14,64.96,25,40,Rome,,41.9028,12.4964,21,
2024-09-04T12:00:00+00:00,25.18,31.04,23.49,54.54,25,40,Rome,,41.9028,12.4964,21,
2024-09-04T13:00:00+00:00,18.62,22.85,22.1,45.12,25,40,Rome,,41.9028,12.4964,21,
2024-09-04T14:00:00+00:00,22.65,34.46,21.72,43.96,25,40,Rome,,41.9028,12.4964,21,
2024-09-04T15:00:00+00:00,22.29,28.18,20.45,44.76,25,40,Rome,,41.9028,12.4964,21,
2024-09-04T16:00:00+00:00,22.7,29.76,19.0,48.91,25,40,Rome,,41.9028,12.4964,21,
2024-09-04T17:00:00+00:00,23.54,35.29,19.45,44.36,25,40,Rome,,41.9028,12.4964,21,
2024-09-04T18:00:00+00:00,24.73,37.13,19.13,37.67,25,40,Rome,,41.9028,12.4964,21,
2024-09-04T19:00:00+00:00,24.02,30.17,18.8,44.79,25,40,Rome,,41.9028,12.4964,21,
2024-09-04T20:00:00+00:00,21.6,27.56,19.46,51.0,25,40,Rome,,41.9028,12.4964,21,
2024-09-04T21:00:00+00:00,22.78,27.39,20.05,47.09,25,40,Rome,,41.9028,12.4964,21,
2024-09-04T22:00:00+00:00,22.8,33.05,21.3,49.19,25,40,Rome,,41.9028,12.4964,21,
2024-09-04T23:00:00+00:00,22.33,26.65,22.67,47.21,25,40,Rome,,41.9028,12.4964,21,
2024-09-05T00:00:00+00:00,20.45,30.01,21.9,55.89,25,40,Rome,,41.9028,12.4964,21,
2024-09-05T01:00:00+00:00,22.13,30.89,24.67,51.45,25,40,Rome,,41.9028,12.4964,21,
2024-09-05T02:00:00+00:00,21.58,27.86,24.91,59.93,25,40,Rome,,41.9028,12.4964,21,
2024-09-05T03:00:00+00:00,25.65,34.66,25.6,58.4,25,40,Rome,,41.9028,12.4964,21,
2024-09-05T04:00:00+00:00,23.75,34.39,27.72,70.64,25,40,Rome,,41.9028,12.4964,21,
2024-09-05T05:00:00+00:00,26.73,34.34,28.2,57.41,25,40,Rome,,41.9028,12.4964,21,
2024-09-05T06:00:00+00:00,24.61,32.39,27.23,70.7,25,40,Rome,,41.9028,12.4964,21,
2024-09-05T07:00:00+00:00,25.1,36.85,25.7,71.42,25,40,Rome,,41.9028,12.4964,21,
2024-09-05T08:00:00+00:00,27.62,40.37,27.32,67.43,25,40,Rome,,41.9028,12.4964,21,
2024-09-05T09:00:00+00:00,21.5,32.06,24.95,54.78,25,40,Rome,,41.9028,12.4964,21,
2024-09-05T10:00:00+00:00,19.95,28.88,26.31,58.72,25,40,Rome,,41.9028,12.4964,21,
2024-09-05T11:00:00+00:00,20.33,28.81,22.91,58.22,25,40,Rome,,41.9028,12.4964,21,
2024-09-05T12:00:00+00:00,28.05,35.14,21.9,61.64,25,40,Rome,,41.9028,12.4964,21,
2024-09-05T13:00:00+00:00,22.59,30.4,20.82,47.59,25,40,Rome,,41.9028,12.4964,21,
2024-09-05T14:00:00+00:00,23.38,33.65,19.62,51.72,25,40,Rome,,41.9028,12.4964,21,
2024-09-05T15:00:00+00:00,26.89,40.29,19.54,47.46,25,40,Rome,,41.9028,12.4964,21,
2024-09-05T16:00:00+00:00,22.12,27.08,20.0,40.37,25,40,Rome,,41.9028,12.4964,21,
2024-09-05T17:00:00+00:00,20.65,27.06,18.4,40.43,25,40,Rome,,41.9028,12.4964,21,
2024-09-05T18:00:00+00:00,24.61,34.39,17.54,44.88,25,40,Rome,,41.9028,12.4964,21,
2024-09-05T19:00:00+00:00,24.86,32.01,18.59,52.21,25,40,Rome,,41.9028,12.4964,21,
2024-09-05T20:00:00+00:00,21.24,27.26,18.15,52.74,25,40,Rome,,41.9028,12.4964,21,
2024-09-05T21:00:00+00:00,19.67,23.32,19.82,41.03,25,40,Rome,,41.9028,12.4964,21,
2024-09-05T22:00:00+00:00,24.92,30.92,21.81,50.98,25,40,Rome,,41.9028,12.4964,21,
2024-09-05T23:00:00+00:00,26.23,36.37,21.08,53.41,25,40,Rome,,41.9028,12.4964,21,
2024-09-06T00:00:00+00:00,24.81,30.21,23.92,62.5,25,40,Rome,,41.9028,12.4964,21,
2024-09-06T01:00:00+00:00,27.89,38.62,23.49,64.55,25,40,Rome,,41.9028,12.4964,21,
2024-09-06T02:00:00+00:00,23.58,29.15,24.73,59.0,25,40,Rome,,41.9028,12.4964,21,
2024-09-06T03:00:00+00:00,25.95,36.77,24.47,68.49,25,40,Rome,,41.9028,12.4964,21,
2024-09-06T04:00:00+00:00,22.35,27.95,27.18,65.36,25,40,Rome,,41.9028,12.4964,21,
2024-09-06T05:00:00+00:00,23.26,31.43,26.36,58.05,25,40,Rome,,41.9028,12.4964,21,
2024-09-06T06:00:00+00:00,24.62,33.12,26.87,70.39,25,40,Rome,,41.9028,12.4964,21,
2024-09-06T07:00:00+00:00,25.46,35.1,27.44,60.64,25,40,Rome,,41.9028,12.4964,21,
2024-09-06T08:00:00+00:00,23.71,32.97,25.69,65.54,25,40,Rome,,41.9028,12.4964,21,
2024-09-06T09:00:00+00:00,20.92,24.56,25.06,62.16,25,40,Rome,,41.9028,12.4964,21,
2024-09-06T10:00:00+00:00,22.41,32.39,23.68,58.91,25,40,Rome,,41.9028,12.4964,21,
2024-09-06T11:00:00+00:00,27.62,36.55,25.3,63.66,25,40,Rome,,41.9028,12.4964,21,
2024-09-06T12:00:00+00:00,23.31,33.29,21.97,57.1,25,40,Rome,,41.9028,12.4964,21,
2024-09-06T13:00:00+00:00,25.73,37.02,21.05,55.97,25,40,Rome,,41.9028,12.4964,21,
2024-09-06T14:00:00+00:00,22.4,33.6,20.94,46.89,25,40,Rome,,41.9028,12.4964,21,
2024-09-06T15:00:00+00:00,23.68,34.47,20.63,48.02,25,40,Rome,,41.9028,12.4964,21,
2024-09-06T16:00:00+00:00,25.45,34.03,18.46,44.76,25,40,Rome,,41.9028,12.4964,21,
2024-09-06T17:00:00+00:00,26.26,32.52,20.35,41.86,25,40,Rome,,41.9028,12.4964,21,
2024-09-06T18:00:00+00:00,18.62,23.19,17.79,41.08,25,40,Rome,,41.9028,12.4964,21,
2024-09-06T19:00:00+00:00,23.18,35.07,18.83,44.54,25,40,Rome,,41.9028,12.4964,21,
2024-09-06T20:00:00+00:00,21.43,32.6,19.32,39.73,25,40,Rome,,41.9028,12.4964,21,
2024-09-06T21:00:00+00:00,21.72,28.11,20.41,50.67,25,40,Rome,,41.9028,12.4964,21,
2024-09-06T22:00:00+00:00,20.37,30.93,20.43,54.46,25,40,Rome,,41.9028,12.4964,21,
2024-09-06T23:00:00+00:00,23.25,31.53,23.09,58.19,25,40,Rome,,41.9028,12.4964,21,
2024-09-07T00:00:00+00:00,22.58,30.44,21.83,54.59,25,40,Rome,,41.9028,12.4964,21,
2024-09-07T01:00:00+00:00,23.78,34.15,23.71,56.24,25,40,Rome,,41.9028,12.4964,21,
2024-09-07T02:00:00+00:00,22.41,34.15,26.09,59.93,25,40,Rome,,41.9028,12.4964,21,
2024-09-07T03:00:00+00:00,20.25,26.03,26.43,65.62,25,40,Rome,,41.9028,12.4964,21,
2024-09-07T04:00:00+00:00,23.71,33.7,27.02,62.19,25,40,Rome,,41.9028,12.4964,21,
2024-09-07T05:00:00+00:00,23.12,28.81,25.85,60.39,25,40,Rome,,41.9028,12.4964,21,
2024-09-07T06:00:00+00:00,25.8,38.8,26.45,58.77,25,40,Rome,,41.9028,12.4964,21,
2024-09-07T07:00:00+00:00,24.09,35.61,28.3,65.56,25,40,Rome,,41.9028,12.4964,21,
2024-09-07T08:00:00+00:00,21.7,26.51,25.13,56.67,25,40,Rome,,41.9028,12.4964,21,
2024-09-07T09:00:00+00:00,20.52,30.1,26.47,59.6,25,40,Rome,,41.9028,12.4964,21,
2024-09-07T10:00:00+00:00,22.02,32.72,23.69,65.5,25,40,Rome,,41.9028,12.4964,21,
2024-09-07T11:00:00+00:00,19.68,24.4,24.1,50.19,25,40,Rome,,41.9028,12.4964,21,
2024-09-07T12:00:00+00:00,24.13,28.86,21.65,58.13,25,40,Rome,,41.9028,12.4964,21,
2024-09-07T13:00:00+00:00,28.08,35.07,22.24,59.74,25,40,Rome,,41.9028,12.4964,21,
2024-09-07T14:00:00+00:00,21.96,29.89,20.08,50.6,25,40,Rome,,41.9028,12.4964,21,
2024-09-07T15:00:00+00:00,19.9,29.22,20.16,51.84,25,40,Rome,,41.9028,12.4964,21,
2024-09-07T16:00:00+00:00,27.15,39.37,19.87,52.61,25,40,Rome,,41.9028,12.4964,21,
2024-09-07T17:00:00+00:00,20.09,29.89,18.38,40.61,25,40,Rome,,41.9028,12.4964,21,
2024-09-07T18:00:00+00:00,19.81,27.67,19.83,37.66,25,40,Rome,,41.9028,12.4964,21,
2024-09-07T19:00:00+00:00,23.47,31.97,18.68,48.05,25,40,Rome,,41.9028,12.4964,21,
2024-09-07T20:00:00+00:00,22.96,33.32,20.45,51.25,25,40,Rome,,41.9028,12.4964,21,
2024-09-07T21:00:00+00:00,19.87,23.62,21.49,40.72,25,40,Rome,,41.9028,12.4964,21,
2024-09-07T22:00:00+00:00,19.0,23.46,22.35,43.65,25,40,Rome,,41.9028,12.4964,21,
2024-09-07T23:00:00+00:00,25.39,34.19,21.44,59.06,25,40,Rome,,41.9028,12.4964,21,
2024-09-08T00:00:00+00:00,19.54,27.78,23.17,48.68,25,40,Rome,,41.9028,12.4964,21,
2024-09-08T01:00:00+00:00,26.95,35.49,22.55,51.59,25,40,Rome,,41.9028,12.4964,21,
2024-09-08T02:00:00+00:00,23.15,32.88,26.46,54.19,25,40,Rome,,41.9028,12.4964,21,
2024-09-08T03:00:00+00:00,27.49,34.48,25.18,68.79,25,40,Rome,,41.9028,12.4964,21,
2024-09-08T04:00:00+00:00,25.41,35.35,27.81,60.64,25,40,Rome,,41.9028,12.4964,21,
2024-09-08T05:00:00+00:00,24.09,29.12,25.63,62.18,25,40,Rome,,41.9028,12.4964,21,
2024-09-08T06:00:00+00:00,27.03,35.0,28.13,60.94,25,40,Rome,,41.9028,12.4964,21,
2024-09-08T07:00:00+00:00,23.4,30.93,27.31,64.85,25,40,Rome,,41.9028,12.4964,21,
2024-09-08T08:00:00+00:00,22.04,30.35,27.71,67.38,25,40,Rome,,41.9028,12.4964,21,
2024-09-08T09:00:00+00:00,24.93,34.16,26.87,56.77,25,40,Rome,,41.9028,12.4964,21,
2024-09-08T10:00:00+00:00,26.65,38.62,25.09,54.22,25,40,Rome,,41.9028,12.4964,21,
2024-09-08T11:00:00+00:00,24.97,34.42,23.18,52.75,25,40,Rome,,41.9028,12.4964,21,
2024-09-08T12:00:00+00:00,27.94,39.87,22.31,60.03,25,40,Rome,,41.9028,12.4964,21,
2024-09-08T13:00:00+00:00,23.97,35.77,20.93,55.61,25,40,Rome,,41.9028,12.4964,21,
2024-09-08T14:00:00+00:00,26.39,35.9,21.63,53.92,25,40,Rome,,41.9028,12.4964,21,
2024-09-08T15:00:00+00:00,20.84,26.09,20.02,51.56,25,40,Rome,,41.9028,12.4964,21,
2024-09-08T16:00:00+00:00,19.59,23.56,18.25,50.0,25,40,Rome,,41.9028,12.4964,21,
2024-09-08T17:00:00+00:00,20.35,30.83,18.89,44.85,25,40,Rome,,41.9028,12.4964,21,
2024-09-08T18:00:00+00:00,22.54,29.51,18.72,50.89,25,40,Rome,,41.9028,12.4964,21,
2024-09-08T19:00:00+00:00,18.34,22.72,20.06,40.66,25,40,Rome,,41.9028,12.4964,21,
2024-09-08T20:00:00+00:00,20.78,31.32,18.9,43.31,25,40,Rome,,41.9028,12.4964,21,
2024-09-08T21:00:00+00:00,19.58,23.97,18.87,42.14,25,40,Rome,,41.9028,12.4964,21,
2024-09-08T22:00:00+00:00,20.42,29.19,21.89,46.71,25,40,Rome,,41.9028,12.4964,21,
2024-09-08T23:00:00+00:00,23.4,34.84,20.85,46.93,25,40,Rome,,41.9028,12.4964,21,
2024-09-09T00:00:00+00:00,24.68,29.52,23.88,52.23,25,40,Rome,,41.9028,12.4964,21,
2024-09-09T01:00:00+00:00,25.58,37.67,24.47,62.96,25,40,Rome,,41.9028,12.4964,21,
2024-09-09T02:00:00+00:00,24.08,28.56,24.12,59.06,25,40,Rome,,41.9028,12.4964,21,
2024-09-09T03:00:00+00:00,22.84,34.23,24.52,66.52,25,40,Rome,,41.9028,12.4964,21,
2024-09-09T04:00:00+00:00,27.25,36.01,26.29,65.88,25,40,Rome,,41.9028,12.4964,21,
2024-09-09T05:00:00+00:00,25.85,33.91,27.31,70.12,25,40,Rome,,41.9028,12.4964,21,
2024-09-09T06:00:00+00:00,26.71,33.29,25.91,66.5,25,40,Rome,,41.9028,12.4964,21,
2024-09-09T07:00:00+00:00,20.1,29.52,26.22,62.01,25,40,Rome,,41.9028,12.4964,21,
2024-09-09T08:00:00+00:00,23.09,31.41,27.72,71.14,25,40,Rome,,41.9028,12.4964,21,
2024-09-09T09:00:00+00:00,24.79,37.44,26.4,63.03,25,40,Rome,,41.9028,12.4964,21,
2024-09-09T10:00:00+00:00,24.91,36.63,25.08,54.15,25,40,Rome,,41.9028,12.4964,21,
2024-09-09T11:00:00+00:00,23.03,33.44,23.45,52.03,25,40,Rome,,41.9028,12.4964,21,
2024-09-09T12:00:00+00:00,25.33,34.65,22.92,62.5,25,40,Rome,,41.9028,12.4964,21,
2024-09-09T13:00:00+00:00,26.13,38.87,21.0,47.76,25,40,Rome,,41.9028,12.4964,21,
2024-09-09T14:00:00+00:00,23.5,31.73,22.1,43.56,25,40,Rome,,41.9028,12.4964,21,
2024-09-09T15:00:00+00:00,25.95,31.93,20.46,40.53,25,40,Rome,,41.9028,12.4964,21,
2024-09-09T16:00:00+00:00,23.81,32.87,18.29,48.9,25,40,Rome,,41.9028,12.4964,21,
2024-09-09T17:00:00+00:00,26.17,35.7,19.4,50.68,25,40,Rome,,41.9028,12.4964,21,
2024-09-09T18:00:00+00:00,26.46,37.95,20.11,51.89,25,40,Rome,,41.9028,12.4964,21,
2024-09-09T19:00:00+00:00,20.87,30.87,18.15,40.99,25,40,Rome,,41.9028,12.4964,21,
2024-09-09T20:00:00+00:00,26.53,38.67,19.64,44.14,25,40,Rome,,41.9028,12.4964,21,
2024-09-09T21:00:00+00:00,24.62,29.46,19.91,42.21,25,40,Rome,,41.9028,12.4964,21,
2024-09-09T22:00:00+00:00,24.85,30.64,21.75,47.99,25,40,Rome,,41.9028,12.4964,21,
2024-09-09T23:00:00+00:00,21.99,31.37,21.51,51.48,25,40,Rome,,41.9028,12.4964,21,
2024-09-10T00:00:00+00:00,26.83,35.87,22.73,59.57,25,40,Rome,,41.9028,12.4964,21,
2024-09-10T01:00:00+00:00,20.71,31.56,22.6,53.53,25,40,Rome,,41.9028,12.4964,21,
2024-09-10T02:00:00+00:00,22.4,28.84,25.4,58.08,25,40,Rome,,41.9028,12.4964,21,
2024-09-10T03:00:00+00:00,27.79,39.06,24.83,69.98,25,40,Rome,,41.9028,12.4964,21,
2024-09-10T04:00:00+00:00,21.65,31.84,26.52,70.0,25,40,Rome,,41.9028,12.4964,21,
2024-09-10T05:00:00+00:00,19.77,28.12,27.02,57.09,25,40,Rome,,41.9028,12.4964,21,
2024-09-10T06:00:00+00:00,21.6,29.21,27.59,70.82,25,40,Rome,,41.9028,12.4964,21,
2024-09-10T07:00:00+00:00,26.81,34.73,27.09,62.83,25,40,Rome,,41.9028,12.4964,21,
2024-09-10T08:00:00+00:00,24.45,32.22,27.93,58.04,25,40,Rome,,41.9028,12.4964,21,
2024-09-10T09:00:00+00:00,25.69,38.07,27.31,68.44,25,40,Rome,,41.9028,12.4964,21,
2024-09-10T10:00:00+00:00,23.69,30.99,24.43,58.18,25,40,Rome,,41.9028,12.4964,21,
2024-09-10T11:00:00+00:00,19.52,26.37,22.66,54.5,25,40,Rome,,41.9028,12.4964,21,
2024-09-10T12:00:00+00:00,20.55,30.95,21.97,62.1,25,40,Rome,,41.9028,12.4964,21,
2024-09-10T13:00:00+00:00,26.15,33.53,23.02,52.54,25,40,Rome,,41.9028,12.4964,21,
2024-09-10T14:00:00+00:00,21.97,31.82,20.22,57.17,25,40,Rome,,41.9028,12.4964,21,
2024-09-10T15:00:00+00:00,22.31,29.4,20.51,47.68,25,40,Rome,,41.9028,12.4964,21,
2024-09-10T16:00:00+00:00,23.35,33.11,20.48,42.91,25,40,Rome,,41.9028,12.4964,21,
2024-09-10T17:00:00+00:00,26.19,37.48,17.91,43.83,25,40,Rome,,41.9028,12.4964,21,
2024-09-10T18:00:00+00:00,24.63,36.31,18.17,40.84,25,40,Rome,,41.9028,12.4964,21,
2024-09-10T19:00:00+00:00,21.84,30.88,18.78,49.52,25,40,Rome,,41.9028,12.4964,21,
2024-09-10T20:00:00+00:00,24.23,33.44,18.77,52.71,25,40,Rome,,41.9028,12.4964,21,
2024-09-10T21:00:00+00:00,26.35,39.24,19.07,52.66,25,40,Rome,,41.9028,12.4964,21,
2024-09-10T22:00:00+00:00,26.02,33.11,20.54,45.82,25,40,Rome,,41.9028,12.4964,21,
2024-09-10T23:00:00+00:00,23.37,34.78,20.62,54.71,25,40,Rome,,41.9028,12.4964,21,
