created_at,field1,field2,field3,field4,field5,field6,field7,field8,latitude,longitude,elevation,status
2024-01-01T00:00:00+00:00,37.08,53.09,-0.61,66.66,25,40,Warsaw,,52.2297,21.0122,100,
2024-01-01T01:00:00+00:00,37.84,52.54,0.55,80.34,25,40,Warsaw,,52.2297,21.0122,100,
2024-01-01T02:00:00+00:00,36.39,49.04,1.96,73.44,25,40,Warsaw,,52.2297,21.0122,100,
2024-01-01T03:00:00+00:00,36.78,52.48,2.82,83.73,25,40,Warsaw,,52.2297,21.0122,100,
2024-01-01T04:00:00+00:00,41.67,57.19,3.22,72.12,25,40,Warsaw,,52.2297,21.0122,100,
2024-01-01T05:00:00+00:00,37.9,49.15,3.41,73.16,25,40,Warsaw,,52.2297,21.0122,100,
2024-01-01T06:00:00+00:00,45.39,63.92,3.82,84.59,25,40,Warsaw,,52.2297,21.0122,100,
2024-01-01T07:00:00+00:00,40.48,57.97,4.25,83.08,25,40,Warsaw,,52.2297,21.0122,100,
2024-01-01T08:00:00+00:00,41.99,53.34,1.11,80.9,25,40,Warsaw,,52.2297,21.0122,100,
2024-01-01T09:00:00+00:00,40.34,51.11,0.73,82.49,25,40,Warsaw,,52.2297,21.0122,100,
2024-01-01T10:00:00+00:00,44.0,62.39,-0.46,75.4,25,40,Warsaw,,52.2297,21.0122,100,
2024-01-01T11:00:00+00:00,41.07,52.25,1.12,70.38,25,40,Warsaw,,52.2297,21.0122,100,
2024-01-01T12:00:00+00:00,46.99,61.97,-2.47,77.26,25,40,Warsaw,,52.2297,21.0122,100,
2024-01-01T13:00:00+00:00,41.9,53.96,-2.22,74.07,25,40,Warsaw,,52.2297,21.0122,100,
2024-01-01T14:00:00+00:00,36.41,47.97,-3.17,57.76,25,40,Warsaw,,52.2297,21.0122,100,
2024-01-01T15:00:00+00:00,39.43,56.51,-2.58,67.66,25,40,Warsaw,,52.2297,21.0122,100,
2024-01-01T16:00:00+00:00,36.45,47.0,-2.97,64.85,25,40,Warsaw,,52.2297,21.0122,100,
2024-01-01T17:00:00+00:00,39.63,55.78,-5.86,58.1,25,40,Warsaw,,52.2297,21.0122,100,
2024-01-01T18:00:00+00:00,42.59,54.96,-6.02,56.21,25,40,Warsaw,,52.2297,21.0122,100,
2024-01-01T19:00:00+00:00,39.48,50.5,-5.24,62.18,25,40,Warsaw,,52.2297,21.0122,100,
2024-01-01T20:00:00+00:00,43.28,62.31,-3.65,64.72,25,40,Warsaw,,52.2297,21.0122,100,
2024-01-01T21:00:00+00:00,35.13,47.0,-2.95,66.03,25,40,Warsaw,,52.2297,21.0122,100,
2024-01-01T22:00:00+00:00,35.82,48.73,-3.27,65.54,25,40,Warsaw,,52.2297,21.0122,100,
2024-01-01T23:00:00+00:00,37.13,50.95,-2.79,60.93,25,40,Warsaw,,52.2297,21.0122,100,
2024-01-02T00:00:00+00:00,34.92,46.41,-0.19,66.83,25,40,Warsaw,,52.2297,21.0122,100,
2024-01-02T01:00:00+00:00,45.62,62.57,0.13,77.87,25,40,Warsaw,,52.2297,21.0122,100,
2024-01-02T02:00:00+00:00,36.02,50.07,0.81,71.36,25,40,Warsaw,,52.2297,21.0122,100,
2024-01-02T03:00:00+00:00,44.5,63.78,0.53,70.39,25,40,Warsaw,,52.2297,21.0122,100,
2024-01-02T04:00:00+00:00,41.9,57.81,2.13,82.32,25,40,Warsaw,,52.2297,21.0122,100,
2024-01-02T05:00:00+00:00,37.62,49.66,1.43,80.68,25,40,Warsaw,,52.2297,21.0122,100,
2024-01-02T06:00:00+00:00,36.57,53.02,3.0,80.17,25,40,Warsaw,,52.2297,21.0122,100,
2024-01-02T07:00:00+00:00,41.31,54.51,3.23,84.47,25,40,Warsaw,,52.2297,21.0122,100,
2024-01-02T08:00:00+00:00,45.99,60.31,2.26,83.67,25,40,Warsaw,,52.2297,21.0122,100,
2024-01-02T09:00:00+00:00,47.24,61.12,1.43,84.9,25,40,Warsaw,,52.2297,21.0122,100,
2024-01-02T10:00:00+00:00,44.25,60.55,2.25,76.54,25,40,Warsaw,,52.2297,21.0122,100,
2024-01-02T11:00:00+00:00,39.59,54.66,-0.54,73.02,25,40,Warsaw,,52.2297,21.0122,100,
2024-01-02T12:00:00+00:00,38.02,49.9,-2.36,67.77,25,40,Warsaw,,52.2297,21.0122,100,
2024-01-02T13:00:00+00:00,40.33,50.49,-0.72,63.15,25,40,Warsaw,,52.2297,21.0122,100,
2024-01-02T14:00:00+00:00,41.74,58.79,-2.44,67.48,25,40,Warsaw,,52.2297,21.0122,100,
2024-01-02T15:00:00+00:00,36.63,52.2,-2.88,67.83,25,40,Warsaw,,52.2297,21.0122,100,
2024-01-02T16:00:00+00:00,42.64,61.08,-4.61,54.2,25,40,Warsaw,,52.2297,21.0122,100,
2024-01-02T17:00:00+00:00,41.02,54.36,-4.95,58.03,25,40,Warsaw,,52.2297,21.0122,100,
2024-01-02T18:00:00+00:00,45.06,58.01,-3.69,65.38,25,40,Warsaw,,52.2297,21.0122,100,
2024-01-02T19:00:00+00:00,40.33,55.0,-4.92,55.92,25,40,Warsaw,,52.2297,21.0122,100,
2024-01-02T20:00:00+00:00,43.85,58.81,-3.97,63.83,25,40,Warsaw,,52.2297,21.0122,100,
2024-01-02T21:00:00+00:00,36.04,45.81,-2.41,67.74,25,40,Warsaw,,52.2297,21.0122,100,
2024-01-02T22:00:00+00:00,36.95,53.06,-2.35,58.15,25,40,Warsaw,,52.2297,21.0122,100,
2024-01-02T23:00:00+00:00,37.33,53.91,-2.48,62.48,25,40,Warsaw,,52.2297,21.0122,100,
2024-01-03T00:00:00+00:00,44.01,63.1,-2.04,75.68,25,40,Warsaw,,52.2297,21.0122,100,
2024-01-03T01:00:00+00:00,37.72,48.65,-0.83,80.07,25,40,Warsaw,,52.2297,21.0122,100,
2024-01-03T02:00:00+00:00,34.23,48.86,1.79,68.56,25,40,Warsaw,,52.2297,21.0122,100,
2024-01-03T03:00:00+00:00,44.32,58.54,2.51,75.28,25,40,Warsaw,,52.2297,21.0122,100,
2024-01-03T04:00:00+00:00,42.12,57.6,2.96,85.01,25,40,Warsaw,,52.2297,21.0122,100,
2024-01-03T05:00:00+00:00,38.82,50.49,1.65,84.53,25,40,Warsaw,,52.2297,21.0122,100,
2024-01-03T06:00:00+00:00,37.19,49.7,4.18,72.43,25,40,Warsaw,,52.2297,21.0122,100,
2024-01-03T07:00:00+00:00,38.69,54.3,3.1,84.42,25,40,Warsaw,,52.2297,21.0122,100,
2024-01-03T08:00:00+00:00,37.62,48.53,3.64,72.88,25,40,Warsaw,,52.2297,21.0122,100,
2024-01-03T09:00:00+00:00,46.45,63.89,1.83,78.28,25,40,Warsaw,,52.2297,21.0122,100,
2024-01-03T10:00:00+00:00,47.31,60.45,1.9,81.91,25,40,Warsaw,,52.2297,21.0122,100,
2024-01-03T11:00:00+00:00,45.62,65.48,-0.72,80.16,25,40,Warsaw,,52.2297,21.0122,100,
2024-01-03T12:00:00+00:00,38.07,51.57,-0.2,68.06,25,40,Warsaw,,52.2297,21.0122,100,
2024-01-03T13:00:00+00:00,42.76,60.91,-2.66,75.11,25,40,Warsaw,,52.2297,21.0122,100,
2024-01-03T14:00:00+00:00,43.03,57.14,-3.71,64.55,25,40,Warsaw,,52.2297,21.0122,100,
2024-01-03T15:00:00+00:00,40.84,58.26,-3.0,66.51,25,40,Warsaw,,52.2297,21.0122,100,
2024-01-03T16:00:00+00:00,39.64,51.35,-3.11,57.46,25,40,Warsaw,,52.2297,21.0122,100,
2024-01-03T17:00:00+00:00,42.52,54.21,-5.94,53.39,25,40,Warsaw,,52.2297,21.0122,100,
2024-01-03T18:00:00+00:00,38.7,52.94,-4.61,61.32,25,40,Warsaw,,52.2297,21.0122,100,
2024-01-03T19:00:00+00:00,35.84,48.62,-4.44,57.06,25,40,Warsaw,,52.2297,21.0122,100,
2024-01-03T20:00:00+00:00,34.54,48.03,-5.13,54.49,25,40,Warsaw,,52.2297,21.0122,100,
2024-01-03T21:00:00+00:00,37.03,49.96,-4.08,70.13,25,40,Warsaw,,52.2297,21.0122,100,
2024-01-03T22:00:00+00:00,36.24,49.68,-3.55,64.32,25,40,Warsaw,,52.2297,21.0122,100,
2024-01-03T23:00:00+00:00,35.77,50.5,-3.37,71.68,25,40,Warsaw,,52.2297,21.0122,100,
2024-01-04T00:00:00+00:00,40.17,54.78,-2.38,75.18,25,40,Warsaw,,52.2297,21.0122,100,
2024-01-04T01:00:00+00:00,33.92,42.69,0.27,64.71,25,40,Warsaw,,52.2297,21.0122,100,
2024-01-04T02:00:00+00:00,44.13,57.66,2.29,72.33,25,40,Warsaw,,52.2297,21.0122,100,
2024-01-04T03:00:00+00:00,44.45,57.67,1.68,81.59,25,40,Warsaw,,52.2297,21.0122,100,
2024-01-04T04:00:00+00:00,44.46,56.4,3.56,80.89,25,40,Warsaw,,52.2297,21.0122,100,
2024-01-04T05:00:00+00:00,43.49,57.5,2.0,87.2,25,40,Warsaw,,52.2297,21.0122,100,
2024-01-04T06:00:00+00:00,43.1,60.51,3.67,81.3,25,40,Warsaw,,52.2297,21.0122,100,
2024-01-04T07:00:00+00:00,39.5,50.51,3.54,82.46,25,40,Warsaw,,52.2297,21.0122,100,
2024-01-04T08:00:00+00:00,39.43,54.47,3.81,82.94,25,40,Warsaw,,52.2297,21.0122,100,
2024-01-04T09:00:00+00:00,46.81,65.71,3.22,82.21,25,40,Warsaw,,52.2297,21.0122,100,
2024-01-04T10:00:00+00:00,39.39,49.94,1.8,68.67,25,40,Warsaw,,52.2297,21.0122,100,
2024-01-04T11:00:00+00:00,43.91,62.6,-0.12,65.09,25,40,Warsaw,,52.2297,21.0122,100,
2024-01-04T12:00:00+00:00,38.94,56.34,-1.72,77.13,25,40,Warsaw,,52.2297,21.0122,100,
2024-01-04T13:00:00+00:00,42.2,55.26,-3.31,60.19,25,40,Warsaw,,52.2297,21.0122,100,
2024-01-04T14:00:00+00:00,37.96,50.03,-3.74,59.03,25,40,Warsaw,,52.2297,21.0122,100,
2024-01-04T15:00:00+00:00,39.06,52.78,-3.15,62.45,25,40,Warsaw,,52.2297,21.0122,100,
2024-01-04T16:00:00+00:00,44.03,58.42,-5.47,66.77,25,40,Warsaw,,52.2297,21.0122,100,
2024-01-04T17:00:00+00:00,37.55,52.82,-6.2,66.73,25,40,Warsaw,,52.2297,21.0122,100,
2024-01-04T18:00:00+00:00,38.74,51.55,-6.06,53.9,25,40,Warsaw,,52.2297,21.0122,100,
2024-01-04T19:00:00+00:00,42.11,60.57,-5.76,68.26,25,40,Warsaw,,52.2297,21.0122,100,
2024-01-04T20:00:00+00:00,36.49,50.63,-5.18,56.22,25,40,Warsaw,,52.2297,21.0122,100,
2024-01-04T21:00:00+00:00,43.13,60.48,-2.79,57.25,25,40,Warsaw,,52.2297,21.0122,100,
2024-01-04T22:00:00+00:00,37.99,54.83,-1.83,58.4,25,40,Warsaw,,52.2297,21.0122,100,
2024-01-04T23:00:00+00:00,41.45,55.98,-0.55,72.25,25,40,Warsaw,,52.2297,21.0122,100,
2024-01-05T00:00:00+00:00,46.19,59.04,-2.2,71.28,25,40,Warsaw,,52.2297,21.0122,100,
2024-01-05T01:00:00+00:00,43.14,54.75,0.74,68.79,25,40,Warsaw,,52.2297,21.0122,100,
2024-01-05T02:00:00+00:00,40.63,51.98,0.55,75.1,25,40,Warsaw,,52.2297,21.0122,100,
2024-01-05T03:00:00+00:00,44.6,62.5,2.02,78.62,25,40,Warsaw,,52.2297,21.0122,100,
2024-01-05T04:00:00+00:00,46.18,61.4,2.03,79.67,25,40,Warsaw,,52.2297,21.0122,100,
2024-01-05T05:00:00+00:00,44.97,58.47,1.85,75.79,25,40,Warsaw,,52.2297,21.0122,100,
2024-01-05T06:00:00+00:00,43.09,56.33,4.14,72.67,25,40,Warsaw,,52.2297,21.0122,100,
2024-01-05T07:00:00+00:00,43.81,55.79,1.94,75.89,25,40,Warsaw,,52.2297,21.0122,100,
2024-01-05T08:00:00+00:00,46.3,59.27,3.6,78.15,25,40,Warsaw,,52.2297,21.0122,100,
2024-01-05T09:00:00+00:00,41.44,54.96,2.87,81.74,25,40,Warsaw,,52.2297,21.0122,100,
2024-01-05T10:00:00+00:00,41.21,53.05,0.38,73.06,25,40,Warsaw,,52.2297,21.0122,100,
2024-01-05T11:00:00+00:00,43.76,62.81,0.29,74.56,25,40,Warsaw,,52.2297,21.0122,100,
2024-01-05T12:00:00+00:00,39.77,52.97,-2.13,73.25,25,40,Warsaw,,52.2297,21.0122,100,
2024-01-05T13:00:00+00:00,37.98,49.21,-2.09,72.96,25,40,Warsaw,,52.2297,21.0122,100,
2024-01-05T14:00:00+00:00,38.11,54.88,-1.75,66.49,25,40,Warsaw,,52.2297,21.0122,100,
2024-01-05T15:00:00+00:00,36.18,45.01,-3.42,56.72,25,40,Warsaw,,52.2297,21.0122,100,
2024-01-05T16:00:00+00:00,39.25,50.86,-3.77,59.96,25,40,Warsaw,,52.2297,21.0122,100,
2024-01-05T17:00:00+00:00,43.21,61.97,-3.7,57.51,25,40,Warsaw,,52.2297,21.0122,100,
2024-01-05T18:00:00+00:00,39.06,51.56,-4.09,58.59,25,40,Warsaw,,52.2297,21.0122,100,
2024-01-05T19:00:00+00:00,36.11,50.48,-4.65,52.49,25,40,Warsaw,,52.2297,21.0122,100,
2024-01-05T20:00:00+00:00,41.86,54.36,-4.08,57.49,25,40,Warsaw,,52.2297,21.0122,100,
2024-01-05T21:00:00+00:00,45.69,61.41,-4.97,66.23,25,40,Warsaw,,52.2297,21.0122,100,
2024-01-05T22:00:00+00:00,39.2,49.26,-2.43,58.42,25,40,Warsaw,,52.2297,21.0122,100,
2024-01-05T23:00:00+00:00,41.92,58.74,-3.07,75.27,25,40,Warsaw,,52.2297,21.0122,100,
2024-01-06T00:00:00+00:00,36.85,49.46,0.16,64.28,25,40,Warsaw,,52.2297,21.0122,100,
2024-01-06T01:00:00+00:00,40.7,56.06,1.49,68.17,25,40,Warsaw,,52.2297,21.0122,100,
2024-01-06T02:00:00+00:00,42.82,53.81,0.79,76.54,25,40,Warsaw,,52.2297,21.0122,100,
2024-01-06T03:00:00+00:00,47.91,64.6,1.51,84.86,25,40,Warsaw,,52.2297,21.0122,100,
2024-01-06T04:00:00+00:00,46.74,65.92,1.42,77.73,25,40,Warsaw,,52.2297,21.0122,100,
2024-01-06T05:00:00+00:00,44.42,57.79,1.65,83.25,25,40,Warsaw,,52.2297,21.0122,100,
2024-01-06T06:00:00+00:00,46.09,64.84,3.09,81.41,25,40,Warsaw,,52.2297,21.0122,100,
2024-01-06T07:00:00+00:00,40.58,51.72,2.21,76.07,25,40,Warsaw,,52.2297,21.0122,100,
2024-01-06T08:00:00+00:00,43.14,55.72,3.44,78.62,25,40,Warsaw,,52.2297,21.0122,100,
2024-01-06T09:00:00+00:00,43.29,60.9,1.2,77.34,25,40,Warsaw,,52.2297,21.0122,100,
2024-01-06T10:00:00+00:00,36.6,47.69,1.79,80.88,25,40,Warsaw,,52.2297,21.0122,100,
2024-01-06T11:00:00+00:00,45.35,58.93,-1.43,70.36,25,40,Warsaw,,52.2297,21.0122,100,
2024-01-06T12:00:00+00:00,42.15,52.99,-0.86,63.98,25,40,Warsaw,,52.2297,21.0122,100,
2024-01-06T13:00:00+00:00,35.69,49.8,-1.45,66.47,25,40,Warsaw,,52.2297,21.0122,100,
2024-01-06T14:00:00+00:00,36.1,52.25,-4.03,66.84,25,40,Warsaw,,52.2297,21.0122,100,
2024-01-06T15:00:00+00:00,44.76,59.97,-2.65,62.0,25,40,Warsaw,,52.2297,21.0122,100,
2024-01-06T16:00:00+00:00,41.33,53.37,-4.78,61.12,25,40,Warsaw,,52.2297,21.0122,100,
2024-01-06T17:00:00+00:00,35.6,46.82,-6.15,55.28,25,40,Warsaw,,52.2297,21.0122,100,
2024-01-06T18:00:00+00:00,37.14,47.77,-3.69,56.53,25,40,Warsaw,,52.2297,21.0122,100,
2024-01-06T19:00:00+00:00,41.85,57.77,-3.57,58.65,25,40,Warsaw,,52.2297,21.0122,100,
2024-01-06T20:00:00+00:00,36.86,48.37,-5.17,58.72,25,40,Warsaw,,52.2297,21.0122,100,
2024-01-06T21:00:00+00:00,40.48,52.04,-5.26,64.86,25,40,Warsaw,,52.2297,21.0122,100,
2024-01-06T22:00:00+00:00,38.19,54.78,-2.29,63.24,25,40,Warsaw,,52.2297,21.0122,100,
2024-01-06T23:00:00+00:00,46.25,60.27,-1.76,71.52,25,40,Warsaw,,52.2297,21.0122,100,
2024-01-07T00:00:00+00:00,41.53,53.47,-2.41,72.96,25,40,Warsaw,,52.2297,21.0122,100,
2024-01-07T01:00:00+00:00,38.51,54.95,0.56,78.96,25,40,Warsaw,,52.2297,21.0122,100,
2024-01-07T02:00:00+00:00,45.67,59.01,2.44,72.65,25,40,Warsaw,,52.2297,21.0122,100,
2024-01-07T03:00:00+00:00,46.6,65.01,1.8,77.31,25,40,Warsaw,,52.2297,21.0122,100,
2024-01-07T04:00:00+00:00,45.13,60.2,2.34,84.22,25,40,Warsaw,,52.2297,21.0122,100,
2024-01-07T05:00:00+00:00,38.48,51.52,3.87,78.0,25,40,Warsaw,,52.2297,21.0122,100,
2024-01-07T06:00:00+00:00,47.21,60.83,1.96,85.22,25,40,Warsaw,,52.2297,21.0122,100,
2024-01-07T07:00:00+00:00,35.4,45.16,4.17,72.64,25,40,Warsaw,,52.2297,21.0122,100,
2024-01-07T08:00:00+00:00,46.22,65.54,3.69,78.54,25,40,Warsaw,,52.2297,21.0122,100,
2024-01-07T09:00:00+00:00,37.93,53.82,0.41,77.47,25,40,Warsaw,,52.2297,21.0122,100,
2024-01-07T10:00:00+00:00,42.15,59.59,1.14,68.36,25,40,Warsaw,,52.2297,21.0122,100,
2024-01-07T11:00:00+00:00,42.08,59.99,-1.21,76.34,25,40,Warsaw,,52.2297,21.0122,100,
2024-01-07T12:00:00+00:00,38.11,53.54,-1.8,72.08,25,40,Warsaw,,52.2297,21.0122,100,
2024-01-07T13:00:00+00:00,43.14,59.4,-0.62,73.07,25,40,Warsaw,,52.2297,21.0122,100,
2024-01-07T14:00:00+00:00,43.73,62.01,-2.83,65.92,25,40,Warsaw,,52.2297,21.0122,100,
2024-01-07T15:00:00+00:00,41.81,57.18,-2.4,70.35,25,40,Warsaw,,52.2297,21.0122,100,
2024-01-07T16:00:00+00:00,41.19,53.99,-5.64,69.03,25,40,Warsaw,,52.2297,21.0122,100,
2024-01-07T17:00:00+00:00,41.35,56.87,-3.81,63.59,25,40,Warsaw,,52.2297,21.0122,100,
2024-01-07T18:00:00+00:00,45.09,62.17,-5.83,62.0,25,40,Warsaw,,52.2297,21.0122,100,
2024-01-07T19:00:00+00:00,43.52,58.31,-6.02,60.84,25,40,Warsaw,,52.2297,21.0122,100,
2024-01-07T20:00:00+00:00,39.72,55.11,-5.12,62.9,25,40,Warsaw,,52.2297,21.0122,100,
2024-01-07T21:00:00+00:00,33.99,42.3,-2.46,56.08,25,40,Warsaw,,52.2297,21.0122,100,
2024-01-07T22:00:00+00:00,43.23,61.04,-2.21,62.52,25,40,Warsaw,,52.2297,21.0122,100,
2024-01-07T23:00:00+00:00,41.29,57.49,-0.66,73.8,25,40,Warsaw,,52.2297,21.0122,100,
2024-01-08T00:00:00+00:00,40.3,54.08,-2.36,73.91,25,40,Warsaw,,52.2297,21.0122,100,
2024-01-08T01:00:00+00:00,42.05,59.73,0.36,64.62,25,40,Warsaw,,52.2297,21.0122,100,
2024-01-08T02:00:00+00:00,46.69,64.64,2.4,80.83,25,40,Warsaw,,52.2297,21.0122,100,
2024-01-08T03:00:00+00:00,39.95,57.45,1.5,76.49,25,40,Warsaw,,52.2297,21.0122,100,
2024-01-08T04:00:00+00:00,42.42,58.35,0.97,73.94,25,40,Warsaw,,52.2297,21.0122,100,
2024-01-08T05:00:00+00:00,44.46,56.05,2.45,75.55,25,40,Warsaw,,52.2297,21.0122,100,
2024-01-08T06:00:00+00:00,41.43,55.43,2.84,72.61,25,40,Warsaw,,52.2297,21.0122,100,
2024-01-08T07:00:00+00:00,43.52,61.41,1.45,80.92,25,40,Warsaw,,52.2297,21.0122,100,
2024-01-08T08:00:00+00:00,36.43,45.8,2.02,70.94,25,40,Warsaw,,52.2297,21.0122,100,
2024-01-08T09:00:00+00:00,43.24,58.89,2.24,82.38,25,40,Warsaw,,52.2297,21.0122,100,
2024-01-08T10:00:00+00:00,36.36,48.17,0.46,68.26,25,40,Warsaw,,52.2297,21.0122,100,
2024-01-08T11:00:00+00:00,42.62,57.69,-1.39,65.95,25,40,Warsaw,,52.2297,21.0122,100,
2024-01-08T12:00:00+00:00,41.91,56.58,-0.48,64.39,25,40,Warsaw,,52.2297,21.0122,100,
2024-01-08T13:00:00+00:00,41.44,56.01,-1.36,71.11,25,40,Warsaw,,52.2297,21.0122,100,
2024-01-08T14:00:00+00:00,43.69,59.34,-4.48,70.39,25,40,Warsaw,,52.2297,21.0122,100,
2024-01-08T15:00:00+00:00,36.86,47.81,-3.82,58.5,25,40,Warsaw,,52.2297,21.0122,100,
2024-01-08T16:00:00+00:00,40.35,52.64,-4.03,59.28,25,40,Warsaw,,52.2297,21.0122,100,
2024-01-08T17:00:00+00:00,43.14,57.67,-4.48,56.87,25,40,Warsaw,,52.2297,21.0122,100,
2024-01-08T18:00:00+00:00,44.66,59.8,-6.13,64.6,25,40,Warsaw,,52.2297,21.0122,100,
2024-01-08T19:00:00+00:00,37.29,52.8,-3.64,64.6,25,40,Warsaw,,52.2297,21.0122,100,
2024-01-08T20:00:00+00:00,38.91,49.51,-3.19,66.8,25,40,Warsaw,,52.2297,21.0122,100,
2024-01-08T21:00:00+00:00,32.99,41.84,-3.27,56.39,25,40,Warsaw,,52.2297,21.0122,100,
2024-01-08T22:00:00+00:00,41.76,56.7,-3.02,59.09,25,40,Warsaw,,52.2297,21.0122,100,
2024-01-08T23:00:00+00:00,41.61,60.13,-0.97,68.68,25,40,Warsaw,,52.2297,21.0122,100,
2024-01-09T00:00:00+00:00,43.69,61.97,-2.31,69.77,25,40,Warsaw,,52.2297,21.0122,100,
2024-01-09T01:00:00+00:00,40.11,53.21,1.46,67.93,25,40,Warsaw,,52.2297,21.0122,100,
2024-01-09T02:00:00+00:00,39.57,54.61,2.32,75.28,25,40,Warsaw,,52.2297,21.0122,100,
2024-01-09T03:00:00+00:00,39.03,53.62,1.62,74.81,25,40,Warsaw,,52.2297,21.0122,100,
2024-01-09T04:00:00+00:00,39.43,50.15,2.38,80.48,25,40,Warsaw,,52.2297,21.0122,100,
2024-01-09T05:00:00+00:00,39.52,50.14,2.12,87.54,25,40,Warsaw,,52.2297,21.0122,100,
2024-01-09T06:00:00+00:00,45.84,59.65,3.37,81.51,25,40,Warsaw,,52.2297,21.0122,100,
2024-01-09T07:00:00+00:00,38.61,49.36,2.49,80.03,25,40,Warsaw,,52.2297,21.0122,100,
2024-01-09T08:00:00+00:00,40.97,51.89,1.7,75.84,25,40,Warsaw,,52.2297,21.0122,100,
2024-01-09T09:00:00+00:00,45.7,63.51,2.26,75.49,25,40,Warsaw,,52.2297,21.0122,100,
2024-01-09T10:00:00+00:00,43.74,56.57,1.23,78.58,25,40,Warsaw,,52.2297,21.0122,100,
2024-01-09T11:00:00+00:00,44.7,63.0,0.39,79.37,25,40,Warsaw,,52.2297,21.0122,100,
2024-01-09T12:00:00+00:00,46.25,65.29,-0.05,74.21,25,40,Warsaw,,52.2297,21.0122,100,
2024-01-09T13:00:00+00:00,37.75,49.63,-2.2,64.94,25,40,Warsaw,,52.2297,21.0122,100,
2024-01-09T14:00:00+00:00,43.73,55.38,-4.24,64.45,25,40,Warsaw,,52.2297,21.0122,100,
2024-01-09T15:00:00+00:00,34.86,46.17,-4.21,55.28,25,40,Warsaw,,52.2297,21.0122,100,
2024-01-09T16:00:00+00:00,40.75,53.57,-5.48,59.72,25,40,Warsaw,,52.2297,21.0122,100,
2024-01-09T17:00:00+00:00,41.29,54.08,-3.48,57.37,25,40,Warsaw,,52.2297,21.0122,100,
2024-01-09T18:00:00+00:00,40.97,55.02,-5.81,61.38,25,40,Warsaw,,52.2297,21.0122,100,
2024-01-09T19:00:00+00:00,42.39,56.27,-5.61,65.59,25,40,Warsaw,,52.2297,21.0122,100,
2024-01-09T20:00:00+00:00,35.83,50.21,-3.1,57.95,25,40,Warsaw,,52.2297,21.0122,100,
2024-01-09T21:00:00+00:00,37.32,52.75,-3.18,69.31,25,40,Warsaw,,52.2297,21.0122,100,
2024-01-09T22:00:00+00:00,44.58,63.29,-4.41,63.74,25,40,Warsaw,,52.2297,21.0122,100,
2024-01-09T23:00:00+00:00,41.72,58.04,-3.09,63.8,25,40,Warsaw,,52.2297,21.0122,100,
2024-01-10T00:00:00+00:00,43.42,55.77,0.09,73.6,25,40,Warsaw,,52.2297,21.0122,100,
2024-01-10T01:00:00+00:00,45.3,60.34,0.95,69.56,25,40,Warsaw,,52.2297,21.0122,100,
2024-01-10T02:00:00+00:00,44.85,58.48,2.03,79.41,25,40,Warsaw,,52.2297,21.0122,100,
2024-01-10T03:00:00+00:00,40.79,54.5,2.92,75.71,25,40,Warsaw,,52.2297,21.0122,100,
2024-01-10T04:00:00+00:00,41.32,57.94,1.0,85.28,25,40,Warsaw,,52.2297,21.0122,100,
2024-01-10T05:00:00+00:00,35.7,44.83,1.68,75.3,25,40,Warsaw,,52.2297,21.0122,100,
2024-01-10T06:00:00+00:00,41.49,54.43,1.91,82.19,25,40,Warsaw,,52.2297,21.0122,100,
2024-01-10T07:00:00+00:00,42.8,55.8,1.72,77.37,25,40,Warsaw,,52.2297,21.0122,100,
2024-01-10T08:00:00+00:00,37.61,47.77,3.86,80.28,25,40,Warsaw,,52.2297,21.0122,100,
2024-01-10T09:00:00+00:00,39.05,56.22,0.45,82.67,25,40,Warsaw,,52.2297,21.0122,100,
2024-01-10T10:00:00+00:00,42.19,55.41,1.49,73.92,25,40,Warsaw,,52.2297,21.0122,100,
2024-01-10T11:00:00+00:00,44.68,56.68,1.25,72.49,25,40,Warsaw,,52.2297,21.0122,100,
2024-01-10T12:00:00+00:00,46.7,64.55,-2.04,75.83,25,40,Warsaw,,52.2297,21.0122,100,
2024-01-10T13:00:00+00:00,46.11,62.84,-3.32,72.97,25,40,Warsaw,,52.2297,21.0122,100,
2024-01-10T14:00:00+00:00,40.64,58.04,-2.29,59.16,25,40,Warsaw,,52.2297,21.0122,100,
2024-01-10T15:00:00+00:00,46.27,61.26,-4.86,69.08,25,40,Warsaw,,52.2297,21.0122,100,
2024-01-10T16:00:00+00:00,40.49,56.65,-3.95,60.81,25,40,Warsaw,,52.2297,21.0122,100,
2024-01-10T17:00:00+00:00,38.97,54.13,-4.96,65.62,25,40,Warsaw,,52.2297,21.0122,100,
2024-01-10T18:00:00+00:00,36.87,46.4,-5.85,58.8,25,40,Warsaw,,52.2297,21.0122,100,
2024-01-10T19:00:00+00:00,39.55,53.83,-4.97,57.08,25,40,Warsaw,,52.2297,21.0122,100,
2024-01-10T20:00:00+00:00,41.61,58.45,-3.66,55.38,25,40,Warsaw,,52.2297,21.0122,100,
2024-01-10T21:00:00+00:00,37.74,47.98,-3.47,68.61,25,40,Warsaw,,52.2297,21.0122,100,
2024-01-10T22:00:00+00:00,36.81,47.04,-3.45,62.95,25,40,Warsaw,,52.2297,21.0122,100,
2024-01-10T23:00:00+00:00,43.53,55.76,-0.8,69.41,25,40,Warsaw,,52.2297,21.0122,100,
2024-01-11T00:00:00+00:00,35.18,45.7,-2.29,70.71,25,40,Warsaw,,52.2297,21.0122,100,
2024-01-11T01:00:00+00:00,45.12,57.59,0.45,73.11,25,40,Warsaw,,52.2297,21.0122,100,
2024-01-11T02:00:00+00:00,37.92,49.26,0.46,81.76,25,40,Warsaw,,52.2297,21.0122,100,
2024-01-11T03:00:00+00:00,38.74,54.37,1.76,77.35,25,40,Warsaw,,52.2297,21.0122,100,
2024-01-11T04:00:00+00:00,37.89,49.79,1.28,85.88,25,40,Warsaw,,52.2297,21.0122,100,
2024-01-11T05:00:00+00:00,41.77,56.46,2.62,81.81,25,40,Warsaw,,52.2297,21.0122,100,
2024-01-11T06:00:00+00:00,40.57,53.11,3.04,74.23,25,40,Warsaw,,52.2297,21.0122,100,
2024-01-11T07:00:00+00:00,45.64,62.12,2.75,76.84,25,40,Warsaw,,52.2297,21.0122,100,
2024-01-11T08:00:00+00:00,46.04,59.11,2.87,80.62,25,40,Warsaw,,52.2297,21.0122,100,
2024-01-11T09:00:00+00:00,42.69,58.17,1.99,75.2,25,40,Warsaw,,52.2297,21.0122,100,
2024-01-11T10:00:00+00:00,43.2,56.5,2.18,82.23,25,40,Warsaw,,52.2297,21.0122,100,
2024-01-11T11:00:00+00:00,37.82,47.34,0.82,80.02,25,40,Warsaw,,52.2297,21.0122,100,
2024-01-11T12:00:00+00:00,36.28,46.5,-2.12,62.17,25,40,Warsaw,,52.2297,21.0122,100,
2024-01-11T13:00:00+00:00,38.13,53.84,-3.5,64.84,25,40,Warsaw,,52.2297,21.0122,100,
2024-01-11T14:00:00+00:00,44.02,58.55,-3.38,72.1,25,40,Warsaw,,52.2297,21.0122,100,
2024-01-11T15:00:00+00:00,43.89,58.3,-3.98,59.92,25,40,Warsaw,,52.2297,21.0122,100,
2024-01-11T16:00:00+00:00,37.24,47.52,-5.55,68.17,25,40,Warsaw,,52.2297,21.0122,100,
2024-01-11T17:00:00+00:00,38.97,56.59,-4.24,59.67,25,40,Warsaw,,52.2297,21.0122,100,
2024-01-11T18:00:00+00:00,43.59,60.17,-4.37,66.13,25,40,Warsaw,,52.2297,21.0122,100,
2024-01-11T19:00:00+00:00,42.5,56.47,-3.67,54.09,25,40,Warsaw,,52.2297,21.0122,100,
2024-01-11T20:00:00+00:00,41.37,58.74,-5.32,56.91,25,40,Warsaw,,52.2297,21.0122,100,
2024-01-11T21:00:00+00:00,37.58,47.2,-2.64,58.58,25,40,Warsaw,,52.2297,21.0122,100,
2024-01-11T22:00:00+00:00,40.88,52.14,-3.23,69.71,25,40,Warsaw,,52.2297,21.0122,100,
2024-01-11T23:00:00+00:00,38.29,48.65,-1.78,67.31,25,40,Warsaw,,52.2297,21.0122,100,
2024-01-12T00:00:00+00:00,45.04,60.44,-1.32,66.17,25,40,Warsaw,,52.2297,21.0122,100,
2024-01-12T01:00:00+00:00,36.38,50.4,0.95,71.14,25,40,Warsaw,,52.2297,21.0122,100,
2024-01-12T02:00:00+00:00,35.89,47.71,1.48,70.12,25,40,Warsaw,,52.2297,21.0122,100,
2024-01-12T03:00:00+00:00,45.83,64.53,1.84,77.33,25,40,Warsaw,,52.2297,21.0122,100,
2024-01-12T04:00:00+00:00,37.91,52.03,1.34,85.52,25,40,Warsaw,,52.2297,21.0122,100,
2024-01-12T05:00:00+00:00,45.28,61.69,2.87,78.79,25,40,Warsaw,,52.2297,21.0122,100,
2024-01-12T06:00:00+00:00,47.04,67.32,2.21,81.43,25,40,Warsaw,,52.2297,21.0122,100,
2024-01-12T07:00:00+00:00,44.36,55.94,2.85,83.11,25,40,Warsaw,,52.2297,21.0122,100,
2024-01-12T08:00:00+00:00,38.4,51.08,3.81,72.1,25,40,Warsaw,,52.2297,21.0122,100,
2024-01-12T09:00:00+00:00,40.96,53.8,1.67,71.03,25,40,Warsaw,,52.2297,21.0122,100,
2024-01-12T10:00:00+00:00,39.48,50.26,1.48,81.5,25,40,Warsaw,,52.2297,21.0122,100,
2024-01-12T11:00:00+00:00,35.45,44.84,-0.71,72.09,25,40,Warsaw,,52.2297,21.0122,100,
2024-01-12T12:00:00+00:00,36.17,52.04,-1.97,67.47,25,40,Warsaw,,52.2297,21.0122,100,
2024-01-12T13:00:00+00:00,42.94,55.56,-3.36,67.77,25,40,Warsaw,,52.2297,21.0122,100,
2024-01-12T14:00:00+00:00,41.75,59.25,-3.9,59.49,25,40,Warsaw,,52.2297,21.0122,100,
2024-01-12T15:00:00+00:00,35.33,48.0,-4.8,65.29,25,40,Warsaw,,52.2297,21.0122,100,
2024-01-12T16:00:00+00:00,35.08,50.73,-3.13,67.42,25,40,Warsaw,,52.2297,21.0122,100,
2024-01-12T17:00:00+00:00,40.0,54.07,-4.05,60.78,25,40,Warsaw,,52.2297,21.0122,100,
2024-01-12T18:00:00+00:00,44.8,59.71,-4.57,62.42,25,40,Warsaw,,52.2297,21.0122,100,
2024-01-12T19:00:00+00:00,35.12,49.44,-3.75,66.62,25,40,Warsaw,,52.2297,21.0122,100,
2024-01-12T20:00:00+00:00,36.92,50.62,-3.95,60.77,25,40,Warsaw,,52.2297,21.0122,100,
2024-01-12T21:00:00+00:00,38.46,54.89,-3.56,70.4,25,40,Warsaw,,52.2297,21.0122,100,
2024-01-12T22:00:00+00:00,34.72,43.56,-3.83,60.15,25,40,Warsaw,,52.2297,21.0122,100,
2024-01-12T23:00:00+00:00,41.26,59.05,-3.15,66.57,25,40,Warsaw,,52.2297,21.0122,100,
2024-01-13T00:00:00+00:00,39.1,51.73,-2.44,73.23,25,40,Warsaw,,52.2297,21.0122,100,
2024-01-13T01:00:00+00:00,38.47,51.72,-0.84,73.5,25,40,Warsaw,,52.2297,21.0122,100,
2024-01-13T02:00:00+00:00,46.45,65.01,1.02,82.67,25,40,Warsaw,,52.2297,21.0122,100,
2024-01-13T03:00:00+00:00,38.07,50.05,0.66,71.42,25,40,Warsaw,,52.2297,21.0122,100,
2024-01-13T04:00:00+00:00,46.21,60.57,2.41,80.18,25,40,Warsaw,,52.2297,21.0122,100,
2024-01-13T05:00:00+00:00,34.52,49.4,2.92,73.1,25,40,Warsaw,,52.2297,21.0122,100,
2024-01-13T06:00:00+00:00,38.63,53.21,4.37,80.53,25,40,Warsaw,,52.2297,21.0122,100,
2024-01-13T07:00:00+00:00,45.89,65.78,3.77,83.59,25,40,Warsaw,,52.2297,21.0122,100,
2024-01-13T08:00:00+00:00,42.18,60.21,1.83,77.84,25,40,Warsaw,,52.2297,21.0122,100,
2024-01-13T09:00:00+00:00,36.39,45.35,1.34,74.42,25,40,Warsaw,,52.2297,21.0122,100,
2024-01-13T10:00:00+00:00,44.45,60.16,-0.37,67.03,25,40,Warsaw,,52.2297,21.0122,100,
2024-01-13T11:00:00+00:00,45.66,64.6,0.01,76.57,25,40,Warsaw,,52.2297,21.0122,100,
2024-01-13T12:00:00+00:00,39.02,54.56,-1.29,64.01,25,40,Warsaw,,52.2297,21.0122,100,
2024-01-13T13:00:00+00:00,42.39,55.88,-1.66,72.32,25,40,Warsaw,,52.2297,21.0122,100,
2024-01-13T14:00:00+00:00,43.89,59.14,-2.57,62.61,25,40,Warsaw,,52.2297,21.0122,100,
2024-01-13T15:00:00+00:00,42.5,54.15,-4.74,59.69,25,40,Warsaw,,52.2297,21.0122,100,
2024-01-13T16:00:00+00:00,37.03,48.08,-4.63,58.83,25,40,Warsaw,,52.2297,21.0122,100,
2024-01-13T17:00:00+00:00,36.51,47.95,-4.76,67.45,25,40,Warsaw,,52.2297,21.0122,100,
2024-01-13T18:00:00+00:00,42.02,59.79,-6.17,67.44,25,40,Warsaw,,52.2297,21.0122,100,
2024-01-13T19:00:00+00:00,42.32,59.32,-4.39,54.46,25,40,Warsaw,,52.2297,21.0122,100,
2024-01-13T20:00:00+00:00,36.26,45.08,-3.9,63.54,25,40,Warsaw,,52.2297,21.0122,100,
2024-01-13T21:00:00+00:00,39.77,57.21,-4.1,67.0,25,40,Warsaw,,52.2297,21.0122,100,
2024-01-13T22:00:00+00:00,39.21,49.25,-3.98,68.29,25,40,Warsaw,,52.2297,21.0122,100,
2024-01-13T23:00:00+00:00,36.73,52.73,-1.57,61.09,25,40,Warsaw,,52.2297,21.0122,100,
2024-01-14T00:00:00+00:00,43.25,56.75,-2.06,68.47,25,40,Warsaw,,52.2297,21.0122,100,
2024-01-14T01:00:00+00:00,44.55,59.93,-0.56,66.4,25,40,Warsaw,,52.2297,21.0122,100,
2024-01-14T02:00:00+00:00,35.86,50.85,0.76,77.52,25,40,Warsaw,,52.2297,21.0122,100,
2024-01-14T03:00:00+00:00,40.63,57.12,2.95,71.44,25,40,Warsaw,,52.2297,21.0122,100,
2024-01-14T04:00:00+00:00,40.99,56.23,1.45,76.61,25,40,Warsaw,,52.2297,21.0122,100,
2024-01-14T05:00:00+00:00,36.08,50.49,3.75,82.97,25,40,Warsaw,,52.2297,21.0122,100,
2024-01-14T06:00:00+00:00,41.3,55.49,1.72,72.38,25,40,Warsaw,,52.2297,21.0122,100,
2024-01-14T07:00:00+00:00,37.57,53.07,3.72,77.6,25,40,Warsaw,,52.2297,21.0122,100,
2024-01-14T08:00:00+00:00,45.92,63.34,2.14,74.75,25,40,Warsaw,,52.2297,21.0122,100,
2024-01-14T09:00:00+00:00,36.93,47.26,3.18,77.14,25,40,Warsaw,,52.2297,21.0122,100,
2024-01-14T10:00:00+00:00,44.1,57.72,0.82,81.23,25,40,Warsaw,,52.2297,21.0122,100,
2024-01-14T11:00:00+00:00,41.44,58.18,1.03,67.38,25,40,Warsaw,,52.2297,21.0122,100,
2024-01-14T12:00:00+00:00,43.18,54.97,-1.12,62.55,25,40,Warsaw,,52.2297,21.0122,100,
2024-01-14T13:00:00+00:00,38.78,50.62,-3.22,66.2,25,40,Warsaw,,52.2297,21.0122,100,
2024-01-14T14:00:00+00:00,36.72,49.16,-3.78,68.33,25,40,Warsaw,,52.2297,21.0122,100,
2024-01-14T15:00:00+00:00,35.27,50.26,-2.64,66.47,25,40,Warsaw,,52.2297,21.0122,100,
2024-01-14T16:00:00+00:00,42.81,56.97,-4.11,62.94,25,40,Warsaw,,52.2297,21.0122,100,
2024-01-14T17:00:00+00:00,36.02,51.8,-4.62,64.99,25,40,Warsaw,,52.2297,21.0122,100,
2024-01-14T18:00:00+00:00,38.76,51.91,-5.77,55.91,25,40,Warsaw,,52.2297,21.0122,100,
2024-01-14T19:00:00+00:00,38.67,54.91,-4.83,66.8,25,40,Warsaw,,52.2297,21.0122,100,
2024-01-14T20:00:00+00:00,36.14,48.61,-5.88,68.59,25,40,Warsaw,,52.2297,21.0122,100,
2024-01-14T21:00:00+00:00,44.11,62.38,-4.4,61.06,25,40,Warsaw,,52.2297,21.0122,100,
2024-01-14T22:00:00+00:00,35.29,51.6,-3.76,64.47,25,40,Warsaw,,52.2297,21.0122,100,
2024-01-14T23:00:00+00:00,45.41,63.36,-3.17,65.07,25,40,Warsaw,,52.2297,21.0122,100,
2024-01-15T00:00:00+00:00,39.94,53.54,-1.35,74.06,25,40,Warsaw,,52.2297,21.0122,100,
2024-01-15T01:00:00+00:00,40.87,52.58,0.97,80.44,25,40,Warsaw,,52.2297,21.0122,100,
2024-01-15T02:00:00+00:00,39.04,51.03,0.27,68.39,25,40,Warsaw,,52.2297,21.0122,100,
2024-01-15T03:00:00+00:00,39.81,56.63,2.08,71.78,25,40,Warsaw,,52.2297,21.0122,100,
2024-01-15T04:00:00+00:00,36.17,45.68,2.54,77.65,25,40,Warsaw,,52.2297,21.0122,100,
2024-01-15T05:00:00+00:00,41.58,57.97,1.86,75.94,25,40,Warsaw,,52.2297,21.0122,100,
2024-01-15T06:00:00+00:00,37.79,53.48,3.51,75.96,25,40,Warsaw,,52.2297,21.0122,100,
2024-01-15T07:00:00+00:00,42.5,55.76,4.17,74.39,25,40,Warsaw,,52.2297,21.0122,100,
2024-01-15T08:00:00+00:00,44.45,59.17,3.76,76.56,25,40,Warsaw,,52.2297,21.0122,100,
2024-01-15T09:00:00+00:00,42.39,56.25,0.85,77.56,25,40,Warsaw,,52.2297,21.0122,100,
2024-01-15T10:00:00+00:00,37.94,51.26,0.2,73.98,25,40,Warsaw,,52.2297,21.0122,100,
2024-01-15T11:00:00+00:00,37.94,54.3,-1.11,72.63,25,40,Warsaw,,52.2297,21.0122,100,
2024-01-15T12:00:00+00:00,41.93,58.44,-1.3,66.94,25,40,Warsaw,,52.2297,21.0122,100,
2024-01-15T13:00:00+00:00,37.67,53.22,-0.59,71.14,25,40,Warsaw,,52.2297,21.0122,100,
2024-01-15T14:00:00+00:00,39.41,52.92,-4.11,72.81,25,40,Warsaw,,52.2297,21.0122,100,
2024-01-15T15:00:00+00:00,34.71,47.67,-4.53,63.74,25,40,Warsaw,,52.2297,21.0122,100,
2024-01-15T16:00:00+00:00,44.79,58.2,-5.16,62.1,25,40,Warsaw,,52.2297,21.0122,100,
2024-01-15T17:00:00+00:00,38.08,51.14,-5.64,52.81,25,40,Warsaw,,52.2297,21.0122,100,
2024-01-15T18:00:00+00:00,37.32,50.48,-6.1,53.58,25,40,Warsaw,,52.2297,21.0122,100,
2024-01-15T19:00:00+00:00,44.25,58.15,-5.48,62.27,25,40,Warsaw,,52.2297,21.0122,100,
2024-01-15T20:00:00+00:00,36.04,52.62,-5.41,61.88,25,40,Warsaw,,52.2297,21.0122,100,
2024-01-15T21:00:00+00:00,37.5,53.9,-4.3,63.05,25,40,Warsaw,,52.2297,21.0122,100,
2024-01-15T22:00:00+00:00,41.11,54.95,-1.91,66.5,25,40,Warsaw,,52.2297,21.0122,100,
2024-01-15T23:00:00+00:00,44.79,61.43,-2.03,73.69,25,40,Warsaw,,52.2297,21.0122,100,
2024-01-16T00:00:00+00:00,37.04,50.54,-1.29,77.27,25,40,Warsaw,,52.2297,21.0122,100,
2024-01-16T01:00:00+00:00,45.38,60.07,0.15,79.44,25,40,Warsaw,,52.2297,21.0122,100,
2024-01-16T02:00:00+00:00,35.69,47.37,0.9,68.15,25,40,Warsaw,,52.2297,21.0122,100,
2024-01-16T03:00:00+00:00,43.17,55.09,2.98,82.44,25,40,Warsaw,,52.2297,21.0122,100,
2024-01-16T04:00:00+00:00,36.21,47.08,3.71,81.77,25,40,Warsaw,,52.2297,21.0122,100,
2024-01-16T05:00:00+00:00,44.97,63.54,3.99,77.46,25,40,Warsaw,,52.2297,21.0122,100,
2024-01-16T06:00:00+00:00,41.23,51.94,3.3,73.85,25,40,Warsaw,,52.2297,21.0122,100,
2024-01-16T07:00:00+00:00,45.75,62.39,1.67,78.86,25,40,Warsaw,,52.2297,21.0122,100,
2024-01-16T08:00:00+00:00,38.02,54.65,2.5,78.91,25,40,Warsaw,,52.2297,21.0122,100,
2024-01-16T09:00:00+00:00,45.95,65.36,0.38,84.92,25,40,Warsaw,,52.2297,21.0122,100,
2024-01-16T10:00:00+00:00,42.88,58.95,1.01,79.47,25,40,Warsaw,,52.2297,21.0122,100,
2024-01-16T11:00:00+00:00,37.82,47.71,-1.13,68.32,25,40,Warsaw,,52.2297,21.0122,100,
2024-01-16T12:00:00+00:00,40.82,56.35,0.11,68.11,25,40,Warsaw,,52.2297,21.0122,100,
2024-01-16T13:00:00+00:00,36.45,52.17,-3.03,72.97,25,40,Warsaw,,52.2297,21.0122,100,
2024-01-16T14:00:00+00:00,42.86,56.66,-3.05,64.33,25,40,Warsaw,,52.2297,21.0122,100,
2024-01-16T15:00:00+00:00,37.04,49.01,-2.84,55.15,25,40,Warsaw,,52.2297,21.0122,100,
2024-01-16T16:00:00+00:00,39.73,53.23,-5.5,63.49,25,40,Warsaw,,52.2297,21.0122,100,
2024-01-16T17:00:00+00:00,42.97,56.95,-4.68,53.75,25,40,Warsaw,,52.2297,21.0122,100,
2024-01-16T18:00:00+00:00,40.23,54.73,-6.5,62.69,25,40,Warsaw,,52.2297,21.0122,100,
2024-01-16T19:00:00+00:00,44.08,57.68,-4.37,60.12,25,40,Warsaw,,52.2297,21.0122,100,
2024-01-16T20:00:00+00:00,41.13,55.6,-5.87,57.76,25,40,Warsaw,,52.2297,21.0122,100,
2024-01-16T21:00:00+00:00,35.09,43.76,-2.35,55.73,25,40,Warsaw,,52.2297,21.0122,100,
2024-01-16T22:00:00+00:00,45.42,59.06,-2.93,64.23,25,40,Warsaw,,52.2297,21.0122,100,
2024-01-16T23:00:00+00:00,38.36,54.94,-0.69,73.3,25,40,Warsaw,,52.2297,21.0122,100,
2024-01-17T00:00:00+00:00,42.1,54.24,0.29,74.68,25,40,Warsaw,,52.2297,21.0122,100,
2024-01-17T01:00:00+00:00,36.31,45.88,-1.26,76.49,25,40,Warsaw,,52.2297,21.0122,100,
2024-01-17T02:00:00+00:00,41.18,59.57,-0.16,80.9,25,40,Warsaw,,52.2297,21.0122,100,
2024-01-17T03:00:00+00:00,45.67,62.89,3.02,74.0,25,40,Warsaw,,52.2297,21.0122,100,
2024-01-17T04:00:00+00:00,47.61,60.6,1.63,85.17,25,40,Warsaw,,52.2297,21.0122,100,
2024-01-17T05:00:00+00:00,44.65,63.8,3.72,86.45,25,40,Warsaw,,52.2297,21.0122,100,
2024-01-17T06:00:00+00:00,41.98,59.5,3.07,82.59,25,40,Warsaw,,52.2297,21.0122,100,
2024-01-17T07:00:00+00:00,36.34,47.69,1.49,79.92,25,40,Warsaw,,52.2297,21.0122,100,
2024-01-17T08:00:00+00:00,40.55,50.97,2.29,74.69,25,40,Warsaw,,52.2297,21.0122,100,
2024-01-17T09:00:00+00:00,40.3,52.7,3.23,76.08,25,40,Warsaw,,52.2297,21.0122,100,
2024-01-17T10:00:00+00:00,43.74,56.84,-0.45,74.31,25,40,Warsaw,,52.2297,21.0122,100,
2024-01-17T11:00:00+00:00,44.09,55.89,-1.21,67.02,25,40,Warsaw,,52.2297,21.0122,100,
2024-01-17T12:00:00+00:00,44.24,59.57,-0.11,66.64,25,40,Warsaw,,52.2297,21.0122,100,
2024-01-17T13:00:00+00:00,44.34,58.1,-2.13,64.18,25,40,Warsaw,,52.2297,21.0122,100,
2024-01-17T14:00:00+00:00,38.65,53.88,-3.63,72.63,25,40,Warsaw,,52.2297,21.0122,100,
2024-01-17T15:00:00+00:00,37.74,49.92,-3.76,59.34,25,40,Warsaw,,52.2297,21.0122,100,
2024-01-17T16:00:00+00:00,39.18,55.14,-4.35,54.47,25,40,Warsaw,,52.2297,21.0122,100,
2024-01-17T17:00:00+00:00,35.43,49.58,-4.09,61.62,25,40,Warsaw,,52.2297,21.0122,100,
2024-01-17T18:00:00+00:00,44.29,61.16,-6.02,67.74,25,40,Warsaw,,52.2297,21.0122,100,
2024-01-17T19:00:00+00:00,37.63,51.24,-4.63,55.43,25,40,Warsaw,,52.2297,21.0122,100,
2024-01-17T20:00:00+00:00,40.88,54.61,-4.2,56.03,25,40,Warsaw,,52.2297,21.0122,100,
2024-01-17T21:00:00+00:00,41.83,57.57,-2.72,60.55,25,40,Warsaw,,52.2297,21.0122,100,
2024-01-17T22:00:00+00:00,38.51,49.93,-2.68,64.21,25,40,Warsaw,,52.2297,21.0122,100,
2024-01-17T23:00:00+00:00,44.37,63.15,-3.07,71.34,25,40,Warsaw,,52.2297,21.0122,100,
2024-01-18T00:00:00+00:00,44.22,62.16,-2.35,76.39,25,40,Warsaw,,52.2297,21.0122,100,
2024-01-18T01:00:00+00:00,38.98,56.54,-0.82,73.27,25,40,Warsaw,,52.2297,21.0122,100,
2024-01-18T02:00:00+00:00,34.57,43.9,0.58,68.88,25,40,Warsaw,,52.2297,21.0122,100,
2024-01-18T03:00:00+00:00,44.02,55.57,2.16,71.81,25,40,Warsaw,,52.2297,21.0122,100,
2024-01-18T04:00:00+00:00,45.9,60.62,3.37,83.73,25,40,Warsaw,,52.2297,21.0122,100,
2024-01-18T05:00:00+00:00,43.69,57.92,2.21,85.16,25,40,Warsaw,,52.2297,21.0122,100,
2024-01-18T06:00:00+00:00,40.35,54.27,2.33,85.5,25,40,Warsaw,,52.2297,21.0122,100,
2024-01-18T07:00:00+00:00,36.72,53.0,2.71,78.45,25,40,Warsaw,,52.2297,21.0122,100,
2024-01-18T08:00:00+00:00,43.61,55.23,3.12,85.88,25,40,Warsaw,,52.2297,21.0122,100,
2024-01-18T09:00:00+00:00,45.77,60.68,1.96,83.03,25,40,Warsaw,,52.2297,21.0122,100,
2024-01-18T10:00:00+00:00,35.28,50.51,0.78,73.09,25,40,Warsaw,,52.2297,21.0122,100,
2024-01-18T11:00:00+00:00,45.79,59.49,-0.24,75.2,25,40,Warsaw,,52.2297,21.0122,100,
2024-01-18T12:00:00+00:00,44.52,59.61,-0.89,63.1,25,40,Warsaw,,52.2297,21.0122,100,
2024-01-18T13:00:00+00:00,40.62,56.75,-2.94,61.66,25,40,Warsaw,,52.2297,21.0122,100,
2024-01-18T14:00:00+00:00,37.23,49.13,-3.93,70.91,25,40,Warsaw,,52.2297,21.0122,100,
2024-01-18T15:00:00+00:00,38.67,48.29,-3.48,60.06,25,40,Warsaw,,52.2297,21.0122,100,
2024-01-18T16:00:00+00:00,40.82,51.56,-5.75,56.62,25,40,Warsaw,,52.2297,21.0122,100,
2024-01-18T17:00:00+00:00,39.64,57.42,-3.84,67.58,25,40,Warsaw,,52.2297,21.0122,100,
2024-01-18T18:00:00+00:00,45.14,64.06,-5.2,66.6,25,40,Warsaw,,52.2297,21.0122,100,
2024-01-18T19:00:00+00:00,44.06,57.91,-5.38,64.29,25,40,Warsaw,,52.2297,21.0122,100,
2024-01-18T20:00:00+00:00,40.25,52.92,-3.95,57.49,25,40,Warsaw,,52.2297,21.0122,100,
2024-01-18T21:00:00+00:00,43.14,55.06,-2.57,58.88,25,40,Warsaw,,52.2297,21.0122,100,
2024-01-18T22:00:00+00:00,44.02,59.21,-2.02,68.86,25,40,Warsaw,,52.2297,21.0122,100,
2024-01-18T23:00:00+00:00,46.3,61.23,-2.75,73.58,25,40,Warsaw,,52.2297,21.0122,100,
2024-01-19T00:00:00+00:00,39.79,53.95,-2.34,75.58,25,40,Warsaw,,52.2297,21.0122,100,
2024-01-19T01:00:00+00:00,37.69,52.41,1.44,74.55,25,40,Warsaw,,52.2297,21.0122,100,
2024-01-19T02:00:00+00:00,39.52,51.31,0.46,74.65,25,40,Warsaw,,52.2297,21.0122,100,
2024-01-19T03:00:00+00:00,46.58,63.53,2.44,83.68,25,40,Warsaw,,52.2297,21.0122,100,
2024-01-19T04:00:00+00:00,45.39,58.5,2.49,71.99,25,40,Warsaw,,52.2297,21.0122,100,
2024-01-19T05:00:00+00:00,38.63,49.45,1.89,74.81,25,40,Warsaw,,52.2297,21.0122,100,
2024-01-19T06:00:00+00:00,41.58,56.23,2.15,78.53,25,40,Warsaw,,52.2297,21.0122,100,
2024-01-19T07:00:00+00:00,39.54,50.78,1.92,86.89,25,40,Warsaw,,52.2297,21.0122,100,
2024-01-19T08:00:00+00:00,42.63,55.29,2.94,71.57,25,40,Warsaw,,52.2297,21.0122,100,
2024-01-19T09:00:00+00:00,41.73,57.53,1.46,74.39,25,40,Warsaw,,52.2297,21.0122,100,
2024-01-19T10:00:00+00:00,41.28,56.83,0.66,70.74,25,40,Warsaw,,52.2297,21.0122,100,
2024-01-19T11:00:00+00:00,47.43,65.34,-0.38,79.8,25,40,Warsaw,,52.2297,21.0122,100,
2024-01-19T12:00:00+00:00,42.56,57.53,-2.32,63.36,25,40,Warsaw,,52.2297,21.0122,100,
2024-01-19T13:00:00+00:00,35.08,47.22,-2.56,69.43,25,40,Warsaw,,52.2297,21.0122,100,
2024-01-19T14:00:00+00:00,38.76,54.83,-2.19,61.42,25,40,Warsaw,,52.2297,21.0122,100,
2024-01-19T15:00:00+00:00,38.51,49.12,-5.2,65.85,25,40,Warsaw,,52.2297,21.0122,100,
2024-01-19T16:00:00+00:00,41.22,52.0,-4.17,61.16,25,40,Warsaw,,52.2297,21.0122,100,
2024-01-19T17:00:00+00:00,42.74,54.42,-5.67,60.67,25,40,Warsaw,,52.2297,21.0122,100,
2024-01-19T18:00:00+00:00,39.85,50.46,-5.23,60.94,25,40,Warsaw,,52.2297,21.0122,100,
2024-01-19T19:00:00+00:00,43.33,62.35,-5.91,61.82,25,40,Warsaw,,52.2297,21.0122,100,
2024-01-19T20:00:00+00:00,38.69,52.1,-3.47,56.81,25,40,Warsaw,,52.2297,21.0122,100,
2024-01-19T21:00:00+00:00,42.08,60.78,-5.11,62.2,25,40,Warsaw,,52.2297,21.0122,100,
2024-01-19T22:00:00+00:00,38.49,54.68,-3.33,68.74,25,40,Warsaw,,52.2297,21.0122,100,
2024-01-19T23:00:00+00:00,38.02,50.55,-1.67,74.47,25,40,Warsaw,,52.2297,21.0122,100,
2024-01-20T00:00:00+00:00,36.26,50.02,0.04,73.16,25,40,Warsaw,,52.2297,21.0122,100,
2024-01-20T01:00:00+00:00,41.18,56.79,1.27,73.63,25,40,Warsaw,,52.2297,21.0122,100,
2024-01-20T02:00:00+00:00,38.73,53.95,2.16,73.09,25,40,Warsaw,,52.2297,21.0122,100,
2024-01-20T03:00:00+00:00,43.36,57.21,2.87,77.53,25,40,Warsaw,,52.2297,21.0122,100,
2024-01-20T04:00:00+00:00,36.24,46.9,2.26,71.44,25,40,Warsaw,,52.2297,21.0122,100,
2024-01-20T05:00:00+00:00,43.19,54.8,2.11,72.77,25,40,Warsaw,,52.2297,21.0122,100,
2024-01-20T06:00:00+00:00,36.78,51.98,4.47,75.46,25,40,Warsaw,,52.2297,21.0122,100,
2024-01-20T07:00:00+00:00,37.92,52.0,3.69,79.09,25,40,Warsaw,,52.2297,21.0122,100,
2024-01-20T08:00:00+00:00,37.74,53.29,3.88,76.84,25,40,Warsaw,,52.2297,21.0122,100,
2024-01-20T09:00:00+00:00,34.97,45.95,1.45,72.13,25,40,Warsaw,,52.2297,21.0122,100,
2024-01-20T10:00:00+00:00,37.02,49.11,1.32,71.67,25,40,Warsaw,,52.2297,21.0122,100,
2024-01-20T11:00:00+00:00,38.83,55.66,-1.31,67.19,25,40,Warsaw,,52.2297,21.0122,100,
2024-01-20T12:00:00+00:00,39.81,50.89,-0.11,75.66,25,40,Warsaw,,52.2297,21.0122,100,
2024-01-20T13:00:00+00:00,44.46,63.88,-3.48,67.47,25,40,Warsaw,,52.2297,21.0122,100,
2024-01-20T14:00:00+00:00,42.58,59.29,-4.47,71.31,25,40,Warsaw,,52.2297,21.0122,100,
2024-01-20T15:00:00+00:00,34.29,44.02,-5.06,59.46,25,40,Warsaw,,52.2297,21.0122,100,
2024-01-20T16:00:00+00:00,39.45,52.59,-3.9,66.2,25,40,Warsaw,,52.2297,21.0122,100,
2024-01-20T17:00:00+00:00,37.62,53.8,-3.39,55.9,25,40,Warsaw,,52.2297,21.0122,100,
2024-01-20T18:00:00+00:00,43.58,55.98,-5.84,62.23,25,40,Warsaw,,52.2297,21.0122,100,
2024-01-20T19:00:00+00:00,35.22,46.1,-3.54,58.47,25,40,Warsaw,,52.2297,21.0122,100,
2024-01-20T20:00:00+00:00,38.03,48.34,-3.26,64.85,25,40,Warsaw,,52.2297,21.0122,100,
2024-01-20T21:00:00+00:00,42.28,60.67,-3.67,56.91,25,40,Warsaw,,52.2297,21.0122,100,
2024-01-20T22:00:00+00:00,40.87,54.1,-2.75,58.03,25,40,Warsaw,,52.2297,21.0122,100,
2024-01-20T23:00:00+00:00,37.18,53.0,-2.96,65.12,25,40,Warsaw,,52.2297,21.0122,100,
2024-01-21T00:00:00+00:00,39.9,55.59,-2.43,63.28,25,40,Warsaw,,52.2297,21.0122,100,
2024-01-21T01:00:00+00:00,36.42,50.31,1.37,65.97,25,40,Warsaw,,52.2297,21.0122,100,
2024-01-21T02:00:00+00:00,46.08,64.48,1.06,76.68,25,40,Warsaw,,52.2297,21.0122,100,
2024-01-21T03:00:00+00:00,35.35,50.37,2.16,70.15,25,40,Warsaw,,52.2297,21.0122,100,
2024-01-21T04:00:00+00:00,41.63,57.43,2.82,80.15,25,40,Warsaw,,52.2297,21.0122,100,
2024-01-21T05:00:00+00:00,42.37,57.54,2.66,72.02,25,40,Warsaw,,52.2297,21.0122,100,
2024-01-21T06:00:00+00:00,36.47,46.31,2.01,82.36,25,40,Warsaw,,52.2297,21.0122,100,
2024-01-21T07:00:00+00:00,35.65,50.81,1.83,72.31,25,40,Warsaw,,52.2297,21.0122,100,
2024-01-21T08:00:00+00:00,39.47,57.17,2.48,80.51,25,40,Warsaw,,52.2297,21.0122,100,
2024-01-21T09:00:00+00:00,43.53,55.67,3.0,73.46,25,40,Warsaw,,52.2297,21.0122,100,
2024-01-21T10:00:00+00:00,40.46,54.88,0.83,68.85,25,40,Warsaw,,52.2297,21.0122,100,
2024-01-21T11:00:00+00:00,41.92,54.17,1.28,79.34,25,40,Warsaw,,52.2297,21.0122,100,
2024-01-21T12:00:00+00:00,43.05,57.19,-1.33,71.45,25,40,Warsaw,,52.2297,21.0122,100,
2024-01-21T13:00:00+00:00,44.06,61.68,-3.08,73.63,25,40,Warsaw,,52.2297,21.0122,100,
2024-01-21T14:00:00+00:00,41.52,54.47,-1.82,69.43,25,40,Warsaw,,52.2297,21.0122,100,
2024-01-21T15:00:00+00:00,42.67,60.31,-5.08,56.89,25,40,Warsaw,,52.2297,21.0122,100,
2024-01-21T16:00:00+00:00,42.63,54.07,-5.88,53.44,25,40,Warsaw,,52.2297,21.0122,100,
2024-01-21T17:00:00+00:00,42.9,54.51,-5.15,57.13,25,40,Warsaw,,52.2297,21.0122,100,
2024-01-21T18:00:00+00:00,34.11,44.99,-5.11,55.02,25,40,Warsaw,,52.2297,21.0122,100,
2024-01-21T19:00:00+00:00,43.3,57.84,-3.47,67.3,25,40,Warsaw,,52.2297,21.0122,100,
2024-01-21T20:00:00+00:00,40.11,52.29,-5.64,57.1,25,40,Warsaw,,52.2297,21.0122,100,
2024-01-21T21:00:00+00:00,42.74,56.03,-4.82,66.87,25,40,Warsaw,,52.2297,21.0122,100,
2024-01-21T22:00:00+00:00,34.85,43.41,-2.28,65.4,25,40,Warsaw,,52.2297,21.0122,100,
2024-01-21T23:00:00+00:00,38.96,53.33,-1.69,73.24,25,40,Warsaw,,52.2297,21.0122,100,
2024-01-22T00:00:00+00:00,35.46,47.34,-0.35,73.55,25,40,Warsaw,,52.2297,21.0122,100,
2024-01-22T01:00:00+00:00,35.51,44.23,0.55,65.97,25,40,Warsaw,,52.2297,21.0122,100,
2024-01-22T02:00:00+00:00,38.28,49.16,1.78,67.6,25,40,Warsaw,,52.2297,21.0122,100,
2024-01-22T03:00:00+00:00,41.47,55.1,2.68,77.62,25,40,Warsaw,,52.2297,21.0122,100,
2024-01-22T04:00:00+00:00,42.67,61.59,1.9,78.23,25,40,Warsaw,,52.2297,21.0122,100,
2024-01-22T05:00:00+00:00,39.92,53.64,2.85,73.09,25,40,Warsaw,,52.2297,21.0122,100,
2024-01-22T06:00:00+00:00,39.81,50.87,2.28,85.56,25,40,Warsaw,,52.2297,21.0122,100,
2024-01-22T07:00:00+00:00,41.46,54.72,3.1,87.21,25,40,Warsaw,,52.2297,21.0122,100,
2024-01-22T08:00:00+00:00,45.07,58.44,2.53,79.46,25,40,Warsaw,,52.2297,21.0122,100,
2024-01-22T09:00:00+00:00,36.67,49.54,0.4,81.88,25,40,Warsaw,,52.2297,21.0122,100,
2024-01-22T10:00:00+00:00,36.05,50.78,1.21,73.37,25,40,Warsaw,,52.2297,21.0122,100,
2024-01-22T11:00:00+00:00,44.89,62.94,0.69,78.47,25,40,Warsaw,,52.2297,21.0122,100,
2024-01-22T12:00:00+00:00,45.07,60.78,-2.24,77.45,25,40,Warsaw,,52.2297,21.0122,100,
2024-01-22T13:00:00+00:00,39.79,55.53,-0.55,73.87,25,40,Warsaw,,52.2297,21.0122,100,
2024-01-22T14:00:00+00:00,42.77,61.43,-3.43,62.38,25,40,Warsaw,,52.2297,21.0122,100,
2024-01-22T15:00:00+00:00,40.01,52.16,-4.2,66.81,25,40,Warsaw,,52.2297,21.0122,100,
2024-01-22T16:00:00+00:00,40.24,57.93,-4.2,55.39,25,40,Warsaw,,52.2297,21.0122,100,
2024-01-22T17:00:00+00:00,40.1,55.69,-5.28,52.86,25,40,Warsaw,,52.2297,21.0122,100,
2024-01-22T18:00:00+00:00,42.35,58.41,-4.64,64.12,25,40,Warsaw,,52.2297,21.0122,100,
2024-01-22T19:00:00+00:00,43.77,60.07,-5.84,59.53,25,40,Warsaw,,52.2297,21.0122,100,
2024-01-22T20:00:00+00:00,40.51,52.45,-5.16,64.33,25,40,Warsaw,,52.2297,21.0122,100,
2024-01-22T21:00:00+00:00,39.85,51.76,-4.91,62.16,25,40,Warsaw,,52.2297,21.0122,100,
2024-01-22T22:00:00+00:00,43.44,56.95,-4.18,62.78,25,40,Warsaw,,52.2297,21.0122,100,
2024-01-22T23:00:00+00:00,35.97,45.65,-0.66,75.07,25,40,Warsaw,,52.2297,21.0122,100,
2024-01-23T00:00:00+00:00,44.03,57.32,-1.48,72.57,25,40,Warsaw,,52.2297,21.0122,100,
2024-01-23T01:00:00+00:00,36.22,50.02,0.65,79.22,25,40,Warsaw,,52.2297,21.0122,100,
2024-01-23T02:00:00+00:00,40.93,53.13,0.16,71.97,25,40,Warsaw,,52.2297,21.0122,100,
2024-01-23T03:00:00+00:00,45.29,58.1,2.22,78.57,25,40,Warsaw,,52.2297,21.0122,100,
2024-01-23T04:00:00+00:00,41.83,52.96,2.64,83.06,25,40,Warsaw,,52.2297,21.0122,100,
2024-01-23T05:00:00+00:00,45.49,59.6,4.31,78.63,25,40,Warsaw,,52.2297,21.0122,100,
2024-01-23T06:00:00+00:00,36.16,46.26,4.29,80.33,25,40,Warsaw,,52.2297,21.0122,100,
2024-01-23T07:00:00+00:00,40.41,54.68,1.94,74.0,25,40,Warsaw,,52.2297,21.0122,100,
2024-01-23T08:00:00+00:00,42.08,57.58,2.76,84.99,25,40,Warsaw,,52.2297,21.0122,100,
2024-01-23T09:00:00+00:00,45.64,58.29,1.99,82.9,25,40,Warsaw,,52.2297,21.0122,100,
2024-01-23T10:00:00+00:00,44.48,63.45,1.71,70.14,25,40,Warsaw,,52.2297,21.0122,100,
2024-01-23T11:00:00+00:00,40.49,54.81,-0.09,69.43,25,40,Warsaw,,52.2297,21.0122,100,
2024-01-23T12:00:00+00:00,40.21,51.06,0.19,75.45,25,40,Warsaw,,52.2297,21.0122,100,
2024-01-23T13:00:00+00:00,38.1,50.51,-2.35,59.71,25,40,Warsaw,,52.2297,21.0122,100,
2024-01-23T14:00:00+00:00,45.63,59.82,-3.24,66.89,25,40,Warsaw,,52.2297,21.0122,100,
2024-01-23T15:00:00+00:00,38.64,51.27,-2.55,65.03,25,40,Warsaw,,52.2297,21.0122,100,
2024-01-23T16:00:00+00:00,43.17,58.65,-5.82,59.13,25,40,Warsaw,,52.2297,21.0122,100,
2024-01-23T17:00:00+00:00,35.38,44.88,-3.96,63.79,25,40,Warsaw,,52.2297,21.0122,100,
2024-01-23T18:00:00+00:00,33.96,45.13,-6.12,55.98,25,40,Warsaw,,52.2297,21.0122,100,
2024-01-23T19:00:00+00:00,41.25,59.12,-3.96,68.09,25,40,Warsaw,,52.2297,21.0122,100,
2024-01-23T20:00:00+00:00,39.51,55.06,-3.73,54.92,25,40,Warsaw,,52.2297,21.0122,100,
2024-01-23T21:00:00+00:00,38.02,53.53,-4.99,67.08,25,40,Warsaw,,52.2297,21.0122,100,
2024-01-23T22:00:00+00:00,43.33,55.86,-3.36,61.48,25,40,Warsaw,,52.2297,21.0122,100,
2024-01-23T23:00:00+00:00,40.18,54.33,-1.05,61.92,25,40,Warsaw,,52.2297,21.0122,100,
2024-01-24T00:00:00+00:00,35.26,50.27,0.27,74.31,25,40,Warsaw,,52.2297,21.0122,100,
2024-01-24T01:00:00+00:00,41.83,57.2,-0.75,68.33,25,40,Warsaw,,52.2297,21.0122,100,
2024-01-24T02:00:00+00:00,40.86,58.9,1.48,74.71,25,40,Warsaw,,52.2297,21.0122,100,
2024-01-24T03:00:00+00:00,40.9,51.35,3.3,69.74,25,40,Warsaw,,52.2297,21.0122,100,
2024-01-24T04:00:00+00:00,41.24,59.35,1.8,82.57,25,40,Warsaw,,52.2297,21.0122,100,
2024-01-24T05:00:00+00:00,47.4,62.77,2.71,85.38,25,40,Warsaw,,52.2297,21.0122,100,
2024-01-24T06:00:00+00:00,42.54,60.38,2.75,73.04,25,40,Warsaw,,52.2297,21.0122,100,
2024-01-24T07:00:00+00:00,46.75,60.65,2.23,87.4,25,40,Warsaw,,52.2297,21.0122,100,
2024-01-24T08:00:00+00:00,40.93,52.27,3.14,81.42,25,40,Warsaw,,52.2297,21.0122,100,
2024-01-24T09:00:00+00:00,39.82,54.31,0.84,84.41,25,40,Warsaw,,52.2297,21.0122,100,
2024-01-24T10:00:00+00:00,43.19,60.17,-0.2,80.72,25,40,Warsaw,,52.2297,21.0122,100,
2024-01-24T11:00:00+00:00,44.82,62.6,-1.43,78.37,25,40,Warsaw,,52.2297,21.0122,100,
2024-01-24T12:00:00+00:00,37.37,49.44,-0.31,74.97,25,40,Warsaw,,52.2297,21.0122,100,
2024-01-24T13:00:00+00:00,33.84,47.47,-1.42,60.21,25,40,Warsaw,,52.2297,21.0122,100,
2024-01-24T14:00:00+00:00,38.88,53.12,-3.67,68.54,25,40,Warsaw,,52.2297,21.0122,100,
2024-01-24T15:00:00+00:00,36.03,48.59,-2.55,55.33,25,40,Warsaw,,52.2297,21.0122,100,
2024-01-24T16:00:00+00:00,37.74,49.16,-3.38,68.96,25,40,Warsaw,,52.2297,21.0122,100,
2024-01-24T17:00:00+00:00,40.52,57.9,-3.69,56.55,25,40,Warsaw,,52.2297,21.0122,100,
2024-01-24T18:00:00+00:00,40.16,53.08,-5.18,60.83,25,40,Warsaw,,52.2297,21.0122,100,
2024-01-24T19:00:00+00:00,40.91,58.92,-4.07,67.6,25,40,Warsaw,,52.2297,21.0122,100,
2024-01-24T20:00:00+00:00,36.25,45.94,-4.72,65.19,25,40,Warsaw,,52.2297,21.0122,100,
2024-01-24T21:00:00+00:00,40.12,52.99,-4.12,57.51,25,40,Warsaw,,52.2297,21.0122,100,
2024-01-24T22:00:00+00:00,41.45,52.64,-3.26,60.63,25,40,Warsaw,,52.2297,21.0122,100,
2024-01-24T23:00:00+00:00,39.67,55.89,-3.27,67.72,25,40,Warsaw,,52.2297,21.0122,100,
2024-01-25T00:00:00+00:00,40.8,57.81,-1.58,77.99,25,40,Warsaw,,52.2297,21.0122,100,
2024-01-25T01:00:00+00:00,42.82,57.76,-0.42,67.66,25,40,Warsaw,,52.2297,21.0122,100,
2024-01-25T02:00:00+00:00,35.91,44.58,2.2,76.92,25,40,Warsaw,,52.2297,21.0122,100,
2024-01-25T03:00:00+00:00,46.87,67.27,2.9,82.41,25,40,Warsaw,,52.2297,21.0122,100,
2024-01-25T04:00:00+00:00,37.8,47.71,3.65,78.79,25,40,Warsaw,,52.2297,21.0122,100,
2024-01-25T05:00:00+00:00,46.34,58.9,3.88,80.44,25,40,Warsaw,,52.2297,21.0122,100,
2024-01-25T06:00:00+00:00,43.24,60.21,2.12,82.11,25,40,Warsaw,,52.2297,21.0122,100,
2024-01-25T07:00:00+00:00,45.16,59.19,1.46,73.45,25,40,Warsaw,,52.2297,21.0122,100,
2024-01-25T08:00:00+00:00,46.08,64.18,2.74,78.12,25,40,Warsaw,,52.2297,21.0122,100,
2024-01-25T09:00:00+00:00,39.64,52.42,2.41,84.99,25,40,Warsaw,,52.2297,21.0122,100,
2024-01-25T10:00:00+00:00,38.35,50.01,0.5,73.4,25,40,Warsaw,,52.2297,21.0122,100,
2024-01-25T11:00:00+00:00,42.42,56.91,0.53,78.21,25,40,Warsaw,,52.2297,21.0122,100,
2024-01-25T12:00:00+00:00,37.39,47.99,-0.25,77.98,25,40,Warsaw,,52.2297,21.0122,100,
2024-01-25T13:00:00+00:00,35.63,48.73,-1.61,59.59,25,40,Warsaw,,52.2297,21.0122,100,
2024-01-25T14:00:00+00:00,39.43,54.68,-1.96,64.66,25,40,Warsaw,,52.2297,21.0122,100,
2024-01-25T15:00:00+00:00,41.29,56.98,-3.75,67.78,25,40,Warsaw,,52.2297,21.0122,100,
2024-01-25T16:00:00+00:00,43.63,56.21,-4.04,68.26,25,40,Warsaw,,52.2297,21.0122,100,
2024-01-25T17:00:00+00:00,44.28,56.74,-3.61,61.56,25,40,Warsaw,,52.2297,21.0122,100,
2024-01-25T18:00:00+00:00,34.09,48.04,-5.61,53.91,25,40,Warsaw,,52.2297,21.0122,100,
2024-01-25T19:00:00+00:00,42.93,61.22,-4.6,52.88,25,40,Warsaw,,52.2297,21.0122,100,
2024-01-25T20:00:00+00:00,37.18,52.43,-3.29,62.08,25,40,Warsaw,,52.2297,21.0122,100,
2024-01-25T21:00:00+00:00,43.7,55.77,-3.35,70.2,25,40,Warsaw,,52.2297,21.0122,100,
2024-01-25T22:00:00+00:00,45.42,63.64,-2.4,72.59,25,40,Warsaw,,52.2297,21.0122,100,
2024-01-25T23:00:00+00:00,34.88,47.98,-2.17,59.95,25,40,Warsaw,,52.2297,21.0122,100,
2024-01-26T00:00:00+00:00,38.21,49.3,-0.14,62.92,25,40,Warsaw,,52.2297,21.0122,100,
2024-01-26T01:00:00+00:00,44.54,62.36,1.13,73.98,25,40,Warsaw,,52.2297,21.0122,100,
2024-01-26T02:00:00+00:00,37.75,49.48,0.06,68.67,25,40,Warsaw,,52.2297,21.0122,100,
2024-01-26T03:00:00+00:00,43.23,57.6,1.83,75.39,25,40,Warsaw,,52.2297,21.0122,100,
2024-01-26T04:00:00+00:00,44.49,61.73,2.09,77.55,25,40,Warsaw,,52.2297,21.0122,100,
2024-01-26T05:00:00+00:00,44.93,56.78,2.11,72.08,25,40,Warsaw,,52.2297,21.0122,100,
2024-01-26T06:00:00+00:00,37.43,48.15,3.68,83.5,25,40,Warsaw,,52.2297,21.0122,100,
2024-01-26T07:00:00+00:00,46.01,64.91,3.68,84.28,25,40,Warsaw,,52.2297,21.0122,100,
2024-01-26T08:00:00+00:00,46.65,66.37,1.48,84.11,25,40,Warsaw,,52.2297,21.0122,100,
2024-01-26T09:00:00+00:00,37.44,50.64,1.38,78.6,25,40,Warsaw,,52.2297,21.0122,100,
2024-01-26T10:00:00+00:00,39.53,55.34,1.02,68.13,25,40,Warsaw,,52.2297,21.0122,100,
2024-01-26T11:00:00+00:00,36.65,50.88,-0.23,77.56,25,40,Warsaw,,52.2297,21.0122,100,
2024-01-26T12:00:00+00:00,40.84,56.84,-0.02,76.43,25,40,Warsaw,,52.2297,21.0122,100,
2024-01-26T13:00:00+00:00,44.97,58.68,-1.1,71.49,25,40,Warsaw,,52.2297,21.0122,100,
2024-01-26T14:00:00+00:00,39.34,55.94,-3.36,60.08,25,40,Warsaw,,52.2297,21.0122,100,
2024-01-26T15:00:00+00:00,33.1,41.53,-3.44,56.74,25,40,Warsaw,,52.2297,21.0122,100,
2024-01-26T16:00:00+00:00,35.11,44.88,-3.66,67.88,25,40,Warsaw,,52.2297,21.0122,100,
2024-01-26T17:00:00+00:00,41.13,55.71,-4.84,62.08,25,40,Warsaw,,52.2297,21.0122,100,
2024-01-26T18:00:00+00:00,33.21,44.22,-4.77,53.61,25,40,Warsaw,,52.2297,21.0122,100,
2024-01-26T19:00:00+00:00,36.93,53.26,-5.34,54.43,25,40,Warsaw,,52.2297,21.0122,100,
2024-01-26T20:00:00+00:00,38.84,56.35,-3.95,62.02,25,40,Warsaw,,52.2297,21.0122,100,
2024-01-26T21:00:00+00:00,37.4,48.11,-2.85,59.09,25,40,Warsaw,,52.2297,21.0122,100,
2024-01-26T22:00:00+00:00,38.94,55.84,-2.96,58.83,25,40,Warsaw,,52.2297,21.0122,100,
2024-01-26T23:00:00+00:00,41.41,58.77,-1.52,62.65,25,40,Warsaw,,52.2297,21.0122,100,
2024-01-27T00:00:00+00:00,45.0,59.28,-0.1,68.31,25,40,Warsaw,,52.2297,21.0122,100,
2024-01-27T01:00:00+00:00,36.09,51.18,1.2,77.88,25,40,Warsaw,,52.2297,21.0122,100,
2024-01-27T02:00:00+00:00,40.87,53.79,0.06,72.09,25,40,Warsaw,,52.2297,21.0122,100,
2024-01-27T03:00:00+00:00,40.23,56.31,0.53,74.37,25,40,Warsaw,,52.2297,21.0122,100,
2024-01-27T04:00:00+00:00,37.78,50.12,2.52,74.86,25,40,Warsaw,,52.2297,21.0122,100,
2024-01-27T05:00:00+00:00,35.77,47.95,1.94,72.55,25,40,Warsaw,,52.2297,21.0122,100,
2024-01-27T06:00:00+00:00,43.71,56.31,1.89,81.61,25,40,Warsaw,,52.2297,21.0122,100,
2024-01-27T07:00:00+00:00,44.59,61.65,4.11,71.92,25,40,Warsaw,,52.2297,21.0122,100,
2024-01-27T08:00:00+00:00,42.79,55.19,3.85,78.45,25,40,Warsaw,,52.2297,21.0122,100,
2024-01-27T09:00:00+00:00,43.51,61.81,0.59,70.74,25,40,Warsaw,,52.2297,21.0122,100,
2024-01-27T10:00:00+00:00,40.75,55.58,0.5,77.82,25,40,Warsaw,,52.2297,21.0122,100,
2024-01-27T11:00:00+00:00,39.96,56.31,-0.98,70.61,25,40,Warsaw,,52.2297,21.0122,100,
2024-01-27T12:00:00+00:00,44.74,60.25,0.06,64.44,25,40,Warsaw,,52.2297,21.0122,100,
2024-01-27T13:00:00+00:00,46.38,59.23,-2.2,74.41,25,40,Warsaw,,52.2297,21.0122,100,
2024-01-27T14:00:00+00:00,43.09,55.1,-2.24,61.58,25,40,Warsaw,,52.2297,21.0122,100,
2024-01-27T15:00:00+00:00,40.76,55.7,-5.25,60.55,25,40,Warsaw,,52.2297,21.0122,100,
2024-01-27T16:00:00+00:00,40.98,54.44,-4.29,61.04,25,40,Warsaw,,52.2297,21.0122,100,
2024-01-27T17:00:00+00:00,36.09,51.37,-5.08,58.89,25,40,Warsaw,,52.2297,21.0122,100,
2024-01-27T18:00:00+00:00,43.3,60.33,-6.29,57.16,25,40,Warsaw,,52.2297,21.0122,100,
2024-01-27T19:00:00+00:00,41.53,54.47,-6.3,53.51,25,40,Warsaw,,52.2297,21.0122,100,
2024-01-27T20:00:00+00:00,40.79,51.87,-4.69,63.78,25,40,Warsaw,,52.2297,21.0122,100,
2024-01-27T21:00:00+00:00,34.57,44.27,-5.22,57.84,25,40,Warsaw,,52.2297,21.0122,100,
2024-01-27T22:00:00+00:00,39.79,55.4,-2.47,66.57,25,40,Warsaw,,52.2297,21.0122,100,
2024-01-27T23:00:00+00:00,37.82,49.69,-1.16,70.49,25,40,Warsaw,,52.2297,21.0122,100,
2024-01-28T00:00:00+00:00,39.73,50.9,0.35,76.39,25,40,Warsaw,,52.2297,21.0122,100,
2024-01-28T01:00:00+00:00,35.99,51.4,0.75,76.64,25,40,Warsaw,,52.2297,21.0122,100,
2024-01-28T02:00:00+00:00,44.97,56.93,0.2,76.82,25,40,Warsaw,,52.2297,21.0122,100,
2024-01-28T03:00:00+00:00,40.15,57.41,2.39,85.05,25,40,Warsaw,,52.2297,21.0122,100,
2024-01-28T04:00:00+00:00,43.22,58.0,1.19,77.53,25,40,Warsaw,,52.2297,21.0122,100,
2024-01-28T05:00:00+00:00,41.35,55.47,1.55,86.53,25,40,Warsaw,,52.2297,21.0122,100,
2024-01-28T06:00:00+00:00,45.56,59.5,1.81,81.52,25,40,Warsaw,,52.2297,21.0122,100,
2024-01-28T07:00:00+00:00,45.65,62.74,1.92,77.69,25,40,Warsaw,,52.2297,21.0122,100,
2024-01-28T08:00:00+00:00,42.86,58.14,2.89,74.5,25,40,Warsaw,,52.2297,21.0122,100,
2024-01-28T09:00:00+00:00,46.29,65.86,2.99,82.75,25,40,Warsaw,,52.2297,21.0122,100,
2024-01-28T10:00:00+00:00,45.53,63.26,1.05,78.86,25,40,Warsaw,,52.2297,21.0122,100,
2024-01-28T11:00:00+00:00,44.27,59.39,-0.93,65.46,25,40,Warsaw,,52.2297,21.0122,100,
2024-01-28T12:00:00+00:00,45.42,59.59,-0.3,71.71,25,40,Warsaw,,52.2297,21.0122,100,
2024-01-28T13:00:00+00:00,44.65,61.3,-3.23,62.29,25,40,Warsaw,,52.2297,21.0122,100,
2024-01-28T14:00:00+00:00,42.57,61.21,-3.14,68.71,25,40,Warsaw,,52.2297,21.0122,100,
2024-01-28T15:00:00+00:00,34.73,49.92,-3.41,65.51,25,40,Warsaw,,52.2297,21.0122,100,
2024-01-28T16:00:00+00:00,44.17,63.3,-3.16,60.95,25,40,Warsaw,,52.2297,21.0122,100,
2024-01-28T17:00:00+00:00,33.45,42.83,-4.65,54.18,25,40,Warsaw,,52.2297,21.0122,100,
2024-01-28T18:00:00+00:00,43.01,56.14,-4.91,66.53,25,40,Warsaw,,52.2297,21.0122,100,
2024-01-28T19:00:00+00:00,38.17,50.63,-5.18,65.8,25,40,Warsaw,,52.2297,21.0122,100,
2024-01-28T20:00:00+00:00,36.02,51.33,-5.44,59.55,25,40,Warsaw,,52.2297,21.0122,100,
2024-01-28T21:00:00+00:00,36.58,47.42,-3.33,67.15,25,40,Warsaw,,52.2297,21.0122,100,
2024-01-28T22:00:00+00:00,45.57,65.01,-3.79,67.24,25,40,Warsaw,,52.2297,21.0122,100,
2024-01-28T23:00:00+00:00,39.07,52.43,-1.82,70.38,25,40,Warsaw,,52.2297,21.0122,100,
2024-01-29T00:00:00+00:00,46.52,61.11,-1.74,76.14,25,40,Warsaw,,52.2297,21.0122,100,
2024-01-29T01:00:00+00:00,42.17,59.24,-0.44,73.19,25,40,Warsaw,,52.2297,21.0122,100,
2024-01-29T02:00:00+00:00,40.63,50.89,0.64,71.72,25,40,Warsaw,,52.2297,21.0122,100,
2024-01-29T03:00:00+00:00,40.67,57.74,2.22,81.06,25,40,Warsaw,,52.2297,21.0122,100,
2024-01-29T04:00:00+00:00,37.06,47.95,1.37,71.69,25,40,Warsaw,,52.2297,21.0122,100,
2024-01-29T05:00:00+00:00,42.57,57.11,4.36,81.02,25,40,Warsaw,,52.2297,21.0122,100,
2024-01-29T06:00:00+00:00,43.63,55.57,2.22,76.99,25,40,Warsaw,,52.2297,21.0122,100,
2024-01-29T07:00:00+00:00,44.04,59.88,4.24,76.72,25,40,Warsaw,,52.2297,21.0122,100,
2024-01-29T08:00:00+00:00,37.56,50.58,1.53,76.74,25,40,Warsaw,,52.2297,21.0122,100,
2024-01-29T09:00:00+00:00,39.65,51.32,1.74,72.28,25,40,Warsaw,,52.2297,21.0122,100,
2024-01-29T10:00:00+00:00,41.03,56.14,1.99,71.96,25,40,Warsaw,,52.2297,21.0122,100,
2024-01-29T11:00:00+00:00,38.97,56.22,0.06,72.6,25,40,Warsaw,,52.2297,21.0122,100,
2024-01-29T12:00:00+00:00,44.1,59.17,-0.08,66.19,25,40,Warsaw,,52.2297,21.0122,100,
2024-01-29T13:00:00+00:00,44.51,62.63,-2.4,73.52,25,40,Warsaw,,52.2297,21.0122,100,
2024-01-29T14:00:00+00:00,44.72,57.2,-2.79,64.98,25,40,Warsaw,,52.2297,21.0122,100,
2024-01-29T15:00:00+00:00,35.66,45.73,-4.82,63.35,25,40,Warsaw,,52.2297,21.0122,100,
2024-01-29T16:00:00+00:00,35.76,47.73,-3.13,64.54,25,40,Warsaw,,52.2297,21.0122,100,
2024-01-29T17:00:00+00:00,40.47,51.62,-4.58,65.62,25,40,Warsaw,,52.2297,21.0122,100,
2024-01-29T18:00:00+00:00,39.21,53.18,-4.41,55.92,25,40,Warsaw,,52.2297,21.0122,100,
2024-01-29T19:00:00+00:00,35.06,48.87,-4.32,64.93,25,40,Warsaw,,52.2297,21.0122,100,
2024-01-29T20:00:00+00:00,42.57,54.1,-3.07,66.49,25,40,Warsaw,,52.2297,21.0122,100,
2024-01-29T21:00:00+00:00,43.81,56.78,-3.96,64.23,25,40,Warsaw,,52.2297,21.0122,100,
2024-01-29T22:00:00+00:00,37.84,52.47,-4.33,63.58,25,40,Warsaw,,52.2297,21.0122,100,
2024-01-29T23:00:00+00:00,44.51,63.6,-1.98,67.05,25,40,Warsaw,,52.2297,21.0122,100,
2024-01-30T00:00:00+00:00,41.39,58.22,-1.16,62.87,25,40,Warsaw,,52.2297,21.0122,100,
2024-01-30T01:00:00+00:00,39.14,55.22,0.6,69.17,25,40,Warsaw,,52.2297,21.0122,100,
2024-01-30T02:00:00+00:00,37.4,47.35,1.68,81.37,25,40,Warsaw,,52.2297,21.0122,100,
2024-01-30T03:00:00+00:00,43.76,56.17,2.6,78.31,25,40,Warsaw,,52.2297,21.0122,100,
2024-01-30T04:00:00+00:00,40.23,54.49,1.09,73.22,25,40,Warsaw,,52.2297,21.0122,100,
2024-01-30T05:00:00+00:00,46.15,59.36,4.32,77.73,25,40,Warsaw,,52.2297,21.0122,100,
2024-01-30T06:00:00+00:00,41.87,60.52,3.75,73.48,25,40,Warsaw,,52.2297,21.0122,100,
2024-01-30T07:00:00+00:00,42.77,55.17,4.34,79.57,25,40,Warsaw,,52.2297,21.0122,100,
2024-01-30T08:00:00+00:00,37.12,50.62,2.06,72.95,25,40,Warsaw,,52.2297,21.0122,100,
2024-01-30T09:00:00+00:00,45.58,64.46,2.12,73.98,25,40,Warsaw,,52.2297,21.0122,100,
2024-01-30T10:00:00+00:00,35.71,44.5,1.75,74.71,25,40,Warsaw,,52.2297,21.0122,100,
2024-01-30T11:00:00+00:00,38.2,54.72,0.25,77.77,25,40,Warsaw,,52.2297,21.0122,100,
2024-01-30T12:00:00+00:00,41.22,57.57,0.24,77.05,25,40,Warsaw,,52.2297,21.0122,100,
2024-01-30T13:00:00+00:00,34.35,46.14,-1.8,61.56,25,40,Warsaw,,52.2297,21.0122,100,
2024-01-30T14:00:00+00:00,41.48,53.19,-1.88,64.35,25,40,Warsaw,,52.2297,21.0122,100,
2024-01-30T15:00:00+00:00,43.79,58.62,-4.05,55.92,25,40,Warsaw,,52.2297,21.0122,100,
2024-01-30T16:00:00+00:00,43.39,54.82,-5.4,68.29,25,40,Warsaw,,52.2297,21.0122,100,
2024-01-30T17:00:00+00:00,38.62,51.68,-5.13,57.14,25,40,Warsaw,,52.2297,21.0122,100,
2024-01-30T18:00:00+00:00,44.48,60.51,-5.06,59.64,25,40,Warsaw,,52.2297,21.0122,100,
2024-01-30T19:00:00+00:00,41.88,57.92,-5.71,58.26,25,40,Warsaw,,52.2297,21.0122,100,
2024-01-30T20:00:00+00:00,40.14,57.27,-3.86,68.79,25,40,Warsaw,,52.2297,21.0122,100,
2024-01-30T21:00:00+00:00,41.96,56.93,-3.1,61.62,25,40,Warsaw,,52.2297,21.0122,100,
2024-01-30T22:00:00+00:00,42.45,54.45,-1.8,61.93,25,40,Warsaw,,52.2297,21.0122,100,
2024-01-30T23:00:00+00:00,33.92,42.72,-2.01,62.6,25,40,Warsaw,,52.2297,21.0122,100,
2024-01-31T00:00:00+00:00,35.98,46.23,-0.22,67.79,25,40,Warsaw,,52.2297,21.0122,100,
2024-01-31T01:00:00+00:00,36.6,51.25,0.1,76.92,25,40,Warsaw,,52.2297,21.0122,100,
2024-01-31T02:00:00+00:00,40.19,52.1,2.4,82.11,25,40,Warsaw,,52.2297,21.0122,100,
2024-01-31T03:00:00+00:00,40.01,57.29,3.02,71.42,25,40,Warsaw,,52.2297,21.0122,100,
2024-01-31T04:00:00+00:00,38.51,51.16,3.05,78.19,25,40,Warsaw,,52.2297,21.0122,100,
2024-01-31T05:00:00+00:00,47.18,64.49,3.71,85.67,25,40,Warsaw,,52.2297,21.0122,100,
2024-01-31T06:00:00+00:00,41.39,56.97,4.49,74.71,25,40,Warsaw,,52.2297,21.0122,100,
2024-01-31T07:00:00+00:00,41.3,56.16,3.3,77.88,25,40,Warsaw,,52.2297,21.0122,100,
2024-01-31T08:00:00+00:00,39.06,50.03,2.44,78.64,25,40,Warsaw,,52.2297,21.0122,100,
2024-01-31T09:00:00+00:00,37.66,51.08,2.26,76.03,25,40,Warsaw,,52.2297,21.0122,100,
2024-01-31T10:00:00+00:00,44.18,63.32,2.41,70.04,25,40,Warsaw,,52.2297,21.0122,100,
2024-01-31T11:00:00+00:00,39.24,50.87,0.29,75.37,25,40,Warsaw,,52.2297,21.0122,100,
2024-01-31T12:00:00+00:00,43.66,57.28,-0.76,70.58,25,40,Warsaw,,52.2297,21.0122,100,
2024-01-31T13:00:00+00:00,39.72,56.66,-2.23,75.21,25,40,Warsaw,,52.2297,21.0122,100,
2024-01-31T14:00:00+00:00,41.52,55.53,-2.18,63.46,25,40,Warsaw,,52.2297,21.0122,100,
2024-01-31T15:00:00+00:00,41.76,55.8,-4.26,62.9,25,40,Warsaw,,52.2297,21.0122,100,
2024-01-31T16:00:00+00:00,39.01,49.56,-5.92,57.26,25,40,Warsaw,,52.2297,21.0122,100,
2024-01-31T17:00:00+00:00,34.78,48.88,-4.94,63.39,25,40,Warsaw,,52.2297,21.0122,100,
2024-01-31T18:00:00+00:00,40.75,51.85,-4.44,60.53,25,40,Warsaw,,52.2297,21.0122,100,
2024-01-31T19:00:00+00:00,44.97,62.31,-5.03,65.56,25,40,Warsaw,,52.2297,21.0122,100,
2024-01-31T20:00:00+00:00,40.62,53.57,-5.46,58.22,25,40,Warsaw,,52.2297,21.0122,100,
2024-01-31T21:00:00+00:00,33.41,43.27,-3.94,56.83,25,40,Warsaw,,52.2297,21.0122,100,
2024-01-31T22:00:00+00:00,40.59,53.45,-3.85,68.33,25,40,Warsaw,,52.2297,21.0122,100,
2024-01-31T23:00:00+00:00,35.7,50.75,-2.73,60.18,25,40,Warsaw,,52.2297,21.0122,100,
2024-02-01T00:00:00+00:00,37.06,48.4,1.67,77.34,25,40,Warsaw,,52.2297,21.0122,100,
2024-02-01T01:00:00+00:00,35.36,50.03,2.37,71.45,25,40,Warsaw,,52.2297,21.0122,100,
2024-02-01T02:00:00+00:00,42.63,60.65,3.01,82.48,25,40,Warsaw,,52.2297,21.0122,100,
2024-02-01T03:00:00+00:00,40.87,58.85,5.22,82.71,25,40,Warsaw,,52.2297,21.0122,100,
2024-02-01T04:00:00+00:00,38.64,49.8,5.2,84.91,25,40,Warsaw,,52.2297,21.0122,100,
2024-02-01T05:00:00+00:00,36.98,47.35,5.34,73.09,25,40,Warsaw,,52.2297,21.0122,100,
2024-02-01T06:00:00+00:00,41.25,56.96,5.65,87.09,25,40,Warsaw,,52.2297,21.0122,100,
2024-02-01T07:00:00+00:00,37.4,51.26,3.46,83.76,25,40,Warsaw,,52.2297,21.0122,100,
2024-02-01T08:00:00+00:00,43.9,57.71,5.84,75.66,25,40,Warsaw,,52.2297,21.0122,100,
2024-02-01T09:00:00+00:00,44.03,61.01,4.58,75.18,25,40,Warsaw,,52.2297,21.0122,100,
2024-02-01T10:00:00+00:00,47.26,62.97,1.67,82.03,25,40,Warsaw,,52.2297,21.0122,100,
2024-02-01T11:00:00+00:00,39.37,50.0,1.5,69.95,25,40,Warsaw,,52.2297,21.0122,100,
2024-02-01T12:00:00+00:00,38.8,54.72,2.34,70.76,25,40,Warsaw,,52.2297,21.0122,100,
2024-02-01T13:00:00+00:00,44.85,57.79,0.58,68.66,25,40,Warsaw,,52.2297,21.0122,100,
2024-02-01T14:00:00+00:00,40.58,53.07,-0.72,62.07,25,40,Warsaw,,52.2297,21.0122,100,
2024-02-01T15:00:00+00:00,37.52,52.21,-2.9,59.59,25,40,Warsaw,,52.2297,21.0122,100,
2024-02-01T16:00:00+00:00,43.36,58.12,-3.77,63.72,25,40,Warsaw,,52.2297,21.0122,100,
2024-02-01T17:00:00+00:00,33.21,47.64,-1.55,57.8,25,40,Warsaw,,52.2297,21.0122,100,
2024-02-01T18:00:00+00:00,37.47,48.76,-2.25,63.44,25,40,Warsaw,,52.2297,21.0122,100,
2024-02-01T19:00:00+00:00,40.4,52.86,-4.03,58.09,25,40,Warsaw,,52.2297,21.0122,100,
2024-02-01T20:00:00+00:00,38.51,55.41,-1.86,69.16,25,40,Warsaw,,52.2297,21.0122,100,
2024-02-01T21:00:00+00:00,34.8,45.63,-2.54,61.92,25,40,Warsaw,,52.2297,21.0122,100,
2024-02-01T22:00:00+00:00,40.55,52.85,-1.74,60.6,25,40,Warsaw,,52.2297,21.0122,100,
2024-02-01T23:00:00+00:00,45.41,60.02,-1.3,72.59,25,40,Warsaw,,52.2297,21.0122,100,
2024-02-02T00:00:00+00:00,38.6,48.15,-0.4,65.69,25,40,Warsaw,,52.2297,21.0122,100,
2024-02-02T01:00:00+00:00,36.22,52.84,3.45,73.94,25,40,Warsaw,,52.2297,21.0122,100,
2024-02-02T02:00:00+00:00,38.86,50.0,1.59,71.37,25,40,Warsaw,,52.2297,21.0122,100,
2024-02-02T03:00:00+00:00,38.98,52.0,3.43,80.27,25,40,Warsaw,,52.2297,21.0122,100,
2024-02-02T04:00:00+00:00,43.01,61.18,5.3,77.46,25,40,Warsaw,,52.2297,21.0122,100,
2024-02-02T05:00:00+00:00,46.06,60.53,5.47,84.73,25,40,Warsaw,,52.2297,21.0122,100,
2024-02-02T06:00:00+00:00,40.18,51.55,5.6,76.89,25,40,Warsaw,,52.2297,21.0122,100,
2024-02-02T07:00:00+00:00,43.79,60.32,5.13,86.3,25,40,Warsaw,,52.2297,21.0122,100,
2024-02-02T08:00:00+00:00,34.6,45.41,5.96,71.02,25,40,Warsaw,,52.2297,21.0122,100,
2024-02-02T09:00:00+00:00,40.73,58.91,3.69,69.96,25,40,Warsaw,,52.2297,21.0122,100,
2024-02-02T10:00:00+00:00,41.41,51.98,3.14,77.42,25,40,Warsaw,,52.2297,21.0122,100,
2024-02-02T11:00:00+00:00,36.02,51.33,1.48,77.96,25,40,Warsaw,,52.2297,21.0122,100,
2024-02-02T12:00:00+00:00,40.59,57.88,0.96,72.94,25,40,Warsaw,,52.2297,21.0122,100,
2024-02-02T13:00:00+00:00,33.05,42.3,1.29,59.65,25,40,Warsaw,,52.2297,21.0122,100,
2024-02-02T14:00:00+00:00,37.01,52.05,-0.6,65.93,25,40,Warsaw,,52.2297,21.0122,100,
2024-02-02T15:00:00+00:00,44.3,56.72,-1.98,70.18,25,40,Warsaw,,52.2297,21.0122,100,
2024-02-02T16:00:00+00:00,42.57,56.96,-3.78,59.29,25,40,Warsaw,,52.2297,21.0122,100,
2024-02-02T17:00:00+00:00,44.72,57.48,-3.69,60.07,25,40,Warsaw,,52.2297,21.0122,100,
2024-02-02T18:00:00+00:00,34.28,49.22,-4.47,58.75,25,40,Warsaw,,52.2297,21.0122,100,
2024-02-02T19:00:00+00:00,33.92,45.62,-4.23,52.92,25,40,Warsaw,,52.2297,21.0122,100,
2024-02-02T20:00:00+00:00,39.65,54.27,-3.26,57.95,25,40,Warsaw,,52.2297,21.0122,100,
2024-02-02T21:00:00+00:00,39.98,53.98,-0.43,59.58,25,40,Warsaw,,52.2297,21.0122,100,
2024-02-02T22:00:00+00:00,43.06,58.26,-2.18,68.87,25,40,Warsaw,,52.2297,21.0122,100,
2024-02-02T23:00:00+00:00,35.6,48.22,0.52,69.54,25,40,Warsaw,,52.2297,21.0122,100,
2024-02-03T00:00:00+00:00,38.29,52.24,0.25,77.92,25,40,Warsaw,,52.2297,21.0122,100,
2024-02-03T01:00:00+00:00,35.21,45.97,2.76,74.54,25,40,Warsaw,,52.2297,21.0122,100,
2024-02-03T02:00:00+00:00,44.2,57.89,2.78,74.77,25,40,Warsaw,,52.2297,21.0122,100,
2024-02-03T03:00:00+00:00,42.24,57.54,3.92,75.76,25,40,Warsaw,,52.2297,21.0122,100,
2024-02-03T04:00:00+00:00,42.98,56.96,3.31,85.97,25,40,Warsaw,,52.2297,21.0122,100,
2024-02-03T05:00:00+00:00,37.54,47.89,3.44,83.78,25,40,Warsaw,,52.2297,21.0122,100,
2024-02-03T06:00:00+00:00,38.54,54.99,4.6,83.82,25,40,Warsaw,,52.2297,21.0122,100,
2024-02-03T07:00:00+00:00,39.73,56.06,5.66,73.54,25,40,Warsaw,,52.2297,21.0122,100,
2024-02-03T08:00:00+00:00,38.82,53.8,3.66,75.62,25,40,Warsaw,,52.2297,21.0122,100,
2024-02-03T09:00:00+00:00,35.22,45.43,3.91,74.52,25,40,Warsaw,,52.2297,21.0122,100,
2024-02-03T10:00:00+00:00,43.94,57.2,4.22,78.8,25,40,Warsaw,,52.2297,21.0122,100,
2024-02-03T11:00:00+00:00,38.74,55.07,0.62,72.8,25,40,Warsaw,,52.2297,21.0122,100,
2024-02-03T12:00:00+00:00,42.02,56.62,-0.31,65.16,25,40,Warsaw,,52.2297,21.0122,100,
2024-02-03T13:00:00+00:00,38.96,51.21,0.83,65.99,25,40,Warsaw,,52.2297,21.0122,100,
2024-02-03T14:00:00+00:00,43.13,58.84,0.1,71.72,25,40,Warsaw,,52.2297,21.0122,100,
2024-02-03T15:00:00+00:00,40.09,51.91,-1.89,63.44,25,40,Warsaw,,52.2297,21.0122,100,
2024-02-03T16:00:00+00:00,37.24,50.99,-1.65,65.45,25,40,Warsaw,,52.2297,21.0122,100,
2024-02-03T17:00:00+00:00,41.43,55.03,-3.29,58.74,25,40,Warsaw,,52.2297,21.0122,100,
2024-02-03T18:00:00+00:00,40.72,54.16,-3.41,66.46,25,40,Warsaw,,52.2297,21.0122,100,
2024-02-03T19:00:00+00:00,44.82,56.83,-2.15,62.21,25,40,Warsaw,,52.2297,21.0122,100,
2024-02-03T20:00:00+00:00,39.94,52.15,-3.16,64.6,25,40,Warsaw,,52.2297,21.0122,100,
2024-02-03T21:00:00+00:00,43.0,59.81,-0.64,65.15,25,40,Warsaw,,52.2297,21.0122,100,
2024-02-03T22:00:00+00:00,37.21,52.11,-0.35,66.31,25,40,Warsaw,,52.2297,21.0122,100,
2024-02-03T23:00:00+00:00,42.79,59.23,0.79,72.53,25,40,Warsaw,,52.2297,21.0122,100,
2024-02-04T00:00:00+00:00,37.64,49.93,1.48,76.4,25,40,Warsaw,,52.2297,21.0122,100,
2024-02-04T01:00:00+00:00,41.29,53.63,2.71,70.4,25,40,Warsaw,,52.2297,21.0122,100,
2024-02-04T02:00:00+00:00,38.74,49.34,2.81,78.05,25,40,Warsaw,,52.2297,21.0122,100,
2024-02-04T03:00:00+00:00,42.36,55.66,4.89,70.22,25,40,Warsaw,,52.2297,21.0122,100,
2024-02-04T04:00:00+00:00,38.94,53.65,3.68,79.2,25,40,Warsaw,,52.2297,21.0122,100,
2024-02-04T05:00:00+00:00,37.08,47.24,3.63,81.68,25,40,Warsaw,,52.2297,21.0122,100,
2024-02-04T06:00:00+00:00,36.59,49.54,4.48,77.74,25,40,Warsaw,,52.2297,21.0122,100,
2024-02-04T07:00:00+00:00,40.4,52.93,5.85,81.34,25,40,Warsaw,,52.2297,21.0122,100,
2024-02-04T08:00:00+00:00,38.23,54.99,4.27,71.67,25,40,Warsaw,,52.2297,21.0122,100,
2024-02-04T09:00:00+00:00,41.28,52.08,3.12,73.02,25,40,Warsaw,,52.2297,21.0122,100,
2024-02-04T10:00:00+00:00,38.78,51.94,3.68,71.01,25,40,Warsaw,,52.2297,21.0122,100,
2024-02-04T11:00:00+00:00,38.21,54.56,1.21,72.14,25,40,Warsaw,,52.2297,21.0122,100,
2024-02-04T12:00:00+00:00,44.69,58.75,2.2,67.67,25,40,Warsaw,,52.2297,21.0122,100,
2024-02-04T13:00:00+00:00,34.34,48.03,1.44,66.25,25,40,Warsaw,,52.2297,21.0122,100,
2024-02-04T14:00:00+00:00,41.39,56.55,-0.18,60.62,25,40,Warsaw,,52.2297,21.0122,100,
2024-02-04T15:00:00+00:00,34.13,44.71,-1.35,60.28,25,40,Warsaw,,52.2297,21.0122,100,
2024-02-04T16:00:00+00:00,34.85,47.85,-1.24,69.05,25,40,Warsaw,,52.2297,21.0122,100,
2024-02-04T17:00:00+00:00,38.28,49.37,-1.64,54.06,25,40,Warsaw,,52.2297,21.0122,100,
2024-02-04T18:00:00+00:00,36.57,46.46,-2.99,56.97,25,40,Warsaw,,52.2297,21.0122,100,
2024-02-04T19:00:00+00:00,43.58,60.71,-2.07,66.18,25,40,Warsaw,,52.2297,21.0122,100,
2024-02-04T20:00:00+00:00,34.57,45.44,-1.36,54.93,25,40,Warsaw,,52.2297,21.0122,100,
2024-02-04T21:00:00+00:00,45.89,61.2,-2.84,70.83,25,40,Warsaw,,52.2297,21.0122,100,
2024-02-04T22:00:00+00:00,42.18,59.43,-0.28,71.89,25,40,Warsaw,,52.2297,21.0122,100,
2024-02-04T23:00:00+00:00,40.74,52.58,0.3,69.25,25,40,Warsaw,,52.2297,21.0122,100,
2024-02-05T00:00:00+00:00,42.59,57.6,1.16,71.15,25,40,Warsaw,,52.2297,21.0122,100,
2024-02-05T01:00:00+00:00,45.85,63.91,1.41,75.25,25,40,Warsaw,,52.2297,21.0122,100,
2024-02-05T02:00:00+00:00,42.43,53.44,2.29,72.17,25,40,Warsaw,,52.2297,21.0122,100,
2024-02-05T03:00:00+00:00,37.08,48.64,4.3,82.37,25,40,Warsaw,,52.2297,21.0122,100,
2024-02-05T04:00:00+00:00,43.53,59.97,5.35,72.01,25,40,Warsaw,,52.2297,21.0122,100,
2024-02-05T05:00:00+00:00,35.85,46.15,4.46,76.7,25,40,Warsaw,,52.2297,21.0122,100,
2024-02-05T06:00:00+00:00,38.27,53.06,5.22,85.83,25,40,Warsaw,,52.2297,21.0122,100,
2024-02-05T07:00:00+00:00,43.89,57.8,3.59,80.65,25,40,Warsaw,,52.2297,21.0122,100,
2024-02-05T08:00:00+00:00,42.05,55.93,5.18,77.08,25,40,Warsaw,,52.2297,21.0122,100,
2024-02-05T09:00:00+00:00,40.61,54.53,4.92,77.11,25,40,Warsaw,,52.2297,21.0122,100,
2024-02-05T10:00:00+00:00,38.3,51.21,3.18,74.47,25,40,Warsaw,,52.2297,21.0122,100,
2024-02-05T11:00:00+00:00,40.99,53.83,0.89,74.55,25,40,Warsaw,,52.2297,21.0122,100,
2024-02-05T12:00:00+00:00,35.97,49.05,0.83,72.19,25,40,Warsaw,,52.2297,21.0122,100,
2024-02-05T13:00:00+00:00,43.21,57.97,-0.4,72.67,25,40,Warsaw,,52.2297,21.0122,100,
2024-02-05T14:00:00+00:00,40.47,52.54,-0.68,66.51,25,40,Warsaw,,52.2297,21.0122,100,
2024-02-05T15:00:00+00:00,33.5,41.75,-1.08,58.48,25,40,Warsaw,,52.2297,21.0122,100,
2024-02-05T16:00:00+00:00,39.03,52.81,-2.14,59.44,25,40,Warsaw,,52.2297,21.0122,100,
2024-02-05T17:00:00+00:00,33.85,46.79,-4.18,52.5,25,40,Warsaw,,52.2297,21.0122,100,
2024-02-05T18:00:00+00:00,43.4,58.63,-4.23,62.23,25,40,Warsaw,,52.2297,21.0122,100,
2024-02-05T19:00:00+00:00,39.3,50.13,-1.47,57.1,25,40,Warsaw,,52.2297,21.0122,100,
2024-02-05T20:00:00+00:00,40.91,52.42,-1.91,64.65,25,40,Warsaw,,52.2297,21.0122,100,
2024-02-05T21:00:00+00:00,43.82,61.73,-3.04,69.35,25,40,Warsaw,,52.2297,21.0122,100,
2024-02-05T22:00:00+00:00,41.92,57.99,-1.89,61.1,25,40,Warsaw,,52.2297,21.0122,100,
2024-02-05T23:00:00+00:00,40.97,57.45,-1.11,60.85,25,40,Warsaw,,52.2297,21.0122,100,
2024-02-06T00:00:00+00:00,40.6,52.43,0.82,75.69,25,40,Warsaw,,52.2297,21.0122,100,
2024-02-06T01:00:00+00:00,39.96,56.75,3.15,75.01,25,40,Warsaw,,52.2297,21.0122,100,
2024-02-06T02:00:00+00:00,38.34,53.0,3.52,68.41,25,40,Warsaw,,52.2297,21.0122,100,
2024-02-06T03:00:00+00:00,43.2,55.5,3.85,75.06,25,40,Warsaw,,52.2297,21.0122,100,
2024-02-06T04:00:00+00:00,44.03,60.91,5.2,83.64,25,40,Warsaw,,52.2297,21.0122,100,
2024-02-06T05:00:00+00:00,43.13,60.03,5.73,72.47,25,40,Warsaw,,52.2297,21.0122,100,
2024-02-06T06:00:00+00:00,41.99,58.96,4.9,84.2,25,40,Warsaw,,52.2297,21.0122,100,
2024-02-06T07:00:00+00:00,43.18,58.62,3.56,80.73,25,40,Warsaw,,52.2297,21.0122,100,
2024-02-06T08:00:00+00:00,36.5,49.97,3.43,70.77,25,40,Warsaw,,52.2297,21.0122,100,
2024-02-06T09:00:00+00:00,36.22,51.46,3.57,73.94,25,40,Warsaw,,52.2297,21.0122,100,
2024-02-06T10:00:00+00:00,42.24,53.24,2.32,79.18,25,40,Warsaw,,52.2297,21.0122,100,
2024-02-06T11:00:00+00:00,39.55,49.65,1.5,72.5,25,40,Warsaw,,52.2297,21.0122,100,
2024-02-06T12:00:00+00:00,38.2,52.24,1.7,67.75,25,40,Warsaw,,52.2297,21.0122,100,
2024-02-06T13:00:00+00:00,34.17,42.52,1.1,66.26,25,40,Warsaw,,52.2297,21.0122,100,
2024-02-06T14:00:00+00:00,40.13,57.17,-1.97,61.35,25,40,Warsaw,,52.2297,21.0122,100,
2024-02-06T15:00:00+00:00,34.98,50.82,-1.02,62.29,25,40,Warsaw,,52.2297,21.0122,100,
2024-02-06T16:00:00+00:00,35.82,44.87,-2.29,68.25,25,40,Warsaw,,52.2297,21.0122,100,
2024-02-06T17:00:00+00:00,42.5,56.94,-2.86,54.83,25,40,Warsaw,,52.2297,21.0122,100,
2024-02-06T18:00:00+00:00,37.58,53.12,-4.38,60.23,25,40,Warsaw,,52.2297,21.0122,100,
2024-02-06T19:00:00+00:00,37.89,49.61,-1.81,61.37,25,40,Warsaw,,52.2297,21.0122,100,
2024-02-06T20:00:00+00:00,36.17,49.07,-1.63,55.63,25,40,Warsaw,,52.2297,21.0122,100,
2024-02-06T21:00:00+00:00,43.25,56.88,-1.12,69.44,25,40,Warsaw,,52.2297,21.0122,100,
2024-02-06T22:00:00+00:00,38.59,48.85,-0.91,64.51,25,40,Warsaw,,52.2297,21.0122,100,
2024-02-06T23:00:00+00:00,40.19,52.71,0.26,68.62,25,40,Warsaw,,52.2297,21.0122,100,
2024-02-07T00:00:00+00:00,42.8,60.66,1.21,71.05,25,40,Warsaw,,52.2297,21.0122,100,
2024-02-07T01:00:00+00:00,36.2,46.56,1.33,65.22,25,40,Warsaw,,52.2297,21.0122,100,
2024-02-07T02:00:00+00:00,35.85,49.03,3.23,80.89,25,40,Warsaw,,52.2297,21.0122,100,
2024-02-07T03:00:00+00:00,37.0,50.42,3.04,73.53,25,40,Warsaw,,52.2297,21.0122,100,
2024-02-07T04:00:00+00:00,40.88,54.72,5.31,73.56,25,40,Warsaw,,52.2297,21.0122,100,
2024-02-07T05:00:00+00:00,42.13,53.94,5.07,85.3,25,40,Warsaw,,52.2297,21.0122,100,
2024-02-07T06:00:00+00:00,36.4,50.17,3.59,72.17,25,40,Warsaw,,52.2297,21.0122,100,
2024-02-07T07:00:00+00:00,41.69,53.12,6.04,79.04,25,40,Warsaw,,52.2297,21.0122,100,
2024-02-07T08:00:00+00:00,45.17,62.79,3.06,75.42,25,40,Warsaw,,52.2297,21.0122,100,
2024-02-07T09:00:00+00:00,37.1,50.53,4.93,83.91,25,40,Warsaw,,52.2297,21.0122,100,
2024-02-07T10:00:00+00:00,39.81,52.45,1.51,75.76,25,40,Warsaw,,52.2297,21.0122,100,
2024-02-07T11:00:00+00:00,44.59,61.41,2.13,66.95,25,40,Warsaw,,52.2297,21.0122,100,
2024-02-07T12:00:00+00:00,37.19,51.34,1.12,70.18,25,40,Warsaw,,52.2297,21.0122,100,
2024-02-07T13:00:00+00:00,43.07,60.03,-1.29,72.2,25,40,Warsaw,,52.2297,21.0122,100,
2024-02-07T14:00:00+00:00,38.56,48.49,-2.34,64.68,25,40,Warsaw,,52.2297,21.0122,100,
2024-02-07T15:00:00+00:00,34.08,46.93,-1.39,60.35,25,40,Warsaw,,52.2297,21.0122,100,
2024-02-07T16:00:00+00:00,40.95,53.89,-2.93,63.93,25,40,Warsaw,,52.2297,21.0122,100,
2024-02-07T17:00:00+00:00,39.82,57.23,-3.75,56.46,25,40,Warsaw,,52.2297,21.0122,100,
2024-02-07T18:00:00+00:00,42.04,55.96,-2.84,59.92,25,40,Warsaw,,52.2297,21.0122,100,
2024-02-07T19:00:00+00:00,45.24,60.94,-2.28,65.41,25,40,Warsaw,,52.2297,21.0122,100,
2024-02-07T20:00:00+00:00,34.88,50.76,-1.57,66.2,25,40,Warsaw,,52.2297,21.0122,100,
2024-02-07T21:00:00+00:00,34.56,45.47,-1.51,60.75,25,40,Warsaw,,52.2297,21.0122,100,
2024-02-07T22:00:00+00:00,37.33,50.69,-0.29,62.48,25,40,Warsaw,,52.2297,21.0122,100,
2024-02-07T23:00:00+00:00,41.0,55.53,0.14,67.75,25,40,Warsaw,,52.2297,21.0122,100,
2024-02-08T00:00:00+00:00,35.26,43.85,0.69,71.1,25,40,Warsaw,,52.2297,21.0122,100,
2024-02-08T01:00:00+00:00,35.52,47.79,2.17,69.21,25,40,Warsaw,,52.2297,21.0122,100,
2024-02-08T02:00:00+00:00,41.28,57.23,2.48,78.9,25,40,Warsaw,,52.2297,21.0122,100,
2024-02-08T03:00:00+00:00,40.79,52.02,3.91,75.07,25,40,Warsaw,,52.2297,21.0122,100,
2024-02-08T04:00:00+00:00,36.45,52.17,4.6,79.3,25,40,Warsaw,,52.2297,21.0122,100,
2024-02-08T05:00:00+00:00,45.05,64.44,5.34,76.48,25,40,Warsaw,,52.2297,21.0122,100,
2024-02-08T06:00:00+00:00,39.6,50.76,4.34,75.79,25,40,Warsaw,,52.2297,21.0122,100,
2024-02-08T07:00:00+00:00,43.04,56.14,3.77,71.74,25,40,Warsaw,,52.2297,21.0122,100,
2024-02-08T08:00:00+00:00,38.26,49.28,5.6,74.45,25,40,Warsaw,,52.2297,21.0122,100,
2024-02-08T09:00:00+00:00,39.38,56.34,2.43,81.36,25,40,Warsaw,,52.2297,21.0122,100,
2024-02-08T10:00:00+00:00,44.55,63.97,4.21,79.12,25,40,Warsaw,,52.2297,21.0122,100,
2024-02-08T11:00:00+00:00,39.06,54.66,3.24,74.28,25,40,Warsaw,,52.2297,21.0122,100,
2024-02-08T12:00:00+00:00,37.0,52.01,-0.11,65.17,25,40,Warsaw,,52.2297,21.0122,100,
2024-02-08T13:00:00+00:00,45.58,59.15,0.51,69.82,25,40,Warsaw,,52.2297,21.0122,100,
2024-02-08T14:00:00+00:00,43.4,54.97,-0.6,63.35,25,40,Warsaw,,52.2297,21.0122,100,
2024-02-08T15:00:00+00:00,44.25,56.33,-3.28,57.04,25,40,Warsaw,,52.2297,21.0122,100,
2024-02-08T16:00:00+00:00,37.59,51.82,-2.73,65.5,25,40,Warsaw,,52.2297,21.0122,100,
2024-02-08T17:00:00+00:00,32.95,43.61,-1.91,55.28,25,40,Warsaw,,52.2297,21.0122,100,
2024-02-08T18:00:00+00:00,39.07,51.63,-2.22,59.23,25,40,Warsaw,,52.2297,21.0122,100,
2024-02-08T19:00:00+00:00,36.09,45.72,-2.25,54.64,25,40,Warsaw,,52.2297,21.0122,100,
2024-02-08T20:00:00+00:00,39.99,57.8,-1.36,63.67,25,40,Warsaw,,52.2297,21.0122,100,
2024-02-08T21:00:00+00:00,43.88,56.23,-1.11,62.54,25,40,Warsaw,,52.2297,21.0122,100,
2024-02-08T22:00:00+00:00,43.22,61.0,-0.67,67.56,25,40,Warsaw,,52.2297,21.0122,100,
2024-02-08T23:00:00+00:00,37.88,52.37,-0.75,59.6,25,40,Warsaw,,52.2297,21.0122,100,
2024-02-09T00:00:00+00:00,36.02,45.04,1.46,67.47,25,40,Warsaw,,52.2297,21.0122,100,
2024-02-09T01:00:00+00:00,45.8,61.79,0.79,78.26,25,40,Warsaw,,52.2297,21.0122,100,
2024-02-09T02:00:00+00:00,42.46,53.95,1.66,72.47,25,40,Warsaw,,52.2297,21.0122,100,
2024-02-09T03:00:00+00:00,43.2,55.61,3.14,78.75,25,40,Warsaw,,52.2297,21.0122,100,
2024-02-09T04:00:00+00:00,39.94,57.89,3.85,81.1,25,40,Warsaw,,52.2297,21.0122,100,
2024-02-09T05:00:00+00:00,42.05,58.42,5.16,71.77,25,40,Warsaw,,52.2297,21.0122,100,
2024-02-09T06:00:00+00:00,35.18,46.89,4.45,76.97,25,40,Warsaw,,52.2297,21.0122,100,
2024-02-09T07:00:00+00:00,43.99,61.85,5.5,73.06,25,40,Warsaw,,52.2297,21.0122,100,
2024-02-09T08:00:00+00:00,36.52,51.09,4.09,72.76,25,40,Warsaw,,52.2297,21.0122,100,
2024-02-09T09:00:00+00:00,45.18,64.73,4.34,72.08,25,40,Warsaw,,52.2297,21.0122,100,
2024-02-09T10:00:00+00:00,36.26,46.79,1.66,69.55,25,40,Warsaw,,52.2297,21.0122,100,
2024-02-09T11:00:00+00:00,35.57,44.88,1.81,70.31,25,40,Warsaw,,52.2297,21.0122,100,
2024-02-09T12:00:00+00:00,39.5,51.34,1.78,75.06,25,40,Warsaw,,52.2297,21.0122,100,
2024-02-09T13:00:00+00:00,34.95,49.48,-1.05,66.17,25,40,Warsaw,,52.2297,21.0122,100,
2024-02-09T14:00:00+00:00,42.72,60.21,0.2,68.38,25,40,Warsaw,,52.2297,21.0122,100,
2024-02-09T15:00:00+00:00,36.38,49.57,-0.63,63.83,25,40,Warsaw,,52.2297,21.0122,100,
2024-02-09T16:00:00+00:00,40.65,56.0,-1.97,54.64,25,40,Warsaw,,52.2297,21.0122,100,
2024-02-09T17:00:00+00:00,44.81,59.88,-3.08,61.09,25,40,Warsaw,,52.2297,21.0122,100,
2024-02-09T18:00:00+00:00,40.04,51.91,-1.92,57.74,25,40,Warsaw,,52.2297,21.0122,100,
2024-02-09T19:00:00+00:00,34.99,46.03,-2.02,52.62,25,40,Warsaw,,52.2297,21.0122,100,
2024-02-09T20:00:00+00:00,33.47,41.8,-3.73,56.01,25,40,Warsaw,,52.2297,21.0122,100,
2024-02-09T21:00:00+00:00,45.59,57.99,-1.67,67.71,25,40,Warsaw,,52.2297,21.0122,100,
2024-02-09T22:00:00+00:00,36.34,50.16,-0.35,64.47,25,40,Warsaw,,52.2297,21.0122,100,
2024-02-09T23:00:00+00:00,37.33,50.18,-0.06,65.81,25,40,Warsaw,,52.2297,21.0122,100,
2024-02-10T00:00:00+00:00,45.93,62.41,1.49,76.24,25,40,Warsaw,,52.2297,21.0122,100,
2024-02-10T01:00:00+00:00,43.68,60.02,2.2,65.41,25,40,Warsaw,,52.2297,21.0122,100,
2024-02-10T02:00:00+00:00,41.13,52.38,3.9,69.31,25,40,Warsaw,,52.2297,21.0122,100,
2024-02-10T03:00:00+00:00,39.14,49.82,2.64,76.48,25,40,Warsaw,,52.2297,21.0122,100,
2024-02-10T04:00:00+00:00,46.05,62.3,5.03,84.34,25,40,Warsaw,,52.2297,21.0122,100,
2024-02-10T05:00:00+00:00,41.22,59.07,5.67,74.96,25,40,Warsaw,,52.2297,21.0122,100,
2024-02-10T06:00:00+00:00,45.2,64.56,5.52,74.05,25,40,Warsaw,,52.2297,21.0122,100,
2024-02-10T07:00:00+00:00,39.25,55.61,5.72,72.31,25,40,Warsaw,,52.2297,21.0122,100,
2024-02-10T08:00:00+00:00,38.31,52.55,3.39,84.51,25,40,Warsaw,,52.2297,21.0122,100,
2024-02-10T09:00:00+00:00,42.0,55.39,3.43,72.26,25,40,Warsaw,,52.2297,21.0122,100,
2024-02-10T10:00:00+00:00,39.64,54.63,2.58,72.1,25,40,Warsaw,,52.2297,21.0122,100,
2024-02-10T11:00:00+00:00,39.44,55.46,2.19,70.58,25,40,Warsaw,,52.2297,21.0122,100,
2024-02-10T12:00:00+00:00,36.78,47.99,1.17,75.5,25,40,Warsaw,,52.2297,21.0122,100,
2024-02-10T13:00:00+00:00,40.53,57.9,-0.12,70.97,25,40,Warsaw,,52.2297,21.0122,100,
2024-02-10T14:00:00+00:00,40.09,55.09,-1.57,71.88,25,40,Warsaw,,52.2297,21.0122,100,
2024-02-10T15:00:00+00:00,40.52,52.03,-2.74,55.39,25,40,Warsaw,,52.2297,21.0122,100,
2024-02-10T16:00:00+00:00,42.47,60.96,-1.24,58.57,25,40,Warsaw,,52.2297,21.0122,100,
2024-02-10T17:00:00+00:00,45.19,61.04,-4.05,63.31,25,40,Warsaw,,52.2297,21.0122,100,
2024-02-10T18:00:00+00:00,39.61,52.68,-3.86,53.72,25,40,Warsaw,,52.2297,21.0122,100,
2024-02-10T19:00:00+00:00,37.05,53.28,-3.5,55.74,25,40,Warsaw,,52.2297,21.0122,100,
2024-02-10T20:00:00+00:00,42.29,60.69,-2.49,63.81,25,40,Warsaw,,52.2297,21.0122,100,
2024-02-10T21:00:00+00:00,35.55,50.68,-2.86,66.26,25,40,Warsaw,,52.2297,21.0122,100,
2024-02-10T22:00:00+00:00,38.59,48.38,-2.14,67.47,25,40,Warsaw,,52.2297,21.0122,100,
2024-02-10T23:00:00+00:00,40.9,56.74,1.38,60.59,25,40,Warsaw,,52.2297,21.0122,100,
2024-02-11T00:00:00+00:00,42.46,55.92,-0.41,71.69,25,40,Warsaw,,52.2297,21.0122,100,
2024-02-11T01:00:00+00:00,36.78,46.95,2.76,75.47,25,40,Warsaw,,52.2297,21.0122,100,
2024-02-11T02:00:00+00:00,43.0,56.77,2.16,75.1,25,40,Warsaw,,52.2297,21.0122,100,
2024-02-11T03:00:00+00:00,43.05,55.66,2.35,77.56,25,40,Warsaw,,52.2297,21.0122,100,
2024-02-11T04:00:00+00:00,44.7,61.7,5.38,76.6,25,40,Warsaw,,52.2297,21.0122,100,
2024-02-11T05:00:00+00:00,36.82,45.94,3.58,86.56,25,40,Warsaw,,52.2297,21.0122,100,
2024-02-11T06:00:00+00:00,41.31,57.04,3.5,86.47,25,40,Warsaw,,52.2297,21.0122,100,
2024-02-11T07:00:00+00:00,42.31,57.72,4.62,75.69,25,40,Warsaw,,52.2297,21.0122,100,
2024-02-11T08:00:00+00:00,41.87,57.5,4.4,73.78,25,40,Warsaw,,52.2297,21.0122,100,
2024-02-11T09:00:00+00:00,44.23,57.83,3.51,77.27,25,40,Warsaw,,52.2297,21.0122,100,
2024-02-11T10:00:00+00:00,39.47,49.45,3.75,76.44,25,40,Warsaw,,52.2297,21.0122,100,
2024-02-11T11:00:00+00:00,43.44,55.56,0.77,70.3,25,40,Warsaw,,52.2297,21.0122,100,
2024-02-11T12:00:00+00:00,45.92,59.17,0.01,74.06,25,40,Warsaw,,52.2297,21.0122,100,
2024-02-11T13:00:00+00:00,37.27,51.76,-0.8,61.83,25,40,Warsaw,,52.2297,21.0122,100,
2024-02-11T14:00:00+00:00,42.04,59.85,-1.54,59.52,25,40,Warsaw,,52.2297,21.0122,100,
2024-02-11T15:00:00+00:00,33.71,46.17,-3.21,59.64,25,40,Warsaw,,52.2297,21.0122,100,
2024-02-11T16:00:00+00:00,34.92,50.09,-3.84,63.58,25,40,Warsaw,,52.2297,21.0122,100,
2024-02-11T17:00:00+00:00,33.77,49.25,-3.67,59.94,25,40,Warsaw,,52.2297,21.0122,100,
2024-02-11T18:00:00+00:00,34.2,50.14,-3.32,63.07,25,40,Warsaw,,52.2297,21.0122,100,
2024-02-11T19:00:00+00:00,40.45,51.89,-3.09,67.69,25,40,Warsaw,,52.2297,21.0122,100,
2024-02-11T20:00:00+00:00,46.08,61.98,-3.33,68.12,25,40,Warsaw,,52.2297,21.0122,100,
2024-02-11T21:00:00+00:00,34.01,49.77,-1.24,55.21,25,40,Warsaw,,52.2297,21.0122,100,
2024-02-11T22:00:00+00:00,45.12,58.61,-2.33,71.94,25,40,Warsaw,,52.2297,21.0122,100,
2024-02-11T23:00:00+00:00,36.24,50.84,-0.41,71.91,25,40,Warsaw,,52.2297,21.0122,100,
2024-02-12T00:00:00+00:00,43.17,57.75,1.58,74.4,25,40,Warsaw,,52.2297,21.0122,100,
2024-02-12T01:00:00+00:00,37.27,48.99,1.3,71.8,25,40,Warsaw,,52.2297,21.0122,100,
2024-02-12T02:00:00+00:00,44.42,63.3,2.46,73.83,25,40,Warsaw,,52.2297,21.0122,100,
2024-02-12T03:00:00+00:00,40.2,57.92,2.61,72.91,25,40,Warsaw,,52.2297,21.0122,100,
2024-02-12T04:00:00+00:00,40.63,55.85,3.93,78.14,25,40,Warsaw,,52.2297,21.0122,100,
2024-02-12T05:00:00+00:00,38.73,52.84,6.31,85.75,25,40,Warsaw,,52.2297,21.0122,100,
2024-02-12T06:00:00+00:00,35.06,46.83,4.73,73.93,25,40,Warsaw,,52.2297,21.0122,100,
2024-02-12T07:00:00+00:00,38.48,55.78,4.31,80.88,25,40,Warsaw,,52.2297,21.0122,100,
2024-02-12T08:00:00+00:00,43.51,54.82,3.76,72.4,25,40,Warsaw,,52.2297,21.0122,100,
2024-02-12T09:00:00+00:00,38.07,51.64,4.78,70.63,25,40,Warsaw,,52.2297,21.0122,100,
2024-02-12T10:00:00+00:00,37.59,54.44,2.89,74.12,25,40,Warsaw,,52.2297,21.0122,100,
2024-02-12T11:00:00+00:00,38.6,49.35,1.49,79.13,25,40,Warsaw,,52.2297,21.0122,100,
2024-02-12T12:00:00+00:00,41.27,53.05,0.29,64.02,25,40,Warsaw,,52.2297,21.0122,100,
2024-02-12T13:00:00+00:00,39.24,52.73,1.21,75.34,25,40,Warsaw,,52.2297,21.0122,100,
2024-02-12T14:00:00+00:00,42.78,53.85,-1.63,57.71,25,40,Warsaw,,52.2297,21.0122,100,
2024-02-12T15:00:00+00:00,35.84,52.21,-0.59,61.92,25,40,Warsaw,,52.2297,21.0122,100,
2024-02-12T16:00:00+00:00,38.18,48.45,-1.06,67.12,25,40,Warsaw,,52.2297,21.0122,100,
2024-02-12T17:00:00+00:00,35.97,45.25,-1.84,64.43,25,40,Warsaw,,52.2297,21.0122,100,
2024-02-12T18:00:00+00:00,33.63,47.47,-3.35,53.13,25,40,Warsaw,,52.2297,21.0122,100,
2024-02-12T19:00:00+00:00,43.04,61.61,-4.13,62.8,25,40,Warsaw,,52.2297,21.0122,100,
2024-02-12T20:00:00+00:00,45.39,64.63,-1.42,68.23,25,40,Warsaw,,52.2297,21.0122,100,
2024-02-12T21:00:00+00:00,40.35,57.15,-3.03,61.35,25,40,Warsaw,,52.2297,21.0122,100,
2024-02-12T22:00:00+00:00,34.61,49.74,0.48,68.09,25,40,Warsaw,,52.2297,21.0122,100,
2024-02-12T23:00:00+00:00,39.12,53.18,0.59,68.84,25,40,Warsaw,,52.2297,21.0122,100,
2024-02-13T00:00:00+00:00,43.9,58.94,1.46,66.1,25,40,Warsaw,,52.2297,21.0122,100,
2024-02-13T01:00:00+00:00,34.84,48.76,1.33,69.79,25,40,Warsaw,,52.2297,21.0122,100,
2024-02-13T02:00:00+00:00,45.51,64.51,1.87,81.86,25,40,Warsaw,,52.2297,21.0122,100,
2024-02-13T03:00:00+00:00,42.77,57.64,3.86,73.77,25,40,Warsaw,,52.2297,21.0122,100,
2024-02-13T04:00:00+00:00,41.31,59.12,3.16,85.04,25,40,Warsaw,,52.2297,21.0122,100,
2024-02-13T05:00:00+00:00,35.88,49.25,4.5,74.41,25,40,Warsaw,,52.2297,21.0122,100,
2024-02-13T06:00:00+00:00,40.06,55.08,5.51,80.39,25,40,Warsaw,,52.2297,21.0122,100,
2024-02-13T07:00:00+00:00,36.18,47.32,4.11,73.62,25,40,Warsaw,,52.2297,21.0122,100,
2024-02-13T08:00:00+00:00,40.74,58.73,4.4,81.27,25,40,Warsaw,,52.2297,21.0122,100,
2024-02-13T09:00:00+00:00,42.16,57.62,4.84,73.21,25,40,Warsaw,,52.2297,21.0122,100,
2024-02-13T10:00:00+00:00,43.05,54.49,1.59,76.22,25,40,Warsaw,,52.2297,21.0122,100,
2024-02-13T11:00:00+00:00,38.12,55.27,2.37,69.95,25,40,Warsaw,,52.2297,21.0122,100,
2024-02-13T12:00:00+00:00,40.84,51.56,1.97,74.66,25,40,Warsaw,,52.2297,21.0122,100,
2024-02-13T13:00:00+00:00,38.33,48.78,0.15,63.02,25,40,Warsaw,,52.2297,21.0122,100,
2024-02-13T14:00:00+00:00,37.82,48.07,-1.1,60.75,25,40,Warsaw,,52.2297,21.0122,100,
2024-02-13T15:00:00+00:00,40.17,54.01,-2.28,63.04,25,40,Warsaw,,52.2297,21.0122,100,
2024-02-13T16:00:00+00:00,42.83,54.53,-3.22,56.3,25,40,Warsaw,,52.2297,21.0122,100,
2024-02-13T17:00:00+00:00,39.26,52.45,-3.71,65.72,25,40,Warsaw,,52.2297,21.0122,100,
2024-02-13T18:00:00+00:00,44.29,62.61,-3.95,65.95,25,40,Warsaw,,52.2297,21.0122,100,
2024-02-13T19:00:00+00:00,34.95,46.03,-2.12,61.92,25,40,Warsaw,,52.2297,21.0122,100,
2024-02-13T20:00:00+00:00,42.37,58.36,-1.57,63.35,25,40,Warsaw,,52.2297,21.0122,100,
2024-02-13T21:00:00+00:00,36.8,47.15,-1.32,68.95,25,40,Warsaw,,52.2297,21.0122,100,
2024-02-13T22:00:00+00:00,41.23,56.53,-2.43,57.94,25,40,Warsaw,,52.2297,21.0122,100,
2024-02-13T23:00:00+00:00,38.88,52.05,-0.11,65.37,25,40,Warsaw,,52.2297,21.0122,100,
2024-02-14T00:00:00+00:00,34.26,46.07,1.31,63.54,25,40,Warsaw,,52.2297,21.0122,100,
2024-02-14T01:00:00+00:00,43.4,57.58,3.14,66.5,25,40,Warsaw,,52.2297,21.0122,100,
2024-02-14T02:00:00+00:00,38.98,52.94,2.07,82.56,25,40,Warsaw,,52.2297,21.0122,100,
2024-02-14T03:00:00+00:00,40.53,56.15,3.29,84.69,25,40,Warsaw,,52.2297,21.0122,100,
2024-02-14T04:00:00+00:00,38.49,49.84,5.21,77.29,25,40,Warsaw,,52.2297,21.0122,100,
2024-02-14T05:00:00+00:00,38.19,52.72,5.25,83.67,25,40,Warsaw,,52.2297,21.0122,100,
2024-02-14T06:00:00+00:00,44.58,59.72,4.81,86.3,25,40,Warsaw,,52.2297,21.0122,100,
2024-02-14T07:00:00+00:00,37.88,48.08,5.12,79.86,25,40,Warsaw,,52.2297,21.0122,100,
2024-02-14T08:00:00+00:00,46.59,66.65,3.38,81.18,25,40,Warsaw,,52.2297,21.0122,100,
2024-02-14T09:00:00+00:00,34.95,49.57,3.75,74.58,25,40,Warsaw,,52.2297,21.0122,100,
2024-02-14T10:00:00+00:00,37.86,51.33,1.93,77.53,25,40,Warsaw,,52.2297,21.0122,100,
2024-02-14T11:00:00+00:00,45.41,63.1,1.45,76.38,25,40,Warsaw,,52.2297,21.0122,100,
2024-02-14T12:00:00+00:00,39.93,54.18,0.66,65.7,25,40,Warsaw,,52.2297,21.0122,100,
2024-02-14T13:00:00+00:00,37.82,50.58,0.54,71.06,25,40,Warsaw,,52.2297,21.0122,100,
2024-02-14T14:00:00+00:00,44.15,57.2,-1.44,59.0,25,40,Warsaw,,52.2297,21.0122,100,
2024-02-14T15:00:00+00:00,37.22,49.99,-2.74,67.07,25,40,Warsaw,,52.2297,21.0122,100,
2024-02-14T16:00:00+00:00,43.93,59.03,-1.85,60.68,25,40,Warsaw,,52.2297,21.0122,100,
2024-02-14T17:00:00+00:00,37.23,52.94,-3.19,57.51,25,40,Warsaw,,52.2297,21.0122,100,
2024-02-14T18:00:00+00:00,33.54,43.29,-2.85,57.21,25,40,Warsaw,,52.2297,21.0122,100,
2024-02-14T19:00:00+00:00,33.92,44.88,-2.53,57.38,25,40,Warsaw,,52.2297,21.0122,100,
2024-02-14T20:00:00+00:00,40.03,53.43,-1.44,61.02,25,40,Warsaw,,52.2297,21.0122,100,
2024-02-14T21:00:00+00:00,39.72,54.73,-1.34,60.72,25,40,Warsaw,,52.2297,21.0122,100,
2024-02-14T22:00:00+00:00,37.39,47.9,-1.57,69.0,25,40,Warsaw,,52.2297,21.0122,100,
2024-02-14T23:00:00+00:00,41.54,55.96,1.16,59.72,25,40,Warsaw,,52.2297,21.0122,100,
2024-02-15T00:00:00+00:00,36.79,52.48,1.26,67.1,25,40,Warsaw,,52.2297,21.0122,100,
2024-02-15T01:00:00+00:00,37.43,48.29,2.01,76.79,25,40,Warsaw,,52.2297,21.0122,100,
2024-02-15T02:00:00+00:00,41.6,52.92,3.27,80.43,25,40,Warsaw,,52.2297,21.0122,100,
2024-02-15T03:00:00+00:00,39.07,56.29,2.87,83.86,25,40,Warsaw,,52.2297,21.0122,100,
2024-02-15T04:00:00+00:00,39.87,54.53,3.05,85.3,25,40,Warsaw,,52.2297,21.0122,100,
2024-02-15T05:00:00+00:00,36.91,46.93,5.84,84.38,25,40,Warsaw,,52.2297,21.0122,100,
2024-02-15T06:00:00+00:00,36.7,48.59,3.73,83.08,25,40,Warsaw,,52.2297,21.0122,100,
2024-02-15T07:00:00+00:00,39.14,49.15,4.66,81.71,25,40,Warsaw,,52.2297,21.0122,100,
2024-02-15T08:00:00+00:00,43.2,60.32,5.03,75.55,25,40,Warsaw,,52.2297,21.0122,100,
2024-02-15T09:00:00+00:00,39.5,56.16,3.94,76.49,25,40,Warsaw,,52.2297,21.0122,100,
2024-02-15T10:00:00+00:00,44.24,60.82,1.57,70.03,25,40,Warsaw,,52.2297,21.0122,100,
2024-02-15T11:00:00+00:00,41.05,56.03,3.01,79.44,25,40,Warsaw,,52.2297,21.0122,100,
2024-02-15T12:00:00+00:00,43.24,60.6,2.06,71.76,25,40,Warsaw,,52.2297,21.0122,100,
2024-02-15T13:00:00+00:00,38.0,47.77,-0.34,70.86,25,40,Warsaw,,52.2297,21.0122,100,
2024-02-15T14:00:00+00:00,33.64,46.94,-0.68,62.58,25,40,Warsaw,,52.2297,21.0122,100,
2024-02-15T15:00:00+00:00,42.32,56.75,-1.73,69.85,25,40,Warsaw,,52.2297,21.0122,100,
2024-02-15T16:00:00+00:00,42.23,55.78,-1.17,68.84,25,40,Warsaw,,52.2297,21.0122,100,
2024-02-15T17:00:00+00:00,37.46,52.29,-2.75,60.5,25,40,Warsaw,,52.2297,21.0122,100,
2024-02-15T18:00:00+00:00,37.27,54.15,-2.4,64.74,25,40,Warsaw,,52.2297,21.0122,100,
2024-02-15T19:00:00+00:00,42.04,53.5,-2.4,54.06,25,40,Warsaw,,52.2297,21.0122,100,
2024-02-15T20:00:00+00:00,40.94,54.36,-3.08,60.8,25,40,Warsaw,,52.2297,21.0122,100,
2024-02-15T21:00:00+00:00,40.1,52.93,-1.94,70.33,25,40,Warsaw,,52.2297,21.0122,100,
2024-02-15T22:00:00+00:00,42.61,57.54,0.16,69.32,25,40,Warsaw,,52.2297,21.0122,100,
2024-02-15T23:00:00+00:00,41.17,58.49,-1.05,60.91,25,40,Warsaw,,52.2297,21.0122,100,
2024-02-16T00:00:00+00:00,40.65,53.47,-0.08,75.64,25,40,Warsaw,,52.2297,21.0122,100,
2024-02-16T01:00:00+00:00,39.87,50.63,2.52,76.04,25,40,Warsaw,,52.2297,21.0122,100,
2024-02-16T02:00:00+00:00,42.46,56.41,3.02,73.25,25,40,Warsaw,,52.2297,21.0122,100,
2024-02-16T03:00:00+00:00,40.14,54.27,3.3,82.17,25,40,Warsaw,,52.2297,21.0122,100,
2024-02-16T04:00:00+00:00,42.15,55.41,5.63,75.92,25,40,Warsaw,,52.2297,21.0122,100,
2024-02-16T05:00:00+00:00,40.5,56.04,4.24,72.36,25,40,Warsaw,,52.2297,21.0122,100,
2024-02-16T06:00:00+00:00,38.68,55.58,4.86,81.81,25,40,Warsaw,,52.2297,21.0122,100,
2024-02-16T07:00:00+00:00,40.65,58.83,4.94,84.9,25,40,Warsaw,,52.2297,21.0122,100,
2024-02-16T08:00:00+00:00,44.34,59.19,3.43,77.0,25,40,Warsaw,,52.2297,21.0122,100,
2024-02-16T09:00:00+00:00,37.87,48.61,3.4,72.37,25,40,Warsaw,,52.2297,21.0122,100,
2024-02-16T10:00:00+00:00,43.57,60.26,2.13,81.88,25,40,Warsaw,,52.2297,21.0122,100,
2024-02-16T11:00:00+00:00,36.88,50.3,3.44,73.4,25,40,Warsaw,,52.2297,21.0122,100,
2024-02-16T12:00:00+00:00,37.48,52.41,0.91,76.13,25,40,Warsaw,,52.2297,21.0122,100,
2024-02-16T13:00:00+00:00,44.42,63.33,-0.35,70.24,25,40,Warsaw,,52.2297,21.0122,100,
2024-02-16T14:00:00+00:00,44.73,63.0,-1.71,67.37,25,40,Warsaw,,52.2297,21.0122,100,
2024-02-16T15:00:00+00:00,40.34,57.26,-2.06,58.44,25,40,Warsaw,,52.2297,21.0122,100,
2024-02-16T16:00:00+00:00,36.94,49.13,-2.48,60.94,25,40,Warsaw,,52.2297,21.0122,100,
2024-02-16T17:00:00+00:00,36.08,46.0,-3.42,67.49,25,40,Warsaw,,52.2297,21.0122,100,
2024-02-16T18:00:00+00:00,37.76,50.77,-2.63,54.61,25,40,Warsaw,,52.2297,21.0122,100,
2024-02-16T19:00:00+00:00,38.65,48.25,-1.98,67.9,25,40,Warsaw,,52.2297,21.0122,100,
2024-02-16T20:00:00+00:00,39.31,54.48,-3.61,68.15,25,40,Warsaw,,52.2297,21.0122,100,
2024-02-16T21:00:00+00:00,35.17,50.92,-3.27,60.49,25,40,Warsaw,,52.2297,21.0122,100,
2024-02-16T22:00:00+00:00,36.04,48.69,-0.59,67.7,25,40,Warsaw,,52.2297,21.0122,100,
2024-02-16T23:00:00+00:00,42.32,56.31,1.04,71.09,25,40,Warsaw,,52.2297,21.0122,100,
2024-02-17T00:00:00+00:00,36.33,51.83,1.8,65.0,25,40,Warsaw,,52.2297,21.0122,100,
2024-02-17T01:00:00+00:00,35.74,51.43,3.22,71.48,25,40,Warsaw,,52.2297,21.0122,100,
2024-02-17T02:00:00+00:00,43.95,56.15,3.22,75.41,25,40,Warsaw,,52.2297,21.0122,100,
2024-02-17T03:00:00+00:00,36.33,49.6,4.28,72.62,25,40,Warsaw,,52.2297,21.0122,100,
2024-02-17T04:00:00+00:00,43.53,61.12,4.72,81.04,25,40,Warsaw,,52.2297,21.0122,100,
2024-02-17T05:00:00+00:00,41.89,59.59,3.91,80.68,25,40,Warsaw,,52.2297,21.0122,100,
2024-02-17T06:00:00+00:00,42.22,55.38,5.21,78.87,25,40,Warsaw,,52.2297,21.0122,100,
2024-02-17T07:00:00+00:00,38.48,49.17,6.07,73.86,25,40,Warsaw,,52.2297,21.0122,100,
2024-02-17T08:00:00+00:00,38.71,55.64,2.98,75.07,25,40,Warsaw,,52.2297,21.0122,100,
2024-02-17T09:00:00+00:00,35.66,50.33,4.55,81.68,25,40,Warsaw,,52.2297,21.0122,100,
2024-02-17T10:00:00+00:00,37.43,46.86,1.78,70.05,25,40,Warsaw,,52.2297,21.0122,100,
2024-02-17T11:00:00+00:00,41.33,53.82,1.94,65.61,25,40,Warsaw,,52.2297,21.0122,100,
2024-02-17T12:00:00+00:00,39.92,56.64,-0.1,63.45,25,40,Warsaw,,52.2297,21.0122,100,
2024-02-17T13:00:00+00:00,43.89,63.0,0.17,72.98,25,40,Warsaw,,52.2297,21.0122,100,
2024-02-17T14:00:00+00:00,44.89,62.97,-1.67,69.77,25,40,Warsaw,,52.2297,21.0122,100,
2024-02-17T15:00:00+00:00,45.08,61.92,-2.78,68.49,25,40,Warsaw,,52.2297,21.0122,100,
2024-02-17T16:00:00+00:00,34.28,43.79,-2.7,57.52,25,40,Warsaw,,52.2297,21.0122,100,
2024-02-17T17:00:00+00:00,37.18,53.23,-4.31,58.07,25,40,Warsaw,,52.2297,21.0122,100,
2024-02-17T18:00:00+00:00,41.07,52.68,-3.24,63.68,25,40,Warsaw,,52.2297,21.0122,100,
2024-02-17T19:00:00+00:00,42.94,60.37,-2.98,52.4,25,40,Warsaw,,52.2297,21.0122,100,
2024-02-17T20:00:00+00:00,35.13,48.6,-2.31,58.25,25,40,Warsaw,,52.2297,21.0122,100,
2024-02-17T21:00:00+00:00,37.57,49.53,-1.73,57.7,25,40,Warsaw,,52.2297,21.0122,100,
2024-02-17T22:00:00+00:00,43.72,59.18,-1.85,66.37,25,40,Warsaw,,52.2297,21.0122,100,
2024-02-17T23:00:00+00:00,38.37,50.35,-1.26,59.43,25,40,Warsaw,,52.2297,21.0122,100,
2024-02-18T00:00:00+00:00,40.41,57.84,1.27,71.11,25,40,Warsaw,,52.2297,21.0122,100,
2024-02-18T01:00:00+00:00,44.49,63.73,1.46,74.19,25,40,Warsaw,,52.2297,21.0122,100,
2024-02-18T02:00:00+00:00,45.03,59.75,3.91,70.62,25,40,Warsaw,,52.2297,21.0122,100,
2024-02-18T03:00:00+00:00,39.45,51.54,5.08,84.94,25,40,Warsaw,,52.2297,21.0122,100,
2024-02-18T04:00:00+00:00,37.39,53.97,5.45,74.42,25,40,Warsaw,,52.2297,21.0122,100,
2024-02-18T05:00:00+00:00,37.71,52.1,5.22,74.87,25,40,Warsaw,,52.2297,21.0122,100,
2024-02-18T06:00:00+00:00,44.87,61.96,6.05,86.27,25,40,Warsaw,,52.2297,21.0122,100,
2024-02-18T07:00:00+00:00,43.82,59.12,6.22,72.46,25,40,Warsaw,,52.2297,21.0122,100,
2024-02-18T08:00:00+00:00,42.93,58.09,4.29,72.84,25,40,Warsaw,,52.2297,21.0122,100,
2024-02-18T09:00:00+00:00,39.93,54.74,3.56,75.3,25,40,Warsaw,,52.2297,21.0122,100,
2024-02-18T10:00:00+00:00,39.31,51.23,4.15,67.61,25,40,Warsaw,,52.2297,21.0122,100,
2024-02-18T11:00:00+00:00,38.99,53.85,2.12,78.76,25,40,Warsaw,,52.2297,21.0122,100,
2024-02-18T12:00:00+00:00,35.98,52.02,1.35,63.39,25,40,Warsaw,,52.2297,21.0122,100,
2024-02-18T13:00:00+00:00,45.88,63.08,-0.74,72.64,25,40,Warsaw,,52.2297,21.0122,100,
2024-02-18T14:00:00+00:00,41.24,53.0,-1.11,68.47,25,40,Warsaw,,52.2297,21.0122,100,
2024-02-18T15:00:00+00:00,41.89,54.46,-1.87,62.18,25,40,Warsaw,,52.2297,21.0122,100,
2024-02-18T16:00:00+00:00,44.46,57.79,-0.97,65.58,25,40,Warsaw,,52.2297,21.0122,100,
2024-02-18T17:00:00+00:00,43.04,58.87,-2.92,65.53,25,40,Warsaw,,52.2297,21.0122,100,
2024-02-18T18:00:00+00:00,41.28,56.91,-4.22,67.4,25,40,Warsaw,,52.2297,21.0122,100,
2024-02-18T19:00:00+00:00,39.68,51.57,-3.45,60.84,25,40,Warsaw,,52.2297,21.0122,100,
2024-02-18T20:00:00+00:00,35.8,45.11,-3.75,68.55,25,40,Warsaw,,52.2297,21.0122,100,
2024-02-18T21:00:00+00:00,38.36,54.55,-1.68,60.64,25,40,Warsaw,,52.2297,21.0122,100,
2024-02-18T22:00:00+00:00,42.12,57.16,-0.12,71.81,25,40,Warsaw,,52.2297,21.0122,100,
2024-02-18T23:00:00+00:00,45.54,63.39,-1.17,73.53,25,40,Warsaw,,52.2297,21.0122,100,
2024-02-19T00:00:00+00:00,36.57,52.34,0.08,74.13,25,40,Warsaw,,52.2297,21.0122,100,
2024-02-19T01:00:00+00:00,37.06,49.72,3.4,70.64,25,40,Warsaw,,52.2297,21.0122,100,
2024-02-19T02:00:00+00:00,39.63,50.33,3.45,78.13,25,40,Warsaw,,52.2297,21.0122,100,
2024-02-19T03:00:00+00:00,39.36,50.88,3.26,72.31,25,40,Warsaw,,52.2297,21.0122,100,
2024-02-19T04:00:00+00:00,44.14,63.33,4.82,83.52,25,40,Warsaw,,52.2297,21.0122,100,
2024-02-19T05:00:00+00:00,39.85,56.26,4.96,76.75,25,40,Warsaw,,52.2297,21.0122,100,
2024-02-19T06:00:00+00:00,41.72,55.95,5.99,72.09,25,40,Warsaw,,52.2297,21.0122,100,
2024-02-19T07:00:00+00:00,42.25,60.27,4.23,85.3,25,40,Warsaw,,52.2297,21.0122,100,
2024-02-19T08:00:00+00:00,40.76,58.32,3.72,77.2,25,40,Warsaw,,52.2297,21.0122,100,
2024-02-19T09:00:00+00:00,44.19,61.85,3.77,82.29,25,40,Warsaw,,52.2297,21.0122,100,
2024-02-19T10:00:00+00:00,36.24,52.91,2.07,78.44,25,40,Warsaw,,52.2297,21.0122,100,
2024-02-19T11:00:00+00:00,45.22,59.39,2.13,79.23,25,40,Warsaw,,52.2297,21.0122,100,
2024-02-19T12:00:00+00:00,34.53,48.77,0.24,62.11,25,40,Warsaw,,52.2297,21.0122,100,
2024-02-19T13:00:00+00:00,41.08,55.36,0.17,62.8,25,40,Warsaw,,52.2297,21.0122,100,
2024-02-19T14:00:00+00:00,40.73,54.1,-0.87,61.97,25,40,Warsaw,,52.2297,21.0122,100,
2024-02-19T15:00:00+00:00,37.46,47.55,-1.77,58.63,25,40,Warsaw,,52.2297,21.0122,100,
2024-02-19T16:00:00+00:00,34.64,46.49,-1.34,58.04,25,40,Warsaw,,52.2297,21.0122,100,
2024-02-19T17:00:00+00:00,34.48,45.28,-2.21,61.13,25,40,Warsaw,,52.2297,21.0122,100,
2024-02-19T18:00:00+00:00,39.58,50.59,-3.56,59.34,25,40,Warsaw,,52.2297,21.0122,100,
2024-02-19T19:00:00+00:00,45.46,61.62,-2.64,67.93,25,40,Warsaw,,52.2297,21.0122,100,
2024-02-19T20:00:00+00:00,43.06,59.58,-0.97,55.07,25,40,Warsaw,,52.2297,21.0122,100,
2024-02-19T21:00:00+00:00,37.49,50.48,-3.06,57.78,25,40,Warsaw,,52.2297,21.0122,100,
2024-02-19T22:00:00+00:00,39.96,53.65,0.11,71.8,25,40,Warsaw,,52.2297,21.0122,100,
2024-02-19T23:00:00+00:00,39.91,57.53,-1.33,67.28,25,40,Warsaw,,52.2297,21.0122,100,
2024-02-20T00:00:00+00:00,41.67,58.16,-0.29,72.49,25,40,Warsaw,,52.2297,21.0122,100,
2024-02-20T01:00:00+00:00,38.3,50.54,2.03,74.89,25,40,Warsaw,,52.2297,21.0122,100,
2024-02-20T02:00:00+00:00,44.38,56.33,2.11,74.76,25,40,Warsaw,,52.2297,21.0122,100,
2024-02-20T03:00:00+00:00,37.2,48.46,5.19,75.64,25,40,Warsaw,,52.2297,21.0122,100,
2024-02-20T04:00:00+00:00,40.94,55.4,5.91,72.73,25,40,Warsaw,,52.2297,21.0122,100,
2024-02-20T05:00:00+00:00,37.53,54.49,4.83,86.53,25,40,Warsaw,,52.2297,21.0122,100,
2024-02-20T06:00:00+00:00,36.51,49.27,4.99,74.87,25,40,Warsaw,,52.2297,21.0122,100,
2024-02-20T07:00:00+00:00,35.67,48.08,4.07,74.83,25,40,Warsaw,,52.2297,21.0122,100,
2024-02-20T08:00:00+00:00,36.61,45.57,5.93,78.43,25,40,Warsaw,,52.2297,21.0122,100,
2024-02-20T09:00:00+00:00,36.32,48.29,3.48,84.34,25,40,Warsaw,,52.2297,21.0122,100,
2024-02-20T10:00:00+00:00,34.67,43.42,3.24,68.3,25,40,Warsaw,,52.2297,21.0122,100,
2024-02-20T11:00:00+00:00,37.78,51.4,1.53,72.02,25,40,Warsaw,,52.2297,21.0122,100,
2024-02-20T12:00:00+00:00,39.49,57.11,1.19,67.67,25,40,Warsaw,,52.2297,21.0122,100,
2024-02-20T13:00:00+00:00,34.73,45.52,-0.01,67.5,25,40,Warsaw,,52.2297,21.0122,100,
2024-02-20T14:00:00+00:00,37.08,51.27,-0.16,61.78,25,40,Warsaw,,52.2297,21.0122,100,
2024-02-20T15:00:00+00:00,33.98,48.14,-0.61,57.4,25,40,Warsaw,,52.2297,21.0122,100,
2024-02-20T16:00:00+00:00,40.63,58.4,-3.46,62.27,25,40,Warsaw,,52.2297,21.0122,100,
2024-02-20T17:00:00+00:00,37.67,47.15,-2.8,67.36,25,40,Warsaw,,52.2297,21.0122,100,
2024-02-20T18:00:00+00:00,34.87,50.33,-4.34,55.65,25,40,Warsaw,,52.2297,21.0122,100,
2024-02-20T19:00:00+00:00,41.67,54.54,-3.88,54.58,25,40,Warsaw,,52.2297,21.0122,100,
2024-02-20T20:00:00+00:00,40.96,54.75,-3.18,66.19,25,40,Warsaw,,52.2297,21.0122,100,
2024-02-20T21:00:00+00:00,42.98,56.81,-2.46,67.92,25,40,Warsaw,,52.2297,21.0122,100,
2024-02-20T22:00:00+00:00,36.51,48.58,-2.01,57.74,25,40,Warsaw,,52.2297,21.0122,100,
2024-02-20T23:00:00+00:00,38.55,53.81,-1.13,73.64,25,40,Warsaw,,52.2297,21.0122,100,
2024-02-21T00:00:00+00:00,36.29,48.92,1.9,67.58,25,40,Warsaw,,52.2297,21.0122,100,
2024-02-21T01:00:00+00:00,42.86,55.71,0.65,74.01,25,40,Warsaw,,52.2297,21.0122,100,
2024-02-21T02:00:00+00:00,39.92,55.55,1.97,82.5,25,40,Warsaw,,52.2297,21.0122,100,
2024-02-21T03:00:00+00:00,39.05,56.26,2.82,81.44,25,40,Warsaw,,52.2297,21.0122,100,
2024-02-21T04:00:00+00:00,39.29,56.33,4.99,85.57,25,40,Warsaw,,52.2297,21.0122,100,
2024-02-21T05:00:00+00:00,44.07,57.43,5.24,84.65,25,40,Warsaw,,52.2297,21.0122,100,
2024-02-21T06:00:00+00:00,45.24,63.9,4.21,85.84,25,40,Warsaw,,52.2297,21.0122,100,
2024-02-21T07:00:00+00:00,40.16,56.84,4.26,87.28,25,40,Warsaw,,52.2297,21.0122,100,
2024-02-21T08:00:00+00:00,39.56,55.84,5.44,73.05,25,40,Warsaw,,52.2297,21.0122,100,
2024-02-21T09:00:00+00:00,43.24,61.09,4.88,72.56,25,40,Warsaw,,52.2297,21.0122,100,
2024-02-21T10:00:00+00:00,39.84,53.13,2.8,77.27,25,40,Warsaw,,52.2297,21.0122,100,
2024-02-21T11:00:00+00:00,34.91,49.44,2.25,74.21,25,40,Warsaw,,52.2297,21.0122,100,
2024-02-21T12:00:00+00:00,45.24,64.13,1.01,72.23,25,40,Warsaw,,52.2297,21.0122,100,
2024-02-21T13:00:00+00:00,39.02,51.86,-0.37,66.83,25,40,Warsaw,,52.2297,21.0122,100,
2024-02-21T14:00:00+00:00,38.8,55.49,-0.76,71.82,25,40,Warsaw,,52.2297,21.0122,100,
2024-02-21T15:00:00+00:00,36.8,50.24,-1.82,69.39,25,40,Warsaw,,52.2297,21.0122,100,
2024-02-21T16:00:00+00:00,40.82,58.59,-2.81,58.2,25,40,Warsaw,,52.2297,21.0122,100,
2024-02-21T17:00:00+00:00,43.63,60.1,-3.91,54.1,25,40,Warsaw,,52.2297,21.0122,100,
2024-02-21T18:00:00+00:00,43.9,57.53,-2.42,56.79,25,40,Warsaw,,52.2297,21.0122,100,
2024-02-21T19:00:00+00:00,43.69,58.0,-3.48,64.53,25,40,Warsaw,,52.2297,21.0122,100,
2024-02-21T20:00:00+00:00,37.82,47.14,-2.65,61.74,25,40,Warsaw,,52.2297,21.0122,100,
2024-02-21T21:00:00+00:00,45.4,62.04,-1.58,66.93,25,40,Warsaw,,52.2297,21.0122,100,
2024-02-21T22:00:00+00:00,37.36,51.33,-1.88,60.04,25,40,Warsaw,,52.2297,21.0122,100,
2024-02-21T23:00:00+00:00,37.1,50.68,0.06,68.86,25,40,Warsaw,,52.2297,21.0122,100,
2024-02-22T00:00:00+00:00,36.05,50.82,2.42,74.59,25,40,Warsaw,,52.2297,21.0122,100,
2024-02-22T01:00:00+00:00,37.27,53.44,0.83,79.29,25,40,Warsaw,,52.2297,21.0122,100,
2024-02-22T02:00:00+00:00,38.44,55.76,2.62,82.77,25,40,Warsaw,,52.2297,21.0122,100,
2024-02-22T03:00:00+00:00,44.49,60.69,4.16,70.79,25,40,Warsaw,,52.2297,21.0122,100,
2024-02-22T04:00:00+00:00,43.77,62.3,5.49,84.24,25,40,Warsaw,,52.2297,21.0122,100,
2024-02-22T05:00:00+00:00,38.45,49.7,3.89,72.26,25,40,Warsaw,,52.2297,21.0122,100,
2024-02-22T06:00:00+00:00,40.98,52.6,3.59,85.11,25,40,Warsaw,,52.2297,21.0122,100,
2024-02-22T07:00:00+00:00,40.09,57.95,3.98,80.47,25,40,Warsaw,,52.2297,21.0122,100,
2024-02-22T08:00:00+00:00,40.81,55.12,3.77,79.67,25,40,Warsaw,,52.2297,21.0122,100,
2024-02-22T09:00:00+00:00,40.44,58.3,2.61,78.48,25,40,Warsaw,,52.2297,21.0122,100,
2024-02-22T10:00:00+00:00,38.33,53.86,4.08,81.67,25,40,Warsaw,,52.2297,21.0122,100,
2024-02-22T11:00:00+00:00,35.37,50.58,2.44,70.77,25,40,Warsaw,,52.2297,21.0122,100,
2024-02-22T12:00:00+00:00,43.3,56.75,-0.46,67.56,25,40,Warsaw,,52.2297,21.0122,100,
2024-02-22T13:00:00+00:00,45.32,62.23,-1.36,71.44,25,40,Warsaw,,52.2297,21.0122,100,
2024-02-22T14:00:00+00:00,44.59,63.85,0.31,70.73,25,40,Warsaw,,52.2297,21.0122,100,
2024-02-22T15:00:00+00:00,37.88,51.29,-0.49,61.04,25,40,Warsaw,,52.2297,21.0122,100,
2024-02-22T16:00:00+00:00,37.83,53.61,-3.5,66.35,25,40,Warsaw,,52.2297,21.0122,100,
2024-02-22T17:00:00+00:00,42.27,58.04,-2.19,62.0,25,40,Warsaw,,52.2297,21.0122,100,
2024-02-22T18:00:00+00:00,39.51,56.11,-2.97,62.31,25,40,Warsaw,,52.2297,21.0122,100,
2024-02-22T19:00:00+00:00,39.41,51.38,-1.84,54.49,25,40,Warsaw,,52.2297,21.0122,100,
2024-02-22T20:00:00+00:00,35.8,51.79,-3.23,68.68,25,40,Warsaw,,52.2297,21.0122,100,
2024-02-22T21:00:00+00:00,41.88,55.01,-1.14,68.68,25,40,Warsaw,,52.2297,21.0122,100,
2024-02-22T22:00:00+00:00,35.48,51.64,-1.15,57.62,25,40,Warsaw,,52.2297,21.0122,100,
2024-02-22T23:00:00+00:00,33.41,45.33,-1.18,61.12,25,40,Warsaw,,52.2297,21.0122,100,
2024-02-23T00:00:00+00:00,41.9,58.45,1.4,66.77,25,40,Warsaw,,52.2297,21.0122,100,
2024-02-23T01:00:00+00:00,42.56,60.42,1.86,79.81,25,40,Warsaw,,52.2297,21.0122,100,
2024-02-23T02:00:00+00:00,46.76,63.88,2.05,80.73,25,40,Warsaw,,52.2297,21.0122,100,
2024-02-23T03:00:00+00:00,43.92,61.44,2.93,71.97,25,40,Warsaw,,52.2297,21.0122,100,
2024-02-23T04:00:00+00:00,37.33,46.79,4.0,81.62,25,40,Warsaw,,52.2297,21.0122,100,
2024-02-23T05:00:00+00:00,36.29,49.2,5.84,77.05,25,40,Warsaw,,52.2297,21.0122,100,
2024-02-23T06:00:00+00:00,44.36,59.61,5.29,83.48,25,40,Warsaw,,52.2297,21.0122,100,
2024-02-23T07:00:00+00:00,36.81,46.11,3.45,82.54,25,40,Warsaw,,52.2297,21.0122,100,
2024-02-23T08:00:00+00:00,39.38,53.86,5.74,71.91,25,40,Warsaw,,52.2297,21.0122,100,
2024-02-23T09:00:00+00:00,37.18,52.39,3.64,70.13,25,40,Warsaw,,52.2297,21.0122,100,
2024-02-23T10:00:00+00:00,34.93,44.62,2.78,73.73,25,40,Warsaw,,52.2297,21.0122,100,
2024-02-23T11:00:00+00:00,40.18,52.45,3.02,74.85,25,40,Warsaw,,52.2297,21.0122,100,
2024-02-23T12:00:00+00:00,40.88,57.43,0.73,76.28,25,40,Warsaw,,52.2297,21.0122,100,
2024-02-23T13:00:00+00:00,37.3,47.01,-0.78,63.03,25,40,Warsaw,,52.2297,21.0122,100,
2024-02-23T14:00:00+00:00,37.56,53.06,-0.69,71.5,25,40,Warsaw,,52.2297,21.0122,100,
2024-02-23T15:00:00+00:00,40.17,55.9,-2.13,65.75,25,40,Warsaw,,52.2297,21.0122,100,
2024-02-23T16:00:00+00:00,40.93,58.07,-1.94,69.18,25,40,Warsaw,,52.2297,21.0122,100,
2024-02-23T17:00:00+00:00,36.11,50.79,-2.9,61.98,25,40,Warsaw,,52.2297,21.0122,100,
2024-02-23T18:00:00+00:00,38.47,53.62,-2.71,61.38,25,40,Warsaw,,52.2297,21.0122,100,
2024-02-23T19:00:00+00:00,43.47,60.83,-2.43,59.32,25,40,Warsaw,,52.2297,21.0122,100,
2024-02-23T20:00:00+00:00,39.01,52.26,-1.16,58.2,25,40,Warsaw,,52.2297,21.0122,100,
2024-02-23T21:00:00+00:00,40.39,57.67,-3.23,67.37,25,40,Warsaw,,52.2297,21.0122,100,
2024-02-23T22:00:00+00:00,42.66,54.46,-0.12,67.86,25,40,Warsaw,,52.2297,21.0122,100,
2024-02-23T23:00:00+00:00,45.01,64.7,0.32,70.09,25,40,Warsaw,,52.2297,21.0122,100,
2024-02-24T00:00:00+00:00,38.82,52.96,0.13,70.41,25,40,Warsaw,,52.2297,21.0122,100,
2024-02-24T01:00:00+00:00,33.6,45.69,2.53,66.0,25,40,Warsaw,,52.2297,21.0122,100,
2024-02-24T02:00:00+00:00,43.31,58.75,4.17,77.11,25,40,Warsaw,,52.2297,21.0122,100,
2024-02-24T03:00:00+00:00,41.6,53.31,2.6,78.5,25,40,Warsaw,,52.2297,21.0122,100,
2024-02-24T04:00:00+00:00,45.0,59.56,3.86,84.65,25,40,Warsaw,,52.2297,21.0122,100,
2024-02-24T05:00:00+00:00,39.59,54.63,5.59,75.5,25,40,Warsaw,,52.2297,21.0122,100,
2024-02-24T06:00:00+00:00,41.41,54.81,4.85,72.62,25,40,Warsaw,,52.2297,21.0122,100,
2024-02-24T07:00:00+00:00,44.43,57.97,5.7,86.06,25,40,Warsaw,,52.2297,21.0122,100,
2024-02-24T08:00:00+00:00,37.66,50.38,4.98,77.32,25,40,Warsaw,,52.2297,21.0122,100,
2024-02-24T09:00:00+00:00,44.24,60.34,2.81,71.48,25,40,Warsaw,,52.2297,21.0122,100,
2024-02-24T10:00:00+00:00,36.18,52.53,1.77,79.73,25,40,Warsaw,,52.2297,21.0122,100,
2024-02-24T11:00:00+00:00,44.16,55.75,2.62,71.62,25,40,Warsaw,,52.2297,21.0122,100,
2024-02-24T12:00:00+00:00,37.29,53.29,0.95,72.43,25,40,Warsaw,,52.2297,21.0122,100,
2024-02-24T13:00:00+00:00,41.19,53.59,1.26,63.37,25,40,Warsaw,,52.2297,21.0122,100,
2024-02-24T14:00:00+00:00,44.21,62.62,-1.87,70.76,25,40,Warsaw,,52.2297,21.0122,100,
2024-02-24T15:00:00+00:00,35.47,45.31,-3.14,70.55,25,40,Warsaw,,52.2297,21.0122,100,
2024-02-24T16:00:00+00:00,32.87,42.35,-1.08,54.84,25,40,Warsaw,,52.2297,21.0122,100,
2024-02-24T17:00:00+00:00,34.46,48.43,-1.69,54.37,25,40,Warsaw,,52.2297,21.0122,100,
2024-02-24T18:00:00+00:00,37.8,52.35,-1.7,54.91,25,40,Warsaw,,52.2297,21.0122,100,
2024-02-24T19:00:00+00:00,34.79,47.7,-1.97,62.18,25,40,Warsaw,,52.2297,21.0122,100,
2024-02-24T20:00:00+00:00,39.33,53.51,-1.33,65.29,25,40,Warsaw,,52.2297,21.0122,100,
2024-02-24T21:00:00+00:00,44.19,62.81,-2.69,67.66,25,40,Warsaw,,52.2297,21.0122,100,
2024-02-24T22:00:00+00:00,36.58,52.96,-0.76,69.03,25,40,Warsaw,,52.2297,21.0122,100,
2024-02-24T23:00:00+00:00,39.66,55.25,1.33,74.18,25,40,Warsaw,,52.2297,21.0122,100,
2024-02-25T00:00:00+00:00,39.07,49.42,2.49,62.08,25,40,Warsaw,,52.2297,21.0122,100,
2024-02-25T01:00:00+00:00,37.76,49.12,0.97,79.58,25,40,Warsaw,,52.2297,21.0122,100,
2024-02-25T02:00:00+00:00,38.53,52.31,3.98,77.56,25,40,Warsaw,,52.2297,21.0122,100,
2024-02-25T03:00:00+00:00,39.95,57.28,4.68,76.2,25,40,Warsaw,,52.2297,21.0122,100,
2024-02-25T04:00:00+00:00,45.1,62.65,3.8,74.13,25,40,Warsaw,,52.2297,21.0122,100,
2024-02-25T05:00:00+00:00,44.08,56.75,5.95,83.68,25,40,Warsaw,,52.2297,21.0122,100,
2024-02-25T06:00:00+00:00,39.38,53.17,4.28,83.73,25,40,Warsaw,,52.2297,21.0122,100,
2024-02-25T07:00:00+00:00,37.53,50.42,4.11,78.78,25,40,Warsaw,,52.2297,21.0122,100,
2024-02-25T08:00:00+00:00,33.64,48.43,5.57,71.18,25,40,Warsaw,,52.2297,21.0122,100,
2024-02-25T09:00:00+00:00,44.5,58.16,2.72,84.16,25,40,Warsaw,,52.2297,21.0122,100,
2024-02-25T10:00:00+00:00,44.4,56.34,3.35,79.35,25,40,Warsaw,,52.2297,21.0122,100,
2024-02-25T11:00:00+00:00,44.28,59.64,2.08,66.65,25,40,Warsaw,,52.2297,21.0122,100,
2024-02-25T12:00:00+00:00,43.19,57.69,2.17,69.26,25,40,Warsaw,,52.2297,21.0122,100,
2024-02-25T13:00:00+00:00,35.26,44.84,-0.18,71.15,25,40,Warsaw,,52.2297,21.0122,100,
2024-02-25T14:00:00+00:00,33.77,42.42,-0.66,57.1,25,40,Warsaw,,52.2297,21.0122,100,
2024-02-25T15:00:00+00:00,36.62,51.94,-1.71,56.35,25,40,Warsaw,,52.2297,21.0122,100,
2024-02-25T16:00:00+00:00,41.37,54.78,-2.59,57.74,25,40,Warsaw,,52.2297,21.0122,100,
2024-02-25T17:00:00+00:00,38.57,48.67,-3.24,55.75,25,40,Warsaw,,52.2297,21.0122,100,
2024-02-25T18:00:00+00:00,32.58,47.56,-1.75,52.55,25,40,Warsaw,,52.2297,21.0122,100,
2024-02-25T19:00:00+00:00,41.39,54.72,-2.66,64.47,25,40,Warsaw,,52.2297,21.0122,100,
2024-02-25T20:00:00+00:00,40.91,57.91,-1.14,66.06,25,40,Warsaw,,52.2297,21.0122,100,
2024-02-25T21:00:00+00:00,39.91,50.74,-2.82,61.61,25,40,Warsaw,,52.2297,21.0122,100,
2024-02-25T22:00:00+00:00,38.68,54.1,-1.99,70.04,25,40,Warsaw,,52.2297,21.0122,100,
2024-02-25T23:00:00+00:00,40.76,56.4,-0.03,75.4,25,40,Warsaw,,52.2297,21.0122,100,
2024-02-26T00:00:00+00:00,42.74,56.04,1.88,62.25,25,40,Warsaw,,52.2297,21.0122,100,
2024-02-26T01:00:00+00:00,34.2,47.61,0.83,64.86,25,40,Warsaw,,52.2297,21.0122,100,
2024-02-26T02:00:00+00:00,42.92,56.25,1.8,82.94,25,40,Warsaw,,52.2297,21.0122,100,
2024-02-26T03:00:00+00:00,33.84,48.03,5.18,69.28,25,40,Warsaw,,52.2297,21.0122,100,
2024-02-26T04:00:00+00:00,43.23,58.47,5.65,79.97,25,40,Warsaw,,52.2297,21.0122,100,
2024-02-26T05:00:00+00:00,43.1,55.85,6.29,83.37,25,40,Warsaw,,52.2297,21.0122,100,
2024-02-26T06:00:00+00:00,37.3,51.36,5.79,72.72,25,40,Warsaw,,52.2297,21.0122,100,
2024-02-26T07:00:00+00:00,34.31,48.25,5.75,74.94,25,40,Warsaw,,52.2297,21.0122,100,
2024-02-26T08:00:00+00:00,46.04,65.91,3.39,81.54,25,40,Warsaw,,52.2297,21.0122,100,
2024-02-26T09:00:00+00:00,37.61,47.07,2.5,81.44,25,40,Warsaw,,52.2297,21.0122,100,
2024-02-26T10:00:00+00:00,39.95,51.39,2.77,67.21,25,40,Warsaw,,52.2297,21.0122,100,
2024-02-26T11:00:00+00:00,38.58,53.04,1.51,67.55,25,40,Warsaw,,52.2297,21.0122,100,
2024-02-26T12:00:00+00:00,39.86,49.84,1.05,65.42,25,40,Warsaw,,52.2297,21.0122,100,
2024-02-26T13:00:00+00:00,46.22,60.63,-1.05,74.67,25,40,Warsaw,,52.2297,21.0122,100,
2024-02-26T14:00:00+00:00,40.64,53.18,-0.25,59.78,25,40,Warsaw,,52.2297,21.0122,100,
2024-02-26T15:00:00+00:00,35.57,48.64,-2.29,62.72,25,40,Warsaw,,52.2297,21.0122,100,
2024-02-26T16:00:00+00:00,38.35,50.46,-2.89,58.53,25,40,Warsaw,,52.2297,21.0122,100,
2024-02-26T17:00:00+00:00,40.65,58.71,-2.48,64.82,25,40,Warsaw,,52.2297,21.0122,100,
2024-02-26T18:00:00+00:00,42.74,57.33,-2.79,58.24,25,40,Warsaw,,52.2297,21.0122,100,
2024-02-26T19:00:00+00:00,41.77,58.08,-3.22,58.46,25,40,Warsaw,,52.2297,21.0122,100,
2024-02-26T20:00:00+00:00,34.55,49.88,-2.47,53.39,25,40,Warsaw,,52.2297,21.0122,100,
2024-02-26T21:00:00+00:00,37.41,50.61,-2.39,55.01,25,40,Warsaw,,52.2297,21.0122,100,
2024-02-26T22:00:00+00:00,40.74,58.49,-0.11,61.53,25,40,Warsaw,,52.2297,21.0122,100,
2024-02-26T23:00:00+00:00,42.53,61.25,0.75,73.12,25,40,Warsaw,,52.2297,21.0122,100,
2024-02-27T00:00:00+00:00,38.19,50.72,0.84,68.22,25,40,Warsaw,,52.2297,21.0122,100,
2024-02-27T01:00:00+00:00,45.15,63.25,1.56,68.38,25,40,Warsaw,,52.2297,21.0122,100,
2024-02-27T02:00:00+00:00,38.43,48.36,2.02,75.17,25,40,Warsaw,,52.2297,21.0122,100,
2024-02-27T03:00:00+00:00,43.54,60.51,4.47,76.9,25,40,Warsaw,,52.2297,21.0122,100,
2024-02-27T04:00:00+00:00,41.47,59.4,3.0,77.55,25,40,Warsaw,,52.2297,21.0122,100,
2024-02-27T05:00:00+00:00,44.23,61.31,6.18,75.53,25,40,Warsaw,,52.2297,21.0122,100,
2024-02-27T06:00:00+00:00,43.57,55.98,5.23,72.48,25,40,Warsaw,,52.2297,21.0122,100,
2024-02-27T07:00:00+00:00,35.14,45.66,3.93,74.1,25,40,Warsaw,,52.2297,21.0122,100,
2024-02-27T08:00:00+00:00,35.27,49.97,5.91,72.68,25,40,Warsaw,,52.2297,21.0122,100,
2024-02-27T09:00:00+00:00,34.99,44.96,2.35,72.97,25,40,Warsaw,,52.2297,21.0122,100,
2024-02-27T10:00:00+00:00,42.82,58.02,3.17,76.27,25,40,Warsaw,,52.2297,21.0122,100,
2024-02-27T11:00:00+00:00,40.13,56.43,1.7,68.85,25,40,Warsaw,,52.2297,21.0122,100,
2024-02-27T12:00:00+00:00,42.66,60.86,1.63,75.17,25,40,Warsaw,,52.2297,21.0122,100,
2024-02-27T13:00:00+00:00,33.88,48.16,-0.81,61.14,25,40,Warsaw,,52.2297,21.0122,100,
2024-02-27T14:00:00+00:00,33.65,46.28,-1.16,62.87,25,40,Warsaw,,52.2297,21.0122,100,
2024-02-27T15:00:00+00:00,38.39,52.89,-1.97,60.76,25,40,Warsaw,,52.2297,21.0122,100,
2024-02-27T16:00:00+00:00,37.54,47.87,-1.5,56.61,25,40,Warsaw,,52.2297,21.0122,100,
2024-02-27T17:00:00+00:00,45.68,61.88,-2.59,66.36,25,40,Warsaw,,52.2297,21.0122,100,
2024-02-27T18:00:00+00:00,35.66,47.93,-2.21,60.8,25,40,Warsaw,,52.2297,21.0122,100,
2024-02-27T19:00:00+00:00,34.53,44.36,-3.5,62.42,25,40,Warsaw,,52.2297,21.0122,100,
2024-02-27T20:00:00+00:00,41.46,53.28,-1.11,56.23,25,40,Warsaw,,52.2297,21.0122,100,
2024-02-27T21:00:00+00:00,41.24,54.39,-0.6,61.71,25,40,Warsaw,,52.2297,21.0122,100,
2024-02-27T22:00:00+00:00,45.15,60.12,0.05,67.39,25,40,Warsaw,,52.2297,21.0122,100,
2024-02-27T23:00:00+00:00,43.86,62.7,0.06,63.92,25,40,Warsaw,,52.2297,21.0122,100,
2024-02-28T00:00:00+00:00,39.26,54.9,0.79,62.16,25,40,Warsaw,,52.2297,21.0122,100,
2024-02-28T01:00:00+00:00,44.92,58.74,2.58,69.95,25,40,Warsaw,,52.2297,21.0122,100,
2024-02-28T02:00:00+00:00,38.85,53.44,3.33,68.62,25,40,Warsaw,,52.2297,21.0122,100,
2024-02-28T03:00:00+00:00,46.96,64.58,4.03,83.38,25,40,Warsaw,,52.2297,21.0122,100,
2024-02-28T04:00:00+00:00,43.04,55.06,3.12,76.08,25,40,Warsaw,,52.2297,21.0122,100,
2024-02-28T05:00:00+00:00,37.1,46.88,3.94,87.58,25,40,Warsaw,,52.2297,21.0122,100,
2024-02-28T06:00:00+00:00,37.55,50.1,6.34,72.27,25,40,Warsaw,,52.2297,21.0122,100,
2024-02-28T07:00:00+00:00,38.01,53.28,4.65,87.33,25,40,Warsaw,,52.2297,21.0122,100,
2024-02-28T08:00:00+00:00,38.08,50.23,3.01,79.4,25,40,Warsaw,,52.2297,21.0122,100,
2024-02-28T09:00:00+00:00,39.83,50.39,4.57,70.15,25,40,Warsaw,,52.2297,21.0122,100,
2024-02-28T10:00:00+00:00,33.52,44.34,4.21,67.15,25,40,Warsaw,,52.2297,21.0122,100,
2024-02-28T11:00:00+00:00,35.11,49.53,2.04,71.97,25,40,Warsaw,,52.2297,21.0122,100,
2024-02-28T12:00:00+00:00,36.69,48.3,2.02,66.79,25,40,Warsaw,,52.2297,21.0122,100,
2024-02-28T13:00:00+00:00,43.22,62.2,0.06,66.04,25,40,Warsaw,,52.2297,21.0122,100,
2024-02-28T14:00:00+00:00,36.58,46.86,0.09,62.93,25,40,Warsaw,,52.2297,21.0122,100,
2024-02-28T15:00:00+00:00,41.93,54.53,-1.94,70.06,25,40,Warsaw,,52.2297,21.0122,100,
2024-02-28T16:00:00+00:00,35.95,49.46,-3.04,65.72,25,40,Warsaw,,52.2297,21.0122,100,
2024-02-28T17:00:00+00:00,39.38,54.11,-1.53,67.1,25,40,Warsaw,,52.2297,21.0122,100,
2024-02-28T18:00:00+00:00,35.33,46.4,-3.45,55.56,25,40,Warsaw,,52.2297,21.0122,100,
2024-02-28T19:00:00+00:00,39.93,56.67,-3.25,52.8,25,40,Warsaw,,52.2297,21.0122,100,
2024-02-28T20:00:00+00:00,42.69,59.96,-3.81,64.88,25,40,Warsaw,,52.2297,21.0122,100,
2024-02-28T21:00:00+00:00,41.66,59.12,-0.75,64.17,25,40,Warsaw,,52.2297,21.0122,100,
2024-02-28T22:00:00+00:00,38.45,52.46,-1.93,58.3,25,40,Warsaw,,52.2297,21.0122,100,
2024-02-28T23:00:00+00:00,41.14,51.98,0.26,63.49,25,40,Warsaw,,52.2297,21.0122,100,
2024-02-29T00:00:00+00:00,42.51,56.71,2.44,71.71,25,40,Warsaw,,52.2297,21.0122,100,
2024-02-29T01:00:00+00:00,36.68,52.23,2.08,80.16,25,40,Warsaw,,52.2297,21.0122,100,
2024-02-29T02:00:00+00:00,44.63,64.06,3.62,81.23,25,40,Warsaw,,52.2297,21.0122,100,
2024-02-29T03:00:00+00:00,41.03,55.88,3.09,76.49,25,40,Warsaw,,52.2297,21.0122,100,
2024-02-29T04:00:00+00:00,42.6,55.84,3.76,74.35,25,40,Warsaw,,52.2297,21.0122,100,
2024-02-29T05:00:00+00:00,37.11,52.73,4.09,77.59,25,40,Warsaw,,52.2297,21.0122,100,
2024-02-29T06:00:00+00:00,36.42,52.97,4.02,72.74,25,40,Warsaw,,52.2297,21.0122,100,
2024-02-29T07:00:00+00:00,36.61,52.8,3.7,83.54,25,40,Warsaw,,52.2297,21.0122,100,
2024-02-29T08:00:00+00:00,37.4,53.1,3.48,74.05,25,40,Warsaw,,52.2297,21.0122,100,
2024-02-29T09:00:00+00:00,38.06,54.93,4.76,82.73,25,40,Warsaw,,52.2297,21.0122,100,
2024-02-29T10:00:00+00:00,41.26,58.66,2.01,72.2,25,40,Warsaw,,52.2297,21.0122,100,
2024-02-29T11:00:00+00:00,44.87,56.58,2.43,75.77,25,40,Warsaw,,52.2297,21.0122,100,
2024-02-29T12:00:00+00:00,34.41,48.38,-0.26,65.32,25,40,Warsaw,,52.2297,21.0122,100,
2024-02-29T13:00:00+00:00,41.88,57.32,-1.5,62.93,25,40,Warsaw,,52.2297,21.0122,100,
2024-02-29T14:00:00+00:00,45.57,60.39,-2.38,70.45,25,40,Warsaw,,52.2297,21.0122,100,
2024-02-29T15:00:00+00:00,36.03,51.0,-1.76,56.25,25,40,Warsaw,,52.2297,21.0122,100,
2024-02-29T16:00:00+00:00,45.09,63.66,-1.91,68.71,25,40,Warsaw,,52.2297,21.0122,100,
2024-02-29T17:00:00+00:00,39.78,53.77,-3.16,61.37,25,40,Warsaw,,52.2297,21.0122,100,
2024-02-29T18:00:00+00:00,41.6,54.87,-3.35,55.04,25,40,Warsaw,,52.2297,21.0122,100,
2024-02-29T19:00:00+00:00,39.1,50.77,-2.28,58.91,25,40,Warsaw,,52.2297,21.0122,100,
2024-02-29T20:00:00+00:00,42.09,56.5,-0.98,54.11,25,40,Warsaw,,52.2297,21.0122,100,
2024-02-29T21:00:00+00:00,38.81,55.06,-2.73,65.47,25,40,Warsaw,,52.2297,21.0122,100,
2024-02-29T22:00:00+00:00,41.69,54.49,-0.87,70.4,25,40,Warsaw,,52.2297,21.0122,100,
2024-02-29T23:00:00+00:00,42.53,55.59,0.7,74.64,25,40,Warsaw,,52.2297,21.0122,100,
2024-03-01T00:00:00+00:00,43.18,59.94,5.4,71.91,25,40,Warsaw,,52.2297,21.0122,100,
2024-03-01T01:00:00+00:00,44.85,60.34,5.58,72.88,25,40,Warsaw,,52.2297,21.0122,100,
2024-03-01T02:00:00+00:00,39.22,56.35,5.86,69.36,25,40,Warsaw,,52.2297,21.0122,100,
2024-03-01T03:00:00+00:00,42.35,55.18,6.58,83.04,25,40,Warsaw,,52.2297,21.0122,100,
2024-03-01T04:00:00+00:00,38.69,49.13,7.88,86.57,25,40,Warsaw,,52.2297,21.0122,100,
2024-03-01T05:00:00+00:00,43.1,54.45,8.24,87.14,25,40,Warsaw,,52.2297,21.0122,100,
2024-03-01T06:00:00+00:00,35.23,51.43,7.83,73.68,25,40,Warsaw,,52.2297,21.0122,100,
2024-03-01T07:00:00+00:00,40.3,51.86,7.71,86.87,25,40,Warsaw,,52.2297,21.0122,100,
2024-03-01T08:00:00+00:00,36.95,48.67,7.09,76.46,25,40,Warsaw,,52.2297,21.0122,100,
2024-03-01T09:00:00+00:00,39.32,55.97,8.91,78.3,25,40,Warsaw,,52.2297,21.0122,100,
2024-03-01T10:00:00+00:00,34.84,43.66,8.21,69.83,25,40,Warsaw,,52.2297,21.0122,100,
2024-03-01T11:00:00+00:00,34.48,44.76,7.44,75.03,25,40,Warsaw,,52.2297,21.0122,100,
2024-03-01T12:00:00+00:00,36.64,49.99,3.86,65.48,25,40,Warsaw,,52.2297,21.0122,100,
2024-03-01T13:00:00+00:00,44.89,60.66,3.72,74.11,25,40,Warsaw,,52.2297,21.0122,100,
2024-03-01T14:00:00+00:00,34.06,42.58,2.49,68.01,25,40,Warsaw,,52.2297,21.0122,100,
2024-03-01T15:00:00+00:00,33.03,41.29,1.27,57.57,25,40,Warsaw,,52.2297,21.0122,100,
2024-03-01T16:00:00+00:00,41.85,54.27,0.05,54.34,25,40,Warsaw,,52.2297,21.0122,100,
2024-03-01T17:00:00+00:00,38.89,54.61,2.27,64.66,25,40,Warsaw,,52.2297,21.0122,100,
2024-03-01T18:00:00+00:00,36.79,47.07,1.24,59.28,25,40,Warsaw,,52.2297,21.0122,100,
2024-03-01T19:00:00+00:00,39.16,54.01,0.5,58.54,25,40,Warsaw,,52.2297,21.0122,100,
2024-03-01T20:00:00+00:00,34.25,42.5,2.14,62.75,25,40,Warsaw,,52.2297,21.0122,100,
2024-03-01T21:00:00+00:00,34.03,44.76,3.32,65.96,25,40,Warsaw,,52.2297,21.0122,100,
2024-03-01T22:00:00+00:00,37.3,50.1,2.46,66.41,25,40,Warsaw,,52.2297,21.0122,100,
2024-03-01T23:00:00+00:00,35.96,45.1,2.64,69.4,25,40,Warsaw,,52.2297,21.0122,100,
2024-03-02T00:00:00+00:00,43.0,55.33,6.48,73.35,25,40,Warsaw,,52.2297,21.0122,100,
2024-03-02T01:00:00+00:00,37.86,49.69,6.03,71.07,25,40,Warsaw,,52.2297,21.0122,100,
2024-03-02T02:00:00+00:00,43.73,56.24,6.79,80.31,25,40,Warsaw,,52.2297,21.0122,100,
2024-03-02T03:00:00+00:00,46.31,61.08,6.52,83.88,25,40,Warsaw,,52.2297,21.0122,100,
2024-03-02T04:00:00+00:00,41.39,57.51,7.54,70.89,25,40,Warsaw,,52.2297,21.0122,100,
2024-03-02T05:00:00+00:00,44.09,61.93,10.29,82.89,25,40,Warsaw,,52.2297,21.0122,100,
2024-03-02T06:00:00+00:00,35.34,49.1,9.97,84.42,25,40,Warsaw,,52.2297,21.0122,100,
2024-03-02T07:00:00+00:00,39.99,57.93,8.86,72.9,25,40,Warsaw,,52.2297,21.0122,100,
2024-03-02T08:00:00+00:00,42.5,60.96,7.42,86.41,25,40,Warsaw,,52.2297,21.0122,100,
2024-03-02T09:00:00+00:00,35.08,48.31,8.11,69.74,25,40,Warsaw,,52.2297,21.0122,100,
2024-03-02T10:00:00+00:00,33.04,45.05,8.33,69.09,25,40,Warsaw,,52.2297,21.0122,100,
2024-03-02T11:00:00+00:00,41.8,60.23,4.74,76.86,25,40,Warsaw,,52.2297,21.0122,100,
2024-03-02T12:00:00+00:00,35.29,45.95,4.61,64.18,25,40,Warsaw,,52.2297,21.0122,100,
2024-03-02T13:00:00+00:00,40.04,57.69,2.67,72.83,25,40,Warsaw,,52.2297,21.0122,100,
2024-03-02T14:00:00+00:00,34.01,44.55,3.08,70.15,25,40,Warsaw,,52.2297,21.0122,100,
2024-03-02T15:00:00+00:00,40.17,52.21,2.97,66.22,25,40,Warsaw,,52.2297,21.0122,100,
2024-03-02T16:00:00+00:00,39.28,52.84,0.06,61.26,25,40,Warsaw,,52.2297,21.0122,100,
2024-03-02T17:00:00+00:00,38.73,54.09,0.51,64.57,25,40,Warsaw,,52.2297,21.0122,100,
2024-03-02T18:00:00+00:00,40.27,57.53,1.98,66.12,25,40,Warsaw,,52.2297,21.0122,100,
2024-03-02T19:00:00+00:00,39.34,53.43,-0.05,57.38,25,40,Warsaw,,52.2297,21.0122,100,
2024-03-02T20:00:00+00:00,35.65,50.35,0.05,56.77,25,40,Warsaw,,52.2297,21.0122,100,
2024-03-02T21:00:00+00:00,35.77,45.16,2.24,56.36,25,40,Warsaw,,52.2297,21.0122,100,
2024-03-02T22:00:00+00:00,41.2,54.13,1.84,59.89,25,40,Warsaw,,52.2297,21.0122,100,
2024-03-02T23:00:00+00:00,37.52,51.32,3.59,63.02,25,40,Warsaw,,52.2297,21.0122,100,
2024-03-03T00:00:00+00:00,41.11,55.79,4.13,71.03,25,40,Warsaw,,52.2297,21.0122,100,
2024-03-03T01:00:00+00:00,36.53,53.22,4.9,68.45,25,40,Warsaw,,52.2297,21.0122,100,
2024-03-03T02:00:00+00:00,44.39,56.57,5.81,78.02,25,40,Warsaw,,52.2297,21.0122,100,
2024-03-03T03:00:00+00:00,37.92,53.67,8.62,69.74,25,40,Warsaw,,52.2297,21.0122,100,
2024-03-03T04:00:00+00:00,37.65,52.51,7.1,71.18,25,40,Warsaw,,52.2297,21.0122,100,
2024-03-03T05:00:00+00:00,38.99,55.02,9.47,74.42,25,40,Warsaw,,52.2297,21.0122,100,
2024-03-03T06:00:00+00:00,34.67,48.2,8.67,73.29,25,40,Warsaw,,52.2297,21.0122,100,
2024-03-03T07:00:00+00:00,43.93,58.8,7.49,76.27,25,40,Warsaw,,52.2297,21.0122,100,
2024-03-03T08:00:00+00:00,41.13,51.64,9.48,86.6,25,40,Warsaw,,52.2297,21.0122,100,
2024-03-03T09:00:00+00:00,37.99,47.82,7.23,73.39,25,40,Warsaw,,52.2297,21.0122,100,
2024-03-03T10:00:00+00:00,42.12,54.76,8.04,78.15,25,40,Warsaw,,52.2297,21.0122,100,
2024-03-03T11:00:00+00:00,40.8,51.82,6.34,73.09,25,40,Warsaw,,52.2297,21.0122,100,
2024-03-03T12:00:00+00:00,35.07,50.37,6.36,72.02,25,40,Warsaw,,52.2297,21.0122,100,
2024-03-03T13:00:00+00:00,40.75,52.2,3.78,68.66,25,40,Warsaw,,52.2297,21.0122,100,
2024-03-03T14:00:00+00:00,39.86,56.43,3.13,72.02,25,40,Warsaw,,52.2297,21.0122,100,
2024-03-03T15:00:00+00:00,43.95,60.59,0.68,66.09,25,40,Warsaw,,52.2297,21.0122,100,
2024-03-03T16:00:00+00:00,41.01,51.42,0.49,64.65,25,40,Warsaw,,52.2297,21.0122,100,
2024-03-03T17:00:00+00:00,43.41,56.05,0.5,57.43,25,40,Warsaw,,52.2297,21.0122,100,
2024-03-03T18:00:00+00:00,41.89,57.11,0.49,61.6,25,40,Warsaw,,52.2297,21.0122,100,
2024-03-03T19:00:00+00:00,34.78,45.29,2.24,57.75,25,40,Warsaw,,52.2297,21.0122,100,
2024-03-03T20:00:00+00:00,42.79,60.43,0.74,58.43,25,40,Warsaw,,52.2297,21.0122,100,
2024-03-03T21:00:00+00:00,34.69,48.97,2.84,70.84,25,40,Warsaw,,52.2297,21.0122,100,
2024-03-03T22:00:00+00:00,35.77,48.17,3.2,57.16,25,40,Warsaw,,52.2297,21.0122,100,
2024-03-03T23:00:00+00:00,42.99,61.82,2.6,61.13,25,40,Warsaw,,52.2297,21.0122,100,
2024-03-04T00:00:00+00:00,35.49,47.65,4.14,76.84,25,40,Warsaw,,52.2297,21.0122,100,
2024-03-04T01:00:00+00:00,36.01,49.46,7.21,72.4,25,40,Warsaw,,52.2297,21.0122,100,
2024-03-04T02:00:00+00:00,40.82,52.65,8.31,73.31,25,40,Warsaw,,52.2297,21.0122,100,
2024-03-04T03:00:00+00:00,39.47,55.27,8.74,80.16,25,40,Warsaw,,52.2297,21.0122,100,
2024-03-04T04:00:00+00:00,42.62,59.48,9.19,70.73,25,40,Warsaw,,52.2297,21.0122,100,
2024-03-04T05:00:00+00:00,37.16,54.02,9.72,84.67,25,40,Warsaw,,52.2297,21.0122,100,
2024-03-04T06:00:00+00:00,36.59,48.46,7.71,87.31,25,40,Warsaw,,52.2297,21.0122,100,
2024-03-04T07:00:00+00:00,40.69,58.15,9.6,72.11,25,40,Warsaw,,52.2297,21.0122,100,
2024-03-04T08:00:00+00:00,34.27,43.25,8.81,71.54,25,40,Warsaw,,52.2297,21.0122,100,
2024-03-04T09:00:00+00:00,38.91,55.96,6.79,76.74,25,40,Warsaw,,52.2297,21.0122,100,
2024-03-04T10:00:00+00:00,38.98,48.99,7.39,75.96,25,40,Warsaw,,52.2297,21.0122,100,
2024-03-04T11:00:00+00:00,41.9,54.49,5.77,66.93,25,40,Warsaw,,52.2297,21.0122,100,
2024-03-04T12:00:00+00:00,42.48,54.56,6.25,70.11,25,40,Warsaw,,52.2297,21.0122,100,
2024-03-04T13:00:00+00:00,34.81,47.92,3.94,72.1,25,40,Warsaw,,52.2297,21.0122,100,
2024-03-04T14:00:00+00:00,39.81,56.99,2.12,66.63,25,40,Warsaw,,52.2297,21.0122,100,
2024-03-04T15:00:00+00:00,44.26,61.23,1.12,66.78,25,40,Warsaw,,52.2297,21.0122,100,
2024-03-04T16:00:00+00:00,43.62,59.66,1.0,60.67,25,40,Warsaw,,52.2297,21.0122,100,
2024-03-04T17:00:00+00:00,33.53,43.54,-0.08,62.37,25,40,Warsaw,,52.2297,21.0122,100,
2024-03-04T18:00:00+00:00,37.88,49.26,2.18,62.81,25,40,Warsaw,,52.2297,21.0122,100,
2024-03-04T19:00:00+00:00,41.5,58.79,2.3,53.49,25,40,Warsaw,,52.2297,21.0122,100,
2024-03-04T20:00:00+00:00,40.07,56.34,2.29,61.83,25,40,Warsaw,,52.2297,21.0122,100,
2024-03-04T21:00:00+00:00,33.37,42.02,1.75,61.93,25,40,Warsaw,,52.2297,21.0122,100,
2024-03-04T22:00:00+00:00,37.56,48.88,3.52,72.91,25,40,Warsaw,,52.2297,21.0122,100,
2024-03-04T23:00:00+00:00,42.48,55.0,4.86,61.08,25,40,Warsaw,,52.2297,21.0122,100,
2024-03-05T00:00:00+00:00,35.18,44.58,3.96,70.04,25,40,Warsaw,,52.2297,21.0122,100,
2024-03-05T01:00:00+00:00,38.9,49.23,5.96,70.72,25,40,Warsaw,,52.2297,21.0122,100,
2024-03-05T02:00:00+00:00,45.33,60.78,7.76,81.37,25,40,Warsaw,,52.2297,21.0122,100,
2024-03-05T03:00:00+00:00,35.43,46.84,7.31,76.97,25,40,Warsaw,,52.2297,21.0122,100,
2024-03-05T04:00:00+00:00,40.25,56.74,9.06,79.94,25,40,Warsaw,,52.2297,21.0122,100,
2024-03-05T05:00:00+00:00,36.67,52.31,8.1,84.11,25,40,Warsaw,,52.2297,21.0122,100,
2024-03-05T06:00:00+00:00,39.19,55.6,9.97,72.2,25,40,Warsaw,,52.2297,21.0122,100,
2024-03-05T07:00:00+00:00,42.49,58.08,10.31,73.06,25,40,Warsaw,,52.2297,21.0122,100,
2024-03-05T08:00:00+00:00,38.48,50.86,8.14,76.86,25,40,Warsaw,,52.2297,21.0122,100,
2024-03-05T09:00:00+00:00,36.5,45.5,7.88,75.64,25,40,Warsaw,,52.2297,21.0122,100,
2024-03-05T10:00:00+00:00,45.67,61.76,6.34,81.07,25,40,Warsaw,,52.2297,21.0122,100,
2024-03-05T11:00:00+00:00,37.76,48.7,4.77,71.45,25,40,Warsaw,,52.2297,21.0122,100,
2024-03-05T12:00:00+00:00,34.55,45.54,5.08,75.4,25,40,Warsaw,,52.2297,21.0122,100,
2024-03-05T13:00:00+00:00,34.11,48.22,4.08,60.88,25,40,Warsaw,,52.2297,21.0122,100,
2024-03-05T14:00:00+00:00,40.24,57.29,4.05,63.2,25,40,Warsaw,,52.2297,21.0122,100,
2024-03-05T15:00:00+00:00,43.55,55.18,0.97,61.06,25,40,Warsaw,,52.2297,21.0122,100,
2024-03-05T16:00:00+00:00,37.21,47.61,1.21,66.63,25,40,Warsaw,,52.2297,21.0122,100,
2024-03-05T17:00:00+00:00,41.97,58.44,2.59,63.65,25,40,Warsaw,,52.2297,21.0122,100,
2024-03-05T18:00:00+00:00,40.59,56.02,-0.12,52.99,25,40,Warsaw,,52.2297,21.0122,100,
2024-03-05T19:00:00+00:00,32.9,43.86,1.36,54.71,25,40,Warsaw,,52.2297,21.0122,100,
2024-03-05T20:00:00+00:00,37.56,49.53,2.36,63.41,25,40,Warsaw,,52.2297,21.0122,100,
2024-03-05T21:00:00+00:00,36.35,49.36,1.3,65.77,25,40,Warsaw,,52.2297,21.0122,100,
2024-03-05T22:00:00+00:00,40.95,58.5,1.57,57.77,25,40,Warsaw,,52.2297,21.0122,100,
2024-03-05T23:00:00+00:00,34.18,49.39,2.7,69.38,25,40,Warsaw,,52.2297,21.0122,100,
2024-03-06T00:00:00+00:00,37.01,53.42,6.03,68.14,25,40,Warsaw,,52.2297,21.0122,100,
2024-03-06T01:00:00+00:00,35.95,50.01,6.41,64.68,25,40,Warsaw,,52.2297,21.0122,100,
2024-03-06T02:00:00+00:00,43.58,58.67,6.24,70.1,25,40,Warsaw,,52.2297,21.0122,100,
2024-03-06T03:00:00+00:00,40.62,55.05,8.28,69.66,25,40,Warsaw,,52.2297,21.0122,100,
2024-03-06T04:00:00+00:00,35.96,49.1,8.72,77.41,25,40,Warsaw,,52.2297,21.0122,100,
2024-03-06T05:00:00+00:00,39.3,55.75,7.76,85.49,25,40,Warsaw,,52.2297,21.0122,100,
2024-03-06T06:00:00+00:00,39.32,54.78,10.06,84.36,25,40,Warsaw,,52.2297,21.0122,100,
2024-03-06T07:00:00+00:00,35.74,44.36,10.2,83.32,25,40,Warsaw,,52.2297,21.0122,100,
2024-03-06T08:00:00+00:00,36.41,49.98,8.38,72.75,25,40,Warsaw,,52.2297,21.0122,100,
2024-03-06T09:00:00+00:00,38.72,55.09,9.02,84.29,25,40,Warsaw,,52.2297,21.0122,100,
2024-03-06T10:00:00+00:00,39.06,56.69,7.87,74.1,25,40,Warsaw,,52.2297,21.0122,100,
2024-03-06T11:00:00+00:00,38.63,51.35,7.2,73.43,25,40,Warsaw,,52.2297,21.0122,100,
2024-03-06T12:00:00+00:00,36.27,49.83,5.76,62.81,25,40,Warsaw,,52.2297,21.0122,100,
2024-03-06T13:00:00+00:00,32.79,43.98,3.67,60.94,25,40,Warsaw,,52.2297,21.0122,100,
2024-03-06T14:00:00+00:00,37.05,52.27,4.03,64.91,25,40,Warsaw,,52.2297,21.0122,100,
2024-03-06T15:00:00+00:00,38.06,54.86,3.39,63.07,25,40,Warsaw,,52.2297,21.0122,100,
2024-03-06T16:00:00+00:00,38.38,51.3,0.71,55.46,25,40,Warsaw,,52.2297,21.0122,100,
2024-03-06T17:00:00+00:00,33.65,48.12,1.42,63.78,25,40,Warsaw,,52.2297,21.0122,100,
2024-03-06T18:00:00+00:00,39.03,48.92,-0.18,60.85,25,40,Warsaw,,52.2297,21.0122,100,
2024-03-06T19:00:00+00:00,33.83,49.62,1.15,52.74,25,40,Warsaw,,52.2297,21.0122,100,
2024-03-06T20:00:00+00:00,37.57,47.87,1.21,61.55,25,40,Warsaw,,52.2297,21.0122,100,
2024-03-06T21:00:00+00:00,44.34,57.71,1.61,65.06,25,40,Warsaw,,52.2297,21.0122,100,
2024-03-06T22:00:00+00:00,37.23,51.53,3.28,64.01,25,40,Warsaw,,52.2297,21.0122,100,
2024-03-06T23:00:00+00:00,34.61,48.3,3.8,62.4,25,40,Warsaw,,52.2297,21.0122,100,
2024-03-07T00:00:00+00:00,41.53,55.07,4.61,69.44,25,40,Warsaw,,52.2297,21.0122,100,
2024-03-07T01:00:00+00:00,38.82,56.18,7.48,65.37,25,40,Warsaw,,52.2297,21.0122,100,
2024-03-07T02:00:00+00:00,44.73,63.69,7.55,81.1,25,40,Warsaw,,52.2297,21.0122,100,
2024-03-07T03:00:00+00:00,38.05,47.75,7.03,76.49,25,40,Warsaw,,52.2297,21.0122,100,
2024-03-07T04:00:00+00:00,35.4,47.31,8.25,71.1,25,40,Warsaw,,52.2297,21.0122,100,
2024-03-07T05:00:00+00:00,40.09,50.31,7.69,77.56,25,40,Warsaw,,52.2297,21.0122,100,
2024-03-07T06:00:00+00:00,43.5,60.73,9.83,86.84,25,40,Warsaw,,52.2297,21.0122,100,
2024-03-07T07:00:00+00:00,39.82,57.71,8.35,74.02,25,40,Warsaw,,52.2297,21.0122,100,
2024-03-07T08:00:00+00:00,43.62,61.25,7.79,81.17,25,40,Warsaw,,52.2297,21.0122,100,
2024-03-07T09:00:00+00:00,37.17,48.06,7.34,80.1,25,40,Warsaw,,52.2297,21.0122,100,
2024-03-07T10:00:00+00:00,37.88,49.05,7.8,71.73,25,40,Warsaw,,52.2297,21.0122,100,
2024-03-07T11:00:00+00:00,42.8,60.84,5.06,72.95,25,40,Warsaw,,52.2297,21.0122,100,
2024-03-07T12:00:00+00:00,37.81,47.58,4.55,67.58,25,40,Warsaw,,52.2297,21.0122,100,
2024-03-07T13:00:00+00:00,36.62,49.49,3.71,74.21,25,40,Warsaw,,52.2297,21.0122,100,
2024-03-07T14:00:00+00:00,37.31,51.68,2.06,62.31,25,40,Warsaw,,52.2297,21.0122,100,
2024-03-07T15:00:00+00:00,38.85,51.2,1.74,57.25,25,40,Warsaw,,52.2297,21.0122,100,
2024-03-07T16:00:00+00:00,37.58,47.2,2.67,65.41,25,40,Warsaw,,52.2297,21.0122,100,
2024-03-07T17:00:00+00:00,36.73,53.21,1.34,60.49,25,40,Warsaw,,52.2297,21.0122,100,
2024-03-07T18:00:00+00:00,39.29,55.08,-0.1,52.62,25,40,Warsaw,,52.2297,21.0122,100,
2024-03-07T19:00:00+00:00,33.02,46.42,1.51,62.24,25,40,Warsaw,,52.2297,21.0122,100,
2024-03-07T20:00:00+00:00,44.33,58.54,1.41,66.66,25,40,Warsaw,,52.2297,21.0122,100,
2024-03-07T21:00:00+00:00,42.72,56.89,1.86,62.59,25,40,Warsaw,,52.2297,21.0122,100,
2024-03-07T22:00:00+00:00,34.79,46.26,3.44,65.69,25,40,Warsaw,,52.2297,21.0122,100,
2024-03-07T23:00:00+00:00,34.57,50.02,4.58,66.94,25,40,Warsaw,,52.2297,21.0122,100,
2024-03-08T00:00:00+00:00,41.48,53.89,6.36,64.08,25,40,Warsaw,,52.2297,21.0122,100,
2024-03-08T01:00:00+00:00,40.49,53.75,4.85,74.92,25,40,Warsaw,,52.2297,21.0122,100,
2024-03-08T02:00:00+00:00,40.3,53.19,6.23,72.05,25,40,Warsaw,,52.2297,21.0122,100,
2024-03-08T03:00:00+00:00,39.37,53.76,8.04,82.76,25,40,Warsaw,,52.2297,21.0122,100,
2024-03-08T04:00:00+00:00,43.24,54.85,8.84,74.93,25,40,Warsaw,,52.2297,21.0122,100,
2024-03-08T05:00:00+00:00,44.3,57.21,8.72,86.7,25,40,Warsaw,,52.2297,21.0122,100,
2024-03-08T06:00:00+00:00,37.32,47.83,8.34,86.85,25,40,Warsaw,,52.2297,21.0122,100,
2024-03-08T07:00:00+00:00,40.96,52.74,9.24,84.6,25,40,Warsaw,,52.2297,21.0122,100,
2024-03-08T08:00:00+00:00,41.8,56.67,8.9,71.84,25,40,Warsaw,,52.2297,21.0122,100,
2024-03-08T09:00:00+00:00,41.48,57.56,8.71,76.54,25,40,Warsaw,,52.2297,21.0122,100,
2024-03-08T10:00:00+00:00,35.04,45.6,6.76,78.57,25,40,Warsaw,,52.2297,21.0122,100,
2024-03-08T11:00:00+00:00,37.19,53.84,5.34,74.7,25,40,Warsaw,,52.2297,21.0122,100,
2024-03-08T12:00:00+00:00,44.15,61.17,4.4,69.48,25,40,Warsaw,,52.2297,21.0122,100,
2024-03-08T13:00:00+00:00,38.9,53.88,5.31,61.72,25,40,Warsaw,,52.2297,21.0122,100,
2024-03-08T14:00:00+00:00,38.85,56.3,3.47,69.0,25,40,Warsaw,,52.2297,21.0122,100,
2024-03-08T15:00:00+00:00,35.7,47.49,2.82,55.17,25,40,Warsaw,,52.2297,21.0122,100,
2024-03-08T16:00:00+00:00,39.76,51.26,0.95,68.94,25,40,Warsaw,,52.2297,21.0122,100,
2024-03-08T17:00:00+00:00,37.22,53.03,1.83,60.63,25,40,Warsaw,,52.2297,21.0122,100,
2024-03-08T18:00:00+00:00,39.81,56.98,1.11,64.94,25,40,Warsaw,,52.2297,21.0122,100,
2024-03-08T19:00:00+00:00,33.43,42.09,0.99,53.77,25,40,Warsaw,,52.2297,21.0122,100,
2024-03-08T20:00:00+00:00,36.89,50.35,1.15,63.59,25,40,Warsaw,,52.2297,21.0122,100,
2024-03-08T21:00:00+00:00,35.71,48.73,3.02,58.31,25,40,Warsaw,,52.2297,21.0122,100,
2024-03-08T22:00:00+00:00,36.15,47.88,2.81,60.06,25,40,Warsaw,,52.2297,21.0122,100,
2024-03-08T23:00:00+00:00,40.67,56.07,4.2,62.18,25,40,Warsaw,,52.2297,21.0122,100,
2024-03-09T00:00:00+00:00,36.27,51.36,6.5,67.29,25,40,Warsaw,,52.2297,21.0122,100,
2024-03-09T01:00:00+00:00,34.64,46.91,4.9,73.12,25,40,Warsaw,,52.2297,21.0122,100,
2024-03-09T02:00:00+00:00,40.46,57.78,7.61,80.27,25,40,Warsaw,,52.2297,21.0122,100,
2024-03-09T03:00:00+00:00,35.63,46.88,6.83,71.01,25,40,Warsaw,,52.2297,21.0122,100,
2024-03-09T04:00:00+00:00,43.7,60.54,7.39,82.7,25,40,Warsaw,,52.2297,21.0122,100,
2024-03-09T05:00:00+00:00,44.51,58.91,8.46,76.41,25,40,Warsaw,,52.2297,21.0122,100,
2024-03-09T06:00:00+00:00,36.08,52.04,7.98,80.3,25,40,Warsaw,,52.2297,21.0122,100,
2024-03-09T07:00:00+00:00,38.28,55.63,9.67,80.7,25,40,Warsaw,,52.2297,21.0122,100,
2024-03-09T08:00:00+00:00,38.95,52.73,8.95,82.23,25,40,Warsaw,,52.2297,21.0122,100,
2024-03-09T09:00:00+00:00,33.19,47.46,9.17,69.36,25,40,Warsaw,,52.2297,21.0122,100,
2024-03-09T10:00:00+00:00,38.48,50.34,7.91,79.11,25,40,Warsaw,,52.2297,21.0122,100,
2024-03-09T11:00:00+00:00,39.56,56.99,5.63,74.84,25,40,Warsaw,,52.2297,21.0122,100,
2024-03-09T12:00:00+00:00,35.16,45.7,4.13,66.23,25,40,Warsaw,,52.2297,21.0122,100,
2024-03-09T13:00:00+00:00,32.88,41.4,4.0,62.23,25,40,Warsaw,,52.2297,21.0122,100,
2024-03-09T14:00:00+00:00,41.93,53.67,2.81,60.69,25,40,Warsaw,,52.2297,21.0122,100,
2024-03-09T15:00:00+00:00,39.01,55.61,3.12,62.6,25,40,Warsaw,,52.2297,21.0122,100,
2024-03-09T16:00:00+00:00,42.84,55.37,0.15,55.66,25,40,Warsaw,,52.2297,21.0122,100,
2024-03-09T17:00:00+00:00,40.9,58.59,1.93,67.13,25,40,Warsaw,,52.2297,21.0122,100,
2024-03-09T18:00:00+00:00,42.79,55.68,1.82,62.68,25,40,Warsaw,,52.2297,21.0122,100,
2024-03-09T19:00:00+00:00,35.41,45.99,2.0,62.66,25,40,Warsaw,,52.2297,21.0122,100,
2024-03-09T20:00:00+00:00,44.19,59.18,0.86,64.14,25,40,Warsaw,,52.2297,21.0122,100,
2024-03-09T21:00:00+00:00,42.73,59.16,1.01,61.43,25,40,Warsaw,,52.2297,21.0122,100,
2024-03-09T22:00:00+00:00,37.45,52.74,3.17,70.68,25,40,Warsaw,,52.2297,21.0122,100,
2024-03-09T23:00:00+00:00,42.77,55.16,3.26,66.82,25,40,Warsaw,,52.2297,21.0122,100,
2024-03-10T00:00:00+00:00,43.07,57.17,6.02,71.45,25,40,Warsaw,,52.2297,21.0122,100,
2024-03-10T01:00:00+00:00,39.21,55.92,6.02,72.99,25,40,Warsaw,,52.2297,21.0122,100,
2024-03-10T02:00:00+00:00,42.78,60.6,6.95,69.83,25,40,Warsaw,,52.2297,21.0122,100,
2024-03-10T03:00:00+00:00,45.7,61.29,7.36,83.28,25,40,Warsaw,,52.2297,21.0122,100,
2024-03-10T04:00:00+00:00,39.25,50.44,8.69,75.43,25,40,Warsaw,,52.2297,21.0122,100,
2024-03-10T05:00:00+00:00,44.12,57.33,7.41,84.97,25,40,Warsaw,,52.2297,21.0122,100,
2024-03-10T06:00:00+00:00,42.61,60.76,8.42,73.49,25,40,Warsaw,,52.2297,21.0122,100,
2024-03-10T07:00:00+00:00,35.62,45.28,9.29,71.92,25,40,Warsaw,,52.2297,21.0122,100,
2024-03-10T08:00:00+00:00,35.25,49.36,9.73,77.8,25,40,Warsaw,,52.2297,21.0122,100,
2024-03-10T09:00:00+00:00,42.75,58.32,7.57,72.56,25,40,Warsaw,,52.2297,21.0122,100,
2024-03-10T10:00:00+00:00,41.07,56.79,8.25,76.51,25,40,Warsaw,,52.2297,21.0122,100,
2024-03-10T11:00:00+00:00,44.62,60.25,4.99,69.66,25,40,Warsaw,,52.2297,21.0122,100,
2024-03-10T12:00:00+00:00,39.16,52.93,6.14,68.74,25,40,Warsaw,,52.2297,21.0122,100,
2024-03-10T13:00:00+00:00,35.27,49.54,5.22,64.32,25,40,Warsaw,,52.2297,21.0122,100,
2024-03-10T14:00:00+00:00,34.83,48.85,1.87,59.72,25,40,Warsaw,,52.2297,21.0122,100,
2024-03-10T15:00:00+00:00,35.32,45.39,2.05,55.84,25,40,Warsaw,,52.2297,21.0122,100,
2024-03-10T16:00:00+00:00,36.2,47.28,0.25,56.23,25,40,Warsaw,,52.2297,21.0122,100,
2024-03-10T17:00:00+00:00,41.03,52.01,1.09,68.06,25,40,Warsaw,,52.2297,21.0122,100,
2024-03-10T18:00:00+00:00,34.75,49.49,1.57,53.23,25,40,Warsaw,,52.2297,21.0122,100,
2024-03-10T19:00:00+00:00,36.64,51.64,-0.28,53.19,25,40,Warsaw,,52.2297,21.0122,100,
2024-03-10T20:00:00+00:00,35.63,51.78,2.89,56.87,25,40,Warsaw,,52.2297,21.0122,100,
2024-03-10T21:00:00+00:00,34.34,42.87,1.95,62.16,25,40,Warsaw,,52.2297,21.0122,100,
2024-03-10T22:00:00+00:00,39.59,54.51,4.09,58.5,25,40,Warsaw,,52.2297,21.0122,100,
2024-03-10T23:00:00+00:00,38.5,49.14,5.01,61.23,25,40,Warsaw,,52.2297,21.0122,100,
2024-03-11T00:00:00+00:00,39.61,50.83,4.71,72.71,25,40,Warsaw,,52.2297,21.0122,100,
2024-03-11T01:00:00+00:00,37.83,52.93,5.98,76.39,25,40,Warsaw,,52.2297,21.0122,100,
2024-03-11T02:00:00+00:00,34.89,47.15,6.7,68.76,25,40,Warsaw,,52.2297,21.0122,100,
2024-03-11T03:00:00+00:00,41.51,55.72,8.58,82.95,25,40,Warsaw,,52.2297,21.0122,100,
2024-03-11T04:00:00+00:00,36.88,49.78,8.45,82.37,25,40,Warsaw,,52.2297,21.0122,100,
2024-03-11T05:00:00+00:00,40.83,56.0,10.29,82.61,25,40,Warsaw,,52.2297,21.0122,100,
2024-03-11T06:00:00+00:00,38.44,53.05,8.16,79.84,25,40,Warsaw,,52.2297,21.0122,100,
2024-03-11T07:00:00+00:00,42.98,60.18,9.91,72.81,25,40,Warsaw,,52.2297,21.0122,100,
2024-03-11T08:00:00+00:00,42.1,55.38,8.03,85.29,25,40,Warsaw,,52.2297,21.0122,100,
2024-03-11T09:00:00+00:00,35.47,51.45,8.85,78.83,25,40,Warsaw,,52.2297,21.0122,100,
2024-03-11T10:00:00+00:00,34.72,42.9,7.7,70.19,25,40,Warsaw,,52.2297,21.0122,100,
2024-03-11T11:00:00+00:00,34.12,46.68,6.21,74.66,25,40,Warsaw,,52.2297,21.0122,100,
2024-03-11T12:00:00+00:00,42.15,54.01,6.1,64.33,25,40,Warsaw,,52.2297,21.0122,100,
2024-03-11T13:00:00+00:00,38.94,56.16,4.02,73.4,25,40,Warsaw,,52.2297,21.0122,100,
2024-03-11T14:00:00+00:00,43.32,56.68,3.38,66.48,25,40,Warsaw,,52.2297,21.0122,100,
2024-03-11T15:00:00+00:00,34.94,45.54,1.38,56.86,25,40,Warsaw,,52.2297,21.0122,100,
2024-03-11T16:00:00+00:00,42.66,55.33,1.4,56.95,25,40,Warsaw,,52.2297,21.0122,100,
2024-03-11T17:00:00+00:00,34.44,44.48,2.11,66.37,25,40,Warsaw,,52.2297,21.0122,100,
2024-03-11T18:00:00+00:00,41.48,59.87,0.41,52.5,25,40,Warsaw,,52.2297,21.0122,100,
2024-03-11T19:00:00+00:00,34.47,49.63,1.24,53.4,25,40,Warsaw,,52.2297,21.0122,100,
2024-03-11T20:00:00+00:00,37.54,52.3,0.52,57.25,25,40,Warsaw,,52.2297,21.0122,100,
2024-03-11T21:00:00+00:00,36.91,53.56,0.93,60.54,25,40,Warsaw,,52.2297,21.0122,100,
2024-03-11T22:00:00+00:00,35.21,45.89,3.49,66.55,25,40,Warsaw,,52.2297,21.0122,100,
2024-03-11T23:00:00+00:00,35.08,49.77,4.3,72.66,25,40,Warsaw,,52.2297,21.0122,100,
2024-03-12T00:00:00+00:00,39.97,52.75,4.98,75.57,25,40,Warsaw,,52.2297,21.0122,100,
2024-03-12T01:00:00+00:00,39.79,55.54,7.4,69.9,25,40,Warsaw,,52.2297,21.0122,100,
2024-03-12T02:00:00+00:00,37.7,47.55,8.39,80.06,25,40,Warsaw,,52.2297,21.0122,100,
2024-03-12T03:00:00+00:00,43.07,60.24,6.42,76.26,25,40,Warsaw,,52.2297,21.0122,100,
2024-03-12T04:00:00+00:00,42.19,53.26,7.89,85.77,25,40,Warsaw,,52.2297,21.0122,100,
2024-03-12T05:00:00+00:00,36.67,51.67,9.49,87.51,25,40,Warsaw,,52.2297,21.0122,100,
2024-03-12T06:00:00+00:00,37.29,48.76,9.92,75.89,25,40,Warsaw,,52.2297,21.0122,100,
2024-03-12T07:00:00+00:00,42.95,60.92,8.63,75.32,25,40,Warsaw,,52.2297,21.0122,100,
2024-03-12T08:00:00+00:00,42.61,54.54,8.58,81.99,25,40,Warsaw,,52.2297,21.0122,100,
2024-03-12T09:00:00+00:00,43.19,55.87,7.37,72.63,25,40,Warsaw,,52.2297,21.0122,100,
2024-03-12T10:00:00+00:00,40.47,51.31,6.85,82.06,25,40,Warsaw,,52.2297,21.0122,100,
2024-03-12T11:00:00+00:00,36.08,44.95,6.65,67.35,25,40,Warsaw,,52.2297,21.0122,100,
2024-03-12T12:00:00+00:00,40.12,56.3,4.87,71.97,25,40,Warsaw,,52.2297,21.0122,100,
2024-03-12T13:00:00+00:00,43.18,61.34,3.04,62.54,25,40,Warsaw,,52.2297,21.0122,100,
2024-03-12T14:00:00+00:00,40.88,55.6,3.94,68.12,25,40,Warsaw,,52.2297,21.0122,100,
2024-03-12T15:00:00+00:00,43.44,59.43,1.84,60.33,25,40,Warsaw,,52.2297,21.0122,100,
2024-03-12T16:00:00+00:00,42.08,55.39,2.62,58.74,25,40,Warsaw,,52.2297,21.0122,100,
2024-03-12T17:00:00+00:00,38.06,52.05,1.68,56.65,25,40,Warsaw,,52.2297,21.0122,100,
2024-03-12T18:00:00+00:00,43.01,57.35,0.89,60.9,25,40,Warsaw,,52.2297,21.0122,100,
2024-03-12T19:00:00+00:00,41.54,55.38,2.48,61.89,25,40,Warsaw,,52.2297,21.0122,100,
2024-03-12T20:00:00+00:00,34.7,46.0,0.51,57.5,25,40,Warsaw,,52.2297,21.0122,100,
2024-03-12T21:00:00+00:00,38.45,55.28,0.74,58.16,25,40,Warsaw,,52.2297,21.0122,100,
2024-03-12T22:00:00+00:00,41.12,54.78,4.45,66.29,25,40,Warsaw,,52.2297,21.0122,100,
2024-03-12T23:00:00+00:00,39.02,52.22,4.9,66.66,25,40,Warsaw,,52.2297,21.0122,100,
2024-03-13T00:00:00+00:00,39.41,56.14,3.96,63.35,25,40,Warsaw,,52.2297,21.0122,100,
2024-03-13T01:00:00+00:00,41.5,52.4,6.14,78.74,25,40,Warsaw,,52.2297,21.0122,100,
2024-03-13T02:00:00+00:00,39.1,52.58,6.52,73.06,25,40,Warsaw,,52.2297,21.0122,100,
2024-03-13T03:00:00+00:00,36.94,46.51,7.19,70.29,25,40,Warsaw,,52.2297,21.0122,100,
2024-03-13T04:00:00+00:00,41.38,53.14,9.73,82.22,25,40,Warsaw,,52.2297,21.0122,100,
2024-03-13T05:00:00+00:00,38.94,49.69,9.2,77.01,25,40,Warsaw,,52.2297,21.0122,100,
2024-03-13T06:00:00+00:00,44.91,64.42,8.06,82.1,25,40,Warsaw,,52.2297,21.0122,100,
2024-03-13T07:00:00+00:00,42.24,53.78,9.17,85.9,25,40,Warsaw,,52.2297,21.0122,100,
2024-03-13T08:00:00+00:00,43.55,54.81,8.86,73.25,25,40,Warsaw,,52.2297,21.0122,100,
2024-03-13T09:00:00+00:00,35.42,50.05,8.71,74.54,25,40,Warsaw,,52.2297,21.0122,100,
2024-03-13T10:00:00+00:00,41.03,54.94,6.15,72.71,25,40,Warsaw,,52.2297,21.0122,100,
2024-03-13T11:00:00+00:00,42.28,59.32,6.11,65.12,25,40,Warsaw,,52.2297,21.0122,100,
2024-03-13T12:00:00+00:00,44.84,63.0,4.97,71.26,25,40,Warsaw,,52.2297,21.0122,100,
2024-03-13T13:00:00+00:00,37.8,48.63,4.84,59.81,25,40,Warsaw,,52.2297,21.0122,100,
2024-03-13T14:00:00+00:00,42.11,53.9,2.99,65.06,25,40,Warsaw,,52.2297,21.0122,100,
2024-03-13T15:00:00+00:00,39.3,53.94,1.47,57.05,25,40,Warsaw,,52.2297,21.0122,100,
2024-03-13T16:00:00+00:00,40.83,52.74,2.01,55.16,25,40,Warsaw,,52.2297,21.0122,100,
2024-03-13T17:00:00+00:00,41.59,57.32,2.15,55.29,25,40,Warsaw,,52.2297,21.0122,100,
2024-03-13T18:00:00+00:00,35.26,49.69,0.37,67.21,25,40,Warsaw,,52.2297,21.0122,100,
2024-03-13T19:00:00+00:00,42.29,60.94,1.41,57.06,25,40,Warsaw,,52.2297,21.0122,100,
2024-03-13T20:00:00+00:00,39.77,51.96,1.78,61.43,25,40,Warsaw,,52.2297,21.0122,100,
2024-03-13T21:00:00+00:00,42.77,56.48,0.85,66.82,25,40,Warsaw,,52.2297,21.0122,100,
2024-03-13T22:00:00+00:00,41.18,52.44,2.88,62.22,25,40,Warsaw,,52.2297,21.0122,100,
2024-03-13T23:00:00+00:00,38.31,51.6,3.69,65.07,25,40,Warsaw,,52.2297,21.0122,100,
2024-03-14T00:00:00+00:00,39.22,54.47,4.57,77.71,25,40,Warsaw,,52.2297,21.0122,100,
2024-03-14T01:00:00+00:00,33.98,48.48,7.36,65.95,25,40,Warsaw,,52.2297,21.0122,100,
2024-03-14T02:00:00+00:00,39.92,57.36,7.35,80.89,25,40,Warsaw,,52.2297,21.0122,100,
2024-03-14T03:00:00+00:00,40.14,51.53,8.57,78.89,25,40,Warsaw,,52.2297,21.0122,100,
2024-03-14T04:00:00+00:00,38.34,48.57,9.45,78.91,25,40,Warsaw,,52.2297,21.0122,100,
2024-03-14T05:00:00+00:00,38.8,54.51,7.63,80.89,25,40,Warsaw,,52.2297,21.0122,100,
2024-03-14T06:00:00+00:00,37.95,50.76,9.87,77.43,25,40,Warsaw,,52.2297,21.0122,100,
2024-03-14T07:00:00+00:00,37.78,54.56,10.08,86.16,25,40,Warsaw,,52.2297,21.0122,100,
2024-03-14T08:00:00+00:00,43.02,55.59,7.33,76.25,25,40,Warsaw,,52.2297,21.0122,100,
2024-03-14T09:00:00+00:00,41.5,56.41,7.38,73.03,25,40,Warsaw,,52.2297,21.0122,100,
2024-03-14T10:00:00+00:00,34.41,48.41,7.56,67.73,25,40,Warsaw,,52.2297,21.0122,100,
2024-03-14T11:00:00+00:00,45.12,60.77,5.03,75.1,25,40,Warsaw,,52.2297,21.0122,100,
2024-03-14T12:00:00+00:00,32.91,44.07,4.67,64.84,25,40,Warsaw,,52.2297,21.0122,100,
2024-03-14T13:00:00+00:00,32.57,45.92,5.35,60.24,25,40,Warsaw,,52.2297,21.0122,100,
2024-03-14T14:00:00+00:00,41.65,57.67,3.18,61.29,25,40,Warsaw,,52.2297,21.0122,100,
2024-03-14T15:00:00+00:00,36.96,46.58,1.29,64.86,25,40,Warsaw,,52.2297,21.0122,100,
2024-03-14T16:00:00+00:00,40.07,55.77,0.7,60.39,25,40,Warsaw,,52.2297,21.0122,100,
2024-03-14T17:00:00+00:00,40.52,51.52,2.0,64.45,25,40,Warsaw,,52.2297,21.0122,100,
2024-03-14T18:00:00+00:00,42.6,60.64,0.61,57.57,25,40,Warsaw,,52.2297,21.0122,100,
2024-03-14T19:00:00+00:00,39.41,51.37,0.5,64.96,25,40,Warsaw,,52.2297,21.0122,100,
2024-03-14T20:00:00+00:00,36.68,53.14,0.25,69.07,25,40,Warsaw,,52.2297,21.0122,100,
2024-03-14T21:00:00+00:00,36.56,46.94,2.66,60.85,25,40,Warsaw,,52.2297,21.0122,100,
2024-03-14T22:00:00+00:00,33.36,45.26,3.44,58.67,25,40,Warsaw,,52.2297,21.0122,100,
2024-03-14T23:00:00+00:00,33.68,49.4,4.73,68.42,25,40,Warsaw,,52.2297,21.0122,100,
2024-03-15T00:00:00+00:00,34.85,48.62,4.72,72.71,25,40,Warsaw,,52.2297,21.0122,100,
2024-03-15T01:00:00+00:00,35.24,43.98,6.67,68.59,25,40,Warsaw,,52.2297,21.0122,100,
2024-03-15T02:00:00+00:00,36.94,50.89,6.16,82.12,25,40,Warsaw,,52.2297,21.0122,100,
2024-03-15T03:00:00+00:00,41.88,56.29,6.53,69.26,25,40,Warsaw,,52.2297,21.0122,100,
2024-03-15T04:00:00+00:00,39.73,52.63,9.12,82.82,25,40,Warsaw,,52.2297,21.0122,100,
2024-03-15T05:00:00+00:00,34.78,44.1,9.35,82.57,25,40,Warsaw,,52.2297,21.0122,100,
2024-03-15T06:00:00+00:00,41.41,59.57,9.06,76.76,25,40,Warsaw,,52.2297,21.0122,100,
2024-03-15T07:00:00+00:00,40.23,53.75,8.81,81.99,25,40,Warsaw,,52.2297,21.0122,100,
2024-03-15T08:00:00+00:00,37.75,51.69,8.72,81.36,25,40,Warsaw,,52.2297,21.0122,100,
2024-03-15T09:00:00+00:00,36.65,48.25,8.45,71.05,25,40,Warsaw,,52.2297,21.0122,100,
2024-03-15T10:00:00+00:00,35.97,51.77,7.05,79.17,25,40,Warsaw,,52.2297,21.0122,100,
2024-03-15T11:00:00+00:00,41.59,57.96,5.14,79.88,25,40,Warsaw,,52.2297,21.0122,100,
2024-03-15T12:00:00+00:00,33.05,41.47,6.06,64.13,25,40,Warsaw,,52.2297,21.0122,100,
2024-03-15T13:00:00+00:00,34.01,45.11,4.83,65.05,25,40,Warsaw,,52.2297,21.0122,100,
2024-03-15T14:00:00+00:00,34.0,43.76,4.11,62.3,25,40,Warsaw,,52.2297,21.0122,100,
2024-03-15T15:00:00+00:00,42.22,54.91,3.6,62.65,25,40,Warsaw,,52.2297,21.0122,100,
2024-03-15T16:00:00+00:00,33.72,42.91,2.96,64.13,25,40,Warsaw,,52.2297,21.0122,100,
2024-03-15T17:00:00+00:00,41.4,54.75,2.04,62.51,25,40,Warsaw,,52.2297,21.0122,100,
2024-03-15T18:00:00+00:00,38.86,51.22,1.67,58.29,25,40,Warsaw,,52.2297,21.0122,100,
2024-03-15T19:00:00+00:00,34.27,45.52,1.28,57.22,25,40,Warsaw,,52.2297,21.0122,100,
2024-03-15T20:00:00+00:00,43.17,55.3,0.6,64.5,25,40,Warsaw,,52.2297,21.0122,100,
2024-03-15T21:00:00+00:00,43.15,58.21,2.67,59.18,25,40,Warsaw,,52.2297,21.0122,100,
2024-03-15T22:00:00+00:00,38.33,51.38,4.42,58.65,25,40,Warsaw,,52.2297,21.0122,100,
2024-03-15T23:00:00+00:00,42.48,53.77,2.81,71.88,25,40,Warsaw,,52.2297,21.0122,100,
2024-03-16T00:00:00+00:00,38.5,53.88,4.27,70.24,25,40,Warsaw,,52.2297,21.0122,100,
2024-03-16T01:00:00+00:00,43.71,60.9,7.14,72.61,25,40,Warsaw,,52.2297,21.0122,100,
2024-03-16T02:00:00+00:00,36.34,45.41,7.56,68.98,25,40,Warsaw,,52.2297,21.0122,100,
2024-03-16T03:00:00+00:00,39.69,56.24,8.05,70.91,25,40,Warsaw,,52.2297,21.0122,100,
2024-03-16T04:00:00+00:00,35.5,51.14,9.29,83.69,25,40,Warsaw,,52.2297,21.0122,100,
2024-03-16T05:00:00+00:00,39.05,50.3,8.55,72.75,25,40,Warsaw,,52.2297,21.0122,100,
2024-03-16T06:00:00+00:00,41.34,56.29,9.42,76.44,25,40,Warsaw,,52.2297,21.0122,100,
2024-03-16T07:00:00+00:00,41.82,57.92,9.29,85.68,25,40,Warsaw,,52.2297,21.0122,100,
2024-03-16T08:00:00+00:00,39.09,53.21,9.01,72.37,25,40,Warsaw,,52.2297,21.0122,100,
2024-03-16T09:00:00+00:00,37.41,51.24,7.13,83.94,25,40,Warsaw,,52.2297,21.0122,100,
2024-03-16T10:00:00+00:00,41.19,54.2,6.84,76.34,25,40,Warsaw,,52.2297,21.0122,100,
2024-03-16T11:00:00+00:00,41.94,57.33,5.47,73.07,25,40,Warsaw,,52.2297,21.0122,100,
2024-03-16T12:00:00+00:00,39.82,55.21,5.81,72.15,25,40,Warsaw,,52.2297,21.0122,100,
2024-03-16T13:00:00+00:00,35.05,43.81,5.12,65.21,25,40,Warsaw,,52.2297,21.0122,100,
2024-03-16T14:00:00+00:00,36.92,48.22,3.63,70.48,25,40,Warsaw,,52.2297,21.0122,100,
2024-03-16T15:00:00+00:00,36.42,51.46,3.19,67.03,25,40,Warsaw,,52.2297,21.0122,100,
2024-03-16T16:00:00+00:00,34.14,46.64,2.5,61.12,25,40,Warsaw,,52.2297,21.0122,100,
2024-03-16T17:00:00+00:00,38.75,55.0,2.12,58.97,25,40,Warsaw,,52.2297,21.0122,100,
2024-03-16T18:00:00+00:00,35.79,46.67,2.44,52.97,25,40,Warsaw,,52.2297,21.0122,100,
2024-03-16T19:00:00+00:00,35.66,47.99,2.0,61.34,25,40,Warsaw,,52.2297,21.0122,100,
2024-03-16T20:00:00+00:00,37.35,53.31,2.66,66.2,25,40,Warsaw,,52.2297,21.0122,100,
2024-03-16T21:00:00+00:00,44.43,61.68,2.36,68.96,25,40,Warsaw,,52.2297,21.0122,100,
2024-03-16T22:00:00+00:00,39.4,56.52,4.45,66.49,25,40,Warsaw,,52.2297,21.0122,100,
2024-03-16T23:00:00+00:00,38.19,48.33,3.18,74.77,25,40,Warsaw,,52.2297,21.0122,100,
2024-03-17T00:00:00+00:00,33.96,45.77,5.32,68.26,25,40,Warsaw,,52.2297,21.0122,100,
2024-03-17T01:00:00+00:00,40.73,56.56,7.17,75.45,25,40,Warsaw,,52.2297,21.0122,100,
2024-03-17T02:00:00+00:00,35.45,48.84,8.1,77.77,25,40,Warsaw,,52.2297,21.0122,100,
2024-03-17T03:00:00+00:00,42.84,55.24,6.36,78.8,25,40,Warsaw,,52.2297,21.0122,100,
2024-03-17T04:00:00+00:00,36.06,50.19,8.62,78.62,25,40,Warsaw,,52.2297,21.0122,100,
2024-03-17T05:00:00+00:00,35.92,44.87,7.99,79.45,25,40,Warsaw,,52.2297,21.0122,100,
2024-03-17T06:00:00+00:00,44.5,63.57,8.98,82.35,25,40,Warsaw,,52.2297,21.0122,100,
2024-03-17T07:00:00+00:00,42.1,56.55,7.82,74.39,25,40,Warsaw,,52.2297,21.0122,100,
2024-03-17T08:00:00+00:00,34.38,46.46,8.56,74.74,25,40,Warsaw,,52.2297,21.0122,100,
2024-03-17T09:00:00+00:00,40.8,58.48,7.15,77.38,25,40,Warsaw,,52.2297,21.0122,100,
2024-03-17T10:00:00+00:00,35.18,50.32,8.43,78.96,25,40,Warsaw,,52.2297,21.0122,100,
2024-03-17T11:00:00+00:00,39.89,57.5,6.65,78.88,25,40,Warsaw,,52.2297,21.0122,100,
2024-03-17T12:00:00+00:00,35.91,51.88,6.19,73.3,25,40,Warsaw,,52.2297,21.0122,100,
2024-03-17T13:00:00+00:00,39.24,49.85,3.46,63.04,25,40,Warsaw,,52.2297,21.0122,100,
2024-03-17T14:00:00+00:00,37.75,50.94,3.75,72.09,25,40,Warsaw,,52.2297,21.0122,100,
2024-03-17T15:00:00+00:00,38.2,50.41,2.3,65.4,25,40,Warsaw,,52.2297,21.0122,100,
2024-03-17T16:00:00+00:00,41.26,51.96,0.61,61.21,25,40,Warsaw,,52.2297,21.0122,100,
2024-03-17T17:00:00+00:00,43.56,57.55,1.39,64.33,25,40,Warsaw,,52.2297,21.0122,100,
2024-03-17T18:00:00+00:00,39.59,52.35,1.08,55.27,25,40,Warsaw,,52.2297,21.0122,100,
2024-03-17T19:00:00+00:00,34.89,50.47,1.61,55.38,25,40,Warsaw,,52.2297,21.0122,100,
2024-03-17T20:00:00+00:00,33.62,45.55,1.8,62.91,25,40,Warsaw,,52.2297,21.0122,100,
2024-03-17T21:00:00+00:00,36.94,48.69,2.52,58.72,25,40,Warsaw,,52.2297,21.0122,100,
2024-03-17T22:00:00+00:00,33.73,44.25,4.12,61.12,25,40,Warsaw,,52.2297,21.0122,100,
2024-03-17T23:00:00+00:00,35.45,47.18,3.51,70.88,25,40,Warsaw,,52.2297,21.0122,100,
2024-03-18T00:00:00+00:00,33.99,47.5,5.86,63.98,25,40,Warsaw,,52.2297,21.0122,100,
2024-03-18T01:00:00+00:00,36.38,45.54,5.04,68.84,25,40,Warsaw,,52.2297,21.0122,100,
2024-03-18T02:00:00+00:00,37.89,50.98,6.31,76.38,25,40,Warsaw,,52.2297,21.0122,100,
2024-03-18T03:00:00+00:00,43.41,58.67,8.52,73.16,25,40,Warsaw,,52.2297,21.0122,100,
2024-03-18T04:00:00+00:00,36.93,51.41,9.68,74.13,25,40,Warsaw,,52.2297,21.0122,100,
2024-03-18T05:00:00+00:00,36.73,46.56,8.73,78.12,25,40,Warsaw,,52.2297,21.0122,100,
2024-03-18T06:00:00+00:00,38.34,52.38,9.91,83.72,25,40,Warsaw,,52.2297,21.0122,100,
2024-03-18T07:00:00+00:00,38.71,49.07,9.48,73.62,25,40,Warsaw,,52.2297,21.0122,100,
2024-03-18T08:00:00+00:00,43.92,63.08,9.84,74.58,25,40,Warsaw,,52.2297,21.0122,100,
2024-03-18T09:00:00+00:00,39.22,51.49,8.86,77.16,25,40,Warsaw,,52.2297,21.0122,100,
2024-03-18T10:00:00+00:00,36.2,50.78,8.15,80.03,25,40,Warsaw,,52.2297,21.0122,100,
2024-03-18T11:00:00+00:00,38.29,55.12,6.03,65.21,25,40,Warsaw,,52.2297,21.0122,100,
2024-03-18T12:00:00+00:00,33.87,49.44,4.38,66.8,25,40,Warsaw,,52.2297,21.0122,100,
2024-03-18T13:00:00+00:00,38.35,52.94,4.5,74.29,25,40,Warsaw,,52.2297,21.0122,100,
2024-03-18T14:00:00+00:00,39.96,54.17,2.76,71.44,25,40,Warsaw,,52.2297,21.0122,100,
2024-03-18T15:00:00+00:00,32.08,43.51,2.83,55.14,25,40,Warsaw,,52.2297,21.0122,100,
2024-03-18T16:00:00+00:00,36.42,50.59,0.23,66.61,25,40,Warsaw,,52.2297,21.0122,100,
2024-03-18T17:00:00+00:00,36.4,46.44,0.99,67.05,25,40,Warsaw,,52.2297,21.0122,100,
2024-03-18T18:00:00+00:00,35.86,51.54,-0.45,55.37,25,40,Warsaw,,52.2297,21.0122,100,
2024-03-18T19:00:00+00:00,38.61,54.08,0.66,63.35,25,40,Warsaw,,52.2297,21.0122,100,
2024-03-18T20:00:00+00:00,34.88,45.75,0.11,63.34,25,40,Warsaw,,52.2297,21.0122,100,
2024-03-18T21:00:00+00:00,38.85,48.8,1.85,64.65,25,40,Warsaw,,52.2297,21.0122,100,
2024-03-18T22:00:00+00:00,39.42,49.79,2.15,67.14,25,40,Warsaw,,52.2297,21.0122,100,
2024-03-18T23:00:00+00:00,33.51,48.15,5.23,65.19,25,40,Warsaw,,52.2297,21.0122,100,
2024-03-19T00:00:00+00:00,36.16,46.75,6.46,72.75,25,40,Warsaw,,52.2297,21.0122,100,
2024-03-19T01:00:00+00:00,44.75,59.06,4.74,76.52,25,40,Warsaw,,52.2297,21.0122,100,
2024-03-19T02:00:00+00:00,41.32,58.49,6.9,71.16,25,40,Warsaw,,52.2297,21.0122,100,
2024-03-19T03:00:00+00:00,43.87,56.34,7.7,81.09,25,40,Warsaw,,52.2297,21.0122,100,
2024-03-19T04:00:00+00:00,42.48,56.78,9.79,82.01,25,40,Warsaw,,52.2297,21.0122,100,
2024-03-19T05:00:00+00:00,41.07,51.96,9.39,77.67,25,40,Warsaw,,52.2297,21.0122,100,
2024-03-19T06:00:00+00:00,38.77,52.05,8.0,82.05,25,40,Warsaw,,52.2297,21.0122,100,
2024-03-19T07:00:00+00:00,46.73,63.58,8.09,87.1,25,40,Warsaw,,52.2297,21.0122,100,
2024-03-19T08:00:00+00:00,35.54,46.24,7.53,73.62,25,40,Warsaw,,52.2297,21.0122,100,
2024-03-19T09:00:00+00:00,40.12,53.43,7.06,83.62,25,40,Warsaw,,52.2297,21.0122,100,
2024-03-19T10:00:00+00:00,36.03,48.84,8.14,80.07,25,40,Warsaw,,52.2297,21.0122,100,
2024-03-19T11:00:00+00:00,42.66,56.7,6.42,75.63,25,40,Warsaw,,52.2297,21.0122,100,
2024-03-19T12:00:00+00:00,36.45,49.72,6.18,65.47,25,40,Warsaw,,52.2297,21.0122,100,
2024-03-19T13:00:00+00:00,42.77,59.59,4.01,68.45,25,40,Warsaw,,52.2297,21.0122,100,
2024-03-19T14:00:00+00:00,40.06,56.85,2.67,71.01,25,40,Warsaw,,52.2297,21.0122,100,
2024-03-19T15:00:00+00:00,42.19,54.17,2.99,61.39,25,40,Warsaw,,52.2297,21.0122,100,
2024-03-19T16:00:00+00:00,39.22,54.88,0.65,63.25,25,40,Warsaw,,52.2297,21.0122,100,
2024-03-19T17:00:00+00:00,40.77,52.62,-0.27,67.98,25,40,Warsaw,,52.2297,21.0122,100,
2024-03-19T18:00:00+00:00,35.8,51.54,0.72,60.48,25,40,Warsaw,,52.2297,21.0122,100,
2024-03-19T19:00:00+00:00,35.63,46.2,0.81,60.68,25,40,Warsaw,,52.2297,21.0122,100,
2024-03-19T20:00:00+00:00,39.88,55.74,2.11,65.29,25,40,Warsaw,,52.2297,21.0122,100,
2024-03-19T21:00:00+00:00,36.4,46.71,2.88,58.8,25,40,Warsaw,,52.2297,21.0122,100,
2024-03-19T22:00:00+00:00,40.0,56.88,3.4,64.31,25,40,Warsaw,,52.2297,21.0122,100,
2024-03-19T23:00:00+00:00,44.8,62.91,3.52,73.67,25,40,Warsaw,,52.2297,21.0122,100,
2024-03-20T00:00:00+00:00,34.23,43.39,3.84,70.42,25,40,Warsaw,,52.2297,21.0122,100,
2024-03-20T01:00:00+00:00,35.67,45.15,5.71,68.95,25,40,Warsaw,,52.2297,21.0122,100,
2024-03-20T02:00:00+00:00,40.96,54.69,6.81,80.68,25,40,Warsaw,,52.2297,21.0122,100,
2024-03-20T03:00:00+00:00,37.26,53.45,6.79,82.59,25,40,Warsaw,,52.2297,21.0122,100,
2024-03-20T04:00:00+00:00,36.67,53.27,8.01,73.84,25,40,Warsaw,,52.2297,21.0122,100,
2024-03-20T05:00:00+00:00,35.29,44.05,7.42,72.36,25,40,Warsaw,,52.2297,21.0122,100,
2024-03-20T06:00:00+00:00,45.79,62.88,8.67,82.12,25,40,Warsaw,,52.2297,21.0122,100,
2024-03-20T07:00:00+00:00,37.65,50.38,8.29,84.65,25,40,Warsaw,,52.2297,21.0122,100,
2024-03-20T08:00:00+00:00,43.19,61.68,7.32,77.71,25,40,Warsaw,,52.2297,21.0122,100,
2024-03-20T09:00:00+00:00,37.02,53.62,9.18,71.12,25,40,Warsaw,,52.2297,21.0122,100,
2024-03-20T10:00:00+00:00,37.67,53.2,6.83,74.03,25,40,Warsaw,,52.2297,21.0122,100,
2024-03-20T11:00:00+00:00,43.28,55.16,7.04,67.19,25,40,Warsaw,,52.2297,21.0122,100,
2024-03-20T12:00:00+00:00,40.43,55.78,4.3,66.07,25,40,Warsaw,,52.2297,21.0122,100,
2024-03-20T13:00:00+00:00,35.45,45.44,5.42,61.51,25,40,Warsaw,,52.2297,21.0122,100,
2024-03-20T14:00:00+00:00,36.53,47.35,2.43,64.81,25,40,Warsaw,,52.2297,21.0122,100,
2024-03-20T15:00:00+00:00,33.89,46.0,3.39,57.94,25,40,Warsaw,,52.2297,21.0122,100,
2024-03-20T16:00:00+00:00,34.7,44.59,1.51,62.8,25,40,Warsaw,,52.2297,21.0122,100,
2024-03-20T17:00:00+00:00,40.77,58.87,1.07,54.81,25,40,Warsaw,,52.2297,21.0122,100,
2024-03-20T18:00:00+00:00,36.75,46.13,1.9,56.36,25,40,Warsaw,,52.2297,21.0122,100,
2024-03-20T19:00:00+00:00,43.62,57.16,0.15,65.75,25,40,Warsaw,,52.2297,21.0122,100,
2024-03-20T20:00:00+00:00,43.29,58.27,2.37,65.81,25,40,Warsaw,,52.2297,21.0122,100,
2024-03-20T21:00:00+00:00,37.51,48.94,3.4,68.79,25,40,Warsaw,,52.2297,21.0122,100,
2024-03-20T22:00:00+00:00,41.58,58.98,3.97,58.04,25,40,Warsaw,,52.2297,21.0122,100,
2024-03-20T23:00:00+00:00,37.11,46.72,3.66,74.85,25,40,Warsaw,,52.2297,21.0122,100,
2024-03-21T00:00:00+00:00,43.09,59.12,4.45,76.75,25,40,Warsaw,,52.2297,21.0122,100,
2024-03-21T01:00:00+00:00,37.71,47.0,5.16,76.46,25,40,Warsaw,,52.2297,21.0122,100,
2024-03-21T02:00:00+00:00,37.59,49.32,8.33,67.87,25,40,Warsaw,,52.2297,21.0122,100,
2024-03-21T03:00:00+00:00,40.94,51.96,6.74,82.92,25,40,Warsaw,,52.2297,21.0122,100,
2024-03-21T04:00:00+00:00,37.29,49.7,9.33,81.67,25,40,Warsaw,,52.2297,21.0122,100,
2024-03-21T05:00:00+00:00,43.9,61.3,8.58,81.11,25,40,Warsaw,,52.2297,21.0122,100,
2024-03-21T06:00:00+00:00,35.71,46.41,10.14,76.36,25,40,Warsaw,,52.2297,21.0122,100,
2024-03-21T07:00:00+00:00,35.04,45.44,9.42,77.38,25,40,Warsaw,,52.2297,21.0122,100,
2024-03-21T08:00:00+00:00,37.05,51.73,7.44,72.24,25,40,Warsaw,,52.2297,21.0122,100,
2024-03-21T09:00:00+00:00,37.45,51.06,8.68,73.96,25,40,Warsaw,,52.2297,21.0122,100,
2024-03-21T10:00:00+00:00,42.14,53.1,8.21,69.86,25,40,Warsaw,,52.2297,21.0122,100,
2024-03-21T11:00:00+00:00,36.16,45.53,5.61,72.1,25,40,Warsaw,,52.2297,21.0122,100,
2024-03-21T12:00:00+00:00,40.99,51.47,3.82,71.58,25,40,Warsaw,,52.2297,21.0122,100,
2024-03-21T13:00:00+00:00,45.33,64.38,3.71,73.19,25,40,Warsaw,,52.2297,21.0122,100,
2024-03-21T14:00:00+00:00,36.9,50.86,3.2,60.94,25,40,Warsaw,,52.2297,21.0122,100,
2024-03-21T15:00:00+00:00,42.34,60.04,1.11,65.28,25,40,Warsaw,,52.2297,21.0122,100,
2024-03-21T16:00:00+00:00,42.53,54.35,0.69,66.23,25,40,Warsaw,,52.2297,21.0122,100,
2024-03-21T17:00:00+00:00,40.92,51.86,1.69,67.04,25,40,Warsaw,,52.2297,21.0122,100,
2024-03-21T18:00:00+00:00,36.92,48.82,0.68,62.01,25,40,Warsaw,,52.2297,21.0122,100,
2024-03-21T19:00:00+00:00,43.63,58.89,1.58,66.14,25,40,Warsaw,,52.2297,21.0122,100,
2024-03-21T20:00:00+00:00,37.37,52.48,1.05,67.52,25,40,Warsaw,,52.2297,21.0122,100,
2024-03-21T21:00:00+00:00,39.43,51.19,1.75,66.33,25,40,Warsaw,,52.2297,21.0122,100,
2024-03-21T22:00:00+00:00,44.16,59.82,2.56,66.68,25,40,Warsaw,,52.2297,21.0122,100,
2024-03-21T23:00:00+00:00,43.3,56.97,5.17,71.09,25,40,Warsaw,,52.2297,21.0122,100,
2024-03-22T00:00:00+00:00,35.19,50.35,3.9,77.83,25,40,Warsaw,,52.2297,21.0122,100,
2024-03-22T01:00:00+00:00,45.56,60.18,4.54,74.8,25,40,Warsaw,,52.2297,21.0122,100,
2024-03-22T02:00:00+00:00,40.86,54.16,6.41,71.71,25,40,Warsaw,,52.2297,21.0122,100,
2024-03-22T03:00:00+00:00,38.42,52.48,8.54,75.7,25,40,Warsaw,,52.2297,21.0122,100,
2024-03-22T04:00:00+00:00,36.11,47.0,7.51,71.33,25,40,Warsaw,,52.2297,21.0122,100,
2024-03-22T05:00:00+00:00,35.06,49.96,7.96,78.61,25,40,Warsaw,,52.2297,21.0122,100,
2024-03-22T06:00:00+00:00,42.75,61.5,9.44,76.2,25,40,Warsaw,,52.2297,21.0122,100,
2024-03-22T07:00:00+00:00,36.88,49.75,8.86,76.54,25,40,Warsaw,,52.2297,21.0122,100,
2024-03-22T08:00:00+00:00,35.31,43.75,8.38,81.08,25,40,Warsaw,,52.2297,21.0122,100,
2024-03-22T09:00:00+00:00,35.72,51.06,7.8,83.87,25,40,Warsaw,,52.2297,21.0122,100,
2024-03-22T10:00:00+00:00,40.99,53.55,6.73,75.19,25,40,Warsaw,,52.2297,21.0122,100,
2024-03-22T11:00:00+00:00,38.02,52.09,5.02,65.99,25,40,Warsaw,,52.2297,21.0122,100,
2024-03-22T12:00:00+00:00,37.5,46.98,4.88,72.65,25,40,Warsaw,,52.2297,21.0122,100,
2024-03-22T13:00:00+00:00,35.75,49.0,4.51,75.04,25,40,Warsaw,,52.2297,21.0122,100,
2024-03-22T14:00:00+00:00,39.27,49.76,3.85,57.1,25,40,Warsaw,,52.2297,21.0122,100,
2024-03-22T15:00:00+00:00,37.0,50.0,1.9,64.28,25,40,Warsaw,,52.2297,21.0122,100,
2024-03-22T16:00:00+00:00,42.09,55.37,0.8,67.28,25,40,Warsaw,,52.2297,21.0122,100,
2024-03-22T17:00:00+00:00,33.78,48.72,1.1,53.79,25,40,Warsaw,,52.2297,21.0122,100,
2024-03-22T18:00:00+00:00,37.51,53.23,2.34,56.42,25,40,Warsaw,,52.2297,21.0122,100,
2024-03-22T19:00:00+00:00,37.17,47.9,2.43,66.44,25,40,Warsaw,,52.2297,21.0122,100,
2024-03-22T20:00:00+00:00,42.68,59.41,0.1,53.89,25,40,Warsaw,,52.2297,21.0122,100,
2024-03-22T21:00:00+00:00,40.55,52.36,1.16,59.58,25,40,Warsaw,,52.2297,21.0122,100,
2024-03-22T22:00:00+00:00,42.38,59.91,2.56,68.83,25,40,Warsaw,,52.2297,21.0122,100,
2024-03-22T23:00:00+00:00,36.08,49.56,5.12,73.58,25,40,Warsaw,,52.2297,21.0122,100,
2024-03-23T00:00:00+00:00,36.46,52.55,3.55,64.74,25,40,Warsaw,,52.2297,21.0122,100,
2024-03-23T01:00:00+00:00,35.32,46.46,6.6,68.99,25,40,Warsaw,,52.2297,21.0122,100,
2024-03-23T02:00:00+00:00,35.33,49.19,6.88,71.21,25,40,Warsaw,,52.2297,21.0122,100,
2024-03-23T03:00:00+00:00,35.09,46.78,7.11,72.68,25,40,Warsaw,,52.2297,21.0122,100,
2024-03-23T04:00:00+00:00,38.87,49.52,7.26,76.71,25,40,Warsaw,,52.2297,21.0122,100,
2024-03-23T05:00:00+00:00,46.75,62.63,8.58,86.71,25,40,Warsaw,,52.2297,21.0122,100,
2024-03-23T06:00:00+00:00,42.31,59.49,10.44,83.31,25,40,Warsaw,,52.2297,21.0122,100,
2024-03-23T07:00:00+00:00,43.16,54.63,7.39,71.74,25,40,Warsaw,,52.2297,21.0122,100,
2024-03-23T08:00:00+00:00,37.56,52.58,8.51,78.73,25,40,Warsaw,,52.2297,21.0122,100,
2024-03-23T09:00:00+00:00,37.01,46.62,8.52,84.95,25,40,Warsaw,,52.2297,21.0122,100,
2024-03-23T10:00:00+00:00,37.39,50.5,5.55,75.02,25,40,Warsaw,,52.2297,21.0122,100,
2024-03-23T11:00:00+00:00,38.78,50.37,6.17,65.86,25,40,Warsaw,,52.2297,21.0122,100,
2024-03-23T12:00:00+00:00,40.6,51.98,6.31,66.13,25,40,Warsaw,,52.2297,21.0122,100,
2024-03-23T13:00:00+00:00,43.39,56.41,2.92,66.32,25,40,Warsaw,,52.2297,21.0122,100,
2024-03-23T14:00:00+00:00,33.38,48.75,2.06,61.12,25,40,Warsaw,,52.2297,21.0122,100,
2024-03-23T15:00:00+00:00,33.62,45.68,1.92,64.18,25,40,Warsaw,,52.2297,21.0122,100,
2024-03-23T16:00:00+00:00,44.16,63.51,1.55,66.94,25,40,Warsaw,,52.2297,21.0122,100,
2024-03-23T17:00:00+00:00,31.44,41.94,2.23,52.74,25,40,Warsaw,,52.2297,21.0122,100,
2024-03-23T18:00:00+00:00,35.56,49.02,0.44,57.82,25,40,Warsaw,,52.2297,21.0122,100,
2024-03-23T19:00:00+00:00,44.29,60.51,1.71,67.84,25,40,Warsaw,,52.2297,21.0122,100,
2024-03-23T20:00:00+00:00,35.57,45.98,3.03,68.94,25,40,Warsaw,,52.2297,21.0122,100,
2024-03-23T21:00:00+00:00,40.43,56.16,0.94,62.39,25,40,Warsaw,,52.2297,21.0122,100,
2024-03-23T22:00:00+00:00,33.47,42.26,2.03,58.91,25,40,Warsaw,,52.2297,21.0122,100,
2024-03-23T23:00:00+00:00,34.44,46.56,4.01,68.22,25,40,Warsaw,,52.2297,21.0122,100,
2024-03-24T00:00:00+00:00,37.5,51.24,3.88,62.85,25,40,Warsaw,,52.2297,21.0122,100,
2024-03-24T01:00:00+00:00,36.21,45.71,6.2,76.99,25,40,Warsaw,,52.2297,21.0122,100,
2024-03-24T02:00:00+00:00,40.92,52.26,6.73,68.98,25,40,Warsaw,,52.2297,21.0122,100,
2024-03-24T03:00:00+00:00,41.87,53.98,7.52,79.91,25,40,Warsaw,,52.2297,21.0122,100,
2024-03-24T04:00:00+00:00,39.65,50.67,7.73,73.08,25,40,Warsaw,,52.2297,21.0122,100,
2024-03-24T05:00:00+00:00,41.61,55.88,7.91,80.42,25,40,Warsaw,,52.2297,21.0122,100,
2024-03-24T06:00:00+00:00,37.66,53.79,7.98,83.64,25,40,Warsaw,,52.2297,21.0122,100,
2024-03-24T07:00:00+00:00,45.27,57.57,8.54,79.14,25,40,Warsaw,,52.2297,21.0122,100,
2024-03-24T08:00:00+00:00,42.21,55.17,9.34,81.01,25,40,Warsaw,,52.2297,21.0122,100,
2024-03-24T09:00:00+00:00,39.49,49.5,8.48,82.01,25,40,Warsaw,,52.2297,21.0122,100,
2024-03-24T10:00:00+00:00,37.09,51.98,7.08,72.67,25,40,Warsaw,,52.2297,21.0122,100,
2024-03-24T11:00:00+00:00,38.45,50.17,6.86,71.39,25,40,Warsaw,,52.2297,21.0122,100,
2024-03-24T12:00:00+00:00,42.97,61.94,3.68,77.5,25,40,Warsaw,,52.2297,21.0122,100,
2024-03-24T13:00:00+00:00,38.62,54.69,2.7,63.13,25,40,Warsaw,,52.2297,21.0122,100,
2024-03-24T14:00:00+00:00,31.77,42.55,3.43,57.43,25,40,Warsaw,,52.2297,21.0122,100,
2024-03-24T15:00:00+00:00,32.59,47.76,2.77,61.1,25,40,Warsaw,,52.2297,21.0122,100,
2024-03-24T16:00:00+00:00,36.63,49.27,2.76,66.53,25,40,Warsaw,,52.2297,21.0122,100,
2024-03-24T17:00:00+00:00,40.48,53.98,0.95,65.1,25,40,Warsaw,,52.2297,21.0122,100,
2024-03-24T18:00:00+00:00,40.82,54.33,0.56,55.39,25,40,Warsaw,,52.2297,21.0122,100,
2024-03-24T19:00:00+00:00,34.53,49.37,1.52,66.85,25,40,Warsaw,,52.2297,21.0122,100,
2024-03-24T20:00:00+00:00,34.6,46.69,0.76,66.51,25,40,Warsaw,,52.2297,21.0122,100,
2024-03-24T21:00:00+00:00,39.97,51.58,1.9,56.05,25,40,Warsaw,,52.2297,21.0122,100,
2024-03-24T22:00:00+00:00,40.73,55.2,2.39,59.15,25,40,Warsaw,,52.2297,21.0122,100,
2024-03-24T23:00:00+00:00,34.46,43.47,5.43,71.16,25,40,Warsaw,,52.2297,21.0122,100,
2024-03-25T00:00:00+00:00,42.9,56.75,4.51,73.37,25,40,Warsaw,,52.2297,21.0122,100,
2024-03-25T01:00:00+00:00,38.52,54.8,4.57,66.43,25,40,Warsaw,,52.2297,21.0122,100,
2024-03-25T02:00:00+00:00,35.7,45.65,7.82,79.44,25,40,Warsaw,,52.2297,21.0122,100,
2024-03-25T03:00:00+00:00,38.47,53.78,7.55,80.68,25,40,Warsaw,,52.2297,21.0122,100,
2024-03-25T04:00:00+00:00,39.2,55.88,8.03,74.0,25,40,Warsaw,,52.2297,21.0122,100,
2024-03-25T05:00:00+00:00,34.76,48.33,7.45,79.07,25,40,Warsaw,,52.2297,21.0122,100,
2024-03-25T06:00:00+00:00,43.94,61.37,7.93,85.78,25,40,Warsaw,,52.2297,21.0122,100,
2024-03-25T07:00:00+00:00,40.75,57.3,9.79,83.6,25,40,Warsaw,,52.2297,21.0122,100,
2024-03-25T08:00:00+00:00,37.82,49.85,9.88,71.12,25,40,Warsaw,,52.2297,21.0122,100,
2024-03-25T09:00:00+00:00,45.21,59.49,8.23,76.94,25,40,Warsaw,,52.2297,21.0122,100,
2024-03-25T10:00:00+00:00,35.23,51.45,5.65,77.89,25,40,Warsaw,,52.2297,21.0122,100,
2024-03-25T11:00:00+00:00,38.78,48.65,6.41,71.59,25,40,Warsaw,,52.2297,21.0122,100,
2024-03-25T12:00:00+00:00,38.02,50.21,6.09,69.1,25,40,Warsaw,,52.2297,21.0122,100,
2024-03-25T13:00:00+00:00,34.74,49.07,3.36,63.31,25,40,Warsaw,,52.2297,21.0122,100,
2024-03-25T14:00:00+00:00,38.83,49.89,1.69,63.9,25,40,Warsaw,,52.2297,21.0122,100,
2024-03-25T15:00:00+00:00,40.76,56.93,3.05,61.34,25,40,Warsaw,,52.2297,21.0122,100,
2024-03-25T16:00:00+00:00,40.55,51.03,1.15,61.97,25,40,Warsaw,,52.2297,21.0122,100,
2024-03-25T17:00:00+00:00,33.86,47.17,1.15,65.7,25,40,Warsaw,,52.2297,21.0122,100,
2024-03-25T18:00:00+00:00,33.06,43.73,2.24,55.84,25,40,Warsaw,,52.2297,21.0122,100,
2024-03-25T19:00:00+00:00,41.91,59.88,1.01,56.96,25,40,Warsaw,,52.2297,21.0122,100,
2024-03-25T20:00:00+00:00,39.04,50.35,1.98,61.11,25,40,Warsaw,,52.2297,21.0122,100,
2024-03-25T21:00:00+00:00,42.87,60.71,3.14,67.76,25,40,Warsaw,,52.2297,21.0122,100,
2024-03-25T22:00:00+00:00,42.19,57.41,3.31,62.62,25,40,Warsaw,,52.2297,21.0122,100,
2024-03-25T23:00:00+00:00,34.59,48.48,3.77,60.6,25,40,Warsaw,,52.2297,21.0122,100,
2024-03-26T00:00:00+00:00,37.11,46.67,4.61,74.45,25,40,Warsaw,,52.2297,21.0122,100,
2024-03-26T01:00:00+00:00,45.64,59.2,4.77,79.44,25,40,Warsaw,,52.2297,21.0122,100,
2024-03-26T02:00:00+00:00,36.25,45.74,6.89,71.94,25,40,Warsaw,,52.2297,21.0122,100,
2024-03-26T03:00:00+00:00,43.41,60.17,7.71,75.37,25,40,Warsaw,,52.2297,21.0122,100,
2024-03-26T04:00:00+00:00,41.97,57.02,8.33,85.27,25,40,Warsaw,,52.2297,21.0122,100,
2024-03-26T05:00:00+00:00,45.03,57.84,7.61,76.08,25,40,Warsaw,,52.2297,21.0122,100,
2024-03-26T06:00:00+00:00,38.53,55.9,10.0,84.25,25,40,Warsaw,,52.2297,21.0122,100,
2024-03-26T07:00:00+00:00,37.45,49.53,7.4,85.75,25,40,Warsaw,,52.2297,21.0122,100,
2024-03-26T08:00:00+00:00,41.15,58.53,8.29,84.31,25,40,Warsaw,,52.2297,21.0122,100,
2024-03-26T09:00:00+00:00,45.29,61.21,7.78,84.98,25,40,Warsaw,,52.2297,21.0122,100,
2024-03-26T10:00:00+00:00,37.51,53.76,7.92,75.47,25,40,Warsaw,,52.2297,21.0122,100,
2024-03-26T11:00:00+00:00,40.52,52.86,6.64,71.58,25,40,Warsaw,,52.2297,21.0122,100,
2024-03-26T12:00:00+00:00,44.36,59.14,5.32,77.45,25,40,Warsaw,,52.2297,21.0122,100,
2024-03-26T13:00:00+00:00,43.96,62.96,5.1,65.97,25,40,Warsaw,,52.2297,21.0122,100,
2024-03-26T14:00:00+00:00,36.46,48.12,3.8,66.88,25,40,Warsaw,,52.2297,21.0122,100,
2024-03-26T15:00:00+00:00,41.08,57.21,3.29,68.14,25,40,Warsaw,,52.2297,21.0122,100,
2024-03-26T16:00:00+00:00,42.0,53.59,2.56,66.06,25,40,Warsaw,,52.2297,21.0122,100,
2024-03-26T17:00:00+00:00,39.52,53.52,0.43,67.28,25,40,Warsaw,,52.2297,21.0122,100,
2024-03-26T18:00:00+00:00,35.37,45.64,0.35,57.22,25,40,Warsaw,,52.2297,21.0122,100,
2024-03-26T19:00:00+00:00,38.5,51.89,1.71,60.59,25,40,Warsaw,,52.2297,21.0122,100,
2024-03-26T20:00:00+00:00,43.76,59.8,0.36,67.97,25,40,Warsaw,,52.2297,21.0122,100,
2024-03-26T21:00:00+00:00,42.61,56.48,2.52,64.56,25,40,Warsaw,,52.2297,21.0122,100,
2024-03-26T22:00:00+00:00,33.02,48.16,1.88,61.95,25,40,Warsaw,,52.2297,21.0122,100,
2024-03-26T23:00:00+00:00,43.48,58.36,2.9,64.03,25,40,Warsaw,,52.2297,21.0122,100,
2024-03-27T00:00:00+00:00,42.62,57.28,3.7,72.33,25,40,Warsaw,,52.2297,21.0122,100,
2024-03-27T01:00:00+00:00,39.89,57.59,6.99,80.55,25,40,Warsaw,,52.2297,21.0122,100,
2024-03-27T02:00:00+00:00,33.51,46.81,8.0,67.87,25,40,Warsaw,,52.2297,21.0122,100,
2024-03-27T03:00:00+00:00,36.53,49.24,6.84,69.95,25,40,Warsaw,,52.2297,21.0122,100,
2024-03-27T04:00:00+00:00,37.92,53.53,8.31,79.21,25,40,Warsaw,,52.2297,21.0122,100,
2024-03-27T05:00:00+00:00,43.44,57.41,10.29,71.96,25,40,Warsaw,,52.2297,21.0122,100,
2024-03-27T06:00:00+00:00,37.48,52.33,8.15,81.11,25,40,Warsaw,,52.2297,21.0122,100,
2024-03-27T07:00:00+00:00,41.77,54.02,8.43,76.99,25,40,Warsaw,,52.2297,21.0122,100,
2024-03-27T08:00:00+00:00,36.27,47.51,7.56,84.78,25,40,Warsaw,,52.2297,21.0122,100,
2024-03-27T09:00:00+00:00,34.73,45.35,7.59,71.5,25,40,Warsaw,,52.2297,21.0122,100,
2024-03-27T10:00:00+00:00,33.74,46.54,7.5,73.29,25,40,Warsaw,,52.2297,21.0122,100,
2024-03-27T11:00:00+00:00,41.98,53.69,7.2,74.11,25,40,Warsaw,,52.2297,21.0122,100,
2024-03-27T12:00:00+00:00,36.8,45.88,6.31,62.66,25,40,Warsaw,,52.2297,21.0122,100,
2024-03-27T13:00:00+00:00,39.47,53.53,3.59,66.05,25,40,Warsaw,,52.2297,21.0122,100,
2024-03-27T14:00:00+00:00,42.12,57.44,2.69,59.36,25,40,Warsaw,,52.2297,21.0122,100,
2024-03-27T15:00:00+00:00,38.15,51.07,1.95,70.04,25,40,Warsaw,,52.2297,21.0122,100,
2024-03-27T16:00:00+00:00,35.12,47.85,2.3,58.62,25,40,Warsaw,,52.2297,21.0122,100,
2024-03-27T17:00:00+00:00,35.18,48.64,-0.33,57.21,25,40,Warsaw,,52.2297,21.0122,100,
2024-03-27T18:00:00+00:00,41.59,56.59,-0.02,58.8,25,40,Warsaw,,52.2297,21.0122,100,
2024-03-27T19:00:00+00:00,37.99,52.38,-0.36,58.87,25,40,Warsaw,,52.2297,21.0122,100,
2024-03-27T20:00:00+00:00,31.83,40.78,1.72,54.67,25,40,Warsaw,,52.2297,21.0122,100,
2024-03-27T21:00:00+00:00,40.67,54.5,1.25,66.94,25,40,Warsaw,,52.2297,21.0122,100,
2024-03-27T22:00:00+00:00,40.38,51.25,2.05,60.94,25,40,Warsaw,,52.2297,21.0122,100,
2024-03-27T23:00:00+00:00,43.19,61.05,5.25,61.28,25,40,Warsaw,,52.2297,21.0122,100,
2024-03-28T00:00:00+00:00,44.35,63.02,6.09,77.25,25,40,Warsaw,,52.2297,21.0122,100,
2024-03-28T01:00:00+00:00,41.76,56.9,6.35,67.87,25,40,Warsaw,,52.2297,21.0122,100,
2024-03-28T02:00:00+00:00,40.01,50.44,8.18,69.36,25,40,Warsaw,,52.2297,21.0122,100,
2024-03-28T03:00:00+00:00,35.34,50.8,7.1,71.32,25,40,Warsaw,,52.2297,21.0122,100,
2024-03-28T04:00:00+00:00,34.22,49.14,7.49,73.25,25,40,Warsaw,,52.2297,21.0122,100,
2024-03-28T05:00:00+00:00,38.54,55.16,7.9,72.43,25,40,Warsaw,,52.2297,21.0122,100,
2024-03-28T06:00:00+00:00,36.31,47.6,8.38,78.26,25,40,Warsaw,,52.2297,21.0122,100,
2024-03-28T07:00:00+00:00,44.05,61.78,10.27,75.84,25,40,Warsaw,,52.2297,21.0122,100,
2024-03-28T08:00:00+00:00,34.73,44.99,7.65,73.77,25,40,Warsaw,,52.2297,21.0122,100,
2024-03-28T09:00:00+00:00,45.27,63.99,7.71,83.24,25,40,Warsaw,,52.2297,21.0122,100,
2024-03-28T10:00:00+00:00,43.54,59.26,6.25,71.69,25,40,Warsaw,,52.2297,21.0122,100,
2024-03-28T11:00:00+00:00,38.82,50.98,5.79,76.46,25,40,Warsaw,,52.2297,21.0122,100,
2024-03-28T12:00:00+00:00,34.38,48.63,6.36,68.86,25,40,Warsaw,,52.2297,21.0122,100,
2024-03-28T13:00:00+00:00,39.47,53.79,3.81,75.16,25,40,Warsaw,,52.2297,21.0122,100,
2024-03-28T14:00:00+00:00,35.16,43.85,1.99,68.24,25,40,Warsaw,,52.2297,21.0122,100,
2024-03-28T15:00:00+00:00,42.01,54.15,2.83,69.53,25,40,Warsaw,,52.2297,21.0122,100,
2024-03-28T16:00:00+00:00,39.91,52.6,2.02,62.1,25,40,Warsaw,,52.2297,21.0122,100,
2024-03-28T17:00:00+00:00,38.58,51.43,-0.27,67.16,25,40,Warsaw,,52.2297,21.0122,100,
2024-03-28T18:00:00+00:00,38.33,52.66,1.06,63.79,25,40,Warsaw,,52.2297,21.0122,100,
2024-03-28T19:00:00+00:00,40.3,50.59,1.51,60.31,25,40,Warsaw,,52.2297,21.0122,100,
2024-03-28T20:00:00+00:00,41.36,55.18,0.82,63.06,25,40,Warsaw,,52.2297,21.0122,100,
2024-03-28T21:00:00+00:00,45.27,62.34,1.89,70.25,25,40,Warsaw,,52.2297,21.0122,100,
2024-03-28T22:00:00+00:00,41.24,52.4,2.16,62.57,25,40,Warsaw,,52.2297,21.0122,100,
2024-03-28T23:00:00+00:00,40.39,50.83,5.31,75.37,25,40,Warsaw,,52.2297,21.0122,100,
2024-03-29T00:00:00+00:00,37.06,51.59,5.3,64.38,25,40,Warsaw,,52.2297,21.0122,100,
2024-03-29T01:00:00+00:00,37.22,52.82,6.55,76.07,25,40,Warsaw,,52.2297,21.0122,100,
2024-03-29T02:00:00+00:00,41.7,59.24,6.6,71.05,25,40,Warsaw,,52.2297,21.0122,100,
2024-03-29T03:00:00+00:00,42.82,59.35,6.98,76.11,25,40,Warsaw,,52.2297,21.0122,100,
2024-03-29T04:00:00+00:00,42.35,53.23,9.95,77.88,25,40,Warsaw,,52.2297,21.0122,100,
2024-03-29T05:00:00+00:00,39.02,53.43,9.79,78.44,25,40,Warsaw,,52.2297,21.0122,100,
2024-03-29T06:00:00+00:00,34.85,44.81,8.45,80.97,25,40,Warsaw,,52.2297,21.0122,100,
2024-03-29T07:00:00+00:00,38.95,51.77,9.72,78.42,25,40,Warsaw,,52.2297,21.0122,100,
2024-03-29T08:00:00+00:00,37.33,48.42,9.79,71.7,25,40,Warsaw,,52.2297,21.0122,100,
2024-03-29T09:00:00+00:00,42.3,58.31,7.88,77.11,25,40,Warsaw,,52.2297,21.0122,100,
2024-03-29T10:00:00+00:00,44.93,60.23,7.63,76.06,25,40,Warsaw,,52.2297,21.0122,100,
2024-03-29T11:00:00+00:00,38.59,54.0,7.01,69.38,25,40,Warsaw,,52.2297,21.0122,100,
2024-03-29T12:00:00+00:00,34.03,48.3,5.14,68.52,25,40,Warsaw,,52.2297,21.0122,100,
2024-03-29T13:00:00+00:00,34.83,47.43,4.52,61.99,25,40,Warsaw,,52.2297,21.0122,100,
2024-03-29T14:00:00+00:00,41.31,55.23,2.6,59.09,25,40,Warsaw,,52.2297,21.0122,100,
2024-03-29T15:00:00+00:00,39.64,49.71,0.81,69.79,25,40,Warsaw,,52.2297,21.0122,100,
2024-03-29T16:00:00+00:00,39.47,49.66,1.07,59.03,25,40,Warsaw,,52.2297,21.0122,100,
2024-03-29T17:00:00+00:00,42.26,54.58,1.32,64.38,25,40,Warsaw,,52.2297,21.0122,100,
2024-03-29T18:00:00+00:00,38.81,49.03,1.44,53.58,25,40,Warsaw,,52.2297,21.0122,100,
2024-03-29T19:00:00+00:00,35.79,47.02,2.57,63.74,25,40,Warsaw,,52.2297,21.0122,100,
2024-03-29T20:00:00+00:00,34.7,43.73,0.06,60.85,25,40,Warsaw,,52.2297,21.0122,100,
2024-03-29T21:00:00+00:00,35.45,44.41,3.36,65.17,25,40,Warsaw,,52.2297,21.0122,100,
2024-03-29T22:00:00+00:00,37.58,51.62,2.39,62.58,25,40,Warsaw,,52.2297,21.0122,100,
2024-03-29T23:00:00+00:00,35.15,48.2,5.1,72.41,25,40,Warsaw,,52.2297,21.0122,100,
2024-03-30T00:00:00+00:00,36.67,46.46,5.55,70.03,25,40,Warsaw,,52.2297,21.0122,100,
2024-03-30T01:00:00+00:00,42.63,54.13,5.9,77.08,25,40,Warsaw,,52.2297,21.0122,100,
2024-03-30T02:00:00+00:00,44.56,56.92,6.43,82.54,25,40,Warsaw,,52.2297,21.0122,100,
2024-03-30T03:00:00+00:00,34.63,49.38,7.66,72.2,25,40,Warsaw,,52.2297,21.0122,100,
2024-03-30T04:00:00+00:00,42.28,57.69,7.35,70.75,25,40,Warsaw,,52.2297,21.0122,100,
2024-03-30T05:00:00+00:00,39.52,52.6,9.76,82.32,25,40,Warsaw,,52.2297,21.0122,100,
2024-03-30T06:00:00+00:00,37.96,50.3,8.11,72.95,25,40,Warsaw,,52.2297,21.0122,100,
2024-03-30T07:00:00+00:00,37.62,53.08,10.18,77.36,25,40,Warsaw,,52.2297,21.0122,100,
2024-03-30T08:00:00+00:00,41.69,55.73,9.77,80.17,25,40,Warsaw,,52.2297,21.0122,100,
2024-03-30T09:00:00+00:00,38.73,49.75,9.26,79.23,25,40,Warsaw,,52.2297,21.0122,100,
2024-03-30T10:00:00+00:00,37.93,48.99,6.08,74.07,25,40,Warsaw,,52.2297,21.0122,100,
2024-03-30T11:00:00+00:00,38.21,55.35,5.91,71.25,25,40,Warsaw,,52.2297,21.0122,100,
2024-03-30T12:00:00+00:00,34.98,44.86,5.53,65.47,25,40,Warsaw,,52.2297,21.0122,100,
2024-03-30T13:00:00+00:00,34.73,47.68,4.34,60.94,25,40,Warsaw,,52.2297,21.0122,100,
2024-03-30T14:00:00+00:00,40.52,58.43,3.42,63.75,25,40,Warsaw,,52.2297,21.0122,100,
2024-03-30T15:00:00+00:00,37.16,47.01,1.35,66.73,25,40,Warsaw,,52.2297,21.0122,100,
2024-03-30T16:00:00+00:00,38.13,50.48,1.2,55.1,25,40,Warsaw,,52.2297,21.0122,100,
2024-03-30T17:00:00+00:00,35.64,51.89,1.18,63.8,25,40,Warsaw,,52.2297,21.0122,100,
2024-03-30T18:00:00+00:00,38.4,55.15,-0.3,62.24,25,40,Warsaw,,52.2297,21.0122,100,
2024-03-30T19:00:00+00:00,40.12,57.19,1.54,53.73,25,40,Warsaw,,52.2297,21.0122,100,
2024-03-30T20:00:00+00:00,37.68,50.6,2.09,60.33,25,40,Warsaw,,52.2297,21.0122,100,
2024-03-30T21:00:00+00:00,38.66,52.85,1.05,64.36,25,40,Warsaw,,52.2297,21.0122,100,
2024-03-30T22:00:00+00:00,32.08,42.5,3.94,58.21,25,40,Warsaw,,52.2297,21.0122,100,
2024-03-30T23:00:00+00:00,36.79,52.52,3.45,73.47,25,40,Warsaw,,52.2297,21.0122,100,
2024-03-31T00:00:00+00:00,42.25,53.68,4.92,71.33,25,40,Warsaw,,52.2297,21.0122,100,
2024-03-31T01:00:00+00:00,41.93,59.45,7.0,76.72,25,40,Warsaw,,52.2297,21.0122,100,
2024-03-31T02:00:00+00:00,45.08,62.13,6.26,75.54,25,40,Warsaw,,52.2297,21.0122,100,
2024-03-31T03:00:00+00:00,40.26,52.7,9.23,81.29,25,40,Warsaw,,52.2297,21.0122,100,
2024-03-31T04:00:00+00:00,36.77,46.58,8.39,74.73,25,40,Warsaw,,52.2297,21.0122,100,
2024-03-31T05:00:00+00:00,43.81,57.16,8.06,76.63,25,40,Warsaw,,52.2297,21.0122,100,
2024-03-31T06:00:00+00:00,44.67,59.43,7.72,78.84,25,40,Warsaw,,52.2297,21.0122,100,
2024-03-31T07:00:00+00:00,43.34,56.05,9.29,86.34,25,40,Warsaw,,52.2297,21.0122,100,
2024-03-31T08:00:00+00:00,39.51,55.51,8.46,81.07,25,40,Warsaw,,52.2297,21.0122,100,
2024-03-31T09:00:00+00:00,44.23,56.02,7.49,83.75,25,40,Warsaw,,52.2297,21.0122,100,
2024-03-31T10:00:00+00:00,41.31,52.47,7.71,69.15,25,40,Warsaw,,52.2297,21.0122,100,
2024-03-31T11:00:00+00:00,37.28,46.72,5.21,79.13,25,40,Warsaw,,52.2297,21.0122,100,
2024-03-31T12:00:00+00:00,41.46,57.3,6.35,66.49,25,40,Warsaw,,52.2297,21.0122,100,
2024-03-31T13:00:00+00:00,34.08,46.72,5.34,64.69,25,40,Warsaw,,52.2297,21.0122,100,
2024-03-31T14:00:00+00:00,32.22,46.63,3.26,59.08,25,40,Warsaw,,52.2297,21.0122,100,
2024-03-31T15:00:00+00:00,42.12,57.43,3.06,60.74,25,40,Warsaw,,52.2297,21.0122,100,
2024-03-31T16:00:00+00:00,35.32,44.86,2.09,67.46,25,40,Warsaw,,52.2297,21.0122,100,
2024-03-31T17:00:00+00:00,38.44,49.23,0.36,57.27,25,40,Warsaw,,52.2297,21.0122,100,
2024-03-31T18:00:00+00:00,39.37,50.01,2.44,56.7,25,40,Warsaw,,52.2297,21.0122,100,
2024-03-31T19:00:00+00:00,35.67,48.0,0.27,53.55,25,40,Warsaw,,52.2297,21.0122,100,
2024-03-31T20:00:00+00:00,39.66,50.19,2.83,58.16,25,40,Warsaw,,52.2297,21.0122,100,
2024-03-31T21:00:00+00:00,34.08,42.62,1.46,58.51,25,40,Warsaw,,52.2297,21.0122,100,
2024-03-31T22:00:00+00:00,35.41,50.13,4.4,58.37,25,40,Warsaw,,52.2297,21.0122,100,
2024-03-31T23:00:00+00:00,32.49,47.34,5.42,60.62,25,40,Warsaw,,52.2297,21.0122,100,
2024-04-01T00:00:00+00:00,27.5,33.87,11.37,69.76,25,40,Warsaw,,52.2297,21.0122,100,
2024-04-01T01:00:00+00:00,26.34,34.89,10.39,67.39,25,40,Warsaw,,52.2297,21.0122,100,
2024-04-01T02:00:00+00:00,26.69,37.9,12.67,74.19,25,40,Warsaw,,52.2297,21.0122,100,
2024-04-01T03:00:00+00:00,33.58,46.97,12.17,78.71,25,40,Warsaw,,52.2297,21.0122,100,
2024-04-01T04:00:00+00:00,27.88,34.54,12.27,85.19,25,40,Warsaw,,52.2297,21.0122,100,
2024-04-01T05:00:00+00:00,29.76,37.08,13.69,80.01,25,40,Warsaw,,52.2297,21.0122,100,
2024-04-01T06:00:00+00:00,31.9,43.92,14.8,72.69,25,40,Warsaw,,52.2297,21.0122,100,
2024-04-01T07:00:00+00:00,31.16,40.53,13.59,85.64,25,40,Warsaw,,52.2297,21.0122,100,
2024-04-01T08:00:00+00:00,33.25,42.03,14.14,86.5,25,40,Warsaw,,52.2297,21.0122,100,
2024-04-01T09:00:00+00:00,32.35,45.01,13.08,83.61,25,40,Warsaw,,52.2297,21.0122,100,
2024-04-01T10:00:00+00:00,30.11,37.56,11.46,73.5,25,40,Warsaw,,52.2297,21.0122,100,
2024-04-01T11:00:00+00:00,26.83,39.9,10.47,76.35,25,40,Warsaw,,52.2297,21.0122,100,
2024-04-01T12:00:00+00:00,26.49,34.21,8.61,71.52,25,40,Warsaw,,52.2297,21.0122,100,
2024-04-01T13:00:00+00:00,30.72,40.4,8.08,66.7,25,40,Warsaw,,52.2297,21.0122,100,
2024-04-01T14:00:00+00:00,30.41,43.17,8.29,69.92,25,40,Warsaw,,52.2297,21.0122,100,
2024-04-01T15:00:00+00:00,32.22,45.34,7.07,67.1,25,40,Warsaw,,52.2297,21.0122,100,
2024-04-01T16:00:00+00:00,30.34,41.21,5.05,53.87,25,40,Warsaw,,52.2297,21.0122,100,
2024-04-01T17:00:00+00:00,28.69,38.23,6.32,58.43,25,40,Warsaw,,52.2297,21.0122,100,
2024-04-01T18:00:00+00:00,25.53,33.24,6.45,64.03,25,40,Warsaw,,52.2297,21.0122,100,
2024-04-01T19:00:00+00:00,31.17,43.67,5.98,53.72,25,40,Warsaw,,52.2297,21.0122,100,
2024-04-01T20:00:00+00:00,29.8,42.74,5.74,67.35,25,40,Warsaw,,52.2297,21.0122,100,
2024-04-01T21:00:00+00:00,28.7,36.33,8.25,56.07,25,40,Warsaw,,52.2297,21.0122,100,
2024-04-01T22:00:00+00:00,25.26,36.08,6.54,63.69,25,40,Warsaw,,52.2297,21.0122,100,
2024-04-01T23:00:00+00:00,25.47,31.38,8.39,60.94,25,40,Warsaw,,52.2297,21.0122,100,
2024-04-02T00:00:00+00:00,31.74,43.1,11.09,68.22,25,40,Warsaw,,52.2297,21.0122,100,
2024-04-02T01:00:00+00:00,26.58,33.24,11.52,67.84,25,40,Warsaw,,52.2297,21.0122,100,
2024-04-02T02:00:00+00:00,26.05,33.61,13.1,75.3,25,40,Warsaw,,52.2297,21.0122,100,
2024-04-02T03:00:00+00:00,27.0,32.59,11.96,82.5,25,40,Warsaw,,52.2297,21.0122,100,
2024-04-02T04:00:00+00:00,33.17,43.74,13.32,80.82,25,40,Warsaw,,52.2297,21.0122,100,
2024-04-02T05:00:00+00:00,34.97,48.49,14.88,85.7,25,40,Warsaw,,52.2297,21.0122,100,
2024-04-02T06:00:00+00:00,30.33,39.24,14.49,85.68,25,40,Warsaw,,52.2297,21.0122,100,
2024-04-02T07:00:00+00:00,34.74,48.39,13.96,78.89,25,40,Warsaw,,52.2297,21.0122,100,
2024-04-02T08:00:00+00:00,29.35,39.38,13.2,86.11,25,40,Warsaw,,52.2297,21.0122,100,
2024-04-02T09:00:00+00:00,34.36,43.81,12.28,76.28,25,40,Warsaw,,52.2297,21.0122,100,
2024-04-02T10:00:00+00:00,26.46,32.3,11.21,78.51,25,40,Warsaw,,52.2297,21.0122,100,
2024-04-02T11:00:00+00:00,28.5,40.1,10.04,65.97,25,40,Warsaw,,52.2297,21.0122,100,
2024-04-02T12:00:00+00:00,31.99,44.33,10.92,74.98,25,40,Warsaw,,52.2297,21.0122,100,
2024-04-02T13:00:00+00:00,33.73,48.34,7.66,75.33,25,40,Warsaw,,52.2297,21.0122,100,
2024-04-02T14:00:00+00:00,32.21,46.88,7.31,71.76,25,40,Warsaw,,52.2297,21.0122,100,
2024-04-02T15:00:00+00:00,24.76,31.52,5.97,56.76,25,40,Warsaw,,52.2297,21.0122,100,
2024-04-02T16:00:00+00:00,30.14,41.35,7.51,57.73,25,40,Warsaw,,52.2297,21.0122,100,
2024-04-02T17:00:00+00:00,26.54,37.88,6.48,56.05,25,40,Warsaw,,52.2297,21.0122,100,
2024-04-02T18:00:00+00:00,27.08,38.67,5.11,62.31,25,40,Warsaw,,52.2297,21.0122,100,
2024-04-02T19:00:00+00:00,31.93,42.36,5.93,63.26,25,40,Warsaw,,52.2297,21.0122,100,
2024-04-02T20:00:00+00:00,27.16,35.66,5.75,59.08,25,40,Warsaw,,52.2297,21.0122,100,
2024-04-02T21:00:00+00:00,28.94,42.23,6.74,68.44,25,40,Warsaw,,52.2297,21.0122,100,
2024-04-02T22:00:00+00:00,28.62,36.03,9.17,69.07,25,40,Warsaw,,52.2297,21.0122,100,
2024-04-02T23:00:00+00:00,32.72,46.93,10.02,63.15,25,40,Warsaw,,52.2297,21.0122,100,
2024-04-03T00:00:00+00:00,30.47,38.88,10.1,62.64,25,40,Warsaw,,52.2297,21.0122,100,
2024-04-03T01:00:00+00:00,29.17,38.71,9.64,76.39,25,40,Warsaw,,52.2297,21.0122,100,
2024-04-03T02:00:00+00:00,32.32,43.07,10.92,74.58,25,40,Warsaw,,52.2297,21.0122,100,
2024-04-03T03:00:00+00:00,33.84,42.82,12.69,75.73,25,40,Warsaw,,52.2297,21.0122,100,
2024-04-03T04:00:00+00:00,33.88,48.99,12.66,80.87,25,40,Warsaw,,52.2297,21.0122,100,
2024-04-03T05:00:00+00:00,30.66,37.45,13.66,85.71,25,40,Warsaw,,52.2297,21.0122,100,
2024-04-03T06:00:00+00:00,29.78,41.42,14.94,79.3,25,40,Warsaw,,52.2297,21.0122,100,
2024-04-03T07:00:00+00:00,31.03,45.22,13.8,83.31,25,40,Warsaw,,52.2297,21.0122,100,
2024-04-03T08:00:00+00:00,30.06,38.58,13.57,80.07,25,40,Warsaw,,52.2297,21.0122,100,
2024-04-03T09:00:00+00:00,27.76,40.92,13.07,81.96,25,40,Warsaw,,52.2297,21.0122,100,
2024-04-03T10:00:00+00:00,31.42,38.79,11.12,77.68,25,40,Warsaw,,52.2297,21.0122,100,
2024-04-03T11:00:00+00:00,34.31,48.96,10.16,76.13,25,40,Warsaw,,52.2297,21.0122,100,
2024-04-03T12:00:00+00:00,27.25,33.12,10.3,64.11,25,40,Warsaw,,52.2297,21.0122,100,
2024-04-03T13:00:00+00:00,27.83,38.26,10.4,60.09,25,40,Warsaw,,52.2297,21.0122,100,
2024-04-03T14:00:00+00:00,25.88,31.95,9.11,62.37,25,40,Warsaw,,52.2297,21.0122,100,
2024-04-03T15:00:00+00:00,30.83,40.83,7.58,61.47,25,40,Warsaw,,52.2297,21.0122,100,
2024-04-03T16:00:00+00:00,31.42,41.61,7.75,57.3,25,40,Warsaw,,52.2297,21.0122,100,
2024-04-03T17:00:00+00:00,28.46,34.92,6.12,55.81,25,40,Warsaw,,52.2297,21.0122,100,
2024-04-03T18:00:00+00:00,31.96,45.5,6.7,62.69,25,40,Warsaw,,52.2297,21.0122,100,
2024-04-03T19:00:00+00:00,29.1,40.17,7.25,54.25,25,40,Warsaw,,52.2297,21.0122,100,
2024-04-03T20:00:00+00:00,28.16,38.15,6.86,55.2,25,40,Warsaw,,52.2297,21.0122,100,
2024-04-03T21:00:00+00:00,25.49,30.43,7.07,62.38,25,40,Warsaw,,52.2297,21.0122,100,
2024-04-03T22:00:00+00:00,27.47,35.3,8.66,66.47,25,40,Warsaw,,52.2297,21.0122,100,
2024-04-03T23:00:00+00:00,32.78,48.09,10.1,75.03,25,40,Warsaw,,52.2297,21.0122,100,
2024-04-04T00:00:00+00:00,29.61,39.02,10.87,73.91,25,40,Warsaw,,52.2297,21.0122,100,
2024-04-04T01:00:00+00:00,29.27,42.57,11.91,73.77,25,40,Warsaw,,52.2297,21.0122,100,
2024-04-04T02:00:00+00:00,34.65,49.59,11.52,82.96,25,40,Warsaw,,52.2297,21.0122,100,
2024-04-04T03:00:00+00:00,31.63,41.74,12.4,74.86,25,40,Warsaw,,52.2297,21.0122,100,
2024-04-04T04:00:00+00:00,26.68,35.5,14.75,75.64,25,40,Warsaw,,52.2297,21.0122,100,
2024-04-04T05:00:00+00:00,28.24,35.74,15.34,85.6,25,40,Warsaw,,52.2297,21.0122,100,
2024-04-04T06:00:00+00:00,33.87,45.17,12.55,84.93,25,40,Warsaw,,52.2297,21.0122,100,
2024-04-04T07:00:00+00:00,31.02,43.61,14.3,80.29,25,40,Warsaw,,52.2297,21.0122,100,
2024-04-04T08:00:00+00:00,33.13,42.19,12.27,81.15,25,40,Warsaw,,52.2297,21.0122,100,
2024-04-04T09:00:00+00:00,26.79,39.44,12.85,72.19,25,40,Warsaw,,52.2297,21.0122,100,
2024-04-04T10:00:00+00:00,33.54,46.87,12.08,74.54,25,40,Warsaw,,52.2297,21.0122,100,
2024-04-04T11:00:00+00:00,29.1,35.53,11.49,66.02,25,40,Warsaw,,52.2297,21.0122,100,
2024-04-04T12:00:00+00:00,33.1,45.86,8.64,76.48,25,40,Warsaw,,52.2297,21.0122,100,
2024-04-04T13:00:00+00:00,32.34,41.91,9.14,67.23,25,40,Warsaw,,52.2297,21.0122,100,
2024-04-04T14:00:00+00:00,32.87,44.46,8.55,61.09,25,40,Warsaw,,52.2297,21.0122,100,
2024-04-04T15:00:00+00:00,31.08,44.05,7.73,57.14,25,40,Warsaw,,52.2297,21.0122,100,
2024-04-04T16:00:00+00:00,33.7,43.7,6.56,65.5,25,40,Warsaw,,52.2297,21.0122,100,
2024-04-04T17:00:00+00:00,33.31,48.79,6.34,60.48,25,40,Warsaw,,52.2297,21.0122,100,
2024-04-04T18:00:00+00:00,26.87,33.87,4.82,63.62,25,40,Warsaw,,52.2297,21.0122,100,
2024-04-04T19:00:00+00:00,33.4,41.71,7.62,63.65,25,40,Warsaw,,52.2297,21.0122,100,
2024-04-04T20:00:00+00:00,29.44,40.25,7.34,63.85,25,40,Warsaw,,52.2297,21.0122,100,
2024-04-04T21:00:00+00:00,32.42,41.8,7.51,66.1,25,40,Warsaw,,52.2297,21.0122,100,
2024-04-04T22:00:00+00:00,31.85,43.01,7.77,70.86,25,40,Warsaw,,52.2297,21.0122,100,
2024-04-04T23:00:00+00:00,33.29,46.71,9.61,69.46,25,40,Warsaw,,52.2297,21.0122,100,
2024-04-05T00:00:00+00:00,33.91,42.13,11.2,72.71,25,40,Warsaw,,52.2297,21.0122,100,
2024-04-05T01:00:00+00:00,31.42,41.88,11.74,67.42,25,40,Warsaw,,52.2297,21.0122,100,
2024-04-05T02:00:00+00:00,31.44,44.32,12.24,67.89,25,40,Warsaw,,52.2297,21.0122,100,
2024-04-05T03:00:00+00:00,31.21,39.24,13.72,78.2,25,40,Warsaw,,52.2297,21.0122,100,
2024-04-05T04:00:00+00:00,33.71,47.18,13.31,77.85,25,40,Warsaw,,52.2297,21.0122,100,
2024-04-05T05:00:00+00:00,29.76,43.69,15.17,79.1,25,40,Warsaw,,52.2297,21.0122,100,
2024-04-05T06:00:00+00:00,32.19,42.11,14.16,82.26,25,40,Warsaw,,52.2297,21.0122,100,
2024-04-05T07:00:00+00:00,29.17,41.82,14.9,74.88,25,40,Warsaw,,52.2297,21.0122,100,
2024-04-05T08:00:00+00:00,31.55,46.18,14.32,82.96,25,40,Warsaw,,52.2297,21.0122,100,
2024-04-05T09:00:00+00:00,28.06,41.03,11.58,73.63,25,40,Warsaw,,52.2297,21.0122,100,
2024-04-05T10:00:00+00:00,26.7,39.33,12.58,80.47,25,40,Warsaw,,52.2297,21.0122,100,
2024-04-05T11:00:00+00:00,28.8,35.69,12.19,67.34,25,40,Warsaw,,52.2297,21.0122,100,
2024-04-05T12:00:00+00:00,31.29,39.66,10.52,70.09,25,40,Warsaw,,52.2297,21.0122,100,
2024-04-05T13:00:00+00:00,27.15,40.61,8.14,68.63,25,40,Warsaw,,52.2297,21.0122,100,
2024-04-05T14:00:00+00:00,31.03,39.67,7.61,66.98,25,40,Warsaw,,52.2297,21.0122,100,
2024-04-05T15:00:00+00:00,30.03,39.06,7.42,59.12,25,40,Warsaw,,52.2297,21.0122,100,
2024-04-05T16:00:00+00:00,26.91,37.48,7.23,54.89,25,40,Warsaw,,52.2297,21.0122,100,
2024-04-05T17:00:00+00:00,31.56,45.39,5.46,57.72,25,40,Warsaw,,52.2297,21.0122,100,
2024-04-05T18:00:00+00:00,29.7,36.18,4.97,55.87,25,40,Warsaw,,52.2297,21.0122,100,
2024-04-05T19:00:00+00:00,26.88,38.77,7.1,61.91,25,40,Warsaw,,52.2297,21.0122,100,
2024-04-05T20:00:00+00:00,27.38,35.68,6.03,60.26,25,40,Warsaw,,52.2297,21.0122,100,
2024-04-05T21:00:00+00:00,29.49,40.39,7.4,55.29,25,40,Warsaw,,52.2297,21.0122,100,
2024-04-05T22:00:00+00:00,29.05,41.17,9.5,58.61,25,40,Warsaw,,52.2297,21.0122,100,
2024-04-05T23:00:00+00:00,30.76,39.85,8.19,74.46,25,40,Warsaw,,52.2297,21.0122,100,
2024-04-06T00:00:00+00:00,26.9,35.48,10.32,67.88,25,40,Warsaw,,52.2297,21.0122,100,
2024-04-06T01:00:00+00:00,29.22,36.14,9.97,74.68,25,40,Warsaw,,52.2297,21.0122,100,
2024-04-06T02:00:00+00:00,25.32,32.05,12.14,68.55,25,40,Warsaw,,52.2297,21.0122,100,
2024-04-06T03:00:00+00:00,29.14,42.19,11.36,71.94,25,40,Warsaw,,52.2297,21.0122,100,
2024-04-06T04:00:00+00:00,31.75,41.62,11.98,81.18,25,40,Warsaw,,52.2297,21.0122,100,
2024-04-06T05:00:00+00:00,28.73,41.79,14.67,85.61,25,40,Warsaw,,52.2297,21.0122,100,
2024-04-06T06:00:00+00:00,27.83,37.57,13.8,75.52,25,40,Warsaw,,52.2297,21.0122,100,
2024-04-06T07:00:00+00:00,35.28,44.31,14.0,86.17,25,40,Warsaw,,52.2297,21.0122,100,
2024-04-06T08:00:00+00:00,32.88,46.07,13.87,78.13,25,40,Warsaw,,52.2297,21.0122,100,
2024-04-06T09:00:00+00:00,24.9,31.43,13.68,69.39,25,40,Warsaw,,52.2297,21.0122,100,
2024-04-06T10:00:00+00:00,27.63,34.38,12.67,78.72,25,40,Warsaw,,52.2297,21.0122,100,
2024-04-06T11:00:00+00:00,26.3,36.46,11.08,74.9,25,40,Warsaw,,52.2297,21.0122,100,
2024-04-06T12:00:00+00:00,27.95,40.64,8.7,75.49,25,40,Warsaw,,52.2297,21.0122,100,
2024-04-06T13:00:00+00:00,25.58,36.12,8.42,66.78,25,40,Warsaw,,52.2297,21.0122,100,
2024-04-06T14:00:00+00:00,33.26,46.05,7.01,70.09,25,40,Warsaw,,52.2297,21.0122,100,
2024-04-06T15:00:00+00:00,33.13,42.2,8.33,69.48,25,40,Warsaw,,52.2297,21.0122,100,
2024-04-06T16:00:00+00:00,29.38,41.34,7.34,59.88,25,40,Warsaw,,52.2297,21.0122,100,
2024-04-06T17:00:00+00:00,31.11,45.43,5.72,54.96,25,40,Warsaw,,52.2297,21.0122,100,
2024-04-06T18:00:00+00:00,25.76,37.22,7.09,56.27,25,40,Warsaw,,52.2297,21.0122,100,
2024-04-06T19:00:00+00:00,26.43,32.61,7.51,54.97,25,40,Warsaw,,52.2297,21.0122,100,
2024-04-06T20:00:00+00:00,26.16,38.07,7.42,60.47,25,40,Warsaw,,52.2297,21.0122,100,
2024-04-06T21:00:00+00:00,31.61,39.21,7.15,66.72,25,40,Warsaw,,52.2297,21.0122,100,
2024-04-06T22:00:00+00:00,33.31,42.77,7.54,71.2,25,40,Warsaw,,52.2297,21.0122,100,
2024-04-06T23:00:00+00:00,27.58,37.61,10.1,63.82,25,40,Warsaw,,52.2297,21.0122,100,
2024-04-07T00:00:00+00:00,34.17,49.87,9.45,76.08,25,40,Warsaw,,52.2297,21.0122,100,
2024-04-07T01:00:00+00:00,25.71,35.71,12.52,73.35,25,40,Warsaw,,52.2297,21.0122,100,
2024-04-07T02:00:00+00:00,28.37,34.35,12.21,75.7,25,40,Warsaw,,52.2297,21.0122,100,
2024-04-07T03:00:00+00:00,34.18,48.56,13.8,80.28,25,40,Warsaw,,52.2297,21.0122,100,
2024-04-07T04:00:00+00:00,30.07,42.61,12.13,72.98,25,40,Warsaw,,52.2297,21.0122,100,
2024-04-07T05:00:00+00:00,31.66,46.05,13.95,86.06,25,40,Warsaw,,52.2297,21.0122,100,
2024-04-07T06:00:00+00:00,26.32,38.5,13.25,73.67,25,40,Warsaw,,52.2297,21.0122,100,
2024-04-07T07:00:00+00:00,28.43,35.71,12.45,87.1,25,40,Warsaw,,52.2297,21.0122,100,
2024-04-07T08:00:00+00:00,26.4,37.72,14.7,73.96,25,40,Warsaw,,52.2297,21.0122,100,
2024-04-07T09:00:00+00:00,26.44,36.26,13.1,70.91,25,40,Warsaw,,52.2297,21.0122,100,
2024-04-07T10:00:00+00:00,29.24,42.37,10.86,71.62,25,40,Warsaw,,52.2297,21.0122,100,
2024-04-07T11:00:00+00:00,33.16,41.02,10.01,78.4,25,40,Warsaw,,52.2297,21.0122,100,
2024-04-07T12:00:00+00:00,25.95,33.31,9.63,65.68,25,40,Warsaw,,52.2297,21.0122,100,
2024-04-07T13:00:00+00:00,25.48,36.67,8.78,65.11,25,40,Warsaw,,52.2297,21.0122,100,
2024-04-07T14:00:00+00:00,33.54,48.77,6.85,61.74,25,40,Warsaw,,52.2297,21.0122,100,
2024-04-07T15:00:00+00:00,26.88,39.02,5.88,61.37,25,40,Warsaw,,52.2297,21.0122,100,
2024-04-07T16:00:00+00:00,29.62,40.79,7.06,61.89,25,40,Warsaw,,52.2297,21.0122,100,
2024-04-07T17:00:00+00:00,33.62,41.54,5.4,66.74,25,40,Warsaw,,52.2297,21.0122,100,
2024-04-07T18:00:00+00:00,29.35,41.71,5.99,67.34,25,40,Warsaw,,52.2297,21.0122,100,
2024-04-07T19:00:00+00:00,28.17,39.19,4.98,60.13,25,40,Warsaw,,52.2297,21.0122,100,
2024-04-07T20:00:00+00:00,32.03,45.69,5.35,54.8,25,40,Warsaw,,52.2297,21.0122,100,
2024-04-07T21:00:00+00:00,27.44,40.3,7.56,56.79,25,40,Warsaw,,52.2297,21.0122,100,
2024-04-07T22:00:00+00:00,27.32,39.04,6.77,69.49,25,40,Warsaw,,52.2297,21.0122,100,
2024-04-07T23:00:00+00:00,26.99,36.6,7.66,73.61,25,40,Warsaw,,52.2297,21.0122,100,
2024-04-08T00:00:00+00:00,28.78,39.22,9.22,69.88,25,40,Warsaw,,52.2297,21.0122,100,
2024-04-08T01:00:00+00:00,30.8,41.91,9.92,74.55,25,40,Warsaw,,52.2297,21.0122,100,
2024-04-08T02:00:00+00:00,31.43,41.54,11.81,75.1,25,40,Warsaw,,52.2297,21.0122,100,
2024-04-08T03:00:00+00:00,30.0,42.03,12.13,71.85,25,40,Warsaw,,52.2297,21.0122,100,
2024-04-08T04:00:00+00:00,32.66,46.72,14.3,78.87,25,40,Warsaw,,52.2297,21.0122,100,
2024-04-08T05:00:00+00:00,33.45,45.56,14.07,74.48,25,40,Warsaw,,52.2297,21.0122,100,
2024-04-08T06:00:00+00:00,32.02,45.98,12.95,80.76,25,40,Warsaw,,52.2297,21.0122,100,
2024-04-08T07:00:00+00:00,34.32,43.14,14.01,77.47,25,40,Warsaw,,52.2297,21.0122,100,
2024-04-08T08:00:00+00:00,32.19,39.89,12.14,79.16,25,40,Warsaw,,52.2297,21.0122,100,
2024-04-08T09:00:00+00:00,29.93,36.87,12.65,70.33,25,40,Warsaw,,52.2297,21.0122,100,
2024-04-08T10:00:00+00:00,30.0,41.3,11.82,74.29,25,40,Warsaw,,52.2297,21.0122,100,
2024-04-08T11:00:00+00:00,27.12,32.75,10.09,72.97,25,40,Warsaw,,52.2297,21.0122,100,
2024-04-08T12:00:00+00:00,34.11,44.24,11.28,70.61,25,40,Warsaw,,52.2297,21.0122,100,
2024-04-08T13:00:00+00:00,31.08,41.1,8.56,62.86,25,40,Warsaw,,52.2297,21.0122,100,
2024-04-08T14:00:00+00:00,25.0,34.72,8.95,59.26,25,40,Warsaw,,52.2297,21.0122,100,
2024-04-08T15:00:00+00:00,31.98,46.69,6.12,67.5,25,40,Warsaw,,52.2297,21.0122,100,
2024-04-08T16:00:00+00:00,33.7,43.88,6.42,66.96,25,40,Warsaw,,52.2297,21.0122,100,
2024-04-08T17:00:00+00:00,31.29,45.65,7.51,63.19,25,40,Warsaw,,52.2297,21.0122,100,
2024-04-08T18:00:00+00:00,32.49,40.15,6.91,58.97,25,40,Warsaw,,52.2297,21.0122,100,
2024-04-08T19:00:00+00:00,30.69,42.37,5.28,56.44,25,40,Warsaw,,52.2297,21.0122,100,
2024-04-08T20:00:00+00:00,31.87,45.29,6.88,63.6,25,40,Warsaw,,52.2297,21.0122,100,
2024-04-08T21:00:00+00:00,34.06,48.33,5.75,64.57,25,40,Warsaw,,52.2297,21.0122,100,
2024-04-08T22:00:00+00:00,28.95,35.25,8.6,63.77,25,40,Warsaw,,52.2297,21.0122,100,
2024-04-08T23:00:00+00:00,27.68,40.49,10.0,73.01,25,40,Warsaw,,52.2297,21.0122,100,
2024-04-09T00:00:00+00:00,29.18,41.98,10.31,72.9,25,40,Warsaw,,52.2297,21.0122,100,
2024-04-09T01:00:00+00:00,34.25,46.93,11.53,79.15,25,40,Warsaw,,52.2297,21.0122,100,
2024-04-09T02:00:00+00:00,30.2,42.08,12.9,76.16,25,40,Warsaw,,52.2297,21.0122,100,
2024-04-09T03:00:00+00:00,33.58,48.17,13.8,70.0,25,40,Warsaw,,52.2297,21.0122,100,
2024-04-09T04:00:00+00:00,28.01,40.96,12.09,84.64,25,40,Warsaw,,52.2297,21.0122,100,
2024-04-09T05:00:00+00:00,31.35,45.68,13.87,81.61,25,40,Warsaw,,52.2297,21.0122,100,
2024-04-09T06:00:00+00:00,32.11,41.36,15.17,87.29,25,40,Warsaw,,52.2297,21.0122,100,
2024-04-09T07:00:00+00:00,32.44,40.24,14.56,75.15,25,40,Warsaw,,52.2297,21.0122,100,
2024-04-09T08:00:00+00:00,30.6,42.77,13.27,78.8,25,40,Warsaw,,52.2297,21.0122,100,
2024-04-09T09:00:00+00:00,25.85,32.4,12.45,72.81,25,40,Warsaw,,52.2297,21.0122,100,
2024-04-09T10:00:00+00:00,30.19,40.41,12.02,72.25,25,40,Warsaw,,52.2297,21.0122,100,
2024-04-09T11:00:00+00:00,33.7,42.34,12.13,76.14,25,40,Warsaw,,52.2297,21.0122,100,
2024-04-09T12:00:00+00:00,27.78,38.02,9.79,75.95,25,40,Warsaw,,52.2297,21.0122,100,
2024-04-09T13:00:00+00:00,26.11,37.51,10.23,60.67,25,40,Warsaw,,52.2297,21.0122,100,
2024-04-09T14:00:00+00:00,32.61,41.14,9.5,58.69,25,40,Warsaw,,52.2297,21.0122,100,
2024-04-09T15:00:00+00:00,32.91,45.63,7.9,63.35,25,40,Warsaw,,52.2297,21.0122,100,
2024-04-09T16:00:00+00:00,27.09,32.58,7.81,60.34,25,40,Warsaw,,52.2297,21.0122,100,
2024-04-09T17:00:00+00:00,30.03,36.89,6.77,62.53,25,40,Warsaw,,52.2297,21.0122,100,
2024-04-09T18:00:00+00:00,32.63,46.71,5.95,61.14,25,40,Warsaw,,52.2297,21.0122,100,
2024-04-09T19:00:00+00:00,24.07,29.28,7.0,55.23,25,40,Warsaw,,52.2297,21.0122,100,
2024-04-09T20:00:00+00:00,29.27,41.39,7.63,68.69,25,40,Warsaw,,52.2297,21.0122,100,
2024-04-09T21:00:00+00:00,33.19,46.17,6.3,62.72,25,40,Warsaw,,52.2297,21.0122,100,
2024-04-09T22:00:00+00:00,28.54,42.1,8.54,63.83,25,40,Warsaw,,52.2297,21.0122,100,
2024-04-09T23:00:00+00:00,30.22,43.42,9.25,69.9,25,40,Warsaw,,52.2297,21.0122,100,
2024-04-10T00:00:00+00:00,32.15,41.88,8.63,75.02,25,40,Warsaw,,52.2297,21.0122,100,
2024-04-10T01:00:00+00:00,31.31,39.56,10.67,76.74,25,40,Warsaw,,52.2297,21.0122,100,
2024-04-10T02:00:00+00:00,32.82,45.59,12.46,78.67,25,40,Warsaw,,52.2297,21.0122,100,
2024-04-10T03:00:00+00:00,32.72,45.02,12.75,82.45,25,40,Warsaw,,52.2297,21.0122,100,
2024-04-10T04:00:00+00:00,33.1,41.09,12.34,86.37,25,40,Warsaw,,52.2297,21.0122,100,
2024-04-10T05:00:00+00:00,26.86,32.86,15.13,79.87,25,40,Warsaw,,52.2297,21.0122,100,
2024-04-10T06:00:00+00:00,35.31,51.34,14.43,84.03,25,40,Warsaw,,52.2297,21.0122,100,
2024-04-10T07:00:00+00:00,26.25,38.3,14.93,72.02,25,40,Warsaw,,52.2297,21.0122,100,
2024-04-10T08:00:00+00:00,31.08,39.65,13.22,80.01,25,40,Warsaw,,52.2297,21.0122,100,
2024-04-10T09:00:00+00:00,28.48,41.3,13.92,74.32,25,40,Warsaw,,52.2297,21.0122,100,
2024-04-10T10:00:00+00:00,31.96,45.01,12.23,77.13,25,40,Warsaw,,52.2297,21.0122,100,
2024-04-10T11:00:00+00:00,34.83,45.05,10.78,79.27,25,40,Warsaw,,52.2297,21.0122,100,
2024-04-10T12:00:00+00:00,26.98,33.02,9.2,62.89,25,40,Warsaw,,52.2297,21.0122,100,
2024-04-10T13:00:00+00:00,32.91,45.57,8.73,69.92,25,40,Warsaw,,52.2297,21.0122,100,
2024-04-10T14:00:00+00:00,31.67,39.13,9.1,60.0,25,40,Warsaw,,52.2297,21.0122,100,
2024-04-10T15:00:00+00:00,29.8,38.32,6.31,62.54,25,40,Warsaw,,52.2297,21.0122,100,
2024-04-10T16:00:00+00:00,32.91,47.01,7.02,68.01,25,40,Warsaw,,52.2297,21.0122,100,
2024-04-10T17:00:00+00:00,31.36,43.86,4.65,55.78,25,40,Warsaw,,52.2297,21.0122,100,
2024-04-10T18:00:00+00:00,32.39,44.03,5.3,53.07,25,40,Warsaw,,52.2297,21.0122,100,
2024-04-10T19:00:00+00:00,32.59,46.95,7.32,66.08,25,40,Warsaw,,52.2297,21.0122,100,
2024-04-10T20:00:00+00:00,30.3,42.33,6.79,57.52,25,40,Warsaw,,52.2297,21.0122,100,
2024-04-10T21:00:00+00:00,31.07,45.71,7.29,64.26,25,40,Warsaw,,52.2297,21.0122,100,
2024-04-10T22:00:00+00:00,31.94,41.54,7.83,60.34,25,40,Warsaw,,52.2297,21.0122,100,
2024-04-10T23:00:00+00:00,30.39,43.74,9.68,73.82,25,40,Warsaw,,52.2297,21.0122,100,
2024-04-11T00:00:00+00:00,31.73,45.95,9.98,63.59,25,40,Warsaw,,52.2297,21.0122,100,
2024-04-11T01:00:00+00:00,31.75,45.93,10.96,66.61,25,40,Warsaw,,52.2297,21.0122,100,
2024-04-11T02:00:00+00:00,25.4,32.79,12.95,67.92,25,40,Warsaw,,52.2297,21.0122,100,
2024-04-11T03:00:00+00:00,33.25,46.96,13.14,69.14,25,40,Warsaw,,52.2297,21.0122,100,
2024-04-11T04:00:00+00:00,30.11,39.68,12.39,75.94,25,40,Warsaw,,52.2297,21.0122,100,
2024-04-11T05:00:00+00:00,29.87,37.16,13.98,82.4,25,40,Warsaw,,52.2297,21.0122,100,
2024-04-11T06:00:00+00:00,31.08,40.86,15.22,84.61,25,40,Warsaw,,52.2297,21.0122,100,
2024-04-11T07:00:00+00:00,27.84,39.71,13.82,85.67,25,40,Warsaw,,52.2297,21.0122,100,
2024-04-11T08:00:00+00:00,32.53,46.33,13.77,71.11,25,40,Warsaw,,52.2297,21.0122,100,
2024-04-11T09:00:00+00:00,28.84,40.69,11.36,77.67,25,40,Warsaw,,52.2297,21.0122,100,
2024-04-11T10:00:00+00:00,31.04,41.59,13.07,70.54,25,40,Warsaw,,52.2297,21.0122,100,
2024-04-11T11:00:00+00:00,31.79,40.7,10.26,78.08,25,40,Warsaw,,52.2297,21.0122,100,
2024-04-11T12:00:00+00:00,31.92,45.87,9.4,76.3,25,40,Warsaw,,52.2297,21.0122,100,
2024-04-11T13:00:00+00:00,28.18,39.83,8.68,70.36,25,40,Warsaw,,52.2297,21.0122,100,
2024-04-11T14:00:00+00:00,29.47,39.94,6.91,66.43,25,40,Warsaw,,52.2297,21.0122,100,
2024-04-11T15:00:00+00:00,27.41,40.11,7.85,62.29,25,40,Warsaw,,52.2297,21.0122,100,
2024-04-11T16:00:00+00:00,26.22,38.02,5.68,64.65,25,40,Warsaw,,52.2297,21.0122,100,
2024-04-11T17:00:00+00:00,30.35,41.66,6.14,66.31,25,40,Warsaw,,52.2297,21.0122,100,
2024-04-11T18:00:00+00:00,32.06,45.51,6.8,66.29,25,40,Warsaw,,52.2297,21.0122,100,
2024-04-11T19:00:00+00:00,24.86,33.72,4.96,57.99,25,40,Warsaw,,52.2297,21.0122,100,
2024-04-11T20:00:00+00:00,32.05,46.69,5.18,63.68,25,40,Warsaw,,52.2297,21.0122,100,
2024-04-11T21:00:00+00:00,29.03,37.79,7.53,62.27,25,40,Warsaw,,52.2297,21.0122,100,
2024-04-11T22:00:00+00:00,27.21,33.65,6.55,66.85,25,40,Warsaw,,52.2297,21.0122,100,
2024-04-11T23:00:00+00:00,33.31,44.37,7.8,72.38,25,40,Warsaw,,52.2297,21.0122,100,
2024-04-12T00:00:00+00:00,30.97,40.07,11.31,77.03,25,40,Warsaw,,52.2297,21.0122,100,
2024-04-12T01:00:00+00:00,27.2,37.7,10.43,77.61,25,40,Warsaw,,52.2297,21.0122,100,
2024-04-12T02:00:00+00:00,33.55,42.04,12.48,68.57,25,40,Warsaw,,52.2297,21.0122,100,
2024-04-12T03:00:00+00:00,26.16,35.49,12.78,77.78,25,40,Warsaw,,52.2297,21.0122,100,
2024-04-12T04:00:00+00:00,34.52,44.4,13.58,79.24,25,40,Warsaw,,52.2297,21.0122,100,
2024-04-12T05:00:00+00:00,30.23,42.88,13.43,77.48,25,40,Warsaw,,52.2297,21.0122,100,
2024-04-12T06:00:00+00:00,26.99,35.07,13.53,78.11,25,40,Warsaw,,52.2297,21.0122,100,
2024-04-12T07:00:00+00:00,30.16,38.09,13.76,82.46,25,40,Warsaw,,52.2297,21.0122,100,
2024-04-12T08:00:00+00:00,34.07,48.98,12.85,79.88,25,40,Warsaw,,52.2297,21.0122,100,
2024-04-12T09:00:00+00:00,34.79,50.17,12.37,79.49,25,40,Warsaw,,52.2297,21.0122,100,
2024-04-12T10:00:00+00:00,28.07,41.57,11.85,67.61,25,40,Warsaw,,52.2297,21.0122,100,
2024-04-12T11:00:00+00:00,32.04,43.02,9.67,79.05,25,40,Warsaw,,52.2297,21.0122,100,
2024-04-12T12:00:00+00:00,31.22,42.69,10.12,76.29,25,40,Warsaw,,52.2297,21.0122,100,
2024-04-12T13:00:00+00:00,29.0,36.97,9.9,64.29,25,40,Warsaw,,52.2297,21.0122,100,
2024-04-12T14:00:00+00:00,32.21,39.59,8.06,57.11,25,40,Warsaw,,52.2297,21.0122,100,
2024-04-12T15:00:00+00:00,29.06,36.71,8.56,68.81,25,40,Warsaw,,52.2297,21.0122,100,
2024-04-12T16:00:00+00:00,27.19,34.19,7.87,68.26,25,40,Warsaw,,52.2297,21.0122,100,
2024-04-12T17:00:00+00:00,26.75,34.0,7.01,53.02,25,40,Warsaw,,52.2297,21.0122,100,
2024-04-12T18:00:00+00:00,32.35,44.09,4.67,54.65,25,40,Warsaw,,52.2297,21.0122,100,
2024-04-12T19:00:00+00:00,33.13,44.99,7.48,61.69,25,40,Warsaw,,52.2297,21.0122,100,
2024-04-12T20:00:00+00:00,31.59,41.31,7.58,55.15,25,40,Warsaw,,52.2297,21.0122,100,
2024-04-12T21:00:00+00:00,29.19,38.78,7.26,67.86,25,40,Warsaw,,52.2297,21.0122,100,
2024-04-12T22:00:00+00:00,26.12,37.45,8.85,72.46,25,40,Warsaw,,52.2297,21.0122,100,
2024-04-12T23:00:00+00:00,32.28,44.98,8.85,72.71,25,40,Warsaw,,52.2297,21.0122,100,
2024-04-13T00:00:00+00:00,31.49,42.04,11.09,65.93,25,40,Warsaw,,52.2297,21.0122,100,
2024-04-13T01:00:00+00:00,32.62,42.93,10.73,68.42,25,40,Warsaw,,52.2297,21.0122,100,
2024-04-13T02:00:00+00:00,30.8,41.65,12.43,82.91,25,40,Warsaw,,52.2297,21.0122,100,
2024-04-13T03:00:00+00:00,31.13,41.63,12.41,82.28,25,40,Warsaw,,52.2297,21.0122,100,
2024-04-13T04:00:00+00:00,29.37,43.37,13.55,72.7,25,40,Warsaw,,52.2297,21.0122,100,
2024-04-13T05:00:00+00:00,29.65,40.26,15.27,78.07,25,40,Warsaw,,52.2297,21.0122,100,
2024-04-13T06:00:00+00:00,28.53,35.43,14.57,82.25,25,40,Warsaw,,52.2297,21.0122,100,
2024-04-13T07:00:00+00:00,26.66,36.12,14.32,79.21,25,40,Warsaw,,52.2297,21.0122,100,
2024-04-13T08:00:00+00:00,25.98,35.54,13.47,73.27,25,40,Warsaw,,52.2297,21.0122,100,
2024-04-13T09:00:00+00:00,32.05,40.39,13.74,76.28,25,40,Warsaw,,52.2297,21.0122,100,
2024-04-13T10:00:00+00:00,32.48,45.22,12.25,76.07,25,40,Warsaw,,52.2297,21.0122,100,
2024-04-13T11:00:00+00:00,25.63,31.04,9.98,65.34,25,40,Warsaw,,52.2297,21.0122,100,
2024-04-13T12:00:00+00:00,29.3,42.65,8.67,74.72,25,40,Warsaw,,52.2297,21.0122,100,
2024-04-13T13:00:00+00:00,25.33,37.69,9.36,64.76,25,40,Warsaw,,52.2297,21.0122,100,
2024-04-13T14:00:00+00:00,28.03,37.85,8.9,63.77,25,40,Warsaw,,52.2297,21.0122,100,
2024-04-13T15:00:00+00:00,27.12,34.15,6.77,65.59,25,40,Warsaw,,52.2297,21.0122,100,
2024-04-13T16:00:00+00:00,27.19,39.56,6.48,59.6,25,40,Warsaw,,52.2297,21.0122,100,
2024-04-13T17:00:00+00:00,30.47,39.11,5.6,62.39,25,40,Warsaw,,52.2297,21.0122,100,
2024-04-13T18:00:00+00:00,32.33,40.45,7.01,67.3,25,40,Warsaw,,52.2297,21.0122,100,
2024-04-13T19:00:00+00:00,30.24,44.65,4.71,55.45,25,40,Warsaw,,52.2297,21.0122,100,
2024-04-13T20:00:00+00:00,31.81,43.89,6.35,59.67,25,40,Warsaw,,52.2297,21.0122,100,
2024-04-13T21:00:00+00:00,26.72,39.8,8.22,57.02,25,40,Warsaw,,52.2297,21.0122,100,
2024-04-13T22:00:00+00:00,31.24,43.64,9.46,57.69,25,40,Warsaw,,52.2297,21.0122,100,
2024-04-13T23:00:00+00:00,30.0,43.73,9.56,69.77,25,40,Warsaw,,52.2297,21.0122,100,
2024-04-14T00:00:00+00:00,31.62,39.97,9.52,76.79,25,40,Warsaw,,52.2297,21.0122,100,
2024-04-14T01:00:00+00:00,31.98,40.49,10.78,65.93,25,40,Warsaw,,52.2297,21.0122,100,
2024-04-14T02:00:00+00:00,28.96,38.71,12.92,67.12,25,40,Warsaw,,52.2297,21.0122,100,
2024-04-14T03:00:00+00:00,30.87,43.23,12.51,79.75,25,40,Warsaw,,52.2297,21.0122,100,
2024-04-14T04:00:00+00:00,33.5,41.65,14.64,72.21,25,40,Warsaw,,52.2297,21.0122,100,
2024-04-14T05:00:00+00:00,28.98,39.56,14.43,86.99,25,40,Warsaw,,52.2297,21.0122,100,
2024-04-14T06:00:00+00:00,27.96,37.79,14.22,81.94,25,40,Warsaw,,52.2297,21.0122,100,
2024-04-14T07:00:00+00:00,26.73,39.62,13.3,77.77,25,40,Warsaw,,52.2297,21.0122,100,
2024-04-14T08:00:00+00:00,27.68,39.05,12.09,86.3,25,40,Warsaw,,52.2297,21.0122,100,
2024-04-14T09:00:00+00:00,31.24,40.5,12.52,79.97,25,40,Warsaw,,52.2297,21.0122,100,
2024-04-14T10:00:00+00:00,26.23,39.25,13.12,76.4,25,40,Warsaw,,52.2297,21.0122,100,
2024-04-14T11:00:00+00:00,25.97,33.45,10.75,67.09,25,40,Warsaw,,52.2297,21.0122,100,
2024-04-14T12:00:00+00:00,32.18,42.8,9.65,74.52,25,40,Warsaw,,52.2297,21.0122,100,
2024-04-14T13:00:00+00:00,28.42,35.89,8.88,71.7,25,40,Warsaw,,52.2297,21.0122,100,
2024-04-14T14:00:00+00:00,28.38,39.56,7.82,66.68,25,40,Warsaw,,52.2297,21.0122,100,
2024-04-14T15:00:00+00:00,32.17,40.91,6.11,66.68,25,40,Warsaw,,52.2297,21.0122,100,
2024-04-14T16:00:00+00:00,25.17,30.05,5.88,54.83,25,40,Warsaw,,52.2297,21.0122,100,
2024-04-14T17:00:00+00:00,33.28,45.25,5.95,65.36,25,40,Warsaw,,52.2297,21.0122,100,
2024-04-14T18:00:00+00:00,26.99,33.36,5.95,56.52,25,40,Warsaw,,52.2297,21.0122,100,
2024-04-14T19:00:00+00:00,26.58,33.19,5.3,61.33,25,40,Warsaw,,52.2297,21.0122,100,
2024-04-14T20:00:00+00:00,30.34,39.65,5.47,68.08,25,40,Warsaw,,52.2297,21.0122,100,
2024-04-14T21:00:00+00:00,31.28,41.8,7.53,64.71,25,40,Warsaw,,52.2297,21.0122,100,
2024-04-14T22:00:00+00:00,29.35,38.53,8.65,72.11,25,40,Warsaw,,52.2297,21.0122,100,
2024-04-14T23:00:00+00:00,33.43,42.17,8.6,62.17,25,40,Warsaw,,52.2297,21.0122,100,
2024-04-15T00:00:00+00:00,26.19,33.57,10.25,69.5,25,40,Warsaw,,52.2297,21.0122,100,
2024-04-15T01:00:00+00:00,32.52,46.74,11.45,74.36,25,40,Warsaw,,52.2297,21.0122,100,
2024-04-15T02:00:00+00:00,26.87,37.64,13.11,82.85,25,40,Warsaw,,52.2297,21.0122,100,
2024-04-15T03:00:00+00:00,28.27,36.88,13.77,72.52,25,40,Warsaw,,52.2297,21.0122,100,
2024-04-15T04:00:00+00:00,29.14,41.44,12.55,85.48,25,40,Warsaw,,52.2297,21.0122,100,
2024-04-15T05:00:00+00:00,27.47,34.37,15.05,80.96,25,40,Warsaw,,52.2297,21.0122,100,
2024-04-15T06:00:00+00:00,26.33,36.27,14.73,75.2,25,40,Warsaw,,52.2297,21.0122,100,
2024-04-15T07:00:00+00:00,31.32,43.69,13.81,77.98,25,40,Warsaw,,52.2297,21.0122,100,
2024-04-15T08:00:00+00:00,34.77,45.68,13.2,85.41,25,40,Warsaw,,52.2297,21.0122,100,
2024-04-15T09:00:00+00:00,32.8,45.27,13.8,77.6,25,40,Warsaw,,52.2297,21.0122,100,
2024-04-15T10:00:00+00:00,31.98,45.96,13.24,71.47,25,40,Warsaw,,52.2297,21.0122,100,
2024-04-15T11:00:00+00:00,26.59,33.27,12.47,79.95,25,40,Warsaw,,52.2297,21.0122,100,
2024-04-15T12:00:00+00:00,28.32,37.16,8.72,68.52,25,40,Warsaw,,52.2297,21.0122,100,
2024-04-15T13:00:00+00:00,29.52,36.9,8.64,62.06,25,40,Warsaw,,52.2297,21.0122,100,
2024-04-15T14:00:00+00:00,32.98,47.11,8.3,58.67,25,40,Warsaw,,52.2297,21.0122,100,
2024-04-15T15:00:00+00:00,27.81,39.89,6.91,64.33,25,40,Warsaw,,52.2297,21.0122,100,
2024-04-15T16:00:00+00:00,31.72,45.97,6.66,54.32,25,40,Warsaw,,52.2297,21.0122,100,
2024-04-15T17:00:00+00:00,24.54,32.7,5.81,55.31,25,40,Warsaw,,52.2297,21.0122,100,
2024-04-15T18:00:00+00:00,29.65,36.12,5.99,55.15,25,40,Warsaw,,52.2297,21.0122,100,
2024-04-15T19:00:00+00:00,25.8,33.77,4.77,60.72,25,40,Warsaw,,52.2297,21.0122,100,
2024-04-15T20:00:00+00:00,25.86,37.9,7.29,57.28,25,40,Warsaw,,52.2297,21.0122,100,
2024-04-15T21:00:00+00:00,29.12,37.93,7.22,62.53,25,40,Warsaw,,52.2297,21.0122,100,
2024-04-15T22:00:00+00:00,32.24,46.1,8.15,64.82,25,40,Warsaw,,52.2297,21.0122,100,
2024-04-15T23:00:00+00:00,32.0,43.01,9.33,72.55,25,40,Warsaw,,52.2297,21.0122,100,
2024-04-16T00:00:00+00:00,29.44,41.97,9.41,71.07,25,40,Warsaw,,52.2297,21.0122,100,
2024-04-16T01:00:00+00:00,30.19,43.86,10.02,76.13,25,40,Warsaw,,52.2297,21.0122,100,
2024-04-16T02:00:00+00:00,32.25,41.0,12.06,71.87,25,40,Warsaw,,52.2297,21.0122,100,
2024-04-16T03:00:00+00:00,29.72,44.05,12.44,72.91,25,40,Warsaw,,52.2297,21.0122,100,
2024-04-16T04:00:00+00:00,33.24,41.31,14.74,82.35,25,40,Warsaw,,52.2297,21.0122,100,
2024-04-16T05:00:00+00:00,28.22,36.03,12.64,74.78,25,40,Warsaw,,52.2297,21.0122,100,
2024-04-16T06:00:00+00:00,26.81,34.87,14.74,77.25,25,40,Warsaw,,52.2297,21.0122,100,
2024-04-16T07:00:00+00:00,33.43,42.52,12.41,75.33,25,40,Warsaw,,52.2297,21.0122,100,
2024-04-16T08:00:00+00:00,29.29,40.78,13.27,85.87,25,40,Warsaw,,52.2297,21.0122,100,
2024-04-16T09:00:00+00:00,28.47,35.27,12.85,80.18,25,40,Warsaw,,52.2297,21.0122,100,
2024-04-16T10:00:00+00:00,27.18,40.07,12.73,71.08,25,40,Warsaw,,52.2297,21.0122,100,
2024-04-16T11:00:00+00:00,31.56,44.35,11.13,73.38,25,40,Warsaw,,52.2297,21.0122,100,
2024-04-16T12:00:00+00:00,31.78,43.38,10.56,76.29,25,40,Warsaw,,52.2297,21.0122,100,
2024-04-16T13:00:00+00:00,28.92,36.55,10.11,73.81,25,40,Warsaw,,52.2297,21.0122,100,
2024-04-16T14:00:00+00:00,29.09,37.74,7.31,61.73,25,40,Warsaw,,52.2297,21.0122,100,
2024-04-16T15:00:00+00:00,32.08,41.64,7.68,58.85,25,40,Warsaw,,52.2297,21.0122,100,
2024-04-16T16:00:00+00:00,30.22,41.34,7.05,63.53,25,40,Warsaw,,52.2297,21.0122,100,
2024-04-16T17:00:00+00:00,30.97,41.19,5.69,65.63,25,40,Warsaw,,52.2297,21.0122,100,
2024-04-16T18:00:00+00:00,29.25,39.45,5.48,55.59,25,40,Warsaw,,52.2297,21.0122,100,
2024-04-16T19:00:00+00:00,31.76,43.3,5.69,66.67,25,40,Warsaw,,52.2297,21.0122,100,
2024-04-16T20:00:00+00:00,33.29,48.24,7.63,61.6,25,40,Warsaw,,52.2297,21.0122,100,
2024-04-16T21:00:00+00:00,28.81,37.89,6.57,62.83,25,40,Warsaw,,52.2297,21.0122,100,
2024-04-16T22:00:00+00:00,30.25,37.61,8.84,69.18,25,40,Warsaw,,52.2297,21.0122,100,
2024-04-16T23:00:00+00:00,29.97,38.47,9.45,59.63,25,40,Warsaw,,52.2297,21.0122,100,
2024-04-17T00:00:00+00:00,25.66,33.36,11.47,68.84,25,40,Warsaw,,52.2297,21.0122,100,
2024-04-17T01:00:00+00:00,26.36,36.72,9.67,72.51,25,40,Warsaw,,52.2297,21.0122,100,
2024-04-17T02:00:00+00:00,27.22,36.13,12.63,74.8,25,40,Warsaw,,52.2297,21.0122,100,
2024-04-17T03:00:00+00:00,34.34,47.62,11.39,81.42,25,40,Warsaw,,52.2297,21.0122,100,
2024-04-17T04:00:00+00:00,26.97,33.25,12.12,83.58,25,40,Warsaw,,52.2297,21.0122,100,
2024-04-17T05:00:00+00:00,28.43,40.71,13.38,79.4,25,40,Warsaw,,52.2297,21.0122,100,
2024-04-17T06:00:00+00:00,30.82,44.02,15.41,74.84,25,40,Warsaw,,52.2297,21.0122,100,
2024-04-17T07:00:00+00:00,28.95,39.46,12.86,75.26,25,40,Warsaw,,52.2297,21.0122,100,
2024-04-17T08:00:00+00:00,25.83,32.7,14.92,74.51,25,40,Warsaw,,52.2297,21.0122,100,
2024-04-17T09:00:00+00:00,34.08,46.94,12.75,82.67,25,40,Warsaw,,52.2297,21.0122,100,
2024-04-17T10:00:00+00:00,26.87,35.43,12.41,81.63,25,40,Warsaw,,52.2297,21.0122,100,
2024-04-17T11:00:00+00:00,33.66,46.66,10.09,78.19,25,40,Warsaw,,52.2297,21.0122,100,
2024-04-17T12:00:00+00:00,34.92,44.86,8.74,73.2,25,40,Warsaw,,52.2297,21.0122,100,
2024-04-17T13:00:00+00:00,28.04,36.55,10.3,72.52,25,40,Warsaw,,52.2297,21.0122,100,
2024-04-17T14:00:00+00:00,31.05,42.16,7.86,57.49,25,40,Warsaw,,52.2297,21.0122,100,
2024-04-17T15:00:00+00:00,32.43,42.57,6.93,59.5,25,40,Warsaw,,52.2297,21.0122,100,
2024-04-17T16:00:00+00:00,27.02,40.14,7.91,54.58,25,40,Warsaw,,52.2297,21.0122,100,
2024-04-17T17:00:00+00:00,29.82,36.88,7.03,56.95,25,40,Warsaw,,52.2297,21.0122,100,
2024-04-17T18:00:00+00:00,30.53,37.66,6.43,55.19,25,40,Warsaw,,52.2297,21.0122,100,
2024-04-17T19:00:00+00:00,28.56,37.02,6.25,61.98,25,40,Warsaw,,52.2297,21.0122,100,
2024-04-17T20:00:00+00:00,26.64,37.44,5.38,59.64,25,40,Warsaw,,52.2297,21.0122,100,
2024-04-17T21:00:00+00:00,32.41,45.76,7.19,68.98,25,40,Warsaw,,52.2297,21.0122,100,
2024-04-17T22:00:00+00:00,26.27,33.67,8.96,69.91,25,40,Warsaw,,52.2297,21.0122,100,
2024-04-17T23:00:00+00:00,33.6,41.97,7.99,74.17,25,40,Warsaw,,52.2297,21.0122,100,
2024-04-18T00:00:00+00:00,28.1,34.33,10.03,63.48,25,40,Warsaw,,52.2297,21.0122,100,
2024-04-18T01:00:00+00:00,26.64,36.96,10.92,77.57,25,40,Warsaw,,52.2297,21.0122,100,
2024-04-18T02:00:00+00:00,31.6,39.37,12.51,76.52,25,40,Warsaw,,52.2297,21.0122,100,
2024-04-18T03:00:00+00:00,31.03,45.04,11.78,81.88,25,40,Warsaw,,52.2297,21.0122,100,
2024-04-18T04:00:00+00:00,28.25,34.62,12.4,82.71,25,40,Warsaw,,52.2297,21.0122,100,
2024-04-18T05:00:00+00:00,33.61,42.04,14.12,77.74,25,40,Warsaw,,52.2297,21.0122,100,
2024-04-18T06:00:00+00:00,30.48,43.7,14.32,73.42,25,40,Warsaw,,52.2297,21.0122,100,
2024-04-18T07:00:00+00:00,28.36,41.09,14.06,79.6,25,40,Warsaw,,52.2297,21.0122,100,
2024-04-18T08:00:00+00:00,28.01,33.87,14.37,77.12,25,40,Warsaw,,52.2297,21.0122,100,
2024-04-18T09:00:00+00:00,34.19,47.35,13.83,79.96,25,40,Warsaw,,52.2297,21.0122,100,
2024-04-18T10:00:00+00:00,35.34,48.97,11.8,81.14,25,40,Warsaw,,52.2297,21.0122,100,
2024-04-18T11:00:00+00:00,25.38,31.64,12.39,67.82,25,40,Warsaw,,52.2297,21.0122,100,
2024-04-18T12:00:00+00:00,28.82,36.69,10.44,63.1,25,40,Warsaw,,52.2297,21.0122,100,
2024-04-18T13:00:00+00:00,26.49,39.47,10.1,73.97,25,40,Warsaw,,52.2297,21.0122,100,
2024-04-18T14:00:00+00:00,33.39,42.54,7.52,61.76,25,40,Warsaw,,52.2297,21.0122,100,
2024-04-18T15:00:00+00:00,26.82,39.46,7.4,56.98,25,40,Warsaw,,52.2297,21.0122,100,
2024-04-18T16:00:00+00:00,27.23,33.75,6.72,62.97,25,40,Warsaw,,52.2297,21.0122,100,
2024-04-18T17:00:00+00:00,32.53,46.73,6.66,63.1,25,40,Warsaw,,52.2297,21.0122,100,
2024-04-18T18:00:00+00:00,27.07,34.03,6.53,60.61,25,40,Warsaw,,52.2297,21.0122,100,
2024-04-18T19:00:00+00:00,26.57,37.63,7.33,57.01,25,40,Warsaw,,52.2297,21.0122,100,
2024-04-18T20:00:00+00:00,28.91,35.29,6.24,65.4,25,40,Warsaw,,52.2297,21.0122,100,
2024-04-18T21:00:00+00:00,27.7,39.31,6.7,66.47,25,40,Warsaw,,52.2297,21.0122,100,
2024-04-18T22:00:00+00:00,27.85,34.51,8.5,65.98,25,40,Warsaw,,52.2297,21.0122,100,
2024-04-18T23:00:00+00:00,28.34,35.26,10.01,74.86,25,40,Warsaw,,52.2297,21.0122,100,
2024-04-19T00:00:00+00:00,27.24,35.15,11.38,67.17,25,40,Warsaw,,52.2297,21.0122,100,
2024-04-19T01:00:00+00:00,26.58,36.02,9.85,71.41,25,40,Warsaw,,52.2297,21.0122,100,
2024-04-19T02:00:00+00:00,27.49,38.06,11.85,70.21,25,40,Warsaw,,52.2297,21.0122,100,
2024-04-19T03:00:00+00:00,33.1,41.25,14.22,81.16,25,40,Warsaw,,52.2297,21.0122,100,
2024-04-19T04:00:00+00:00,31.94,39.34,14.39,83.25,25,40,Warsaw,,52.2297,21.0122,100,
2024-04-19T05:00:00+00:00,26.75,40.1,14.31,82.17,25,40,Warsaw,,52.2297,21.0122,100,
2024-04-19T06:00:00+00:00,28.94,40.88,14.44,83.59,25,40,Warsaw,,52.2297,21.0122,100,
2024-04-19T07:00:00+00:00,29.67,37.55,12.61,83.15,25,40,Warsaw,,52.2297,21.0122,100,
2024-04-19T08:00:00+00:00,32.18,44.38,12.03,72.3,25,40,Warsaw,,52.2297,21.0122,100,
2024-04-19T09:00:00+00:00,34.2,44.54,11.67,80.49,25,40,Warsaw,,52.2297,21.0122,100,
2024-04-19T10:00:00+00:00,28.8,40.72,12.09,78.82,25,40,Warsaw,,52.2297,21.0122,100,
2024-04-19T11:00:00+00:00,26.31,37.85,10.35,65.71,25,40,Warsaw,,52.2297,21.0122,100,
2024-04-19T12:00:00+00:00,33.03,47.12,9.26,71.85,25,40,Warsaw,,52.2297,21.0122,100,
2024-04-19T13:00:00+00:00,31.48,45.37,9.52,75.32,25,40,Warsaw,,52.2297,21.0122,100,
2024-04-19T14:00:00+00:00,29.6,36.49,7.76,70.9,25,40,Warsaw,,52.2297,21.0122,100,
2024-04-19T15:00:00+00:00,30.33,43.78,8.43,62.8,25,40,Warsaw,,52.2297,21.0122,100,
2024-04-19T16:00:00+00:00,27.62,38.83,6.96,57.82,25,40,Warsaw,,52.2297,21.0122,100,
2024-04-19T17:00:00+00:00,30.7,41.58,5.05,64.27,25,40,Warsaw,,52.2297,21.0122,100,
2024-04-19T18:00:00+00:00,26.69,38.95,5.57,56.7,25,40,Warsaw,,52.2297,21.0122,100,
2024-04-19T19:00:00+00:00,31.21,40.14,7.53,64.26,25,40,Warsaw,,52.2297,21.0122,100,
2024-04-19T20:00:00+00:00,32.37,42.48,7.28,56.23,25,40,Warsaw,,52.2297,21.0122,100,
2024-04-19T21:00:00+00:00,33.06,45.22,8.49,69.16,25,40,Warsaw,,52.2297,21.0122,100,
2024-04-19T22:00:00+00:00,26.22,33.19,8.34,58.28,25,40,Warsaw,,52.2297,21.0122,100,
2024-04-19T23:00:00+00:00,29.08,38.38,9.86,72.54,25,40,Warsaw,,52.2297,21.0122,100,
2024-04-20T00:00:00+00:00,34.7,47.14,10.78,74.55,25,40,Warsaw,,52.2297,21.0122,100,
2024-04-20T01:00:00+00:00,27.81,40.78,11.28,73.58,25,40,Warsaw,,52.2297,21.0122,100,
2024-04-20T02:00:00+00:00,27.92,37.16,13.07,82.87,25,40,Warsaw,,52.2297,21.0122,100,
2024-04-20T03:00:00+00:00,32.89,46.06,13.61,69.43,25,40,Warsaw,,52.2297,21.0122,100,
2024-04-20T04:00:00+00:00,29.09,39.64,13.41,74.72,25,40,Warsaw,,52.2297,21.0122,100,
2024-04-20T05:00:00+00:00,29.75,38.04,14.67,76.83,25,40,Warsaw,,52.2297,21.0122,100,
2024-04-20T06:00:00+00:00,31.34,44.54,13.01,86.45,25,40,Warsaw,,52.2297,21.0122,100,
2024-04-20T07:00:00+00:00,30.01,43.39,13.56,82.94,25,40,Warsaw,,52.2297,21.0122,100,
2024-04-20T08:00:00+00:00,32.21,41.63,14.14,79.22,25,40,Warsaw,,52.2297,21.0122,100,
2024-04-20T09:00:00+00:00,29.48,41.36,12.99,79.57,25,40,Warsaw,,52.2297,21.0122,100,
2024-04-20T10:00:00+00:00,27.83,35.21,13.13,67.88,25,40,Warsaw,,52.2297,21.0122,100,
2024-04-20T11:00:00+00:00,32.32,45.05,12.11,79.49,25,40,Warsaw,,52.2297,21.0122,100,
2024-04-20T12:00:00+00:00,34.39,45.85,10.28,76.75,25,40,Warsaw,,52.2297,21.0122,100,
2024-04-20T13:00:00+00:00,32.09,44.09,10.08,66.1,25,40,Warsaw,,52.2297,21.0122,100,
2024-04-20T14:00:00+00:00,25.25,32.96,8.86,58.26,25,40,Warsaw,,52.2297,21.0122,100,
2024-04-20T15:00:00+00:00,31.19,39.16,6.59,69.94,25,40,Warsaw,,52.2297,21.0122,100,
2024-04-20T16:00:00+00:00,32.92,45.17,5.35,60.02,25,40,Warsaw,,52.2297,21.0122,100,
2024-04-20T17:00:00+00:00,27.31,35.47,7.07,58.45,25,40,Warsaw,,52.2297,21.0122,100,
2024-04-20T18:00:00+00:00,30.78,42.86,6.49,64.49,25,40,Warsaw,,52.2297,21.0122,100,
2024-04-20T19:00:00+00:00,26.18,33.0,6.02,64.13,25,40,Warsaw,,52.2297,21.0122,100,
2024-04-20T20:00:00+00:00,28.35,38.89,7.05,58.68,25,40,Warsaw,,52.2297,21.0122,100,
2024-04-20T21:00:00+00:00,30.11,44.48,5.86,59.76,25,40,Warsaw,,52.2297,21.0122,100,
2024-04-20T22:00:00+00:00,29.91,37.83,8.36,67.87,25,40,Warsaw,,52.2297,21.0122,100,
2024-04-20T23:00:00+00:00,25.84,32.55,8.19,64.45,25,40,Warsaw,,52.2297,21.0122,100,
2024-04-21T00:00:00+00:00,33.66,47.53,9.18,73.2,25,40,Warsaw,,52.2297,21.0122,100,
2024-04-21T01:00:00+00:00,27.71,34.39,12.41,72.07,25,40,Warsaw,,52.2297,21.0122,100,
2024-04-21T02:00:00+00:00,31.6,42.3,10.76,73.21,25,40,Warsaw,,52.2297,21.0122,100,
2024-04-21T03:00:00+00:00,30.41,43.41,13.5,76.78,25,40,Warsaw,,52.2297,21.0122,100,
2024-04-21T04:00:00+00:00,28.2,38.76,14.68,83.66,25,40,Warsaw,,52.2297,21.0122,100,
2024-04-21T05:00:00+00:00,33.04,48.08,14.12,80.71,25,40,Warsaw,,52.2297,21.0122,100,
2024-04-21T06:00:00+00:00,30.24,36.94,14.93,79.39,25,40,Warsaw,,52.2297,21.0122,100,
2024-04-21T07:00:00+00:00,30.39,44.2,14.48,84.65,25,40,Warsaw,,52.2297,21.0122,100,
2024-04-21T08:00:00+00:00,26.53,32.54,12.74,78.83,25,40,Warsaw,,52.2297,21.0122,100,
2024-04-21T09:00:00+00:00,31.1,42.62,12.83,69.2,25,40,Warsaw,,52.2297,21.0122,100,
2024-04-21T10:00:00+00:00,34.22,47.27,12.31,73.62,25,40,Warsaw,,52.2297,21.0122,100,
2024-04-21T11:00:00+00:00,32.83,42.87,12.5,78.83,25,40,Warsaw,,52.2297,21.0122,100,
2024-04-21T12:00:00+00:00,32.38,43.17,10.17,75.26,25,40,Warsaw,,52.2297,21.0122,100,
2024-04-21T13:00:00+00:00,33.42,43.52,8.24,64.15,25,40,Warsaw,,52.2297,21.0122,100,
2024-04-21T14:00:00+00:00,33.37,44.33,9.08,66.32,25,40,Warsaw,,52.2297,21.0122,100,
2024-04-21T15:00:00+00:00,27.35,37.48,6.1,59.82,25,40,Warsaw,,52.2297,21.0122,100,
2024-04-21T16:00:00+00:00,33.3,45.87,5.44,58.13,25,40,Warsaw,,52.2297,21.0122,100,
2024-04-21T17:00:00+00:00,29.79,43.58,5.81,65.76,25,40,Warsaw,,52.2297,21.0122,100,
2024-04-21T18:00:00+00:00,25.15,35.1,4.52,54.57,25,40,Warsaw,,52.2297,21.0122,100,
2024-04-21T19:00:00+00:00,29.8,42.7,5.56,58.9,25,40,Warsaw,,52.2297,21.0122,100,
2024-04-21T20:00:00+00:00,30.43,40.79,5.41,56.05,25,40,Warsaw,,52.2297,21.0122,100,
2024-04-21T21:00:00+00:00,27.41,35.53,7.33,60.82,25,40,Warsaw,,52.2297,21.0122,100,
2024-04-21T22:00:00+00:00,25.2,32.09,7.32,63.4,25,40,Warsaw,,52.2297,21.0122,100,
2024-04-21T23:00:00+00:00,26.26,34.39,7.95,60.65,25,40,Warsaw,,52.2297,21.0122,100,
2024-04-22T00:00:00+00:00,31.8,46.04,9.59,72.89,25,40,Warsaw,,52.2297,21.0122,100,
2024-04-22T01:00:00+00:00,33.83,42.06,10.62,73.18,25,40,Warsaw,,52.2297,21.0122,100,
2024-04-22T02:00:00+00:00,28.96,40.02,11.81,75.63,25,40,Warsaw,,52.2297,21.0122,100,
2024-04-22T03:00:00+00:00,26.71,38.77,12.73,73.59,25,40,Warsaw,,52.2297,21.0122,100,
2024-04-22T04:00:00+00:00,32.09,46.06,13.4,86.31,25,40,Warsaw,,52.2297,21.0122,100,
2024-04-22T05:00:00+00:00,26.88,32.38,15.32,75.73,25,40,Warsaw,,52.2297,21.0122,100,
2024-04-22T06:00:00+00:00,28.96,40.25,15.42,85.21,25,40,Warsaw,,52.2297,21.0122,100,
2024-04-22T07:00:00+00:00,32.68,42.26,13.74,85.77,25,40,Warsaw,,52.2297,21.0122,100,
2024-04-22T08:00:00+00:00,27.43,38.46,13.24,75.31,25,40,Warsaw,,52.2297,21.0122,100,
2024-04-22T09:00:00+00:00,31.7,42.51,12.15,84.6,25,40,Warsaw,,52.2297,21.0122,100,
2024-04-22T10:00:00+00:00,28.63,41.69,13.18,71.53,25,40,Warsaw,,52.2297,21.0122,100,
2024-04-22T11:00:00+00:00,29.77,37.85,10.09,78.46,25,40,Warsaw,,52.2297,21.0122,100,
2024-04-22T12:00:00+00:00,32.78,42.8,9.62,65.43,25,40,Warsaw,,52.2297,21.0122,100,
2024-04-22T13:00:00+00:00,31.9,44.19,7.48,60.74,25,40,Warsaw,,52.2297,21.0122,100,
2024-04-22T14:00:00+00:00,27.62,40.37,8.77,71.49,25,40,Warsaw,,52.2297,21.0122,100,
2024-04-22T15:00:00+00:00,31.77,43.37,6.84,56.77,25,40,Warsaw,,52.2297,21.0122,100,
2024-04-22T16:00:00+00:00,32.17,40.25,7.92,59.87,25,40,Warsaw,,52.2297,21.0122,100,
2024-04-22T17:00:00+00:00,31.95,42.83,5.17,55.66,25,40,Warsaw,,52.2297,21.0122,100,
2024-04-22T18:00:00+00:00,29.45,38.63,4.6,52.6,25,40,Warsaw,,52.2297,21.0122,100,
2024-04-22T19:00:00+00:00,32.46,40.05,5.29,59.33,25,40,Warsaw,,52.2297,21.0122,100,
2024-04-22T20:00:00+00:00,26.83,37.22,7.81,57.83,25,40,Warsaw,,52.2297,21.0122,100,
2024-04-22T21:00:00+00:00,32.5,41.76,7.24,67.43,25,40,Warsaw,,52.2297,21.0122,100,
2024-04-22T22:00:00+00:00,27.51,38.52,6.53,68.92,25,40,Warsaw,,52.2297,21.0122,100,
2024-04-22T23:00:00+00:00,29.47,36.58,8.79,68.09,25,40,Warsaw,,52.2297,21.0122,100,
2024-04-23T00:00:00+00:00,31.34,42.54,8.71,67.38,25,40,Warsaw,,52.2297,21.0122,100,
2024-04-23T01:00:00+00:00,29.88,40.8,10.47,71.0,25,40,Warsaw,,52.2297,21.0122,100,
2024-04-23T02:00:00+00:00,30.74,43.63,11.82,72.85,25,40,Warsaw,,52.2297,21.0122,100,
2024-04-23T03:00:00+00:00,33.66,46.23,12.7,71.65,25,40,Warsaw,,52.2297,21.0122,100,
2024-04-23T04:00:00+00:00,32.1,46.33,14.92,81.75,25,40,Warsaw,,52.2297,21.0122,100,
2024-04-23T05:00:00+00:00,33.22,45.19,12.67,86.45,25,40,Warsaw,,52.2297,21.0122,100,
2024-04-23T06:00:00+00:00,34.93,48.97,13.88,85.89,25,40,Warsaw,,52.2297,21.0122,100,
2024-04-23T07:00:00+00:00,32.98,41.2,13.22,74.42,25,40,Warsaw,,52.2297,21.0122,100,
2024-04-23T08:00:00+00:00,34.69,46.2,14.83,85.76,25,40,Warsaw,,52.2297,21.0122,100,
2024-04-23T09:00:00+00:00,29.86,38.68,12.48,74.3,25,40,Warsaw,,52.2297,21.0122,100,
2024-04-23T10:00:00+00:00,26.8,39.79,13.07,78.96,25,40,Warsaw,,52.2297,21.0122,100,
2024-04-23T11:00:00+00:00,28.94,42.14,11.41,71.53,25,40,Warsaw,,52.2297,21.0122,100,
2024-04-23T12:00:00+00:00,25.98,33.75,10.71,65.52,25,40,Warsaw,,52.2297,21.0122,100,
2024-04-23T13:00:00+00:00,26.95,34.12,8.83,72.04,25,40,Warsaw,,52.2297,21.0122,100,
2024-04-23T14:00:00+00:00,28.98,40.36,8.04,69.74,25,40,Warsaw,,52.2297,21.0122,100,
2024-04-23T15:00:00+00:00,27.59,34.03,8.32,55.69,25,40,Warsaw,,52.2297,21.0122,100,
2024-04-23T16:00:00+00:00,30.46,42.71,6.98,68.0,25,40,Warsaw,,52.2297,21.0122,100,
2024-04-23T17:00:00+00:00,33.16,42.18,7.44,62.14,25,40,Warsaw,,52.2297,21.0122,100,
2024-04-23T18:00:00+00:00,34.01,43.79,4.71,63.54,25,40,Warsaw,,52.2297,21.0122,100,
2024-04-23T19:00:00+00:00,26.44,36.93,6.53,64.69,25,40,Warsaw,,52.2297,21.0122,100,
2024-04-23T20:00:00+00:00,25.3,31.77,6.3,61.73,25,40,Warsaw,,52.2297,21.0122,100,
2024-04-23T21:00:00+00:00,34.39,46.81,6.37,68.73,25,40,Warsaw,,52.2297,21.0122,100,
2024-04-23T22:00:00+00:00,30.11,41.64,9.29,72.32,25,40,Warsaw,,52.2297,21.0122,100,
2024-04-23T23:00:00+00:00,31.7,44.15,10.36,68.69,25,40,Warsaw,,52.2297,21.0122,100,
2024-04-24T00:00:00+00:00,30.81,39.27,10.41,70.16,25,40,Warsaw,,52.2297,21.0122,100,
2024-04-24T01:00:00+00:00,25.47,36.16,11.93,69.15,25,40,Warsaw,,52.2297,21.0122,100,
2024-04-24T02:00:00+00:00,32.27,42.97,10.7,80.73,25,40,Warsaw,,52.2297,21.0122,100,
2024-04-24T03:00:00+00:00,32.85,46.07,12.51,80.05,25,40,Warsaw,,52.2297,21.0122,100,
2024-04-24T04:00:00+00:00,33.98,45.26,12.62,76.47,25,40,Warsaw,,52.2297,21.0122,100,
2024-04-24T05:00:00+00:00,33.81,48.94,13.03,79.71,25,40,Warsaw,,52.2297,21.0122,100,
2024-04-24T06:00:00+00:00,25.56,36.6,14.05,74.45,25,40,Warsaw,,52.2297,21.0122,100,
2024-04-24T07:00:00+00:00,25.91,35.22,14.31,76.2,25,40,Warsaw,,52.2297,21.0122,100,
2024-04-24T08:00:00+00:00,28.06,37.41,14.1,76.12,25,40,Warsaw,,52.2297,21.0122,100,
2024-04-24T09:00:00+00:00,32.04,44.09,13.18,76.1,25,40,Warsaw,,52.2297,21.0122,100,
2024-04-24T10:00:00+00:00,27.47,38.21,10.83,78.48,25,40,Warsaw,,52.2297,21.0122,100,
2024-04-24T11:00:00+00:00,30.06,43.22,10.22,67.38,25,40,Warsaw,,52.2297,21.0122,100,
2024-04-24T12:00:00+00:00,30.79,37.66,11.19,72.36,25,40,Warsaw,,52.2297,21.0122,100,
2024-04-24T13:00:00+00:00,33.16,46.41,7.84,70.8,25,40,Warsaw,,52.2297,21.0122,100,
2024-04-24T14:00:00+00:00,29.39,40.5,8.44,70.13,25,40,Warsaw,,52.2297,21.0122,100,
2024-04-24T15:00:00+00:00,29.68,42.21,6.25,65.64,25,40,Warsaw,,52.2297,21.0122,100,
2024-04-24T16:00:00+00:00,26.79,34.59,5.05,69.26,25,40,Warsaw,,52.2297,21.0122,100,
2024-04-24T17:00:00+00:00,33.91,45.09,5.55,63.93,25,40,Warsaw,,52.2297,21.0122,100,
2024-04-24T18:00:00+00:00,28.0,39.14,5.35,54.43,25,40,Warsaw,,52.2297,21.0122,100,
2024-04-24T19:00:00+00:00,28.62,35.22,4.82,63.39,25,40,Warsaw,,52.2297,21.0122,100,
2024-04-24T20:00:00+00:00,27.03,34.08,7.1,57.15,25,40,Warsaw,,52.2297,21.0122,100,
2024-04-24T21:00:00+00:00,25.79,31.44,7.56,68.15,25,40,Warsaw,,52.2297,21.0122,100,
2024-04-24T22:00:00+00:00,28.68,42.09,8.08,60.15,25,40,Warsaw,,52.2297,21.0122,100,
2024-04-24T23:00:00+00:00,25.41,31.62,9.99,59.71,25,40,Warsaw,,52.2297,21.0122,100,
2024-04-25T00:00:00+00:00,27.15,40.39,9.57,72.46,25,40,Warsaw,,52.2297,21.0122,100,
2024-04-25T01:00:00+00:00,34.17,48.89,10.14,77.8,25,40,Warsaw,,52.2297,21.0122,100,
2024-04-25T02:00:00+00:00,29.62,43.01,11.22,82.78,25,40,Warsaw,,52.2297,21.0122,100,
2024-04-25T03:00:00+00:00,29.2,39.75,12.01,82.97,25,40,Warsaw,,52.2297,21.0122,100,
2024-04-25T04:00:00+00:00,31.63,43.77,13.63,82.31,25,40,Warsaw,,52.2297,21.0122,100,
2024-04-25T05:00:00+00:00,29.07,36.18,13.35,85.93,25,40,Warsaw,,52.2297,21.0122,100,
2024-04-25T06:00:00+00:00,32.41,40.85,14.25,79.01,25,40,Warsaw,,52.2297,21.0122,100,
2024-04-25T07:00:00+00:00,34.19,45.46,14.83,75.68,25,40,Warsaw,,52.2297,21.0122,100,
2024-04-25T08:00:00+00:00,30.86,41.04,13.25,77.55,25,40,Warsaw,,52.2297,21.0122,100,
2024-04-25T09:00:00+00:00,26.49,35.32,13.39,75.12,25,40,Warsaw,,52.2297,21.0122,100,
2024-04-25T10:00:00+00:00,29.18,40.28,13.06,72.2,25,40,Warsaw,,52.2297,21.0122,100,
2024-04-25T11:00:00+00:00,26.61,32.52,11.26,76.98,25,40,Warsaw,,52.2297,21.0122,100,
2024-04-25T12:00:00+00:00,26.44,38.92,10.2,65.22,25,40,Warsaw,,52.2297,21.0122,100,
2024-04-25T13:00:00+00:00,25.55,31.08,10.12,63.3,25,40,Warsaw,,52.2297,21.0122,100,
2024-04-25T14:00:00+00:00,31.69,45.15,7.09,58.57,25,40,Warsaw,,52.2297,21.0122,100,
2024-04-25T15:00:00+00:00,26.37,33.0,7.18,70.04,25,40,Warsaw,,52.2297,21.0122,100,
2024-04-25T16:00:00+00:00,33.58,48.9,5.9,59.47,25,40,Warsaw,,52.2297,21.0122,100,
2024-04-25T17:00:00+00:00,28.07,39.41,6.14,57.54,25,40,Warsaw,,52.2297,21.0122,100,
2024-04-25T18:00:00+00:00,28.5,36.6,5.76,59.86,25,40,Warsaw,,52.2297,21.0122,100,
2024-04-25T19:00:00+00:00,25.55,36.38,6.13,60.68,25,40,Warsaw,,52.2297,21.0122,100,
2024-04-25T20:00:00+00:00,30.49,44.56,7.86,54.55,25,40,Warsaw,,52.2297,21.0122,100,
2024-04-25T21:00:00+00:00,27.62,37.0,8.11,69.91,25,40,Warsaw,,52.2297,21.0122,100,
2024-04-25T22:00:00+00:00,30.76,44.78,8.6,58.83,25,40,Warsaw,,52.2297,21.0122,100,
2024-04-25T23:00:00+00:00,27.97,33.87,9.66,63.6,25,40,Warsaw,,52.2297,21.0122,100,
2024-04-26T00:00:00+00:00,31.17,41.96,9.23,71.76,25,40,Warsaw,,52.2297,21.0122,100,
2024-04-26T01:00:00+00:00,27.86,39.48,11.52,78.77,25,40,Warsaw,,52.2297,21.0122,100,
2024-04-26T02:00:00+00:00,34.73,43.14,11.7,75.45,25,40,Warsaw,,52.2297,21.0122,100,
2024-04-26T03:00:00+00:00,30.0,38.79,11.33,75.49,25,40,Warsaw,,52.2297,21.0122,100,
2024-04-26T04:00:00+00:00,33.19,45.54,14.92,79.55,25,40,Warsaw,,52.2297,21.0122,100,
2024-04-26T05:00:00+00:00,35.55,44.39,13.1,86.87,25,40,Warsaw,,52.2297,21.0122,100,
2024-04-26T06:00:00+00:00,33.83,47.6,15.09,76.89,25,40,Warsaw,,52.2297,21.0122,100,
2024-04-26T07:00:00+00:00,30.2,41.16,12.46,75.1,25,40,Warsaw,,52.2297,21.0122,100,
2024-04-26T08:00:00+00:00,29.59,37.38,14.65,81.62,25,40,Warsaw,,52.2297,21.0122,100,
2024-04-26T09:00:00+00:00,30.92,44.58,13.86,75.55,25,40,Warsaw,,52.2297,21.0122,100,
2024-04-26T10:00:00+00:00,30.71,44.99,13.49,71.69,25,40,Warsaw,,52.2297,21.0122,100,
2024-04-26T11:00:00+00:00,33.71,43.33,11.43,67.85,25,40,Warsaw,,52.2297,21.0122,100,
2024-04-26T12:00:00+00:00,28.17,36.03,8.77,65.18,25,40,Warsaw,,52.2297,21.0122,100,
2024-04-26T13:00:00+00:00,28.05,34.72,9.3,66.09,25,40,Warsaw,,52.2297,21.0122,100,
2024-04-26T14:00:00+00:00,26.32,36.22,7.76,69.15,25,40,Warsaw,,52.2297,21.0122,100,
2024-04-26T15:00:00+00:00,25.0,36.43,6.94,59.88,25,40,Warsaw,,52.2297,21.0122,100,
2024-04-26T16:00:00+00:00,31.57,43.0,7.32,60.64,25,40,Warsaw,,52.2297,21.0122,100,
2024-04-26T17:00:00+00:00,26.93,35.38,7.32,63.19,25,40,Warsaw,,52.2297,21.0122,100,
2024-04-26T18:00:00+00:00,25.61,34.89,5.62,56.75,25,40,Warsaw,,52.2297,21.0122,100,
2024-04-26T19:00:00+00:00,28.49,37.63,4.68,52.91,25,40,Warsaw,,52.2297,21.0122,100,
2024-04-26T20:00:00+00:00,26.58,36.02,6.12,59.1,25,40,Warsaw,,52.2297,21.0122,100,
2024-04-26T21:00:00+00:00,27.58,40.46,8.02,60.41,25,40,Warsaw,,52.2297,21.0122,100,
2024-04-26T22:00:00+00:00,33.42,43.58,9.1,69.72,25,40,Warsaw,,52.2297,21.0122,100,
2024-04-26T23:00:00+00:00,32.57,47.64,9.99,69.31,25,40,Warsaw,,52.2297,21.0122,100,
2024-04-27T00:00:00+00:00,29.33,39.13,10.87,62.79,25,40,Warsaw,,52.2297,21.0122,100,
2024-04-27T01:00:00+00:00,28.28,38.13,9.9,67.72,25,40,Warsaw,,52.2297,21.0122,100,
2024-04-27T02:00:00+00:00,29.95,38.52,12.26,81.99,25,40,Warsaw,,52.2297,21.0122,100,
2024-04-27T03:00:00+00:00,34.17,44.62,14.11,75.88,25,40,Warsaw,,52.2297,21.0122,100,
2024-04-27T04:00:00+00:00,27.38,40.55,13.92,79.73,25,40,Warsaw,,52.2297,21.0122,100,
2024-04-27T05:00:00+00:00,28.58,39.59,13.59,82.79,25,40,Warsaw,,52.2297,21.0122,100,
2024-04-27T06:00:00+00:00,33.56,43.82,13.16,81.17,25,40,Warsaw,,52.2297,21.0122,100,
2024-04-27T07:00:00+00:00,32.36,46.19,13.72,81.49,25,40,Warsaw,,52.2297,21.0122,100,
2024-04-27T08:00:00+00:00,27.52,40.99,12.54,76.75,25,40,Warsaw,,52.2297,21.0122,100,
2024-04-27T09:00:00+00:00,29.14,43.19,13.31,71.02,25,40,Warsaw,,52.2297,21.0122,100,
2024-04-27T10:00:00+00:00,33.18,42.59,12.24,69.18,25,40,Warsaw,,52.2297,21.0122,100,
2024-04-27T11:00:00+00:00,30.28,41.04,10.5,66.52,25,40,Warsaw,,52.2297,21.0122,100,
2024-04-27T12:00:00+00:00,26.81,38.78,10.69,65.3,25,40,Warsaw,,52.2297,21.0122,100,
2024-04-27T13:00:00+00:00,31.81,46.46,7.7,69.95,25,40,Warsaw,,52.2297,21.0122,100,
2024-04-27T14:00:00+00:00,32.07,39.95,7.04,58.85,25,40,Warsaw,,52.2297,21.0122,100,
2024-04-27T15:00:00+00:00,26.37,33.58,7.88,65.73,25,40,Warsaw,,52.2297,21.0122,100,
2024-04-27T16:00:00+00:00,30.22,40.28,7.22,56.17,25,40,Warsaw,,52.2297,21.0122,100,
2024-04-27T17:00:00+00:00,28.39,38.63,6.49,53.67,25,40,Warsaw,,52.2297,21.0122,100,
2024-04-27T18:00:00+00:00,29.84,38.52,5.99,63.19,25,40,Warsaw,,52.2297,21.0122,100,
2024-04-27T19:00:00+00:00,25.97,37.68,5.82,56.12,25,40,Warsaw,,52.2297,21.0122,100,
2024-04-27T20:00:00+00:00,32.4,42.12,7.01,67.67,25,40,Warsaw,,52.2297,21.0122,100,
2024-04-27T21:00:00+00:00,31.16,44.64,7.59,63.96,25,40,Warsaw,,52.2297,21.0122,100,
2024-04-27T22:00:00+00:00,26.69,32.44,6.53,59.94,25,40,Warsaw,,52.2297,21.0122,100,
2024-04-27T23:00:00+00:00,26.28,35.11,9.57,67.35,25,40,Warsaw,,52.2297,21.0122,100,
2024-04-28T00:00:00+00:00,27.46,35.73,11.02,66.88,25,40,Warsaw,,52.2297,21.0122,100,
2024-04-28T01:00:00+00:00,30.54,40.32,10.44,68.41,25,40,Warsaw,,52.2297,21.0122,100,
2024-04-28T02:00:00+00:00,32.25,42.73,11.73,75.68,25,40,Warsaw,,52.2297,21.0122,100,
2024-04-28T03:00:00+00:00,28.26,37.9,12.78,77.64,25,40,Warsaw,,52.2297,21.0122,100,
2024-04-28T04:00:00+00:00,25.06,33.43,14.46,71.26,25,40,Warsaw,,52.2297,21.0122,100,
2024-04-28T05:00:00+00:00,27.35,37.52,13.95,81.14,25,40,Warsaw,,52.2297,21.0122,100,
2024-04-28T06:00:00+00:00,27.15,40.44,13.39,73.45,25,40,Warsaw,,52.2297,21.0122,100,
2024-04-28T07:00:00+00:00,30.65,44.52,14.22,81.16,25,40,Warsaw,,52.2297,21.0122,100,
2024-04-28T08:00:00+00:00,31.81,40.69,12.01,86.46,25,40,Warsaw,,52.2297,21.0122,100,
2024-04-28T09:00:00+00:00,31.41,42.56,12.47,75.03,25,40,Warsaw,,52.2297,21.0122,100,
2024-04-28T10:00:00+00:00,28.65,36.8,11.7,76.71,25,40,Warsaw,,52.2297,21.0122,100,
2024-04-28T11:00:00+00:00,32.26,40.67,10.41,72.45,25,40,Warsaw,,52.2297,21.0122,100,
2024-04-28T12:00:00+00:00,28.29,37.77,11.21,77.54,25,40,Warsaw,,52.2297,21.0122,100,
2024-04-28T13:00:00+00:00,24.91,32.94,8.24,62.09,25,40,Warsaw,,52.2297,21.0122,100,
2024-04-28T14:00:00+00:00,30.96,43.12,8.85,58.72,25,40,Warsaw,,52.2297,21.0122,100,
2024-04-28T15:00:00+00:00,32.24,42.23,8.34,59.32,25,40,Warsaw,,52.2297,21.0122,100,
2024-04-28T16:00:00+00:00,27.27,39.44,7.38,60.72,25,40,Warsaw,,52.2297,21.0122,100,
2024-04-28T17:00:00+00:00,26.56,33.17,6.55,60.25,25,40,Warsaw,,52.2297,21.0122,100,
2024-04-28T18:00:00+00:00,29.71,43.06,6.0,56.56,25,40,Warsaw,,52.2297,21.0122,100,
2024-04-28T19:00:00+00:00,29.53,40.35,6.35,60.37,25,40,Warsaw,,52.2297,21.0122,100,
2024-04-28T20:00:00+00:00,33.07,47.96,7.6,58.99,25,40,Warsaw,,52.2297,21.0122,100,
2024-04-28T21:00:00+00:00,32.81,48.17,8.43,63.87,25,40,Warsaw,,52.2297,21.0122,100,
2024-04-28T22:00:00+00:00,31.04,44.41,9.42,61.88,25,40,Warsaw,,52.2297,21.0122,100,
2024-04-28T23:00:00+00:00,29.13,36.34,7.69,70.13,25,40,Warsaw,,52.2297,21.0122,100,
2024-04-29T00:00:00+00:00,29.37,36.91,8.89,68.73,25,40,Warsaw,,52.2297,21.0122,100,
2024-04-29T01:00:00+00:00,29.53,37.51,10.56,77.88,25,40,Warsaw,,52.2297,21.0122,100,
2024-04-29T02:00:00+00:00,26.83,32.77,12.72,76.14,25,40,Warsaw,,52.2297,21.0122,100,
2024-04-29T03:00:00+00:00,30.7,39.57,12.38,82.27,25,40,Warsaw,,52.2297,21.0122,100,
2024-04-29T04:00:00+00:00,26.69,35.28,13.74,78.44,25,40,Warsaw,,52.2297,21.0122,100,
2024-04-29T05:00:00+00:00,29.36,35.96,13.0,85.94,25,40,Warsaw,,52.2297,21.0122,100,
2024-04-29T06:00:00+00:00,29.5,36.47,13.36,72.13,25,40,Warsaw,,52.2297,21.0122,100,
2024-04-29T07:00:00+00:00,33.34,47.79,12.7,79.88,25,40,Warsaw,,52.2297,21.0122,100,
2024-04-29T08:00:00+00:00,29.89,39.69,14.09,82.43,25,40,Warsaw,,52.2297,21.0122,100,
2024-04-29T09:00:00+00:00,29.53,38.03,11.9,75.06,25,40,Warsaw,,52.2297,21.0122,100,
2024-04-29T10:00:00+00:00,25.83,32.73,12.58,73.26,25,40,Warsaw,,52.2297,21.0122,100,
2024-04-29T11:00:00+00:00,26.61,38.84,9.69,70.42,25,40,Warsaw,,52.2297,21.0122,100,
2024-04-29T12:00:00+00:00,32.18,44.88,10.75,67.3,25,40,Warsaw,,52.2297,21.0122,100,
2024-04-29T13:00:00+00:00,25.3,30.86,7.64,63.71,25,40,Warsaw,,52.2297,21.0122,100,
2024-04-29T14:00:00+00:00,27.9,40.01,7.35,71.83,25,40,Warsaw,,52.2297,21.0122,100,
2024-04-29T15:00:00+00:00,25.92,34.23,6.38,55.25,25,40,Warsaw,,52.2297,21.0122,100,
2024-04-29T16:00:00+00:00,31.78,39.71,6.77,65.75,25,40,Warsaw,,52.2297,21.0122,100,
2024-04-29T17:00:00+00:00,28.58,39.94,6.44,58.26,25,40,Warsaw,,52.2297,21.0122,100,
2024-04-29T18:00:00+00:00,28.38,36.59,4.56,54.11,25,40,Warsaw,,52.2297,21.0122,100,
2024-04-29T19:00:00+00:00,26.49,33.88,7.2,61.32,25,40,Warsaw,,52.2297,21.0122,100,
2024-04-29T20:00:00+00:00,30.53,38.72,7.91,55.54,25,40,Warsaw,,52.2297,21.0122,100,
2024-04-29T21:00:00+00:00,27.61,34.77,5.73,65.71,25,40,Warsaw,,52.2297,21.0122,100,
2024-04-29T22:00:00+00:00,27.68,36.62,7.38,64.53,25,40,Warsaw,,52.2297,21.0122,100,
2024-04-29T23:00:00+00:00,34.12,47.7,10.24,73.71,25,40,Warsaw,,52.2297,21.0122,100,
2024-04-30T00:00:00+00:00,28.87,41.19,9.66,64.88,25,40,Warsaw,,52.2297,21.0122,100,
2024-04-30T01:00:00+00:00,33.03,44.42,9.98,75.19,25,40,Warsaw,,52.2297,21.0122,100,
2024-04-30T02:00:00+00:00,33.89,49.35,12.18,73.83,25,40,Warsaw,,52.2297,21.0122,100,
2024-04-30T03:00:00+00:00,26.86,33.57,12.42,80.17,25,40,Warsaw,,52.2297,21.0122,100,
2024-04-30T04:00:00+00:00,30.41,43.24,14.42,77.09,25,40,Warsaw,,52.2297,21.0122,100,
2024-04-30T05:00:00+00:00,31.96,45.6,14.51,80.8,25,40,Warsaw,,52.2297,21.0122,100,
2024-04-30T06:00:00+00:00,28.16,35.49,13.9,84.49,25,40,Warsaw,,52.2297,21.0122,100,
2024-04-30T07:00:00+00:00,28.13,36.51,12.89,86.88,25,40,Warsaw,,52.2297,21.0122,100,
2024-04-30T08:00:00+00:00,32.61,43.43,13.66,82.49,25,40,Warsaw,,52.2297,21.0122,100,
2024-04-30T09:00:00+00:00,30.57,42.24,12.98,76.41,25,40,Warsaw,,52.2297,21.0122,100,
2024-04-30T10:00:00+00:00,29.48,40.32,12.72,77.2,25,40,Warsaw,,52.2297,21.0122,100,
2024-04-30T11:00:00+00:00,32.48,46.08,10.14,77.12,25,40,Warsaw,,52.2297,21.0122,100,
2024-04-30T12:00:00+00:00,27.94,35.26,10.68,62.07,25,40,Warsaw,,52.2297,21.0122,100,
2024-04-30T13:00:00+00:00,29.82,42.21,8.06,71.58,25,40,Warsaw,,52.2297,21.0122,100,
2024-04-30T14:00:00+00:00,30.73,44.49,9.03,60.15,25,40,Warsaw,,52.2297,21.0122,100,
2024-04-30T15:00:00+00:00,26.11,37.42,8.06,60.88,25,40,Warsaw,,52.2297,21.0122,100,
2024-04-30T16:00:00+00:00,30.08,40.56,7.82,66.3,25,40,Warsaw,,52.2297,21.0122,100,
2024-04-30T17:00:00+00:00,27.7,34.33,7.27,62.23,25,40,Warsaw,,52.2297,21.0122,100,
2024-04-30T18:00:00+00:00,28.98,35.58,5.7,64.26,25,40,Warsaw,,52.2297,21.0122,100,
2024-04-30T19:00:00+00:00,32.2,46.87,6.31,52.8,25,40,Warsaw,,52.2297,21.0122,100,
2024-04-30T20:00:00+00:00,24.96,35.66,7.32,62.15,25,40,Warsaw,,52.2297,21.0122,100,
2024-04-30T21:00:00+00:00,26.8,39.91,8.16,66.66,25,40,Warsaw,,52.2297,21.0122,100,
2024-04-30T22:00:00+00:00,27.55,39.58,9.39,61.99,25,40,Warsaw,,52.2297,21.0122,100,
2024-04-30T23:00:00+00:00,29.62,39.72,7.57,70.92,25,40,Warsaw,,52.2297,21.0122,100,
2024-05-01T00:00:00+00:00,33.36,44.53,15.05,72.88,25,40,Warsaw,,52.2297,21.0122,100,
2024-05-01T01:00:00+00:00,26.61,33.1,18.06,75.23,25,40,Warsaw,,52.2297,21.0122,100,
2024-05-01T02:00:00+00:00,31.11,44.92,17.23,73.56,25,40,Warsaw,,52.2297,21.0122,100,
2024-05-01T03:00:00+00:00,27.47,35.26,19.85,83.07,25,40,Warsaw,,52.2297,21.0122,100,
2024-05-01T04:00:00+00:00,31.43,46.42,20.24,79.33,25,40,Warsaw,,52.2297,21.0122,100,
2024-05-01T05:00:00+00:00,28.9,38.76,20.44,74.32,25,40,Warsaw,,52.2297,21.0122,100,
2024-05-01T06:00:00+00:00,32.88,45.91,20.26,81.3,25,40,Warsaw,,52.2297,21.0122,100,
2024-05-01T07:00:00+00:00,31.48,43.06,19.09,85.03,25,40,Warsaw,,52.2297,21.0122,100,
2024-05-01T08:00:00+00:00,29.99,39.09,18.26,72.24,25,40,Warsaw,,52.2297,21.0122,100,
2024-05-01T09:00:00+00:00,32.41,46.07,18.84,83.32,25,40,Warsaw,,52.2297,21.0122,100,
2024-05-01T10:00:00+00:00,29.22,39.65,17.86,80.04,25,40,Warsaw,,52.2297,21.0122,100,
2024-05-01T11:00:00+00:00,33.79,42.49,15.83,77.22,25,40,Warsaw,,52.2297,21.0122,100,
2024-05-01T12:00:00+00:00,31.52,40.03,14.55,64.82,25,40,Warsaw,,52.2297,21.0122,100,
2024-05-01T13:00:00+00:00,30.64,38.21,16.21,71.1,25,40,Warsaw,,52.2297,21.0122,100,
2024-05-01T14:00:00+00:00,28.53,35.83,14.5,59.83,25,40,Warsaw,,52.2297,21.0122,100,
2024-05-01T15:00:00+00:00,28.69,37.9,13.47,62.69,25,40,Warsaw,,52.2297,21.0122,100,
2024-05-01T16:00:00+00:00,28.43,35.69,11.4,63.68,25,40,Warsaw,,52.2297,21.0122,100,
2024-05-01T17:00:00+00:00,25.45,31.01,12.15,52.86,25,40,Warsaw,,52.2297,21.0122,100,
2024-05-01T18:00:00+00:00,23.68,32.45,12.13,54.31,25,40,Warsaw,,52.2297,21.0122,100,
2024-05-01T19:00:00+00:00,32.4,44.21,12.26,61.02,25,40,Warsaw,,52.2297,21.0122,100,
2024-05-01T20:00:00+00:00,27.53,39.53,11.36,53.6,25,40,Warsaw,,52.2297,21.0122,100,
2024-05-01T21:00:00+00:00,30.59,43.96,14.64,55.95,25,40,Warsaw,,52.2297,21.0122,100,
2024-05-01T22:00:00+00:00,25.1,32.09,12.63,59.63,25,40,Warsaw,,52.2297,21.0122,100,
2024-05-01T23:00:00+00:00,31.61,41.8,14.41,73.36,25,40,Warsaw,,52.2297,21.0122,100,
2024-05-02T00:00:00+00:00,29.99,43.29,14.81,70.97,25,40,Warsaw,,52.2297,21.0122,100,
2024-05-02T01:00:00+00:00,32.39,47.57,15.97,69.92,25,40,Warsaw,,52.2297,21.0122,100,
2024-05-02T02:00:00+00:00,29.49,40.46,17.4,67.44,25,40,Warsaw,,52.2297,21.0122,100,
2024-05-02T03:00:00+00:00,28.02,34.66,20.1,83.0,25,40,Warsaw,,52.2297,21.0122,100,
2024-05-02T04:00:00+00:00,33.96,41.95,19.43,79.33,25,40,Warsaw,,52.2297,21.0122,100,
2024-05-02T05:00:00+00:00,29.58,36.61,20.23,74.65,25,40,Warsaw,,52.2297,21.0122,100,
2024-05-02T06:00:00+00:00,31.37,41.31,20.4,78.52,25,40,Warsaw,,52.2297,21.0122,100,
2024-05-02T07:00:00+00:00,29.14,36.7,18.58,73.82,25,40,Warsaw,,52.2297,21.0122,100,
2024-05-02T08:00:00+00:00,25.19,31.82,20.7,77.22,25,40,Warsaw,,52.2297,21.0122,100,
2024-05-02T09:00:00+00:00,33.72,49.34,18.99,81.41,25,40,Warsaw,,52.2297,21.0122,100,
2024-05-02T10:00:00+00:00,29.71,39.28,19.02,71.16,25,40,Warsaw,,52.2297,21.0122,100,
2024-05-02T11:00:00+00:00,28.04,34.55,15.88,74.53,25,40,Warsaw,,52.2297,21.0122,100,
2024-05-02T12:00:00+00:00,29.09,36.71,15.64,70.8,25,40,Warsaw,,52.2297,21.0122,100,
2024-05-02T13:00:00+00:00,27.82,41.12,13.78,64.28,25,40,Warsaw,,52.2297,21.0122,100,
2024-05-02T14:00:00+00:00,30.13,43.53,14.55,58.05,25,40,Warsaw,,52.2297,21.0122,100,
2024-05-02T15:00:00+00:00,29.09,37.01,13.69,57.85,25,40,Warsaw,,52.2297,21.0122,100,
2024-05-02T16:00:00+00:00,25.69,33.68,11.38,67.16,25,40,Warsaw,,52.2297,21.0122,100,
2024-05-02T17:00:00+00:00,27.33,38.23,12.59,56.67,25,40,Warsaw,,52.2297,21.0122,100,
2024-05-02T18:00:00+00:00,32.22,44.2,13.0,65.28,25,40,Warsaw,,52.2297,21.0122,100,
2024-05-02T19:00:00+00:00,30.99,45.82,12.29,58.97,25,40,Warsaw,,52.2297,21.0122,100,
2024-05-02T20:00:00+00:00,31.94,43.25,11.26,61.7,25,40,Warsaw,,52.2297,21.0122,100,
2024-05-02T21:00:00+00:00,24.7,34.73,13.83,66.24,25,40,Warsaw,,52.2297,21.0122,100,
2024-05-02T22:00:00+00:00,29.47,36.41,12.58,61.77,25,40,Warsaw,,52.2297,21.0122,100,
2024-05-02T23:00:00+00:00,31.85,43.3,14.93,71.23,25,40,Warsaw,,52.2297,21.0122,100,
2024-05-03T00:00:00+00:00,30.63,42.78,16.39,74.13,25,40,Warsaw,,52.2297,21.0122,100,
2024-05-03T01:00:00+00:00,32.54,42.06,18.08,68.35,25,40,Warsaw,,52.2297,21.0122,100,
2024-05-03T02:00:00+00:00,25.5,36.57,18.49,75.21,25,40,Warsaw,,52.2297,21.0122,100,
2024-05-03T03:00:00+00:00,28.99,38.84,17.8,81.43,25,40,Warsaw,,52.2297,21.0122,100,
2024-05-03T04:00:00+00:00,33.3,41.78,19.86,81.21,25,40,Warsaw,,52.2297,21.0122,100,
2024-05-03T05:00:00+00:00,25.65,31.59,19.49,76.97,25,40,Warsaw,,52.2297,21.0122,100,
2024-05-03T06:00:00+00:00,25.67,36.6,19.69,82.36,25,40,Warsaw,,52.2297,21.0122,100,
2024-05-03T07:00:00+00:00,29.23,39.81,19.87,72.08,25,40,Warsaw,,52.2297,21.0122,100,
2024-05-03T08:00:00+00:00,28.1,40.0,20.14,70.68,25,40,Warsaw,,52.2297,21.0122,100,
2024-05-03T09:00:00+00:00,28.69,36.96,17.48,82.55,25,40,Warsaw,,52.2297,21.0122,100,
2024-05-03T10:00:00+00:00,28.1,38.45,19.39,72.52,25,40,Warsaw,,52.2297,21.0122,100,
2024-05-03T11:00:00+00:00,29.37,42.36,17.72,72.92,25,40,Warsaw,,52.2297,21.0122,100,
2024-05-03T12:00:00+00:00,28.26,38.89,16.35,66.47,25,40,Warsaw,,52.2297,21.0122,100,
2024-05-03T13:00:00+00:00,26.92,35.03,15.69,61.33,25,40,Warsaw,,52.2297,21.0122,100,
2024-05-03T14:00:00+00:00,26.33,35.22,12.67,62.16,25,40,Warsaw,,52.2297,21.0122,100,
2024-05-03T15:00:00+00:00,31.06,45.23,12.57,55.79,25,40,Warsaw,,52.2297,21.0122,100,
2024-05-03T16:00:00+00:00,27.99,38.75,13.93,53.76,25,40,Warsaw,,52.2297,21.0122,100,
2024-05-03T17:00:00+00:00,24.64,31.0,12.45,59.91,25,40,Warsaw,,52.2297,21.0122,100,
2024-05-03T18:00:00+00:00,30.16,39.81,11.98,57.87,25,40,Warsaw,,52.2297,21.0122,100,
2024-05-03T19:00:00+00:00,30.98,44.55,13.59,58.53,25,40,Warsaw,,52.2297,21.0122,100,
2024-05-03T20:00:00+00:00,25.23,36.36,13.22,55.13,25,40,Warsaw,,52.2297,21.0122,100,
2024-05-03T21:00:00+00:00,31.01,44.13,13.99,59.45,25,40,Warsaw,,52.2297,21.0122,100,
2024-05-03T22:00:00+00:00,26.71,38.19,14.84,65.59,25,40,Warsaw,,52.2297,21.0122,100,
2024-05-03T23:00:00+00:00,25.69,34.05,14.84,63.25,25,40,Warsaw,,52.2297,21.0122,100,
2024-05-04T00:00:00+00:00,25.41,35.13,15.04,67.56,25,40,Warsaw,,52.2297,21.0122,100,
2024-05-04T01:00:00+00:00,29.68,40.29,16.4,75.07,25,40,Warsaw,,52.2297,21.0122,100,
2024-05-04T02:00:00+00:00,31.2,40.89,17.45,71.68,25,40,Warsaw,,52.2297,21.0122,100,
2024-05-04T03:00:00+00:00,31.68,44.24,17.78,75.97,25,40,Warsaw,,52.2297,21.0122,100,
2024-05-04T04:00:00+00:00,28.01,39.34,20.8,77.72,25,40,Warsaw,,52.2297,21.0122,100,
2024-05-04T05:00:00+00:00,32.29,43.58,18.65,74.1,25,40,Warsaw,,52.2297,21.0122,100,
2024-05-04T06:00:00+00:00,30.85,45.18,20.49,73.4,25,40,Warsaw,,52.2297,21.0122,100,
2024-05-04T07:00:00+00:00,28.26,41.88,20.4,86.91,25,40,Warsaw,,52.2297,21.0122,100,
2024-05-04T08:00:00+00:00,25.93,32.97,19.91,78.22,25,40,Warsaw,,52.2297,21.0122,100,
2024-05-04T09:00:00+00:00,31.63,46.15,18.71,74.78,25,40,Warsaw,,52.2297,21.0122,100,
2024-05-04T10:00:00+00:00,25.75,38.06,18.33,71.58,25,40,Warsaw,,52.2297,21.0122,100,
2024-05-04T11:00:00+00:00,28.81,36.85,18.01,73.8,25,40,Warsaw,,52.2297,21.0122,100,
2024-05-04T12:00:00+00:00,30.49,43.57,14.91,77.64,25,40,Warsaw,,52.2297,21.0122,100,
2024-05-04T13:00:00+00:00,30.9,43.3,15.27,60.27,25,40,Warsaw,,52.2297,21.0122,100,
2024-05-04T14:00:00+00:00,27.81,40.07,13.85,58.39,25,40,Warsaw,,52.2297,21.0122,100,
2024-05-04T15:00:00+00:00,29.92,41.65,12.82,70.37,25,40,Warsaw,,52.2297,21.0122,100,
2024-05-04T16:00:00+00:00,25.58,38.52,12.94,56.04,25,40,Warsaw,,52.2297,21.0122,100,
2024-05-04T17:00:00+00:00,27.27,37.19,12.3,65.09,25,40,Warsaw,,52.2297,21.0122,100,
2024-05-04T18:00:00+00:00,31.96,40.09,11.91,63.49,25,40,Warsaw,,52.2297,21.0122,100,
2024-05-04T19:00:00+00:00,29.96,39.76,11.4,61.92,25,40,Warsaw,,52.2297,21.0122,100,
2024-05-04T20:00:00+00:00,30.37,41.27,13.94,67.1,25,40,Warsaw,,52.2297,21.0122,100,
2024-05-04T21:00:00+00:00,27.65,34.15,13.45,64.16,25,40,Warsaw,,52.2297,21.0122,100,
2024-05-04T22:00:00+00:00,25.03,29.92,12.64,57.24,25,40,Warsaw,,52.2297,21.0122,100,
2024-05-04T23:00:00+00:00,30.15,44.28,16.03,71.69,25,40,Warsaw,,52.2297,21.0122,100,
2024-05-05T00:00:00+00:00,25.25,34.42,15.16,71.3,25,40,Warsaw,,52.2297,21.0122,100,
2024-05-05T01:00:00+00:00,33.1,43.86,18.48,72.8,25,40,Warsaw,,52.2297,21.0122,100,
2024-05-05T02:00:00+00:00,31.8,46.61,19.1,68.23,25,40,Warsaw,,52.2297,21.0122,100,
2024-05-05T03:00:00+00:00,25.13,31.9,18.4,71.21,25,40,Warsaw,,52.2297,21.0122,100,
2024-05-05T04:00:00+00:00,25.73,31.33,19.42,72.24,25,40,Warsaw,,52.2297,21.0122,100,
2024-05-05T05:00:00+00:00,26.4,36.92,20.69,85.95,25,40,Warsaw,,52.2297,21.0122,100,
2024-05-05T06:00:00+00:00,31.93,42.06,20.79,75.31,25,40,Warsaw,,52.2297,21.0122,100,
2024-05-05T07:00:00+00:00,26.53,38.25,19.13,76.42,25,40,Warsaw,,52.2297,21.0122,100,
2024-05-05T08:00:00+00:00,28.78,36.88,20.36,75.41,25,40,Warsaw,,52.2297,21.0122,100,
2024-05-05T09:00:00+00:00,32.66,43.31,20.1,75.45,25,40,Warsaw,,52.2297,21.0122,100,
2024-05-05T10:00:00+00:00,31.97,39.79,17.68,68.61,25,40,Warsaw,,52.2297,21.0122,100,
2024-05-05T11:00:00+00:00,28.42,37.46,15.81,70.03,25,40,Warsaw,,52.2297,21.0122,100,
2024-05-05T12:00:00+00:00,28.69,37.56,15.98,64.62,25,40,Warsaw,,52.2297,21.0122,100,
2024-05-05T13:00:00+00:00,31.48,41.23,14.54,64.07,25,40,Warsaw,,52.2297,21.0122,100,
2024-05-05T14:00:00+00:00,30.17,40.73,13.9,71.03,25,40,Warsaw,,52.2297,21.0122,100,
2024-05-05T15:00:00+00:00,27.64,34.23,14.01,62.66,25,40,Warsaw,,52.2297,21.0122,100,
2024-05-05T16:00:00+00:00,28.21,38.67,11.79,66.76,25,40,Warsaw,,52.2297,21.0122,100,
2024-05-05T17:00:00+00:00,30.71,42.52,11.2,66.02,25,40,Warsaw,,52.2297,21.0122,100,
2024-05-05T18:00:00+00:00,25.48,33.97,12.75,60.44,25,40,Warsaw,,52.2297,21.0122,100,
2024-05-05T19:00:00+00:00,23.9,34.55,13.25,57.5,25,40,Warsaw,,52.2297,21.0122,100,
2024-05-05T20:00:00+00:00,28.98,36.5,13.51,60.04,25,40,Warsaw,,52.2297,21.0122,100,
2024-05-05T21:00:00+00:00,29.82,37.31,11.88,66.32,25,40,Warsaw,,52.2297,21.0122,100,
2024-05-05T22:00:00+00:00,30.35,41.98,14.33,66.85,25,40,Warsaw,,52.2297,21.0122,100,
2024-05-05T23:00:00+00:00,26.64,38.81,14.6,73.36,25,40,Warsaw,,52.2297,21.0122,100,
2024-05-06T00:00:00+00:00,27.76,37.33,15.23,70.34,25,40,Warsaw,,52.2297,21.0122,100,
2024-05-06T01:00:00+00:00,27.35,33.25,16.9,71.22,25,40,Warsaw,,52.2297,21.0122,100,
2024-05-06T02:00:00+00:00,26.91,39.7,18.57,76.07,25,40,Warsaw,,52.2297,21.0122,100,
2024-05-06T03:00:00+00:00,30.63,43.53,17.81,84.51,25,40,Warsaw,,52.2297,21.0122,100,
2024-05-06T04:00:00+00:00,29.24,36.1,18.42,83.34,25,40,Warsaw,,52.2297,21.0122,100,
2024-05-06T05:00:00+00:00,26.61,38.39,18.49,84.33,25,40,Warsaw,,52.2297,21.0122,100,
2024-05-06T06:00:00+00:00,33.0,48.35,19.72,77.95,25,40,Warsaw,,52.2297,21.0122,100,
2024-05-06T07:00:00+00:00,28.81,41.47,21.13,75.62,25,40,Warsaw,,52.2297,21.0122,100,
2024-05-06T08:00:00+00:00,30.48,39.23,19.17,76.59,25,40,Warsaw,,52.2297,21.0122,100,
2024-05-06T09:00:00+00:00,32.91,42.89,17.57,72.24,25,40,Warsaw,,52.2297,21.0122,100,
2024-05-06T10:00:00+00:00,27.93,38.54,18.91,68.04,25,40,Warsaw,,52.2297,21.0122,100,
2024-05-06T11:00:00+00:00,25.6,35.49,17.25,79.05,25,40,Warsaw,,52.2297,21.0122,100,
2024-05-06T12:00:00+00:00,28.87,42.59,15.0,64.86,25,40,Warsaw,,52.2297,21.0122,100,
2024-05-06T13:00:00+00:00,28.6,40.91,15.37,67.87,25,40,Warsaw,,52.2297,21.0122,100,
2024-05-06T14:00:00+00:00,29.18,38.75,13.97,57.51,25,40,Warsaw,,52.2297,21.0122,100,
2024-05-06T15:00:00+00:00,25.49,30.51,12.89,69.34,25,40,Warsaw,,52.2297,21.0122,100,
2024-05-06T16:00:00+00:00,26.52,39.55,13.72,62.97,25,40,Warsaw,,52.2297,21.0122,100,
2024-05-06T17:00:00+00:00,28.94,36.18,10.94,56.77,25,40,Warsaw,,52.2297,21.0122,100,
2024-05-06T18:00:00+00:00,25.89,32.03,12.66,57.67,25,40,Warsaw,,52.2297,21.0122,100,
2024-05-06T19:00:00+00:00,24.92,33.29,11.46,61.6,25,40,Warsaw,,52.2297,21.0122,100,
2024-05-06T20:00:00+00:00,29.1,35.29,11.68,53.59,25,40,Warsaw,,52.2297,21.0122,100,
2024-05-06T21:00:00+00:00,28.72,39.08,11.97,66.99,25,40,Warsaw,,52.2297,21.0122,100,
2024-05-06T22:00:00+00:00,25.88,33.65,13.45,66.85,25,40,Warsaw,,52.2297,21.0122,100,
2024-05-06T23:00:00+00:00,32.63,44.88,15.33,75.39,25,40,Warsaw,,52.2297,21.0122,100,
2024-05-07T00:00:00+00:00,24.88,37.19,16.18,63.93,25,40,Warsaw,,52.2297,21.0122,100,
2024-05-07T01:00:00+00:00,24.87,33.53,18.29,69.77,25,40,Warsaw,,52.2297,21.0122,100,
2024-05-07T02:00:00+00:00,29.38,36.97,17.82,67.21,25,40,Warsaw,,52.2297,21.0122,100,
2024-05-07T03:00:00+00:00,30.84,43.29,20.12,76.89,25,40,Warsaw,,52.2297,21.0122,100,
2024-05-07T04:00:00+00:00,27.04,36.63,19.75,78.61,25,40,Warsaw,,52.2297,21.0122,100,
2024-05-07T05:00:00+00:00,27.88,36.64,19.14,81.7,25,40,Warsaw,,52.2297,21.0122,100,
2024-05-07T06:00:00+00:00,29.34,41.28,19.32,74.88,25,40,Warsaw,,52.2297,21.0122,100,
2024-05-07T07:00:00+00:00,29.87,42.3,18.62,72.99,25,40,Warsaw,,52.2297,21.0122,100,
2024-05-07T08:00:00+00:00,28.2,36.6,19.1,73.44,25,40,Warsaw,,52.2297,21.0122,100,
2024-05-07T09:00:00+00:00,33.61,49.32,20.23,83.78,25,40,Warsaw,,52.2297,21.0122,100,
2024-05-07T10:00:00+00:00,27.75,35.1,16.66,82.99,25,40,Warsaw,,52.2297,21.0122,100,
2024-05-07T11:00:00+00:00,31.55,38.99,16.15,69.7,25,40,Warsaw,,52.2297,21.0122,100,
2024-05-07T12:00:00+00:00,31.97,46.59,17.12,70.05,25,40,Warsaw,,52.2297,21.0122,100,
2024-05-07T13:00:00+00:00,24.94,32.94,15.62,63.28,25,40,Warsaw,,52.2297,21.0122,100,
2024-05-07T14:00:00+00:00,30.55,43.05,15.21,69.36,25,40,Warsaw,,52.2297,21.0122,100,
2024-05-07T15:00:00+00:00,30.53,43.37,11.91,54.98,25,40,Warsaw,,52.2297,21.0122,100,
2024-05-07T16:00:00+00:00,29.3,39.09,14.03,66.64,25,40,Warsaw,,52.2297,21.0122,100,
2024-05-07T17:00:00+00:00,32.61,44.69,11.75,64.08,25,40,Warsaw,,52.2297,21.0122,100,
2024-05-07T18:00:00+00:00,24.58,35.81,13.03,52.27,25,40,Warsaw,,52.2297,21.0122,100,
2024-05-07T19:00:00+00:00,29.21,42.56,11.29,59.97,25,40,Warsaw,,52.2297,21.0122,100,
2024-05-07T20:00:00+00:00,29.74,40.1,13.92,64.08,25,40,Warsaw,,52.2297,21.0122,100,
2024-05-07T21:00:00+00:00,30.74,44.53,13.4,68.37,25,40,Warsaw,,52.2297,21.0122,100,
2024-05-07T22:00:00+00:00,32.25,42.93,13.64,59.75,25,40,Warsaw,,52.2297,21.0122,100,
2024-05-07T23:00:00+00:00,25.43,35.98,13.74,65.62,25,40,Warsaw,,52.2297,21.0122,100,
2024-05-08T00:00:00+00:00,26.99,38.41,15.61,68.3,25,40,Warsaw,,52.2297,21.0122,100,
2024-05-08T01:00:00+00:00,29.51,40.44,15.86,78.44,25,40,Warsaw,,52.2297,21.0122,100,
2024-05-08T02:00:00+00:00,27.14,36.13,18.19,67.63,25,40,Warsaw,,52.2297,21.0122,100,
2024-05-08T03:00:00+00:00,25.67,34.12,19.32,69.35,25,40,Warsaw,,52.2297,21.0122,100,
2024-05-08T04:00:00+00:00,27.36,38.38,19.13,84.1,25,40,Warsaw,,52.2297,21.0122,100,
2024-05-08T05:00:00+00:00,27.6,37.78,18.88,82.42,25,40,Warsaw,,52.2297,21.0122,100,
2024-05-08T06:00:00+00:00,30.99,44.29,18.56,79.34,25,40,Warsaw,,52.2297,21.0122,100,
2024-05-08T07:00:00+00:00,31.6,44.37,19.74,86.05,25,40,Warsaw,,52.2297,21.0122,100,
2024-05-08T08:00:00+00:00,30.42,39.15,20.37,75.27,25,40,Warsaw,,52.2297,21.0122,100,
2024-05-08T09:00:00+00:00,33.77,44.09,17.58,82.37,25,40,Warsaw,,52.2297,21.0122,100,
2024-05-08T10:00:00+00:00,32.86,42.96,18.02,78.68,25,40,Warsaw,,52.2297,21.0122,100,
2024-05-08T11:00:00+00:00,33.05,41.62,17.37,78.01,25,40,Warsaw,,52.2297,21.0122,100,
2024-05-08T12:00:00+00:00,27.93,36.57,14.89,76.91,25,40,Warsaw,,52.2297,21.0122,100,
2024-05-08T13:00:00+00:00,24.79,31.88,15.18,61.77,25,40,Warsaw,,52.2297,21.0122,100,
2024-05-08T14:00:00+00:00,29.64,39.24,14.53,67.37,25,40,Warsaw,,52.2297,21.0122,100,
2024-05-08T15:00:00+00:00,26.48,33.49,13.46,57.2,25,40,Warsaw,,52.2297,21.0122,100,
2024-05-08T16:00:00+00:00,26.89,32.9,11.72,61.25,25,40,Warsaw,,52.2297,21.0122,100,
2024-05-08T17:00:00+00:00,28.75,39.46,12.44,52.65,25,40,Warsaw,,52.2297,21.0122,100,
2024-05-08T18:00:00+00:00,28.54,35.59,13.04,63.91,25,40,Warsaw,,52.2297,21.0122,100,
2024-05-08T19:00:00+00:00,28.08,34.39,10.87,58.99,25,40,Warsaw,,52.2297,21.0122,100,
2024-05-08T20:00:00+00:00,25.62,33.41,12.53,58.28,25,40,Warsaw,,52.2297,21.0122,100,
2024-05-08T21:00:00+00:00,29.34,39.9,13.81,60.67,25,40,Warsaw,,52.2297,21.0122,100,
2024-05-08T22:00:00+00:00,26.74,32.63,14.7,64.94,25,40,Warsaw,,52.2297,21.0122,100,
2024-05-08T23:00:00+00:00,30.8,38.77,16.11,59.48,25,40,Warsaw,,52.2297,21.0122,100,
2024-05-09T00:00:00+00:00,31.71,39.3,14.66,74.39,25,40,Warsaw,,52.2297,21.0122,100,
2024-05-09T01:00:00+00:00,29.89,42.19,18.33,68.97,25,40,Warsaw,,52.2297,21.0122,100,
2024-05-09T02:00:00+00:00,25.4,38.19,18.83,71.04,25,40,Warsaw,,52.2297,21.0122,100,
2024-05-09T03:00:00+00:00,26.65,37.6,17.65,78.78,25,40,Warsaw,,52.2297,21.0122,100,
2024-05-09T04:00:00+00:00,27.79,36.98,18.65,83.85,25,40,Warsaw,,52.2297,21.0122,100,
2024-05-09T05:00:00+00:00,31.8,45.46,18.91,79.16,25,40,Warsaw,,52.2297,21.0122,100,
2024-05-09T06:00:00+00:00,26.76,32.13,20.63,73.34,25,40,Warsaw,,52.2297,21.0122,100,
2024-05-09T07:00:00+00:00,26.61,38.03,20.03,85.9,25,40,Warsaw,,52.2297,21.0122,100,
2024-05-09T08:00:00+00:00,26.12,33.81,19.64,72.06,25,40,Warsaw,,52.2297,21.0122,100,
2024-05-09T09:00:00+00:00,27.73,40.84,20.27,77.78,25,40,Warsaw,,52.2297,21.0122,100,
2024-05-09T10:00:00+00:00,25.02,33.23,18.82,73.35,25,40,Warsaw,,52.2297,21.0122,100,
2024-05-09T11:00:00+00:00,31.69,44.17,17.1,69.94,25,40,Warsaw,,52.2297,21.0122,100,
2024-05-09T12:00:00+00:00,25.35,33.41,15.72,70.14,25,40,Warsaw,,52.2297,21.0122,100,
2024-05-09T13:00:00+00:00,25.03,31.35,15.7,66.91,25,40,Warsaw,,52.2297,21.0122,100,
2024-05-09T14:00:00+00:00,31.43,39.88,13.67,63.12,25,40,Warsaw,,52.2297,21.0122,100,
2024-05-09T15:00:00+00:00,23.6,28.64,11.83,56.29,25,40,Warsaw,,52.2297,21.0122,100,
2024-05-09T16:00:00+00:00,27.52,40.88,13.92,65.74,25,40,Warsaw,,52.2297,21.0122,100,
2024-05-09T17:00:00+00:00,29.39,42.6,13.15,55.39,25,40,Warsaw,,52.2297,21.0122,100,
2024-05-09T18:00:00+00:00,24.74,36.57,10.68,59.11,25,40,Warsaw,,52.2297,21.0122,100,
2024-05-09T19:00:00+00:00,23.98,32.26,11.35,59.91,25,40,Warsaw,,52.2297,21.0122,100,
2024-05-09T20:00:00+00:00,30.16,41.84,11.82,55.68,25,40,Warsaw,,52.2297,21.0122,100,
2024-05-09T21:00:00+00:00,32.72,42.34,14.58,65.43,25,40,Warsaw,,52.2297,21.0122,100,
2024-05-09T22:00:00+00:00,25.67,38.57,15.12,67.62,25,40,Warsaw,,52.2297,21.0122,100,
2024-05-09T23:00:00+00:00,26.61,36.02,16.15,71.81,25,40,Warsaw,,52.2297,21.0122,100,
2024-05-10T00:00:00+00:00,25.47,33.09,16.1,67.98,25,40,Warsaw,,52.2297,21.0122,100,
2024-05-10T01:00:00+00:00,29.41,40.14,16.52,78.74,25,40,Warsaw,,52.2297,21.0122,100,
2024-05-10T02:00:00+00:00,28.55,38.02,18.55,72.27,25,40,Warsaw,,52.2297,21.0122,100,
2024-05-10T03:00:00+00:00,33.68,42.92,18.04,81.02,25,40,Warsaw,,52.2297,21.0122,100,
2024-05-10T04:00:00+00:00,26.97,34.22,20.9,86.18,25,40,Warsaw,,52.2297,21.0122,100,
2024-05-10T05:00:00+00:00,30.47,39.09,18.5,74.33,25,40,Warsaw,,52.2297,21.0122,100,
2024-05-10T06:00:00+00:00,32.78,41.52,21.37,84.12,25,40,Warsaw,,52.2297,21.0122,100,
2024-05-10T07:00:00+00:00,26.84,36.31,19.4,85.09,25,40,Warsaw,,52.2297,21.0122,100,
2024-05-10T08:00:00+00:00,28.25,40.07,20.9,73.83,25,40,Warsaw,,52.2297,21.0122,100,
2024-05-10T09:00:00+00:00,28.73,39.1,19.1,76.47,25,40,Warsaw,,52.2297,21.0122,100,
2024-05-10T10:00:00+00:00,27.5,33.82,18.43,82.77,25,40,Warsaw,,52.2297,21.0122,100,
2024-05-10T11:00:00+00:00,28.35,35.6,18.04,76.29,25,40,Warsaw,,52.2297,21.0122,100,
2024-05-10T12:00:00+00:00,29.09,43.25,17.06,75.7,25,40,Warsaw,,52.2297,21.0122,100,
2024-05-10T13:00:00+00:00,30.9,40.36,14.36,65.5,25,40,Warsaw,,52.2297,21.0122,100,
2024-05-10T14:00:00+00:00,27.51,36.81,13.52,69.52,25,40,Warsaw,,52.2297,21.0122,100,
2024-05-10T15:00:00+00:00,30.67,38.37,13.31,70.62,25,40,Warsaw,,52.2297,21.0122,100,
2024-05-10T16:00:00+00:00,33.16,41.77,12.26,67.96,25,40,Warsaw,,52.2297,21.0122,100,
2024-05-10T17:00:00+00:00,29.95,43.8,12.0,55.71,25,40,Warsaw,,52.2297,21.0122,100,
2024-05-10T18:00:00+00:00,30.33,42.11,10.73,65.59,25,40,Warsaw,,52.2297,21.0122,100,
2024-05-10T19:00:00+00:00,26.93,34.26,13.11,57.72,25,40,Warsaw,,52.2297,21.0122,100,
2024-05-10T20:00:00+00:00,30.82,38.53,12.97,64.15,25,40,Warsaw,,52.2297,21.0122,100,
2024-05-10T21:00:00+00:00,29.68,39.28,13.48,56.26,25,40,Warsaw,,52.2297,21.0122,100,
2024-05-10T22:00:00+00:00,28.58,42.48,14.12,61.76,25,40,Warsaw,,52.2297,21.0122,100,
2024-05-10T23:00:00+00:00,26.08,32.86,13.89,62.37,25,40,Warsaw,,52.2297,21.0122,100,
2024-05-11T00:00:00+00:00,31.79,40.53,15.48,72.05,25,40,Warsaw,,52.2297,21.0122,100,
2024-05-11T01:00:00+00:00,28.02,34.91,16.51,78.4,25,40,Warsaw,,52.2297,21.0122,100,
2024-05-11T02:00:00+00:00,29.39,36.2,18.58,70.11,25,40,Warsaw,,52.2297,21.0122,100,
2024-05-11T03:00:00+00:00,32.99,41.27,17.34,83.41,25,40,Warsaw,,52.2297,21.0122,100,
2024-05-11T04:00:00+00:00,26.58,37.71,20.23,84.38,25,40,Warsaw,,52.2297,21.0122,100,
2024-05-11T05:00:00+00:00,31.84,44.36,20.08,73.23,25,40,Warsaw,,52.2297,21.0122,100,
2024-05-11T06:00:00+00:00,26.94,33.49,19.96,80.78,25,40,Warsaw,,52.2297,21.0122,100,
2024-05-11T07:00:00+00:00,34.64,47.71,18.88,86.41,25,40,Warsaw,,52.2297,21.0122,100,
2024-05-11T08:00:00+00:00,28.75,41.15,18.66,83.52,25,40,Warsaw,,52.2297,21.0122,100,
2024-05-11T09:00:00+00:00,33.33,48.55,19.44,79.74,25,40,Warsaw,,52.2297,21.0122,100,
2024-05-11T10:00:00+00:00,28.84,39.84,17.01,79.85,25,40,Warsaw,,52.2297,21.0122,100,
2024-05-11T11:00:00+00:00,33.83,46.62,17.2,75.79,25,40,Warsaw,,52.2297,21.0122,100,
2024-05-11T12:00:00+00:00,29.79,42.68,15.27,74.6,25,40,Warsaw,,52.2297,21.0122,100,
2024-05-11T13:00:00+00:00,31.36,42.94,14.23,73.47,25,40,Warsaw,,52.2297,21.0122,100,
2024-05-11T14:00:00+00:00,31.26,41.88,15.18,62.52,25,40,Warsaw,,52.2297,21.0122,100,
2024-05-11T15:00:00+00:00,24.43,36.34,12.55,60.96,25,40,Warsaw,,52.2297,21.0122,100,
2024-05-11T16:00:00+00:00,29.82,38.3,11.09,56.17,25,40,Warsaw,,52.2297,21.0122,100,
2024-05-11T17:00:00+00:00,30.83,41.12,11.76,61.45,25,40,Warsaw,,52.2297,21.0122,100,
2024-05-11T18:00:00+00:00,28.12,40.48,10.57,66.49,25,40,Warsaw,,52.2297,21.0122,100,
2024-05-11T19:00:00+00:00,32.36,39.78,11.45,61.62,25,40,Warsaw,,52.2297,21.0122,100,
2024-05-11T20:00:00+00:00,26.22,33.46,13.54,60.79,25,40,Warsaw,,52.2297,21.0122,100,
2024-05-11T21:00:00+00:00,25.06,31.29,14.54,63.73,25,40,Warsaw,,52.2297,21.0122,100,
2024-05-11T22:00:00+00:00,26.96,37.24,14.42,60.26,25,40,Warsaw,,52.2297,21.0122,100,
2024-05-11T23:00:00+00:00,30.56,39.18,13.77,65.48,25,40,Warsaw,,52.2297,21.0122,100,
2024-05-12T00:00:00+00:00,32.15,40.48,15.47,76.37,25,40,Warsaw,,52.2297,21.0122,100,
2024-05-12T01:00:00+00:00,27.77,40.54,18.12,73.93,25,40,Warsaw,,52.2297,21.0122,100,
2024-05-12T02:00:00+00:00,31.47,42.56,18.95,76.18,25,40,Warsaw,,52.2297,21.0122,100,
2024-05-12T03:00:00+00:00,30.12,43.55,17.4,79.02,25,40,Warsaw,,52.2297,21.0122,100,
2024-05-12T04:00:00+00:00,29.71,36.94,18.49,76.67,25,40,Warsaw,,52.2297,21.0122,100,
2024-05-12T05:00:00+00:00,29.22,36.57,20.84,86.12,25,40,Warsaw,,52.2297,21.0122,100,
2024-05-12T06:00:00+00:00,32.68,42.17,20.95,79.24,25,40,Warsaw,,52.2297,21.0122,100,
2024-05-12T07:00:00+00:00,27.14,32.67,20.33,81.91,25,40,Warsaw,,52.2297,21.0122,100,
2024-05-12T08:00:00+00:00,28.81,41.21,19.8,81.83,25,40,Warsaw,,52.2297,21.0122,100,
2024-05-12T09:00:00+00:00,26.62,37.77,18.4,81.24,25,40,Warsaw,,52.2297,21.0122,100,
2024-05-12T10:00:00+00:00,26.72,33.95,17.61,73.02,25,40,Warsaw,,52.2297,21.0122,100,
2024-05-12T11:00:00+00:00,32.6,45.79,16.54,75.26,25,40,Warsaw,,52.2297,21.0122,100,
2024-05-12T12:00:00+00:00,27.94,34.75,14.62,64.56,25,40,Warsaw,,52.2297,21.0122,100,
2024-05-12T13:00:00+00:00,31.07,40.04,15.09,68.49,25,40,Warsaw,,52.2297,21.0122,100,
2024-05-12T14:00:00+00:00,30.26,40.16,14.39,71.03,25,40,Warsaw,,52.2297,21.0122,100,
2024-05-12T15:00:00+00:00,32.99,44.14,12.43,63.94,25,40,Warsaw,,52.2297,21.0122,100,
2024-05-12T16:00:00+00:00,31.63,44.68,12.7,61.27,25,40,Warsaw,,52.2297,21.0122,100,
2024-05-12T17:00:00+00:00,27.43,37.59,11.32,58.7,25,40,Warsaw,,52.2297,21.0122,100,
2024-05-12T18:00:00+00:00,24.36,34.89,12.95,61.55,25,40,Warsaw,,52.2297,21.0122,100,
2024-05-12T19:00:00+00:00,33.65,42.03,12.06,68.1,25,40,Warsaw,,52.2297,21.0122,100,
2024-05-12T20:00:00+00:00,28.63,38.14,12.61,68.31,25,40,Warsaw,,52.2297,21.0122,100,
2024-05-12T21:00:00+00:00,26.22,36.48,13.33,56.8,25,40,Warsaw,,52.2297,21.0122,100,
2024-05-12T22:00:00+00:00,32.44,43.76,13.61,66.61,25,40,Warsaw,,52.2297,21.0122,100,
2024-05-12T23:00:00+00:00,32.01,43.39,14.43,71.11,25,40,Warsaw,,52.2297,21.0122,100,
2024-05-13T00:00:00+00:00,24.85,31.39,16.38,66.64,25,40,Warsaw,,52.2297,21.0122,100,
2024-05-13T01:00:00+00:00,29.1,38.02,17.27,70.21,25,40,Warsaw,,52.2297,21.0122,100,
2024-05-13T02:00:00+00:00,31.07,43.51,19.47,78.3,25,40,Warsaw,,52.2297,21.0122,100,
2024-05-13T03:00:00+00:00,31.48,43.26,19.61,78.51,25,40,Warsaw,,52.2297,21.0122,100,
2024-05-13T04:00:00+00:00,32.51,42.23,19.87,74.94,25,40,Warsaw,,52.2297,21.0122,100,
2024-05-13T05:00:00+00:00,29.98,41.7,18.56,75.62,25,40,Warsaw,,52.2297,21.0122,100,
2024-05-13T06:00:00+00:00,28.26,36.22,19.03,85.53,25,40,Warsaw,,52.2297,21.0122,100,
2024-05-13T07:00:00+00:00,32.36,46.54,20.62,86.7,25,40,Warsaw,,52.2297,21.0122,100,
2024-05-13T08:00:00+00:00,32.46,42.66,20.12,72.53,25,40,Warsaw,,52.2297,21.0122,100,
2024-05-13T09:00:00+00:00,33.6,49.15,19.72,80.16,25,40,Warsaw,,52.2297,21.0122,100,
2024-05-13T10:00:00+00:00,27.83,38.62,18.91,71.36,25,40,Warsaw,,52.2297,21.0122,100,
2024-05-13T11:00:00+00:00,33.69,41.53,15.62,73.46,25,40,Warsaw,,52.2297,21.0122,100,
2024-05-13T12:00:00+00:00,25.04,31.11,15.61,63.54,25,40,Warsaw,,52.2297,21.0122,100,
2024-05-13T13:00:00+00:00,29.02,40.53,15.57,75.0,25,40,Warsaw,,52.2297,21.0122,100,
2024-05-13T14:00:00+00:00,26.25,32.15,13.12,65.0,25,40,Warsaw,,52.2297,21.0122,100,
2024-05-13T15:00:00+00:00,32.28,42.28,12.86,68.2,25,40,Warsaw,,52.2297,21.0122,100,
2024-05-13T16:00:00+00:00,27.43,34.34,11.11,68.35,25,40,Warsaw,,52.2297,21.0122,100,
2024-05-13T17:00:00+00:00,26.96,33.7,12.82,59.26,25,40,Warsaw,,52.2297,21.0122,100,
2024-05-13T18:00:00+00:00,24.8,31.88,10.98,55.58,25,40,Warsaw,,52.2297,21.0122,100,
2024-05-13T19:00:00+00:00,27.95,40.31,13.23,54.3,25,40,Warsaw,,52.2297,21.0122,100,
2024-05-13T20:00:00+00:00,25.89,34.7,13.74,61.3,25,40,Warsaw,,52.2297,21.0122,100,
2024-05-13T21:00:00+00:00,29.65,41.36,13.19,55.27,25,40,Warsaw,,52.2297,21.0122,100,
2024-05-13T22:00:00+00:00,26.7,32.46,14.97,69.12,25,40,Warsaw,,52.2297,21.0122,100,
2024-05-13T23:00:00+00:00,27.97,39.4,14.59,68.1,25,40,Warsaw,,52.2297,21.0122,100,
2024-05-14T00:00:00+00:00,32.37,40.05,16.03,74.4,25,40,Warsaw,,52.2297,21.0122,100,
2024-05-14T01:00:00+00:00,33.17,44.3,18.35,77.36,25,40,Warsaw,,52.2297,21.0122,100,
2024-05-14T02:00:00+00:00,25.38,34.84,16.87,70.25,25,40,Warsaw,,52.2297,21.0122,100,
2024-05-14T03:00:00+00:00,26.91,38.63,20.25,69.09,25,40,Warsaw,,52.2297,21.0122,100,
2024-05-14T04:00:00+00:00,28.93,38.63,20.85,80.84,25,40,Warsaw,,52.2297,21.0122,100,
2024-05-14T05:00:00+00:00,28.61,36.94,19.35,83.86,25,40,Warsaw,,52.2297,21.0122,100,
2024-05-14T06:00:00+00:00,25.35,30.29,19.05,77.83,25,40,Warsaw,,52.2297,21.0122,100,
2024-05-14T07:00:00+00:00,28.92,43.02,20.55,76.14,25,40,Warsaw,,52.2297,21.0122,100,
2024-05-14T08:00:00+00:00,30.81,42.23,19.54,71.67,25,40,Warsaw,,52.2297,21.0122,100,
2024-05-14T09:00:00+00:00,27.24,34.05,19.3,84.75,25,40,Warsaw,,52.2297,21.0122,100,
2024-05-14T10:00:00+00:00,30.78,42.75,17.29,74.03,25,40,Warsaw,,52.2297,21.0122,100,
2024-05-14T11:00:00+00:00,30.06,43.09,15.94,76.97,25,40,Warsaw,,52.2297,21.0122,100,
2024-05-14T12:00:00+00:00,26.2,35.86,17.07,69.63,25,40,Warsaw,,52.2297,21.0122,100,
2024-05-14T13:00:00+00:00,32.56,41.41,13.98,74.68,25,40,Warsaw,,52.2297,21.0122,100,
2024-05-14T14:00:00+00:00,32.52,42.79,12.96,67.36,25,40,Warsaw,,52.2297,21.0122,100,
2024-05-14T15:00:00+00:00,25.56,32.4,13.42,60.53,25,40,Warsaw,,52.2297,21.0122,100,
2024-05-14T16:00:00+00:00,29.88,38.83,11.53,58.49,25,40,Warsaw,,52.2297,21.0122,100,
2024-05-14T17:00:00+00:00,32.18,41.55,12.46,63.04,25,40,Warsaw,,52.2297,21.0122,100,
2024-05-14T18:00:00+00:00,26.75,38.91,11.85,54.77,25,40,Warsaw,,52.2297,21.0122,100,
2024-05-14T19:00:00+00:00,29.1,39.66,10.75,53.14,25,40,Warsaw,,52.2297,21.0122,100,
2024-05-14T20:00:00+00:00,24.95,36.77,13.95,67.64,25,40,Warsaw,,52.2297,21.0122,100,
2024-05-14T21:00:00+00:00,32.89,45.51,13.24,66.33,25,40,Warsaw,,52.2297,21.0122,100,
2024-05-14T22:00:00+00:00,28.61,42.31,14.72,61.13,25,40,Warsaw,,52.2297,21.0122,100,
2024-05-14T23:00:00+00:00,32.67,44.25,15.15,64.21,25,40,Warsaw,,52.2297,21.0122,100,
2024-05-15T00:00:00+00:00,31.29,43.55,16.8,73.07,25,40,Warsaw,,52.2297,21.0122,100,
2024-05-15T01:00:00+00:00,27.04,39.7,18.37,73.42,25,40,Warsaw,,52.2297,21.0122,100,
2024-05-15T02:00:00+00:00,30.5,40.72,17.37,82.73,25,40,Warsaw,,52.2297,21.0122,100,
2024-05-15T03:00:00+00:00,28.35,34.91,20.17,77.25,25,40,Warsaw,,52.2297,21.0122,100,
2024-05-15T04:00:00+00:00,30.95,44.68,18.17,85.62,25,40,Warsaw,,52.2297,21.0122,100,
2024-05-15T05:00:00+00:00,25.65,36.78,21.28,73.97,25,40,Warsaw,,52.2297,21.0122,100,
2024-05-15T06:00:00+00:00,25.8,35.17,18.89,77.83,25,40,Warsaw,,52.2297,21.0122,100,
2024-05-15T07:00:00+00:00,32.84,41.9,20.87,87.29,25,40,Warsaw,,52.2297,21.0122,100,
2024-05-15T08:00:00+00:00,26.36,35.06,18.83,78.84,25,40,Warsaw,,52.2297,21.0122,100,
2024-05-15T09:00:00+00:00,28.88,39.11,17.97,69.07,25,40,Warsaw,,52.2297,21.0122,100,
2024-05-15T10:00:00+00:00,30.04,40.66,18.39,80.27,25,40,Warsaw,,52.2297,21.0122,100,
2024-05-15T11:00:00+00:00,30.61,43.95,17.96,73.93,25,40,Warsaw,,52.2297,21.0122,100,
2024-05-15T12:00:00+00:00,31.9,46.16,16.34,63.28,25,40,Warsaw,,52.2297,21.0122,100,
2024-05-15T13:00:00+00:00,26.01,33.94,14.21,59.93,25,40,Warsaw,,52.2297,21.0122,100,
2024-05-15T14:00:00+00:00,32.99,47.33,13.37,64.32,25,40,Warsaw,,52.2297,21.0122,100,
2024-05-15T15:00:00+00:00,29.03,38.5,14.38,57.14,25,40,Warsaw,,52.2297,21.0122,100,
2024-05-15T16:00:00+00:00,24.58,30.01,11.71,59.13,25,40,Warsaw,,52.2297,21.0122,100,
2024-05-15T17:00:00+00:00,28.94,41.75,13.58,62.07,25,40,Warsaw,,52.2297,21.0122,100,
2024-05-15T18:00:00+00:00,28.38,40.83,11.55,61.28,25,40,Warsaw,,52.2297,21.0122,100,
2024-05-15T19:00:00+00:00,26.8,34.01,11.88,56.43,25,40,Warsaw,,52.2297,21.0122,100,
2024-05-15T20:00:00+00:00,31.26,43.04,11.05,55.22,25,40,Warsaw,,52.2297,21.0122,100,
2024-05-15T21:00:00+00:00,31.24,40.93,13.31,56.15,25,40,Warsaw,,52.2297,21.0122,100,
2024-05-15T22:00:00+00:00,26.34,39.55,14.19,65.47,25,40,Warsaw,,52.2297,21.0122,100,
2024-05-15T23:00:00+00:00,31.17,44.22,15.51,75.15,25,40,Warsaw,,52.2297,21.0122,100,
2024-05-16T00:00:00+00:00,31.63,38.81,15.39,77.6,25,40,Warsaw,,52.2297,21.0122,100,
2024-05-16T01:00:00+00:00,32.81,42.24,17.97,77.57,25,40,Warsaw,,52.2297,21.0122,100,
2024-05-16T02:00:00+00:00,27.53,35.72,17.33,68.26,25,40,Warsaw,,52.2297,21.0122,100,
2024-05-16T03:00:00+00:00,27.79,39.28,20.29,70.78,25,40,Warsaw,,52.2297,21.0122,100,
2024-05-16T04:00:00+00:00,29.49,40.66,18.37,71.12,25,40,Warsaw,,52.2297,21.0122,100,
2024-05-16T05:00:00+00:00,29.74,41.49,18.86,84.21,25,40,Warsaw,,52.2297,21.0122,100,
2024-05-16T06:00:00+00:00,27.73,38.57,20.12,74.06,25,40,Warsaw,,52.2297,21.0122,100,
2024-05-16T07:00:00+00:00,29.33,42.74,20.46,87.26,25,40,Warsaw,,52.2297,21.0122,100,
2024-05-16T08:00:00+00:00,32.23,42.79,19.17,74.57,25,40,Warsaw,,52.2297,21.0122,100,
2024-05-16T09:00:00+00:00,27.44,37.37,17.57,72.77,25,40,Warsaw,,52.2297,21.0122,100,
2024-05-16T10:00:00+00:00,29.07,36.57,18.49,68.87,25,40,Warsaw,,52.2297,21.0122,100,
2024-05-16T11:00:00+00:00,27.87,41.58,17.74,77.8,25,40,Warsaw,,52.2297,21.0122,100,
2024-05-16T12:00:00+00:00,31.47,41.12,16.1,64.69,25,40,Warsaw,,52.2297,21.0122,100,
2024-05-16T13:00:00+00:00,29.1,36.0,14.33,71.97,25,40,Warsaw,,52.2297,21.0122,100,
2024-05-16T14:00:00+00:00,27.79,40.74,14.66,62.54,25,40,Warsaw,,52.2297,21.0122,100,
2024-05-16T15:00:00+00:00,25.92,31.12,12.08,66.63,25,40,Warsaw,,52.2297,21.0122,100,
2024-05-16T16:00:00+00:00,27.61,33.73,12.59,53.42,25,40,Warsaw,,52.2297,21.0122,100,
2024-05-16T17:00:00+00:00,28.9,35.06,12.75,53.65,25,40,Warsaw,,52.2297,21.0122,100,
2024-05-16T18:00:00+00:00,24.87,36.46,12.09,63.52,25,40,Warsaw,,52.2297,21.0122,100,
2024-05-16T19:00:00+00:00,25.02,33.46,10.69,57.08,25,40,Warsaw,,52.2297,21.0122,100,
2024-05-16T20:00:00+00:00,24.64,32.37,12.03,58.61,25,40,Warsaw,,52.2297,21.0122,100,
2024-05-16T21:00:00+00:00,27.38,33.75,14.1,62.92,25,40,Warsaw,,52.2297,21.0122,100,
2024-05-16T22:00:00+00:00,31.93,42.21,13.03,69.11,25,40,Warsaw,,52.2297,21.0122,100,
2024-05-16T23:00:00+00:00,31.92,43.78,13.98,64.07,25,40,Warsaw,,52.2297,21.0122,100,
2024-05-17T00:00:00+00:00,33.37,44.88,15.12,75.27,25,40,Warsaw,,52.2297,21.0122,100,
2024-05-17T01:00:00+00:00,24.91,36.86,17.95,73.69,25,40,Warsaw,,52.2297,21.0122,100,
2024-05-17T02:00:00+00:00,25.29,36.26,17.94,72.59,25,40,Warsaw,,52.2297,21.0122,100,
2024-05-17T03:00:00+00:00,28.59,35.97,17.54,77.66,25,40,Warsaw,,52.2297,21.0122,100,
2024-05-17T04:00:00+00:00,27.49,33.73,18.07,78.86,25,40,Warsaw,,52.2297,21.0122,100,
2024-05-17T05:00:00+00:00,29.78,38.81,20.16,73.35,25,40,Warsaw,,52.2297,21.0122,100,
2024-05-17T06:00:00+00:00,28.05,38.54,20.79,87.71,25,40,Warsaw,,52.2297,21.0122,100,
2024-05-17T07:00:00+00:00,32.22,46.46,20.69,78.01,25,40,Warsaw,,52.2297,21.0122,100,
2024-05-17T08:00:00+00:00,31.12,39.43,20.43,73.45,25,40,Warsaw,,52.2297,21.0122,100,
2024-05-17T09:00:00+00:00,26.82,39.46,18.84,84.07,25,40,Warsaw,,52.2297,21.0122,100,
2024-05-17T10:00:00+00:00,31.32,44.41,19.17,79.78,25,40,Warsaw,,52.2297,21.0122,100,
2024-05-17T11:00:00+00:00,32.19,43.81,17.4,76.98,25,40,Warsaw,,52.2297,21.0122,100,
2024-05-17T12:00:00+00:00,31.13,39.34,15.44,67.56,25,40,Warsaw,,52.2297,21.0122,100,
2024-05-17T13:00:00+00:00,30.45,44.46,14.94,60.64,25,40,Warsaw,,52.2297,21.0122,100,
2024-05-17T14:00:00+00:00,28.93,41.28,15.31,63.46,25,40,Warsaw,,52.2297,21.0122,100,
2024-05-17T15:00:00+00:00,30.88,41.17,14.59,55.71,25,40,Warsaw,,52.2297,21.0122,100,
2024-05-17T16:00:00+00:00,29.15,36.55,11.52,68.08,25,40,Warsaw,,52.2297,21.0122,100,
2024-05-17T17:00:00+00:00,32.66,42.61,12.8,66.52,25,40,Warsaw,,52.2297,21.0122,100,
2024-05-17T18:00:00+00:00,26.71,32.93,12.78,55.8,25,40,Warsaw,,52.2297,21.0122,100,
2024-05-17T19:00:00+00:00,26.68,33.03,12.35,64.35,25,40,Warsaw,,52.2297,21.0122,100,
2024-05-17T20:00:00+00:00,30.94,39.89,13.7,68.14,25,40,Warsaw,,52.2297,21.0122,100,
2024-05-17T21:00:00+00:00,31.34,42.43,12.95,55.91,25,40,Warsaw,,52.2297,21.0122,100,
2024-05-17T22:00:00+00:00,25.43,36.65,14.57,57.41,25,40,Warsaw,,52.2297,21.0122,100,
2024-05-17T23:00:00+00:00,28.42,38.04,15.46,66.86,25,40,Warsaw,,52.2297,21.0122,100,
2024-05-18T00:00:00+00:00,33.27,46.64,16.02,75.69,25,40,Warsaw,,52.2297,21.0122,100,
2024-05-18T01:00:00+00:00,31.35,44.21,16.41,66.85,25,40,Warsaw,,52.2297,21.0122,100,
2024-05-18T02:00:00+00:00,26.18,39.1,17.44,72.48,25,40,Warsaw,,52.2297,21.0122,100,
2024-05-18T03:00:00+00:00,29.13,42.54,18.17,80.39,25,40,Warsaw,,52.2297,21.0122,100,
2024-05-18T04:00:00+00:00,31.12,44.05,18.34,70.89,25,40,Warsaw,,52.2297,21.0122,100,
2024-05-18T05:00:00+00:00,32.11,44.39,21.17,79.79,25,40,Warsaw,,52.2297,21.0122,100,
2024-05-18T06:00:00+00:00,30.16,44.22,19.68,81.7,25,40,Warsaw,,52.2297,21.0122,100,
2024-05-18T07:00:00+00:00,30.11,41.32,18.76,73.76,25,40,Warsaw,,52.2297,21.0122,100,
2024-05-18T08:00:00+00:00,30.0,36.65,20.21,74.49,25,40,Warsaw,,52.2297,21.0122,100,
2024-05-18T09:00:00+00:00,31.96,39.61,17.66,73.45,25,40,Warsaw,,52.2297,21.0122,100,
2024-05-18T10:00:00+00:00,28.71,41.54,18.65,73.67,25,40,Warsaw,,52.2297,21.0122,100,
2024-05-18T11:00:00+00:00,33.45,44.5,17.61,76.45,25,40,Warsaw,,52.2297,21.0122,100,
2024-05-18T12:00:00+00:00,29.52,41.24,16.55,66.3,25,40,Warsaw,,52.2297,21.0122,100,
2024-05-18T13:00:00+00:00,26.08,36.28,13.95,73.18,25,40,Warsaw,,52.2297,21.0122,100,
2024-05-18T14:00:00+00:00,26.33,37.67,14.14,64.75,25,40,Warsaw,,52.2297,21.0122,100,
2024-05-18T15:00:00+00:00,28.24,40.35,12.66,55.67,25,40,Warsaw,,52.2297,21.0122,100,
2024-05-18T16:00:00+00:00,27.42,39.97,13.79,62.69,25,40,Warsaw,,52.2297,21.0122,100,
2024-05-18T17:00:00+00:00,29.73,36.66,11.66,58.26,25,40,Warsaw,,52.2297,21.0122,100,
2024-05-18T18:00:00+00:00,29.1,40.29,11.7,54.39,25,40,Warsaw,,52.2297,21.0122,100,
2024-05-18T19:00:00+00:00,30.79,42.04,13.2,65.71,25,40,Warsaw,,52.2297,21.0122,100,
2024-05-18T20:00:00+00:00,25.35,35.5,13.68,60.32,25,40,Warsaw,,52.2297,21.0122,100,
2024-05-18T21:00:00+00:00,31.08,45.25,13.9,67.21,25,40,Warsaw,,52.2297,21.0122,100,
2024-05-18T22:00:00+00:00,28.45,40.13,15.19,70.99,25,40,Warsaw,,52.2297,21.0122,100,
2024-05-18T23:00:00+00:00,23.93,32.77,15.44,63.36,25,40,Warsaw,,52.2297,21.0122,100,
2024-05-19T00:00:00+00:00,25.9,36.35,15.68,67.13,25,40,Warsaw,,52.2297,21.0122,100,
2024-05-19T01:00:00+00:00,23.87,35.09,17.3,66.53,25,40,Warsaw,,52.2297,21.0122,100,
2024-05-19T02:00:00+00:00,30.1,42.8,18.46,80.3,25,40,Warsaw,,52.2297,21.0122,100,
2024-05-19T03:00:00+00:00,29.75,38.4,19.37,76.53,25,40,Warsaw,,52.2297,21.0122,100,
2024-05-19T04:00:00+00:00,29.87,36.71,19.28,82.7,25,40,Warsaw,,52.2297,21.0122,100,
2024-05-19T05:00:00+00:00,33.27,44.57,21.08,76.64,25,40,Warsaw,,52.2297,21.0122,100,
2024-05-19T06:00:00+00:00,29.74,42.24,19.04,87.52,25,40,Warsaw,,52.2297,21.0122,100,
2024-05-19T07:00:00+00:00,24.9,31.36,19.78,74.53,25,40,Warsaw,,52.2297,21.0122,100,
2024-05-19T08:00:00+00:00,31.62,45.61,18.92,77.17,25,40,Warsaw,,52.2297,21.0122,100,
2024-05-19T09:00:00+00:00,30.48,40.95,18.7,71.13,25,40,Warsaw,,52.2297,21.0122,100,
2024-05-19T10:00:00+00:00,26.13,38.34,18.03,68.04,25,40,Warsaw,,52.2297,21.0122,100,
2024-05-19T11:00:00+00:00,32.24,40.69,18.24,74.47,25,40,Warsaw,,52.2297,21.0122,100,
2024-05-19T12:00:00+00:00,29.57,36.05,17.12,63.1,25,40,Warsaw,,52.2297,21.0122,100,
2024-05-19T13:00:00+00:00,32.76,44.18,14.35,66.87,25,40,Warsaw,,52.2297,21.0122,100,
2024-05-19T14:00:00+00:00,26.14,37.19,13.48,69.95,25,40,Warsaw,,52.2297,21.0122,100,
2024-05-19T15:00:00+00:00,30.61,45.23,12.78,61.5,25,40,Warsaw,,52.2297,21.0122,100,
2024-05-19T16:00:00+00:00,30.58,43.79,11.35,62.8,25,40,Warsaw,,52.2297,21.0122,100,
2024-05-19T17:00:00+00:00,28.09,36.48,10.87,67.01,25,40,Warsaw,,52.2297,21.0122,100,
2024-05-19T18:00:00+00:00,29.05,36.32,12.98,55.84,25,40,Warsaw,,52.2297,21.0122,100,
2024-05-19T19:00:00+00:00,26.46,37.42,12.48,54.61,25,40,Warsaw,,52.2297,21.0122,100,
2024-05-19T20:00:00+00:00,30.43,40.27,13.19,60.97,25,40,Warsaw,,52.2297,21.0122,100,
2024-05-19T21:00:00+00:00,30.95,38.08,13.65,56.53,25,40,Warsaw,,52.2297,21.0122,100,
2024-05-19T22:00:00+00:00,25.37,37.4,14.08,72.61,25,40,Warsaw,,52.2297,21.0122,100,
2024-05-19T23:00:00+00:00,27.25,39.22,15.88,67.93,25,40,Warsaw,,52.2297,21.0122,100,
2024-05-20T00:00:00+00:00,29.56,38.68,15.43,69.87,25,40,Warsaw,,52.2297,21.0122,100,
2024-05-20T01:00:00+00:00,30.58,44.72,17.05,79.82,25,40,Warsaw,,52.2297,21.0122,100,
2024-05-20T02:00:00+00:00,31.08,44.02,18.35,70.82,25,40,Warsaw,,52.2297,21.0122,100,
2024-05-20T03:00:00+00:00,29.46,36.84,20.09,84.55,25,40,Warsaw,,52.2297,21.0122,100,
2024-05-20T04:00:00+00:00,29.77,41.62,18.41,83.18,25,40,Warsaw,,52.2297,21.0122,100,
2024-05-20T05:00:00+00:00,32.49,43.33,19.57,73.74,25,40,Warsaw,,52.2297,21.0122,100,
2024-05-20T06:00:00+00:00,32.22,41.55,20.29,85.79,25,40,Warsaw,,52.2297,21.0122,100,
2024-05-20T07:00:00+00:00,31.52,39.5,19.36,81.88,25,40,Warsaw,,52.2297,21.0122,100,
2024-05-20T08:00:00+00:00,31.62,39.08,20.09,80.45,25,40,Warsaw,,52.2297,21.0122,100,
2024-05-20T09:00:00+00:00,25.74,33.6,19.66,81.36,25,40,Warsaw,,52.2297,21.0122,100,
2024-05-20T10:00:00+00:00,33.77,45.49,18.61,81.42,25,40,Warsaw,,52.2297,21.0122,100,
2024-05-20T11:00:00+00:00,31.15,44.75,17.4,75.87,25,40,Warsaw,,52.2297,21.0122,100,
2024-05-20T12:00:00+00:00,24.88,29.87,14.9,66.1,25,40,Warsaw,,52.2297,21.0122,100,
2024-05-20T13:00:00+00:00,29.12,39.25,14.04,74.73,25,40,Warsaw,,52.2297,21.0122,100,
2024-05-20T14:00:00+00:00,28.47,36.37,14.12,64.04,25,40,Warsaw,,52.2297,21.0122,100,
2024-05-20T15:00:00+00:00,26.08,35.71,13.29,63.96,25,40,Warsaw,,52.2297,21.0122,100,
2024-05-20T16:00:00+00:00,27.31,33.49,12.35,60.92,25,40,Warsaw,,52.2297,21.0122,100,
2024-05-20T17:00:00+00:00,28.8,37.57,10.88,53.51,25,40,Warsaw,,52.2297,21.0122,100,
2024-05-20T18:00:00+00:00,28.8,36.06,11.76,57.39,25,40,Warsaw,,52.2297,21.0122,100,
2024-05-20T19:00:00+00:00,27.64,37.83,12.94,60.25,25,40,Warsaw,,52.2297,21.0122,100,
2024-05-20T20:00:00+00:00,28.49,39.31,13.66,59.78,25,40,Warsaw,,52.2297,21.0122,100,
2024-05-20T21:00:00+00:00,28.86,37.74,14.09,64.05,25,40,Warsaw,,52.2297,21.0122,100,
2024-05-20T22:00:00+00:00,26.8,32.52,13.95,64.76,25,40,Warsaw,,52.2297,21.0122,100,
2024-05-20T23:00:00+00:00,28.47,38.34,15.3,69.57,25,40,Warsaw,,52.2297,21.0122,100,
2024-05-21T00:00:00+00:00,25.8,37.55,16.64,71.06,25,40,Warsaw,,52.2297,21.0122,100,
2024-05-21T01:00:00+00:00,30.36,42.85,16.63,66.94,25,40,Warsaw,,52.2297,21.0122,100,
2024-05-21T02:00:00+00:00,26.15,37.08,17.43,82.39,25,40,Warsaw,,52.2297,21.0122,100,
2024-05-21T03:00:00+00:00,28.54,36.35,18.17,77.36,25,40,Warsaw,,52.2297,21.0122,100,
2024-05-21T04:00:00+00:00,26.74,35.98,19.84,82.14,25,40,Warsaw,,52.2297,21.0122,100,
2024-05-21T05:00:00+00:00,26.02,31.25,20.21,84.69,25,40,Warsaw,,52.2297,21.0122,100,
2024-05-21T06:00:00+00:00,30.08,37.09,18.87,79.57,25,40,Warsaw,,52.2297,21.0122,100,
2024-05-21T07:00:00+00:00,32.53,40.48,20.56,79.26,25,40,Warsaw,,52.2297,21.0122,100,
2024-05-21T08:00:00+00:00,29.61,40.89,19.79,84.8,25,40,Warsaw,,52.2297,21.0122,100,
2024-05-21T09:00:00+00:00,27.95,38.82,18.39,83.29,25,40,Warsaw,,52.2297,21.0122,100,
2024-05-21T10:00:00+00:00,29.91,42.58,17.02,80.6,25,40,Warsaw,,52.2297,21.0122,100,
2024-05-21T11:00:00+00:00,30.85,38.06,17.33,73.63,25,40,Warsaw,,52.2297,21.0122,100,
2024-05-21T12:00:00+00:00,24.44,36.89,16.71,68.43,25,40,Warsaw,,52.2297,21.0122,100,
2024-05-21T13:00:00+00:00,32.33,45.1,15.49,62.9,25,40,Warsaw,,52.2297,21.0122,100,
2024-05-21T14:00:00+00:00,29.94,39.28,13.94,57.58,25,40,Warsaw,,52.2297,21.0122,100,
2024-05-21T15:00:00+00:00,24.41,33.81,11.76,61.24,25,40,Warsaw,,52.2297,21.0122,100,
2024-05-21T16:00:00+00:00,25.1,37.61,11.66,61.46,25,40,Warsaw,,52.2297,21.0122,100,
2024-05-21T17:00:00+00:00,25.41,35.39,11.46,57.55,25,40,Warsaw,,52.2297,21.0122,100,
2024-05-21T18:00:00+00:00,26.17,36.37,12.87,59.53,25,40,Warsaw,,52.2297,21.0122,100,
2024-05-21T19:00:00+00:00,28.24,35.16,12.73,68.31,25,40,Warsaw,,52.2297,21.0122,100,
2024-05-21T20:00:00+00:00,27.98,41.06,11.11,67.28,25,40,Warsaw,,52.2297,21.0122,100,
2024-05-21T21:00:00+00:00,32.59,40.56,13.54,63.12,25,40,Warsaw,,52.2297,21.0122,100,
2024-05-21T22:00:00+00:00,31.87,45.35,14.35,57.31,25,40,Warsaw,,52.2297,21.0122,100,
2024-05-21T23:00:00+00:00,32.49,45.86,13.91,62.31,25,40,Warsaw,,52.2297,21.0122,100,
2024-05-22T00:00:00+00:00,27.59,33.52,15.67,75.71,25,40,Warsaw,,52.2297,21.0122,100,
2024-05-22T01:00:00+00:00,26.31,38.89,17.44,73.53,25,40,Warsaw,,52.2297,21.0122,100,
2024-05-22T02:00:00+00:00,32.93,40.55,19.25,78.4,25,40,Warsaw,,52.2297,21.0122,100,
2024-05-22T03:00:00+00:00,24.82,29.84,17.89,74.33,25,40,Warsaw,,52.2297,21.0122,100,
2024-05-22T04:00:00+00:00,28.56,39.3,19.24,82.35,25,40,Warsaw,,52.2297,21.0122,100,
2024-05-22T05:00:00+00:00,31.12,42.87,21.04,87.12,25,40,Warsaw,,52.2297,21.0122,100,
2024-05-22T06:00:00+00:00,30.2,43.7,20.1,87.01,25,40,Warsaw,,52.2297,21.0122,100,
2024-05-22T07:00:00+00:00,33.29,48.63,19.41,77.05,25,40,Warsaw,,52.2297,21.0122,100,
2024-05-22T08:00:00+00:00,33.29,43.06,18.49,81.57,25,40,Warsaw,,52.2297,21.0122,100,
2024-05-22T09:00:00+00:00,30.03,36.61,18.51,82.59,25,40,Warsaw,,52.2297,21.0122,100,
2024-05-22T10:00:00+00:00,26.43,32.01,17.05,74.35,25,40,Warsaw,,52.2297,21.0122,100,
2024-05-22T11:00:00+00:00,32.22,39.74,16.57,70.13,25,40,Warsaw,,52.2297,21.0122,100,
2024-05-22T12:00:00+00:00,28.72,37.71,16.78,65.0,25,40,Warsaw,,52.2297,21.0122,100,
2024-05-22T13:00:00+00:00,25.84,33.67,15.41,73.96,25,40,Warsaw,,52.2297,21.0122,100,
2024-05-22T14:00:00+00:00,26.24,39.06,15.2,58.91,25,40,Warsaw,,52.2297,21.0122,100,
2024-05-22T15:00:00+00:00,30.24,39.05,14.54,68.24,25,40,Warsaw,,52.2297,21.0122,100,
2024-05-22T16:00:00+00:00,31.32,41.46,13.9,66.86,25,40,Warsaw,,52.2297,21.0122,100,
2024-05-22T17:00:00+00:00,29.07,42.42,10.86,53.47,25,40,Warsaw,,52.2297,21.0122,100,
2024-05-22T18:00:00+00:00,31.73,39.56,13.18,57.29,25,40,Warsaw,,52.2297,21.0122,100,
2024-05-22T19:00:00+00:00,28.21,40.96,13.45,52.53,25,40,Warsaw,,52.2297,21.0122,100,
2024-05-22T20:00:00+00:00,24.31,29.29,12.21,57.39,25,40,Warsaw,,52.2297,21.0122,100,
2024-05-22T21:00:00+00:00,31.69,39.68,11.85,58.85,25,40,Warsaw,,52.2297,21.0122,100,
2024-05-22T22:00:00+00:00,27.61,38.41,14.24,65.12,25,40,Warsaw,,52.2297,21.0122,100,
2024-05-22T23:00:00+00:00,28.27,38.73,15.58,66.43,25,40,Warsaw,,52.2297,21.0122,100,
2024-05-23T00:00:00+00:00,29.46,43.75,15.88,66.77,25,40,Warsaw,,52.2297,21.0122,100,
2024-05-23T01:00:00+00:00,28.1,36.08,17.1,74.38,25,40,Warsaw,,52.2297,21.0122,100,
2024-05-23T02:00:00+00:00,29.09,38.29,18.55,70.78,25,40,Warsaw,,52.2297,21.0122,100,
2024-05-23T03:00:00+00:00,30.99,42.72,17.89,76.51,25,40,Warsaw,,52.2297,21.0122,100,
2024-05-23T04:00:00+00:00,29.51,39.67,20.38,73.97,25,40,Warsaw,,52.2297,21.0122,100,
2024-05-23T05:00:00+00:00,29.01,35.82,18.68,73.44,25,40,Warsaw,,52.2297,21.0122,100,
2024-05-23T06:00:00+00:00,32.51,47.33,18.71,72.41,25,40,Warsaw,,52.2297,21.0122,100,
2024-05-23T07:00:00+00:00,27.59,33.91,18.75,74.99,25,40,Warsaw,,52.2297,21.0122,100,
2024-05-23T08:00:00+00:00,30.48,43.66,18.42,74.99,25,40,Warsaw,,52.2297,21.0122,100,
2024-05-23T09:00:00+00:00,32.72,43.51,18.15,82.11,25,40,Warsaw,,52.2297,21.0122,100,
2024-05-23T10:00:00+00:00,27.63,34.04,17.34,75.05,25,40,Warsaw,,52.2297,21.0122,100,
2024-05-23T11:00:00+00:00,30.75,38.66,17.02,70.14,25,40,Warsaw,,52.2297,21.0122,100,
2024-05-23T12:00:00+00:00,31.7,43.21,17.38,65.44,25,40,Warsaw,,52.2297,21.0122,100,
2024-05-23T13:00:00+00:00,25.56,33.07,15.03,71.68,25,40,Warsaw,,52.2297,21.0122,100,
2024-05-23T14:00:00+00:00,26.13,37.78,13.61,65.12,25,40,Warsaw,,52.2297,21.0122,100,
2024-05-23T15:00:00+00:00,31.58,44.35,12.4,67.81,25,40,Warsaw,,52.2297,21.0122,100,
2024-05-23T16:00:00+00:00,24.04,32.66,12.62,58.87,25,40,Warsaw,,52.2297,21.0122,100,
2024-05-23T17:00:00+00:00,28.02,38.38,11.22,65.41,25,40,Warsaw,,52.2297,21.0122,100,
2024-05-23T18:00:00+00:00,29.97,43.23,11.47,57.68,25,40,Warsaw,,52.2297,21.0122,100,
2024-05-23T19:00:00+00:00,30.21,39.82,12.71,62.3,25,40,Warsaw,,52.2297,21.0122,100,
2024-05-23T20:00:00+00:00,30.82,37.73,11.47,61.61,25,40,Warsaw,,52.2297,21.0122,100,
2024-05-23T21:00:00+00:00,25.94,34.7,12.15,68.09,25,40,Warsaw,,52.2297,21.0122,100,
2024-05-23T22:00:00+00:00,32.92,44.75,15.49,67.67,25,40,Warsaw,,52.2297,21.0122,100,
2024-05-23T23:00:00+00:00,23.98,31.27,15.28,60.64,25,40,Warsaw,,52.2297,21.0122,100,
2024-05-24T00:00:00+00:00,31.29,45.95,14.57,72.1,25,40,Warsaw,,52.2297,21.0122,100,
2024-05-24T01:00:00+00:00,34.28,47.74,17.09,79.32,25,40,Warsaw,,52.2297,21.0122,100,
2024-05-24T02:00:00+00:00,34.18,47.03,18.67,81.45,25,40,Warsaw,,52.2297,21.0122,100,
2024-05-24T03:00:00+00:00,25.97,33.25,19.99,79.05,25,40,Warsaw,,52.2297,21.0122,100,
2024-05-24T04:00:00+00:00,26.09,35.73,20.31,82.59,25,40,Warsaw,,52.2297,21.0122,100,
2024-05-24T05:00:00+00:00,28.32,34.47,20.79,79.7,25,40,Warsaw,,52.2297,21.0122,100,
2024-05-24T06:00:00+00:00,25.64,31.35,18.89,76.44,25,40,Warsaw,,52.2297,21.0122,100,
2024-05-24T07:00:00+00:00,28.77,42.43,20.54,73.66,25,40,Warsaw,,52.2297,21.0122,100,
2024-05-24T08:00:00+00:00,29.85,38.44,18.62,75.19,25,40,Warsaw,,52.2297,21.0122,100,
2024-05-24T09:00:00+00:00,25.68,35.8,19.32,77.65,25,40,Warsaw,,52.2297,21.0122,100,
2024-05-24T10:00:00+00:00,32.28,46.81,17.82,67.78,25,40,Warsaw,,52.2297,21.0122,100,
2024-05-24T11:00:00+00:00,25.45,32.82,18.15,66.06,25,40,Warsaw,,52.2297,21.0122,100,
2024-05-24T12:00:00+00:00,26.04,36.7,16.22,64.66,25,40,Warsaw,,52.2297,21.0122,100,
2024-05-24T13:00:00+00:00,25.36,33.71,14.03,71.58,25,40,Warsaw,,52.2297,21.0122,100,
2024-05-24T14:00:00+00:00,30.36,41.32,14.99,65.26,25,40,Warsaw,,52.2297,21.0122,100,
2024-05-24T15:00:00+00:00,24.68,30.87,12.54,60.34,25,40,Warsaw,,52.2297,21.0122,100,
2024-05-24T16:00:00+00:00,28.41,35.78,11.33,64.97,25,40,Warsaw,,52.2297,21.0122,100,
2024-05-24T17:00:00+00:00,27.15,37.33,11.18,67.3,25,40,Warsaw,,52.2297,21.0122,100,
2024-05-24T18:00:00+00:00,31.28,42.41,12.58,59.16,25,40,Warsaw,,52.2297,21.0122,100,
2024-05-24T19:00:00+00:00,23.08,32.03,11.03,52.46,25,40,Warsaw,,52.2297,21.0122,100,
2024-05-24T20:00:00+00:00,24.95,33.5,11.59,55.47,25,40,Warsaw,,52.2297,21.0122,100,
2024-05-24T21:00:00+00:00,27.6,34.6,11.99,55.18,25,40,Warsaw,,52.2297,21.0122,100,
2024-05-24T22:00:00+00:00,26.84,39.47,14.75,60.92,25,40,Warsaw,,52.2297,21.0122,100,
2024-05-24T23:00:00+00:00,31.07,44.34,15.01,72.97,25,40,Warsaw,,52.2297,21.0122,100,
2024-05-25T00:00:00+00:00,28.49,35.28,14.65,70.79,25,40,Warsaw,,52.2297,21.0122,100,
2024-05-25T01:00:00+00:00,29.01,36.45,18.5,65.63,25,40,Warsaw,,52.2297,21.0122,100,
2024-05-25T02:00:00+00:00,32.44,47.6,18.48,75.72,25,40,Warsaw,,52.2297,21.0122,100,
2024-05-25T03:00:00+00:00,26.62,37.2,19.73,70.6,25,40,Warsaw,,52.2297,21.0122,100,
2024-05-25T04:00:00+00:00,26.22,38.51,18.41,79.65,25,40,Warsaw,,52.2297,21.0122,100,
2024-05-25T05:00:00+00:00,33.87,49.34,19.78,87.04,25,40,Warsaw,,52.2297,21.0122,100,
2024-05-25T06:00:00+00:00,28.99,40.24,20.97,80.8,25,40,Warsaw,,52.2297,21.0122,100,
2024-05-25T07:00:00+00:00,30.36,37.85,20.83,81.15,25,40,Warsaw,,52.2297,21.0122,100,
2024-05-25T08:00:00+00:00,29.27,41.79,20.42,76.54,25,40,Warsaw,,52.2297,21.0122,100,
2024-05-25T09:00:00+00:00,31.32,39.23,18.76,83.58,25,40,Warsaw,,52.2297,21.0122,100,
2024-05-25T10:00:00+00:00,29.18,36.96,18.42,67.17,25,40,Warsaw,,52.2297,21.0122,100,
2024-05-25T11:00:00+00:00,31.46,40.15,17.69,66.84,25,40,Warsaw,,52.2297,21.0122,100,
2024-05-25T12:00:00+00:00,24.98,32.2,16.24,71.63,25,40,Warsaw,,52.2297,21.0122,100,
2024-05-25T13:00:00+00:00,33.32,45.92,13.77,74.42,25,40,Warsaw,,52.2297,21.0122,100,
2024-05-25T14:00:00+00:00,30.09,42.74,15.32,66.09,25,40,Warsaw,,52.2297,21.0122,100,
2024-05-25T15:00:00+00:00,27.55,33.91,14.02,65.46,25,40,Warsaw,,52.2297,21.0122,100,
2024-05-25T16:00:00+00:00,26.84,34.16,14.0,69.06,25,40,Warsaw,,52.2297,21.0122,100,
2024-05-25T17:00:00+00:00,26.19,35.64,11.52,54.44,25,40,Warsaw,,52.2297,21.0122,100,
2024-05-25T18:00:00+00:00,32.98,43.12,11.28,65.79,25,40,Warsaw,,52.2297,21.0122,100,
2024-05-25T19:00:00+00:00,30.08,38.08,12.54,67.53,25,40,Warsaw,,52.2297,21.0122,100,
2024-05-25T20:00:00+00:00,23.8,33.43,13.59,55.15,25,40,Warsaw,,52.2297,21.0122,100,
2024-05-25T21:00:00+00:00,32.2,45.07,13.4,68.54,25,40,Warsaw,,52.2297,21.0122,100,
2024-05-25T22:00:00+00:00,30.45,43.06,12.87,61.91,25,40,Warsaw,,52.2297,21.0122,100,
2024-05-25T23:00:00+00:00,27.84,40.67,15.15,74.74,25,40,Warsaw,,52.2297,21.0122,100,
2024-05-26T00:00:00+00:00,29.83,42.14,16.49,77.81,25,40,Warsaw,,52.2297,21.0122,100,
2024-05-26T01:00:00+00:00,29.22,43.2,18.0,66.46,25,40,Warsaw,,52.2297,21.0122,100,
2024-05-26T02:00:00+00:00,23.77,29.56,18.93,67.43,25,40,Warsaw,,52.2297,21.0122,100,
2024-05-26T03:00:00+00:00,24.34,29.52,17.74,70.05,25,40,Warsaw,,52.2297,21.0122,100,
2024-05-26T04:00:00+00:00,25.17,36.92,19.45,75.45,25,40,Warsaw,,52.2297,21.0122,100,
2024-05-26T05:00:00+00:00,28.79,38.65,19.12,73.64,25,40,Warsaw,,52.2297,21.0122,100,
2024-05-26T06:00:00+00:00,25.78,36.49,20.65,74.27,25,40,Warsaw,,52.2297,21.0122,100,
2024-05-26T07:00:00+00:00,30.5,41.4,19.51,73.26,25,40,Warsaw,,52.2297,21.0122,100,
2024-05-26T08:00:00+00:00,26.93,39.21,18.41,77.55,25,40,Warsaw,,52.2297,21.0122,100,
2024-05-26T09:00:00+00:00,27.81,37.42,18.92,69.75,25,40,Warsaw,,52.2297,21.0122,100,
2024-05-26T10:00:00+00:00,32.15,43.1,18.87,75.31,25,40,Warsaw,,52.2297,21.0122,100,
2024-05-26T11:00:00+00:00,27.99,36.56,16.76,77.35,25,40,Warsaw,,52.2297,21.0122,100,
2024-05-26T12:00:00+00:00,31.54,42.39,17.45,77.1,25,40,Warsaw,,52.2297,21.0122,100,
2024-05-26T13:00:00+00:00,25.15,31.56,15.33,63.86,25,40,Warsaw,,52.2297,21.0122,100,
2024-05-26T14:00:00+00:00,24.42,31.98,14.92,61.36,25,40,Warsaw,,52.2297,21.0122,100,
2024-05-26T15:00:00+00:00,26.28,35.63,13.57,63.83,25,40,Warsaw,,52.2297,21.0122,100,
2024-05-26T16:00:00+00:00,30.65,42.4,12.2,62.88,25,40,Warsaw,,52.2297,21.0122,100,
2024-05-26T17:00:00+00:00,28.25,41.46,13.23,62.13,25,40,Warsaw,,52.2297,21.0122,100,
2024-05-26T18:00:00+00:00,32.92,45.15,12.5,65.55,25,40,Warsaw,,52.2297,21.0122,100,
2024-05-26T19:00:00+00:00,25.35,30.68,12.91,60.02,25,40,Warsaw,,52.2297,21.0122,100,
2024-05-26T20:00:00+00:00,32.23,40.52,12.6,68.22,25,40,Warsaw,,52.2297,21.0122,100,
2024-05-26T21:00:00+00:00,28.52,40.95,14.03,62.34,25,40,Warsaw,,52.2297,21.0122,100,
2024-05-26T22:00:00+00:00,32.05,42.37,13.81,68.87,25,40,Warsaw,,52.2297,21.0122,100,
2024-05-26T23:00:00+00:00,28.4,39.34,16.33,69.0,25,40,Warsaw,,52.2297,21.0122,100,
2024-05-27T00:00:00+00:00,25.25,31.79,16.26,70.54,25,40,Warsaw,,52.2297,21.0122,100,
2024-05-27T01:00:00+00:00,32.72,45.19,18.35,80.23,25,40,Warsaw,,52.2297,21.0122,100,
2024-05-27T02:00:00+00:00,28.8,36.22,19.23,80.92,25,40,Warsaw,,52.2297,21.0122,100,
2024-05-27T03:00:00+00:00,30.48,38.91,18.13,73.29,25,40,Warsaw,,52.2297,21.0122,100,
2024-05-27T04:00:00+00:00,30.88,39.52,20.51,78.69,25,40,Warsaw,,52.2297,21.0122,100,
2024-05-27T05:00:00+00:00,27.43,39.85,20.81,83.05,25,40,Warsaw,,52.2297,21.0122,100,
2024-05-27T06:00:00+00:00,32.87,41.85,19.1,87.56,25,40,Warsaw,,52.2297,21.0122,100,
2024-05-27T07:00:00+00:00,32.89,40.63,19.46,82.56,25,40,Warsaw,,52.2297,21.0122,100,
2024-05-27T08:00:00+00:00,28.15,37.64,19.35,85.47,25,40,Warsaw,,52.2297,21.0122,100,
2024-05-27T09:00:00+00:00,29.64,41.04,19.88,83.99,25,40,Warsaw,,52.2297,21.0122,100,
2024-05-27T10:00:00+00:00,31.37,42.58,17.94,75.78,25,40,Warsaw,,52.2297,21.0122,100,
2024-05-27T11:00:00+00:00,28.22,40.49,15.68,74.98,25,40,Warsaw,,52.2297,21.0122,100,
2024-05-27T12:00:00+00:00,29.5,41.72,17.13,66.96,25,40,Warsaw,,52.2297,21.0122,100,
2024-05-27T13:00:00+00:00,29.69,41.81,14.98,72.93,25,40,Warsaw,,52.2297,21.0122,100,
2024-05-27T14:00:00+00:00,29.19,37.92,12.95,69.27,25,40,Warsaw,,52.2297,21.0122,100,
2024-05-27T15:00:00+00:00,30.78,37.62,13.0,62.59,25,40,Warsaw,,52.2297,21.0122,100,
2024-05-27T16:00:00+00:00,29.57,37.32,12.17,55.64,25,40,Warsaw,,52.2297,21.0122,100,
2024-05-27T17:00:00+00:00,31.28,41.52,10.67,58.65,25,40,Warsaw,,52.2297,21.0122,100,
2024-05-27T18:00:00+00:00,27.08,36.81,13.08,54.93,25,40,Warsaw,,52.2297,21.0122,100,
2024-05-27T19:00:00+00:00,28.5,41.63,12.38,68.2,25,40,Warsaw,,52.2297,21.0122,100,
2024-05-27T20:00:00+00:00,27.62,34.16,12.14,63.78,25,40,Warsaw,,52.2297,21.0122,100,
2024-05-27T21:00:00+00:00,30.29,40.97,14.52,61.54,25,40,Warsaw,,52.2297,21.0122,100,
2024-05-27T22:00:00+00:00,27.59,33.4,12.9,71.88,25,40,Warsaw,,52.2297,21.0122,100,
2024-05-27T23:00:00+00:00,28.93,36.37,16.15,64.87,25,40,Warsaw,,52.2297,21.0122,100,
2024-05-28T00:00:00+00:00,25.01,36.0,17.31,73.98,25,40,Warsaw,,52.2297,21.0122,100,
2024-05-28T01:00:00+00:00,26.5,35.63,18.23,68.66,25,40,Warsaw,,52.2297,21.0122,100,
2024-05-28T02:00:00+00:00,25.53,37.45,17.19,67.14,25,40,Warsaw,,52.2297,21.0122,100,
2024-05-28T03:00:00+00:00,34.11,42.43,17.5,84.4,25,40,Warsaw,,52.2297,21.0122,100,
2024-05-28T04:00:00+00:00,28.26,40.19,20.37,71.64,25,40,Warsaw,,52.2297,21.0122,100,
2024-05-28T05:00:00+00:00,31.05,42.07,18.95,76.23,25,40,Warsaw,,52.2297,21.0122,100,
2024-05-28T06:00:00+00:00,30.11,38.32,21.14,87.04,25,40,Warsaw,,52.2297,21.0122,100,
2024-05-28T07:00:00+00:00,31.12,44.02,20.45,84.47,25,40,Warsaw,,52.2297,21.0122,100,
2024-05-28T08:00:00+00:00,29.21,43.41,19.06,84.43,25,40,Warsaw,,52.2297,21.0122,100,
2024-05-28T09:00:00+00:00,27.75,38.77,19.48,76.2,25,40,Warsaw,,52.2297,21.0122,100,
2024-05-28T10:00:00+00:00,30.52,44.43,17.58,74.39,25,40,Warsaw,,52.2297,21.0122,100,
2024-05-28T11:00:00+00:00,26.21,39.15,17.47,70.07,25,40,Warsaw,,52.2297,21.0122,100,
2024-05-28T12:00:00+00:00,24.6,30.42,15.54,68.2,25,40,Warsaw,,52.2297,21.0122,100,
2024-05-28T13:00:00+00:00,30.73,39.65,15.88,65.32,25,40,Warsaw,,52.2297,21.0122,100,
2024-05-28T14:00:00+00:00,24.48,29.57,15.2,62.73,25,40,Warsaw,,52.2297,21.0122,100,
2024-05-28T15:00:00+00:00,31.12,40.0,12.96,60.56,25,40,Warsaw,,52.2297,21.0122,100,
2024-05-28T16:00:00+00:00,25.65,37.15,11.83,66.94,25,40,Warsaw,,52.2297,21.0122,100,
2024-05-28T17:00:00+00:00,31.86,46.91,12.43,66.16,25,40,Warsaw,,52.2297,21.0122,100,
2024-05-28T18:00:00+00:00,31.77,45.55,10.71,61.3,25,40,Warsaw,,52.2297,21.0122,100,
2024-05-28T19:00:00+00:00,27.64,39.08,11.37,61.24,25,40,Warsaw,,52.2297,21.0122,100,
2024-05-28T20:00:00+00:00,30.48,44.02,11.32,57.89,25,40,Warsaw,,52.2297,21.0122,100,
2024-05-28T21:00:00+00:00,27.12,34.17,14.54,68.42,25,40,Warsaw,,52.2297,21.0122,100,
2024-05-28T22:00:00+00:00,25.17,33.33,13.03,70.15,25,40,Warsaw,,52.2297,21.0122,100,
2024-05-28T23:00:00+00:00,25.17,35.01,16.26,73.09,25,40,Warsaw,,52.2297,21.0122,100,
2024-05-29T00:00:00+00:00,28.83,37.93,15.66,69.83,25,40,Warsaw,,52.2297,21.0122,100,
2024-05-29T01:00:00+00:00,25.78,30.95,16.27,77.15,25,40,Warsaw,,52.2297,21.0122,100,
2024-05-29T02:00:00+00:00,30.18,44.47,19.15,67.25,25,40,Warsaw,,52.2297,21.0122,100,
2024-05-29T03:00:00+00:00,31.57,45.74,19.23,81.49,25,40,Warsaw,,52.2297,21.0122,100,
2024-05-29T04:00:00+00:00,33.45,48.48,18.47,74.5,25,40,Warsaw,,52.2297,21.0122,100,
2024-05-29T05:00:00+00:00,31.8,40.16,20.85,72.13,25,40,Warsaw,,52.2297,21.0122,100,
2024-05-29T06:00:00+00:00,32.87,43.74,18.98,74.47,25,40,Warsaw,,52.2297,21.0122,100,
2024-05-29T07:00:00+00:00,31.37,38.41,18.5,71.77,25,40,Warsaw,,52.2297,21.0122,100,
2024-05-29T08:00:00+00:00,34.48,46.17,19.13,85.24,25,40,Warsaw,,52.2297,21.0122,100,
2024-05-29T09:00:00+00:00,28.01,37.6,18.92,80.73,25,40,Warsaw,,52.2297,21.0122,100,
2024-05-29T10:00:00+00:00,24.34,31.65,19.27,71.48,25,40,Warsaw,,52.2297,21.0122,100,
2024-05-29T11:00:00+00:00,28.09,38.9,16.06,77.28,25,40,Warsaw,,52.2297,21.0122,100,
2024-05-29T12:00:00+00:00,26.23,37.83,16.59,68.71,25,40,Warsaw,,52.2297,21.0122,100,
2024-05-29T13:00:00+00:00,31.43,42.9,14.43,71.54,25,40,Warsaw,,52.2297,21.0122,100,
2024-05-29T14:00:00+00:00,30.33,40.43,13.22,66.95,25,40,Warsaw,,52.2297,21.0122,100,
2024-05-29T15:00:00+00:00,30.69,42.79,13.38,66.42,25,40,Warsaw,,52.2297,21.0122,100,
2024-05-29T16:00:00+00:00,24.48,31.33,11.3,63.3,25,40,Warsaw,,52.2297,21.0122,100,
2024-05-29T17:00:00+00:00,30.21,43.65,12.18,64.45,25,40,Warsaw,,52.2297,21.0122,100,
2024-05-29T18:00:00+00:00,27.22,34.78,13.4,60.84,25,40,Warsaw,,52.2297,21.0122,100,
2024-05-29T19:00:00+00:00,24.96,31.28,13.34,52.6,25,40,Warsaw,,52.2297,21.0122,100,
2024-05-29T20:00:00+00:00,28.03,34.95,12.57,67.39,25,40,Warsaw,,52.2297,21.0122,100,
2024-05-29T21:00:00+00:00,30.02,37.36,12.61,57.74,25,40,Warsaw,,52.2297,21.0122,100,
2024-05-29T22:00:00+00:00,24.67,34.88,14.42,58.71,25,40,Warsaw,,52.2297,21.0122,100,
2024-05-29T23:00:00+00:00,28.74,38.97,16.26,61.83,25,40,Warsaw,,52.2297,21.0122,100,
2024-05-30T00:00:00+00:00,32.4,41.26,16.8,66.2,25,40,Warsaw,,52.2297,21.0122,100,
2024-05-30T01:00:00+00:00,31.44,38.86,16.87,71.53,25,40,Warsaw,,52.2297,21.0122,100,
2024-05-30T02:00:00+00:00,33.04,41.03,16.52,71.06,25,40,Warsaw,,52.2297,21.0122,100,
2024-05-30T03:00:00+00:00,31.66,40.91,17.77,84.1,25,40,Warsaw,,52.2297,21.0122,100,
2024-05-30T04:00:00+00:00,24.32,31.74,19.84,71.35,25,40,Warsaw,,52.2297,21.0122,100,
2024-05-30T05:00:00+00:00,31.47,38.82,19.25,72.18,25,40,Warsaw,,52.2297,21.0122,100,
2024-05-30T06:00:00+00:00,31.59,40.98,20.57,76.42,25,40,Warsaw,,52.2297,21.0122,100,
2024-05-30T07:00:00+00:00,31.73,39.79,20.42,86.19,25,40,Warsaw,,52.2297,21.0122,100,
2024-05-30T08:00:00+00:00,28.04,36.77,20.8,78.03,25,40,Warsaw,,52.2297,21.0122,100,
2024-05-30T09:00:00+00:00,32.68,44.76,20.21,83.15,25,40,Warsaw,,52.2297,21.0122,100,
2024-05-30T10:00:00+00:00,26.99,34.59,16.76,81.67,25,40,Warsaw,,52.2297,21.0122,100,
2024-05-30T11:00:00+00:00,26.04,33.87,16.66,71.34,25,40,Warsaw,,52.2297,21.0122,100,
2024-05-30T12:00:00+00:00,29.07,40.82,16.5,66.48,25,40,Warsaw,,52.2297,21.0122,100,
2024-05-30T13:00:00+00:00,26.07,36.04,16.17,74.97,25,40,Warsaw,,52.2297,21.0122,100,
2024-05-30T14:00:00+00:00,27.01,34.92,13.06,67.57,25,40,Warsaw,,52.2297,21.0122,100,
2024-05-30T15:00:00+00:00,24.93,30.7,13.12,56.46,25,40,Warsaw,,52.2297,21.0122,100,
2024-05-30T16:00:00+00:00,25.8,36.1,12.82,66.94,25,40,Warsaw,,52.2297,21.0122,100,
2024-05-30T17:00:00+00:00,25.32,31.09,12.73,59.14,25,40,Warsaw,,52.2297,21.0122,100,
2024-05-30T18:00:00+00:00,32.19,44.12,11.41,55.7,25,40,Warsaw,,52.2297,21.0122,100,
2024-05-30T19:00:00+00:00,29.72,37.15,12.57,59.89,25,40,Warsaw,,52.2297,21.0122,100,
2024-05-30T20:00:00+00:00,32.99,43.49,11.22,65.38,25,40,Warsaw,,52.2297,21.0122,100,
2024-05-30T21:00:00+00:00,28.11,37.96,14.32,56.54,25,40,Warsaw,,52.2297,21.0122,100,
2024-05-30T22:00:00+00:00,25.09,29.99,13.64,62.91,25,40,Warsaw,,52.2297,21.0122,100,
2024-05-30T23:00:00+00:00,29.6,36.23,14.91,63.81,25,40,Warsaw,,52.2297,21.0122,100,
2024-05-31T00:00:00+00:00,27.08,34.26,15.88,73.55,25,40,Warsaw,,52.2297,21.0122,100,
2024-05-31T01:00:00+00:00,29.58,36.23,17.05,79.29,25,40,Warsaw,,52.2297,21.0122,100,
2024-05-31T02:00:00+00:00,25.77,31.01,18.24,80.93,25,40,Warsaw,,52.2297,21.0122,100,
2024-05-31T03:00:00+00:00,27.4,35.43,19.25,81.23,25,40,Warsaw,,52.2297,21.0122,100,
2024-05-31T04:00:00+00:00,31.67,45.5,18.0,75.75,25,40,Warsaw,,52.2297,21.0122,100,
2024-05-31T05:00:00+00:00,28.96,42.13,18.92,78.28,25,40,Warsaw,,52.2297,21.0122,100,
2024-05-31T06:00:00+00:00,30.11,43.35,19.45,76.6,25,40,Warsaw,,52.2297,21.0122,100,
2024-05-31T07:00:00+00:00,26.65,36.78,18.67,84.09,25,40,Warsaw,,52.2297,21.0122,100,
2024-05-31T08:00:00+00:00,30.02,36.72,18.44,84.98,25,40,Warsaw,,52.2297,21.0122,100,
2024-05-31T09:00:00+00:00,27.49,36.69,18.52,81.85,25,40,Warsaw,,52.2297,21.0122,100,
2024-05-31T10:00:00+00:00,32.79,45.36,17.88,82.45,25,40,Warsaw,,52.2297,21.0122,100,
2024-05-31T11:00:00+00:00,28.23,38.97,16.97,68.93,25,40,Warsaw,,52.2297,21.0122,100,
2024-05-31T12:00:00+00:00,26.13,37.52,16.5,66.46,25,40,Warsaw,,52.2297,21.0122,100,
2024-05-31T13:00:00+00:00,24.44,30.6,15.05,59.79,25,40,Warsaw,,52.2297,21.0122,100,
2024-05-31T14:00:00+00:00,24.37,33.08,15.45,65.92,25,40,Warsaw,,52.2297,21.0122,100,
2024-05-31T15:00:00+00:00,26.81,36.34,14.09,58.29,25,40,Warsaw,,52.2297,21.0122,100,
2024-05-31T16:00:00+00:00,23.78,35.63,11.54,54.6,25,40,Warsaw,,52.2297,21.0122,100,
2024-05-31T17:00:00+00:00,27.51,35.4,13.32,58.6,25,40,Warsaw,,52.2297,21.0122,100,
2024-05-31T18:00:00+00:00,25.23,33.31,12.76,66.7,25,40,Warsaw,,52.2297,21.0122,100,
2024-05-31T19:00:00+00:00,30.89,41.54,11.47,55.69,25,40,Warsaw,,52.2297,21.0122,100,
2024-05-31T20:00:00+00:00,28.13,37.56,13.86,53.82,25,40,Warsaw,,52.2297,21.0122,100,
2024-05-31T21:00:00+00:00,32.48,43.06,11.8,64.42,25,40,Warsaw,,52.2297,21.0122,100,
2024-05-31T22:00:00+00:00,23.65,35.33,15.14,58.42,25,40,Warsaw,,52.2297,21.0122,100,
2024-05-31T23:00:00+00:00,32.19,40.93,15.88,61.52,25,40,Warsaw,,52.2297,21.0122,100,
2024-06-01T00:00:00+00:00,22.13,26.07,20.43,63.18,25,40,Warsaw,,52.2297,21.0122,100,
2024-06-01T01:00:00+00:00,17.14,20.86,20.78,66.29,25,40,Warsaw,,52.2297,21.0122,100,
2024-06-01T02:00:00+00:00,18.27,26.05,22.09,72.85,25,40,Warsaw,,52.2297,21.0122,100,
2024-06-01T03:00:00+00:00,21.93,30.7,21.58,74.43,25,40,Warsaw,,52.2297,21.0122,100,
2024-06-01T04:00:00+00:00,21.39,27.86,22.06,72.44,25,40,Warsaw,,52.2297,21.0122,100,
2024-06-01T05:00:00+00:00,23.26,27.63,23.87,86.98,25,40,Warsaw,,52.2297,21.0122,100,
2024-06-01T06:00:00+00:00,21.71,31.89,23.22,81.41,25,40,Warsaw,,52.2297,21.0122,100,
2024-06-01T07:00:00+00:00,19.7,30.49,24.65,85.93,25,40,Warsaw,,52.2297,21.0122,100,
2024-06-01T08:00:00+00:00,19.96,30.14,23.28,71.37,25,40,Warsaw,,52.2297,21.0122,100,
2024-06-01T09:00:00+00:00,20.62,28.19,24.13,73.66,25,40,Warsaw,,52.2297,21.0122,100,
2024-06-01T10:00:00+00:00,19.62,27.89,22.75,71.37,25,40,Warsaw,,52.2297,21.0122,100,
2024-06-01T11:00:00+00:00,21.76,28.75,22.23,67.57,25,40,Warsaw,,52.2297,21.0122,100,
2024-06-01T12:00:00+00:00,22.77,29.3,20.74,76.77,25,40,Warsaw,,52.2297,21.0122,100,
2024-06-01T13:00:00+00:00,17.98,23.61,19.12,68.78,25,40,Warsaw,,52.2297,21.0122,100,
2024-06-01T14:00:00+00:00,21.56,26.42,18.5,72.8,25,40,Warsaw,,52.2297,21.0122,100,
2024-06-01T15:00:00+00:00,19.37,25.13,16.83,70.32,25,40,Warsaw,,52.2297,21.0122,100,
2024-06-01T16:00:00+00:00,17.79,22.68,16.32,57.25,25,40,Warsaw,,52.2297,21.0122,100,
2024-06-01T17:00:00+00:00,20.24,29.03,17.11,67.21,25,40,Warsaw,,52.2297,21.0122,100,
2024-06-01T18:00:00+00:00,20.24,26.09,14.57,53.31,25,40,Warsaw,,52.2297,21.0122,100,
2024-06-01T19:00:00+00:00,22.73,30.81,16.06,63.3,25,40,Warsaw,,52.2297,21.0122,100,
2024-06-01T20:00:00+00:00,16.96,26.34,15.85,54.34,25,40,Warsaw,,52.2297,21.0122,100,
2024-06-01T21:00:00+00:00,20.95,29.68,17.33,55.3,25,40,Warsaw,,52.2297,21.0122,100,
2024-06-01T22:00:00+00:00,23.05,33.47,18.33,70.03,25,40,Warsaw,,52.2297,21.0122,100,
2024-06-01T23:00:00+00:00,17.7,26.09,19.55,60.12,25,40,Warsaw,,52.2297,21.0122,100,
2024-06-02T00:00:00+00:00,16.97,23.94,19.98,63.23,25,40,Warsaw,,52.2297,21.0122,100,
2024-06-02T01:00:00+00:00,24.75,32.75,20.09,80.5,25,40,Warsaw,,52.2297,21.0122,100,
2024-06-02T02:00:00+00:00,21.31,25.5,22.23,78.82,25,40,Warsaw,,52.2297,21.0122,100,
2024-06-02T03:00:00+00:00,21.28,25.83,21.58,74.93,25,40,Warsaw,,52.2297,21.0122,100,
2024-06-02T04:00:00+00:00,21.59,27.7,23.41,71.54,25,40,Warsaw,,52.2297,21.0122,100,
2024-06-02T05:00:00+00:00,20.28,26.43,23.06,71.75,25,40,Warsaw,,52.2297,21.0122,100,
2024-06-02T06:00:00+00:00,24.56,33.88,23.41,87.74,25,40,Warsaw,,52.2297,21.0122,100,
2024-06-02T07:00:00+00:00,23.29,27.63,25.3,83.54,25,40,Warsaw,,52.2297,21.0122,100,
2024-06-02T08:00:00+00:00,19.83,29.68,22.26,75.05,25,40,Warsaw,,52.2297,21.0122,100,
2024-06-02T09:00:00+00:00,20.62,24.03,21.5,77.95,25,40,Warsaw,,52.2297,21.0122,100,
2024-06-02T10:00:00+00:00,21.18,31.6,23.2,69.48,25,40,Warsaw,,52.2297,21.0122,100,
2024-06-02T11:00:00+00:00,18.88,26.26,21.98,66.76,25,40,Warsaw,,52.2297,21.0122,100,
2024-06-02T12:00:00+00:00,21.05,26.02,18.8,75.5,25,40,Warsaw,,52.2297,21.0122,100,
2024-06-02T13:00:00+00:00,18.29,27.31,17.6,75.1,25,40,Warsaw,,52.2297,21.0122,100,
2024-06-02T14:00:00+00:00,21.0,24.36,16.69,70.25,25,40,Warsaw,,52.2297,21.0122,100,
2024-06-02T15:00:00+00:00,17.63,22.96,16.13,56.83,25,40,Warsaw,,52.2297,21.0122,100,
2024-06-02T16:00:00+00:00,19.19,27.05,16.61,57.93,25,40,Warsaw,,52.2297,21.0122,100,
2024-06-02T17:00:00+00:00,21.68,32.82,16.86,52.9,25,40,Warsaw,,52.2297,21.0122,100,
2024-06-02T18:00:00+00:00,22.52,26.84,16.48,64.97,25,40,Warsaw,,52.2297,21.0122,100,
2024-06-02T19:00:00+00:00,18.72,21.4,15.92,62.43,25,40,Warsaw,,52.2297,21.0122,100,
2024-06-02T20:00:00+00:00,19.55,25.81,17.54,59.82,25,40,Warsaw,,52.2297,21.0122,100,
2024-06-02T21:00:00+00:00,19.91,23.31,17.05,56.4,25,40,Warsaw,,52.2297,21.0122,100,
2024-06-02T22:00:00+00:00,17.13,25.78,19.48,58.03,25,40,Warsaw,,52.2297,21.0122,100,
2024-06-02T23:00:00+00:00,19.38,24.42,19.17,62.21,25,40,Warsaw,,52.2297,21.0122,100,
2024-06-03T00:00:00+00:00,18.57,25.35,18.98,76.2,25,40,Warsaw,,52.2297,21.0122,100,
2024-06-03T01:00:00+00:00,22.61,26.87,21.84,78.88,25,40,Warsaw,,52.2297,21.0122,100,
2024-06-03T02:00:00+00:00,23.24,29.32,21.39,80.15,25,40,Warsaw,,52.2297,21.0122,100,
2024-06-03T03:00:00+00:00,18.25,25.79,22.17,80.33,25,40,Warsaw,,52.2297,21.0122,100,
2024-06-03T04:00:00+00:00,21.0,29.5,24.45,85.08,25,40,Warsaw,,52.2297,21.0122,100,
2024-06-03T05:00:00+00:00,19.02,25.04,22.79,82.41,25,40,Warsaw,,52.2297,21.0122,100,
2024-06-03T06:00:00+00:00,19.93,25.48,23.87,87.19,25,40,Warsaw,,52.2297,21.0122,100,
2024-06-03T07:00:00+00:00,23.37,31.01,22.62,72.81,25,40,Warsaw,,52.2297,21.0122,100,
2024-06-03T08:00:00+00:00,20.54,29.55,24.0,76.99,25,40,Warsaw,,52.2297,21.0122,100,
2024-06-03T09:00:00+00:00,22.73,27.14,24.22,69.27,25,40,Warsaw,,52.2297,21.0122,100,
2024-06-03T10:00:00+00:00,20.53,27.04,23.08,70.29,25,40,Warsaw,,52.2297,21.0122,100,
2024-06-03T11:00:00+00:00,21.1,28.2,22.52,71.19,25,40,Warsaw,,52.2297,21.0122,100,
2024-06-03T12:00:00+00:00,21.39,26.93,21.14,76.19,25,40,Warsaw,,52.2297,21.0122,100,
2024-06-03T13:00:00+00:00,23.15,34.38,18.65,74.68,25,40,Warsaw,,52.2297,21.0122,100,
2024-06-03T14:00:00+00:00,19.12,28.79,18.83,68.15,25,40,Warsaw,,52.2297,21.0122,100,
2024-06-03T15:00:00+00:00,20.01,27.51,15.92,63.07,25,40,Warsaw,,52.2297,21.0122,100,
2024-06-03T16:00:00+00:00,21.15,31.1,15.88,63.84,25,40,Warsaw,,52.2297,21.0122,100,
2024-06-03T17:00:00+00:00,19.09,25.99,16.21,57.73,25,40,Warsaw,,52.2297,21.0122,100,
2024-06-03T18:00:00+00:00,20.38,26.03,15.63,54.73,25,40,Warsaw,,52.2297,21.0122,100,
2024-06-03T19:00:00+00:00,18.56,21.52,15.09,67.13,25,40,Warsaw,,52.2297,21.0122,100,
2024-06-03T20:00:00+00:00,22.13,30.97,15.27,61.82,25,40,Warsaw,,52.2297,21.0122,100,
2024-06-03T21:00:00+00:00,17.16,23.17,17.97,56.52,25,40,Warsaw,,52.2297,21.0122,100,
2024-06-03T22:00:00+00:00,21.95,26.07,17.21,60.53,25,40,Warsaw,,52.2297,21.0122,100,
2024-06-03T23:00:00+00:00,20.09,28.64,17.97,65.16,25,40,Warsaw,,52.2297,21.0122,100,
2024-06-04T00:00:00+00:00,18.86,21.69,20.43,71.82,25,40,Warsaw,,52.2297,21.0122,100,
2024-06-04T01:00:00+00:00,19.47,27.12,20.84,79.73,25,40,Warsaw,,52.2297,21.0122,100,
2024-06-04T02:00:00+00:00,21.73,26.05,21.69,80.6,25,40,Warsaw,,52.2297,21.0122,100,
2024-06-04T03:00:00+00:00,19.4,22.77,22.34,78.9,25,40,Warsaw,,52.2297,21.0122,100,
2024-06-04T04:00:00+00:00,19.77,22.9,24.68,80.84,25,40,Warsaw,,52.2297,21.0122,100,
2024-06-04T05:00:00+00:00,21.18,27.68,25.22,80.2,25,40,Warsaw,,52.2297,21.0122,100,
2024-06-04T06:00:00+00:00,24.42,35.16,23.29,85.8,25,40,Warsaw,,52.2297,21.0122,100,
2024-06-04T07:00:00+00:00,21.98,30.78,24.87,83.64,25,40,Warsaw,,52.2297,21.0122,100,
2024-06-04T08:00:00+00:00,22.78,28.52,23.6,85.04,25,40,Warsaw,,52.2297,21.0122,100,
2024-06-04T09:00:00+00:00,18.78,23.63,24.23,70.81,25,40,Warsaw,,52.2297,21.0122,100,
2024-06-04T10:00:00+00:00,21.58,26.4,22.45,77.56,25,40,Warsaw,,52.2297,21.0122,100,
2024-06-04T11:00:00+00:00,23.28,34.62,19.66,66.68,25,40,Warsaw,,52.2297,21.0122,100,
2024-06-04T12:00:00+00:00,19.59,25.66,20.85,65.66,25,40,Warsaw,,52.2297,21.0122,100,
2024-06-04T13:00:00+00:00,20.03,25.25,18.29,69.34,25,40,Warsaw,,52.2297,21.0122,100,
2024-06-04T14:00:00+00:00,16.99,26.77,17.77,61.48,25,40,Warsaw,,52.2297,21.0122,100,
2024-06-04T15:00:00+00:00,22.64,33.28,18.42,67.68,25,40,Warsaw,,52.2297,21.0122,100,
2024-06-04T16:00:00+00:00,18.95,27.06,16.15,53.39,25,40,Warsaw,,52.2297,21.0122,100,
2024-06-04T17:00:00+00:00,21.59,25.69,17.4,62.35,25,40,Warsaw,,52.2297,21.0122,100,
2024-06-04T18:00:00+00:00,20.13,24.73,16.14,59.04,25,40,Warsaw,,52.2297,21.0122,100,
2024-06-04T19:00:00+00:00,22.69,34.12,15.81,54.28,25,40,Warsaw,,52.2297,21.0122,100,
2024-06-04T20:00:00+00:00,17.53,22.41,15.14,56.87,25,40,Warsaw,,52.2297,21.0122,100,
2024-06-04T21:00:00+00:00,20.2,27.77,17.28,66.66,25,40,Warsaw,,52.2297,21.0122,100,
2024-06-04T22:00:00+00:00,22.29,30.67,18.94,69.98,25,40,Warsaw,,52.2297,21.0122,100,
2024-06-04T23:00:00+00:00,20.62,26.73,18.21,68.62,25,40,Warsaw,,52.2297,21.0122,100,
2024-06-05T00:00:00+00:00,18.2,25.29,20.01,67.48,25,40,Warsaw,,52.2297,21.0122,100,
2024-06-05T01:00:00+00:00,21.08,31.19,22.27,80.35,25,40,Warsaw,,52.2297,21.0122,100,
2024-06-05T02:00:00+00:00,22.46,31.74,22.37,80.04,25,40,Warsaw,,52.2297,21.0122,100,
2024-06-05T03:00:00+00:00,21.3,27.18,22.8,73.27,25,40,Warsaw,,52.2297,21.0122,100,
2024-06-05T04:00:00+00:00,20.57,30.23,23.73,86.54,25,40,Warsaw,,52.2297,21.0122,100,
2024-06-05T05:00:00+00:00,21.27,32.17,25.02,74.97,25,40,Warsaw,,52.2297,21.0122,100,
2024-06-05T06:00:00+00:00,23.2,34.54,24.78,83.52,25,40,Warsaw,,52.2297,21.0122,100,
2024-06-05T07:00:00+00:00,23.36,35.4,22.38,76.39,25,40,Warsaw,,52.2297,21.0122,100,
2024-06-05T08:00:00+00:00,21.3,25.52,24.36,78.23,25,40,Warsaw,,52.2297,21.0122,100,
2024-06-05T09:00:00+00:00,21.71,31.63,22.53,80.31,25,40,Warsaw,,52.2297,21.0122,100,
2024-06-05T10:00:00+00:00,21.46,32.19,22.87,67.99,25,40,Warsaw,,52.2297,21.0122,100,
2024-06-05T11:00:00+00:00,20.94,26.28,21.04,72.05,25,40,Warsaw,,52.2297,21.0122,100,
2024-06-05T12:00:00+00:00,22.72,33.64,19.44,62.09,25,40,Warsaw,,52.2297,21.0122,100,
2024-06-05T13:00:00+00:00,21.74,31.66,18.92,64.15,25,40,Warsaw,,52.2297,21.0122,100,
2024-06-05T14:00:00+00:00,21.79,33.33,18.79,64.27,25,40,Warsaw,,52.2297,21.0122,100,
2024-06-05T15:00:00+00:00,20.19,24.04,18.22,65.8,25,40,Warsaw,,52.2297,21.0122,100,
2024-06-05T16:00:00+00:00,19.36,27.35,17.45,67.97,25,40,Warsaw,,52.2297,21.0122,100,
2024-06-05T17:00:00+00:00,18.95,21.88,17.08,53.66,25,40,Warsaw,,52.2297,21.0122,100,
2024-06-05T18:00:00+00:00,19.78,26.52,15.79,66.96,25,40,Warsaw,,52.2297,21.0122,100,
2024-06-05T19:00:00+00:00,17.78,25.48,15.91,53.23,25,40,Warsaw,,52.2297,21.0122,100,
2024-06-05T20:00:00+00:00,21.59,30.0,16.08,64.3,25,40,Warsaw,,52.2297,21.0122,100,
2024-06-05T21:00:00+00:00,18.25,20.93,16.38,68.33,25,40,Warsaw,,52.2297,21.0122,100,
2024-06-05T22:00:00+00:00,18.91,28.11,16.99,65.77,25,40,Warsaw,,52.2297,21.0122,100,
2024-06-05T23:00:00+00:00,23.97,36.26,18.82,73.09,25,40,Warsaw,,52.2297,21.0122,100,
2024-06-06T00:00:00+00:00,18.9,22.5,20.85,70.59,25,40,Warsaw,,52.2297,21.0122,100,
2024-06-06T01:00:00+00:00,22.55,27.69,21.14,67.11,25,40,Warsaw,,52.2297,21.0122,100,
2024-06-06T02:00:00+00:00,22.8,32.56,21.75,76.33,25,40,Warsaw,,52.2297,21.0122,100,
2024-06-06T03:00:00+00:00,20.92,27.12,21.87,75.12,25,40,Warsaw,,52.2297,21.0122,100,
2024-06-06T04:00:00+00:00,20.71,28.94,22.52,83.73,25,40,Warsaw,,52.2297,21.0122,100,
2024-06-06T05:00:00+00:00,17.66,27.64,22.91,76.29,25,40,Warsaw,,52.2297,21.0122,100,
2024-06-06T06:00:00+00:00,19.05,26.02,23.47,87.14,25,40,Warsaw,,52.2297,21.0122,100,
2024-06-06T07:00:00+00:00,22.32,29.27,25.24,83.7,25,40,Warsaw,,52.2297,21.0122,100,
2024-06-06T08:00:00+00:00,23.25,31.05,24.53,78.9,25,40,Warsaw,,52.2297,21.0122,100,
2024-06-06T09:00:00+00:00,17.6,26.85,23.86,76.58,25,40,Warsaw,,52.2297,21.0122,100,
2024-06-06T10:00:00+00:00,20.66,27.1,21.23,68.76,25,40,Warsaw,,52.2297,21.0122,100,
2024-06-06T11:00:00+00:00,24.23,34.36,21.83,79.83,25,40,Warsaw,,52.2297,21.0122,100,
2024-06-06T12:00:00+00:00,18.41,21.23,18.54,62.07,25,40,Warsaw,,52.2297,21.0122,100,
2024-06-06T13:00:00+00:00,23.89,34.79,18.41,75.04,25,40,Warsaw,,52.2297,21.0122,100,
2024-06-06T14:00:00+00:00,22.96,27.54,18.98,71.29,25,40,Warsaw,,52.2297,21.0122,100,
2024-06-06T15:00:00+00:00,19.31,22.39,16.82,67.45,25,40,Warsaw,,52.2297,21.0122,100,
2024-06-06T16:00:00+00:00,17.59,19.89,15.14,63.55,25,40,Warsaw,,52.2297,21.0122,100,
2024-06-06T17:00:00+00:00,16.52,25.23,16.46,53.02,25,40,Warsaw,,52.2297,21.0122,100,
2024-06-06T18:00:00+00:00,18.48,21.07,15.34,66.66,25,40,Warsaw,,52.2297,21.0122,100,
2024-06-06T19:00:00+00:00,21.25,31.6,14.79,54.85,25,40,Warsaw,,52.2297,21.0122,100,
2024-06-06T20:00:00+00:00,19.62,26.17,16.39,69.12,25,40,Warsaw,,52.2297,21.0122,100,
2024-06-06T21:00:00+00:00,19.82,29.21,18.22,68.35,25,40,Warsaw,,52.2297,21.0122,100,
2024-06-06T22:00:00+00:00,18.1,26.2,17.33,68.49,25,40,Warsaw,,52.2297,21.0122,100,
2024-06-06T23:00:00+00:00,22.11,26.36,18.18,66.48,25,40,Warsaw,,52.2297,21.0122,100,
2024-06-07T00:00:00+00:00,20.04,29.0,19.09,75.11,25,40,Warsaw,,52.2297,21.0122,100,
2024-06-07T01:00:00+00:00,18.69,28.18,21.31,77.99,25,40,Warsaw,,52.2297,21.0122,100,
2024-06-07T02:00:00+00:00,20.47,30.24,22.53,82.06,25,40,Warsaw,,52.2297,21.0122,100,
2024-06-07T03:00:00+00:00,19.4,22.37,24.15,84.09,25,40,Warsaw,,52.2297,21.0122,100,
2024-06-07T04:00:00+00:00,22.26,30.72,22.63,80.52,25,40,Warsaw,,52.2297,21.0122,100,
2024-06-07T05:00:00+00:00,19.6,29.79,25.04,82.28,25,40,Warsaw,,52.2297,21.0122,100,
2024-06-07T06:00:00+00:00,20.96,28.36,23.95,85.42,25,40,Warsaw,,52.2297,21.0122,100,
2024-06-07T07:00:00+00:00,17.98,21.16,24.16,79.78,25,40,Warsaw,,52.2297,21.0122,100,
2024-06-07T08:00:00+00:00,22.88,34.83,23.37,77.9,25,40,Warsaw,,52.2297,21.0122,100,
2024-06-07T09:00:00+00:00,19.62,24.5,21.71,80.65,25,40,Warsaw,,52.2297,21.0122,100,
2024-06-07T10:00:00+00:00,18.09,26.84,22.42,67.7,25,40,Warsaw,,52.2297,21.0122,100,
2024-06-07T11:00:00+00:00,18.15,23.54,22.0,75.12,25,40,Warsaw,,52.2297,21.0122,100,
2024-06-07T12:00:00+00:00,23.46,35.4,20.39,72.51,25,40,Warsaw,,52.2297,21.0122,100,
2024-06-07T13:00:00+00:00,21.17,30.11,18.33,69.89,25,40,Warsaw,,52.2297,21.0122,100,
2024-06-07T14:00:00+00:00,17.01,22.64,19.27,58.0,25,40,Warsaw,,52.2297,21.0122,100,
2024-06-07T15:00:00+00:00,23.45,29.19,18.43,69.77,25,40,Warsaw,,52.2297,21.0122,100,
2024-06-07T16:00:00+00:00,19.03,24.46,15.38,68.84,25,40,Warsaw,,52.2297,21.0122,100,
2024-06-07T17:00:00+00:00,21.04,25.99,16.06,63.93,25,40,Warsaw,,52.2297,21.0122,100,
2024-06-07T18:00:00+00:00,19.03,21.75,17.49,63.08,25,40,Warsaw,,52.2297,21.0122,100,
2024-06-07T19:00:00+00:00,19.64,29.11,15.92,56.2,25,40,Warsaw,,52.2297,21.0122,100,
2024-06-07T20:00:00+00:00,20.66,29.33,16.55,68.17,25,40,Warsaw,,52.2297,21.0122,100,
2024-06-07T21:00:00+00:00,19.62,25.56,15.95,63.71,25,40,Warsaw,,52.2297,21.0122,100,
2024-06-07T22:00:00+00:00,19.72,28.9,18.74,58.5,25,40,Warsaw,,52.2297,21.0122,100,
2024-06-07T23:00:00+00:00,19.4,28.9,18.16,70.71,25,40,Warsaw,,52.2297,21.0122,100,
2024-06-08T00:00:00+00:00,23.38,32.08,20.01,66.91,25,40,Warsaw,,52.2297,21.0122,100,
2024-06-08T01:00:00+00:00,21.75,26.84,21.13,77.59,25,40,Warsaw,,52.2297,21.0122,100,
2024-06-08T02:00:00+00:00,19.86,27.45,22.39,70.0,25,40,Warsaw,,52.2297,21.0122,100,
2024-06-08T03:00:00+00:00,19.34,29.1,24.2,84.06,25,40,Warsaw,,52.2297,21.0122,100,
2024-06-08T04:00:00+00:00,22.96,32.73,23.23,72.65,25,40,Warsaw,,52.2297,21.0122,100,
2024-06-08T05:00:00+00:00,24.01,34.04,24.55,86.24,25,40,Warsaw,,52.2297,21.0122,100,
2024-06-08T06:00:00+00:00,18.52,27.0,23.92,84.41,25,40,Warsaw,,52.2297,21.0122,100,
2024-06-08T07:00:00+00:00,18.71,23.24,22.67,81.64,25,40,Warsaw,,52.2297,21.0122,100,
2024-06-08T08:00:00+00:00,22.22,32.11,24.8,71.24,25,40,Warsaw,,52.2297,21.0122,100,
2024-06-08T09:00:00+00:00,23.03,34.42,21.66,83.25,25,40,Warsaw,,52.2297,21.0122,100,
2024-06-08T10:00:00+00:00,23.63,33.32,21.7,82.14,25,40,Warsaw,,52.2297,21.0122,100,
2024-06-08T11:00:00+00:00,21.18,25.66,20.74,64.78,25,40,Warsaw,,52.2297,21.0122,100,
2024-06-08T12:00:00+00:00,18.04,22.26,19.43,74.53,25,40,Warsaw,,52.2297,21.0122,100,
2024-06-08T13:00:00+00:00,19.13,29.18,19.18,59.54,25,40,Warsaw,,52.2297,21.0122,100,
2024-06-08T14:00:00+00:00,18.17,28.08,18.82,68.39,25,40,Warsaw,,52.2297,21.0122,100,
2024-06-08T15:00:00+00:00,22.87,33.44,18.0,65.75,25,40,Warsaw,,52.2297,21.0122,100,
2024-06-08T16:00:00+00:00,21.81,31.96,16.86,56.79,25,40,Warsaw,,52.2297,21.0122,100,
2024-06-08T17:00:00+00:00,18.06,20.85,15.44,62.78,25,40,Warsaw,,52.2297,21.0122,100,
2024-06-08T18:00:00+00:00,20.28,26.85,15.85,64.29,25,40,Warsaw,,52.2297,21.0122,100,
2024-06-08T19:00:00+00:00,17.35,20.4,17.14,54.37,25,40,Warsaw,,52.2297,21.0122,100,
2024-06-08T20:00:00+00:00,18.8,28.41,17.33,68.66,25,40,Warsaw,,52.2297,21.0122,100,
2024-06-08T21:00:00+00:00,22.16,31.06,16.53,67.4,25,40,Warsaw,,52.2297,21.0122,100,
2024-06-08T22:00:00+00:00,22.27,26.91,17.06,68.72,25,40,Warsaw,,52.2297,21.0122,100,
2024-06-08T23:00:00+00:00,20.88,26.62,19.81,73.26,25,40,Warsaw,,52.2297,21.0122,100,
2024-06-09T00:00:00+00:00,20.87,31.55,18.81,74.42,25,40,Warsaw,,52.2297,21.0122,100,
2024-06-09T01:00:00+00:00,22.97,27.85,22.17,65.11,25,40,Warsaw,,52.2297,21.0122,100,
2024-06-09T02:00:00+00:00,17.47,19.74,22.06,67.09,25,40,Warsaw,,52.2297,21.0122,100,
2024-06-09T03:00:00+00:00,20.34,28.97,22.36,80.96,25,40,Warsaw,,52.2297,21.0122,100,
2024-06-09T04:00:00+00:00,20.06,25.04,23.27,77.38,25,40,Warsaw,,52.2297,21.0122,100,
2024-06-09T05:00:00+00:00,17.06,26.43,25.04,72.63,25,40,Warsaw,,52.2297,21.0122,100,
2024-06-09T06:00:00+00:00,18.27,20.97,22.76,72.01,25,40,Warsaw,,52.2297,21.0122,100,
2024-06-09T07:00:00+00:00,18.44,27.5,22.91,75.7,25,40,Warsaw,,52.2297,21.0122,100,
2024-06-09T08:00:00+00:00,24.19,34.74,24.1,81.44,25,40,Warsaw,,52.2297,21.0122,100,
2024-06-09T09:00:00+00:00,17.75,26.6,21.6,75.86,25,40,Warsaw,,52.2297,21.0122,100,
2024-06-09T10:00:00+00:00,22.39,34.1,22.97,80.08,25,40,Warsaw,,52.2297,21.0122,100,
2024-06-09T11:00:00+00:00,18.72,23.82,21.92,74.47,25,40,Warsaw,,52.2297,21.0122,100,
2024-06-09T12:00:00+00:00,22.32,31.54,21.43,73.38,25,40,Warsaw,,52.2297,21.0122,100,
2024-06-09T13:00:00+00:00,22.67,29.15,19.96,61.06,25,40,Warsaw,,52.2297,21.0122,100,
2024-06-09T14:00:00+00:00,23.73,29.1,16.69,69.05,25,40,Warsaw,,52.2297,21.0122,100,
2024-06-09T15:00:00+00:00,19.99,24.32,16.08,54.95,25,40,Warsaw,,52.2297,21.0122,100,
2024-06-09T16:00:00+00:00,17.16,21.16,15.79,57.33,25,40,Warsaw,,52.2297,21.0122,100,
2024-06-09T17:00:00+00:00,21.66,32.91,15.36,55.7,25,40,Warsaw,,52.2297,21.0122,100,
2024-06-09T18:00:00+00:00,16.54,25.91,14.73,53.3,25,40,Warsaw,,52.2297,21.0122,100,
2024-06-09T19:00:00+00:00,20.33,25.11,14.82,67.34,25,40,Warsaw,,52.2297,21.0122,100,
2024-06-09T20:00:00+00:00,16.48,19.46,16.13,55.17,25,40,Warsaw,,52.2297,21.0122,100,
2024-06-09T21:00:00+00:00,19.12,22.24,18.02,70.11,25,40,Warsaw,,52.2297,21.0122,100,
2024-06-09T22:00:00+00:00,17.7,24.47,18.87,63.15,25,40,Warsaw,,52.2297,21.0122,100,
2024-06-09T23:00:00+00:00,19.09,22.41,17.74,72.46,25,40,Warsaw,,52.2297,21.0122,100,
2024-06-10T00:00:00+00:00,17.86,25.99,18.73,63.71,25,40,Warsaw,,52.2297,21.0122,100,
2024-06-10T01:00:00+00:00,17.63,23.91,20.17,67.67,25,40,Warsaw,,52.2297,21.0122,100,
2024-06-10T02:00:00+00:00,22.22,28.35,21.02,76.24,25,40,Warsaw,,52.2297,21.0122,100,
2024-06-10T03:00:00+00:00,18.13,26.01,22.91,81.32,25,40,Warsaw,,52.2297,21.0122,100,
2024-06-10T04:00:00+00:00,20.03,26.87,24.35,74.86,25,40,Warsaw,,52.2297,21.0122,100,
2024-06-10T05:00:00+00:00,20.07,26.24,25.31,75.72,25,40,Warsaw,,52.2297,21.0122,100,
2024-06-10T06:00:00+00:00,22.64,34.14,23.14,74.69,25,40,Warsaw,,52.2297,21.0122,100,
2024-06-10T07:00:00+00:00,22.62,33.11,25.06,83.5,25,40,Warsaw,,52.2297,21.0122,100,
2024-06-10T08:00:00+00:00,23.72,32.64,22.41,81.04,25,40,Warsaw,,52.2297,21.0122,100,
2024-06-10T09:00:00+00:00,22.64,29.69,22.2,73.69,25,40,Warsaw,,52.2297,21.0122,100,
2024-06-10T10:00:00+00:00,17.72,21.14,22.41,68.76,25,40,Warsaw,,52.2297,21.0122,100,
2024-06-10T11:00:00+00:00,19.44,23.27,22.05,67.04,25,40,Warsaw,,52.2297,21.0122,100,
2024-06-10T12:00:00+00:00,24.13,32.56,20.15,77.7,25,40,Warsaw,,52.2297,21.0122,100,
2024-06-10T13:00:00+00:00,19.89,25.74,19.41,71.16,25,40,Warsaw,,52.2297,21.0122,100,
2024-06-10T14:00:00+00:00,21.88,31.02,17.64,60.63,25,40,Warsaw,,52.2297,21.0122,100,
2024-06-10T15:00:00+00:00,21.18,30.66,16.7,65.46,25,40,Warsaw,,52.2297,21.0122,100,
2024-06-10T16:00:00+00:00,20.23,27.66,15.67,58.84,25,40,Warsaw,,52.2297,21.0122,100,
2024-06-10T17:00:00+00:00,16.88,19.61,17.1,59.63,25,40,Warsaw,,52.2297,21.0122,100,
2024-06-10T18:00:00+00:00,17.74,25.11,17.17,63.31,25,40,Warsaw,,52.2297,21.0122,100,
2024-06-10T19:00:00+00:00,20.93,28.64,17.42,68.11,25,40,Warsaw,,52.2297,21.0122,100,
2024-06-10T20:00:00+00:00,17.37,23.9,17.38,54.68,25,40,Warsaw,,52.2297,21.0122,100,
2024-06-10T21:00:00+00:00,20.13,27.66,17.26,67.4,25,40,Warsaw,,52.2297,21.0122,100,
2024-06-10T22:00:00+00:00,23.76,35.81,16.52,68.84,25,40,Warsaw,,52.2297,21.0122,100,
2024-06-10T23:00:00+00:00,22.69,31.54,20.36,65.16,25,40,Warsaw,,52.2297,21.0122,100,
2024-06-11T00:00:00+00:00,20.89,32.07,19.76,64.84,25,40,Warsaw,,52.2297,21.0122,100,
2024-06-11T01:00:00+00:00,20.81,31.91,20.95,66.57,25,40,Warsaw,,52.2297,21.0122,100,
2024-06-11T02:00:00+00:00,22.92,26.94,23.36,73.2,25,40,Warsaw,,52.2297,21.0122,100,
2024-06-11T03:00:00+00:00,18.47,28.22,24.16,75.8,25,40,Warsaw,,52.2297,21.0122,100,
2024-06-11T04:00:00+00:00,19.56,29.67,22.91,84.17,25,40,Warsaw,,52.2297,21.0122,100,
2024-06-11T05:00:00+00:00,23.3,35.07,25.1,73.9,25,40,Warsaw,,52.2297,21.0122,100,
2024-06-11T06:00:00+00:00,22.09,31.0,23.56,74.22,25,40,Warsaw,,52.2297,21.0122,100,
2024-06-11T07:00:00+00:00,19.69,23.74,24.01,80.62,25,40,Warsaw,,52.2297,21.0122,100,
2024-06-11T08:00:00+00:00,19.85,29.25,24.57,82.77,25,40,Warsaw,,52.2297,21.0122,100,
2024-06-11T09:00:00+00:00,22.98,28.19,22.73,80.39,25,40,Warsaw,,52.2297,21.0122,100,
2024-06-11T10:00:00+00:00,19.82,28.4,22.25,70.02,25,40,Warsaw,,52.2297,21.0122,100,
2024-06-11T11:00:00+00:00,20.41,31.47,21.57,65.12,25,40,Warsaw,,52.2297,21.0122,100,
2024-06-11T12:00:00+00:00,21.77,28.91,18.61,74.42,25,40,Warsaw,,52.2297,21.0122,100,
2024-06-11T13:00:00+00:00,20.81,24.34,18.5,74.74,25,40,Warsaw,,52.2297,21.0122,100,
2024-06-11T14:00:00+00:00,17.02,19.39,16.52,61.61,25,40,Warsaw,,52.2297,21.0122,100,
2024-06-11T15:00:00+00:00,23.25,28.89,17.9,66.7,25,40,Warsaw,,52.2297,21.0122,100,
2024-06-11T16:00:00+00:00,20.95,27.43,16.9,63.82,25,40,Warsaw,,52.2297,21.0122,100,
2024-06-11T17:00:00+00:00,20.24,26.58,15.28,66.4,25,40,Warsaw,,52.2297,21.0122,100,
2024-06-11T18:00:00+00:00,20.85,31.73,17.32,52.96,25,40,Warsaw,,52.2297,21.0122,100,
2024-06-11T19:00:00+00:00,19.98,25.3,15.84,68.14,25,40,Warsaw,,52.2297,21.0122,100,
2024-06-11T20:00:00+00:00,21.9,26.19,16.56,55.85,25,40,Warsaw,,52.2297,21.0122,100,
2024-06-11T21:00:00+00:00,20.69,24.34,17.17,55.55,25,40,Warsaw,,52.2297,21.0122,100,
2024-06-11T22:00:00+00:00,22.26,31.86,17.61,70.21,25,40,Warsaw,,52.2297,21.0122,100,
2024-06-11T23:00:00+00:00,18.51,24.91,18.62,63.6,25,40,Warsaw,,52.2297,21.0122,100,
2024-06-12T00:00:00+00:00,21.89,28.35,19.9,74.66,25,40,Warsaw,,52.2297,21.0122,100,
2024-06-12T01:00:00+00:00,20.44,29.49,21.54,73.51,25,40,Warsaw,,52.2297,21.0122,100,
2024-06-12T02:00:00+00:00,18.13,22.05,23.05,76.83,25,40,Warsaw,,52.2297,21.0122,100,
2024-06-12T03:00:00+00:00,21.21,26.17,23.51,76.62,25,40,Warsaw,,52.2297,21.0122,100,
2024-06-12T04:00:00+00:00,17.34,25.83,24.13,73.33,25,40,Warsaw,,52.2297,21.0122,100,
2024-06-12T05:00:00+00:00,24.66,33.04,23.28,85.49,25,40,Warsaw,,52.2297,21.0122,100,
2024-06-12T06:00:00+00:00,22.74,32.1,24.69,75.68,25,40,Warsaw,,52.2297,21.0122,100,
2024-06-12T07:00:00+00:00,18.92,21.83,23.65,73.57,25,40,Warsaw,,52.2297,21.0122,100,
2024-06-12T08:00:00+00:00,18.79,27.77,24.85,76.53,25,40,Warsaw,,52.2297,21.0122,100,
2024-06-12T09:00:00+00:00,18.04,22.11,23.7,77.8,25,40,Warsaw,,52.2297,21.0122,100,
2024-06-12T10:00:00+00:00,22.07,29.93,20.76,80.8,25,40,Warsaw,,52.2297,21.0122,100,
2024-06-12T11:00:00+00:00,23.02,29.43,21.79,69.32,25,40,Warsaw,,52.2297,21.0122,100,
2024-06-12T12:00:00+00:00,17.3,22.8,21.13,67.1,25,40,Warsaw,,52.2297,21.0122,100,
2024-06-12T13:00:00+00:00,22.37,27.24,18.32,69.61,25,40,Warsaw,,52.2297,21.0122,100,
2024-06-12T14:00:00+00:00,21.39,28.32,18.68,57.63,25,40,Warsaw,,52.2297,21.0122,100,
2024-06-12T15:00:00+00:00,21.14,29.62,16.42,59.94,25,40,Warsaw,,52.2297,21.0122,100,
2024-06-12T16:00:00+00:00,17.05,25.32,17.47,54.81,25,40,Warsaw,,52.2297,21.0122,100,
2024-06-12T17:00:00+00:00,22.61,28.87,16.1,57.83,25,40,Warsaw,,52.2297,21.0122,100,
2024-06-12T18:00:00+00:00,23.64,30.09,17.29,65.85,25,40,Warsaw,,52.2297,21.0122,100,
2024-06-12T19:00:00+00:00,21.41,32.72,16.56,63.64,25,40,Warsaw,,52.2297,21.0122,100,
2024-06-12T20:00:00+00:00,20.11,25.01,15.16,69.05,25,40,Warsaw,,52.2297,21.0122,100,
2024-06-12T21:00:00+00:00,19.69,27.21,16.59,57.68,25,40,Warsaw,,52.2297,21.0122,100,
2024-06-12T22:00:00+00:00,20.09,28.78,16.62,64.57,25,40,Warsaw,,52.2297,21.0122,100,
2024-06-12T23:00:00+00:00,17.25,23.71,18.42,63.38,25,40,Warsaw,,52.2297,21.0122,100,
2024-06-13T00:00:00+00:00,20.17,29.8,20.62,70.58,25,40,Warsaw,,52.2297,21.0122,100,
2024-06-13T01:00:00+00:00,20.28,25.35,20.17,67.59,25,40,Warsaw,,52.2297,21.0122,100,
2024-06-13T02:00:00+00:00,21.28,32.58,23.05,74.23,25,40,Warsaw,,52.2297,21.0122,100,
2024-06-13T03:00:00+00:00,24.32,32.48,23.52,81.37,25,40,Warsaw,,52.2297,21.0122,100,
2024-06-13T04:00:00+00:00,19.3,28.85,23.94,80.61,25,40,Warsaw,,52.2297,21.0122,100,
2024-06-13T05:00:00+00:00,23.73,33.49,23.46,80.67,25,40,Warsaw,,52.2297,21.0122,100,
2024-06-13T06:00:00+00:00,22.76,29.34,22.65,72.42,25,40,Warsaw,,52.2297,21.0122,100,
2024-06-13T07:00:00+00:00,21.62,25.7,23.11,84.26,25,40,Warsaw,,52.2297,21.0122,100,
2024-06-13T08:00:00+00:00,20.6,31.06,22.58,83.06,25,40,Warsaw,,52.2297,21.0122,100,
2024-06-13T09:00:00+00:00,23.95,30.62,21.52,78.2,25,40,Warsaw,,52.2297,21.0122,100,
2024-06-13T10:00:00+00:00,20.92,27.34,20.53,70.42,25,40,Warsaw,,52.2297,21.0122,100,
2024-06-13T11:00:00+00:00,21.48,29.44,21.53,73.84,25,40,Warsaw,,52.2297,21.0122,100,
2024-06-13T12:00:00+00:00,20.91,29.27,21.2,71.9,25,40,Warsaw,,52.2297,21.0122,100,
2024-06-13T13:00:00+00:00,20.53,28.77,17.57,69.03,25,40,Warsaw,,52.2297,21.0122,100,
2024-06-13T14:00:00+00:00,21.18,24.62,17.62,58.11,25,40,Warsaw,,52.2297,21.0122,100,
2024-06-13T15:00:00+00:00,21.29,30.19,16.26,64.78,25,40,Warsaw,,52.2297,21.0122,100,
2024-06-13T16:00:00+00:00,19.45,22.91,15.61,60.31,25,40,Warsaw,,52.2297,21.0122,100,
2024-06-13T17:00:00+00:00,17.96,24.01,15.36,65.07,25,40,Warsaw,,52.2297,21.0122,100,
2024-06-13T18:00:00+00:00,19.87,23.39,16.69,65.0,25,40,Warsaw,,52.2297,21.0122,100,
2024-06-13T19:00:00+00:00,20.1,30.31,14.94,54.3,25,40,Warsaw,,52.2297,21.0122,100,
2024-06-13T20:00:00+00:00,19.06,28.18,17.01,64.39,25,40,Warsaw,,52.2297,21.0122,100,
2024-06-13T21:00:00+00:00,22.64,33.27,17.81,59.23,25,40,Warsaw,,52.2297,21.0122,100,
2024-06-13T22:00:00+00:00,19.04,27.15,16.95,64.05,25,40,Warsaw,,52.2297,21.0122,100,
2024-06-13T23:00:00+00:00,20.0,30.68,19.2,67.44,25,40,Warsaw,,52.2297,21.0122,100,
2024-06-14T00:00:00+00:00,18.55,28.1,19.02,70.82,25,40,Warsaw,,52.2297,21.0122,100,
2024-06-14T01:00:00+00:00,18.33,24.95,21.87,65.94,25,40,Warsaw,,52.2297,21.0122,100,
2024-06-14T02:00:00+00:00,20.9,29.58,22.57,80.89,25,40,Warsaw,,52.2297,21.0122,100,
2024-06-14T03:00:00+00:00,18.7,26.5,23.66,78.73,25,40,Warsaw,,52.2297,21.0122,100,
2024-06-14T04:00:00+00:00,22.75,32.65,23.21,75.86,25,40,Warsaw,,52.2297,21.0122,100,
2024-06-14T05:00:00+00:00,24.29,35.09,23.62,84.86,25,40,Warsaw,,52.2297,21.0122,100,
2024-06-14T06:00:00+00:00,20.68,25.79,24.19,83.84,25,40,Warsaw,,52.2297,21.0122,100,
2024-06-14T07:00:00+00:00,22.96,33.41,25.02,73.89,25,40,Warsaw,,52.2297,21.0122,100,
2024-06-14T08:00:00+00:00,18.31,25.18,23.65,73.29,25,40,Warsaw,,52.2297,21.0122,100,
2024-06-14T09:00:00+00:00,21.63,29.4,21.51,79.67,25,40,Warsaw,,52.2297,21.0122,100,
2024-06-14T10:00:00+00:00,18.55,22.57,22.89,70.5,25,40,Warsaw,,52.2297,21.0122,100,
2024-06-14T11:00:00+00:00,21.39,26.53,22.35,76.1,25,40,Warsaw,,52.2297,21.0122,100,
2024-06-14T12:00:00+00:00,19.33,26.35,19.91,69.0,25,40,Warsaw,,52.2297,21.0122,100,
2024-06-14T13:00:00+00:00,19.42,29.08,19.82,68.19,25,40,Warsaw,,52.2297,21.0122,100,
2024-06-14T14:00:00+00:00,22.01,33.13,18.09,69.64,25,40,Warsaw,,52.2297,21.0122,100,
2024-06-14T15:00:00+00:00,21.49,26.89,18.12,67.75,25,40,Warsaw,,52.2297,21.0122,100,
2024-06-14T16:00:00+00:00,18.49,24.96,16.32,59.89,25,40,Warsaw,,52.2297,21.0122,100,
2024-06-14T17:00:00+00:00,20.55,27.74,17.33,52.92,25,40,Warsaw,,52.2297,21.0122,100,
2024-06-14T18:00:00+00:00,21.25,29.2,15.28,63.29,25,40,Warsaw,,52.2297,21.0122,100,
2024-06-14T19:00:00+00:00,19.47,25.32,14.77,67.65,25,40,Warsaw,,52.2297,21.0122,100,
2024-06-14T20:00:00+00:00,17.45,22.32,17.7,58.58,25,40,Warsaw,,52.2297,21.0122,100,
2024-06-14T21:00:00+00:00,17.87,22.64,18.02,64.91,25,40,Warsaw,,52.2297,21.0122,100,
2024-06-14T22:00:00+00:00,19.94,26.73,17.33,66.05,25,40,Warsaw,,52.2297,21.0122,100,
2024-06-14T23:00:00+00:00,23.17,33.42,19.49,72.54,25,40,Warsaw,,52.2297,21.0122,100,
2024-06-15T00:00:00+00:00,20.05,27.54,20.65,66.71,25,40,Warsaw,,52.2297,21.0122,100,
2024-06-15T01:00:00+00:00,17.02,20.64,21.72,64.99,25,40,Warsaw,,52.2297,21.0122,100,
2024-06-15T02:00:00+00:00,21.52,31.31,22.1,72.01,25,40,Warsaw,,52.2297,21.0122,100,
2024-06-15T03:00:00+00:00,23.29,31.12,22.02,82.55,25,40,Warsaw,,52.2297,21.0122,100,
2024-06-15T04:00:00+00:00,22.39,33.28,23.48,70.93,25,40,Warsaw,,52.2297,21.0122,100,
2024-06-15T05:00:00+00:00,23.58,31.23,23.35,75.96,25,40,Warsaw,,52.2297,21.0122,100,
2024-06-15T06:00:00+00:00,22.63,31.43,23.24,77.49,25,40,Warsaw,,52.2297,21.0122,100,
2024-06-15T07:00:00+00:00,21.61,25.87,24.07,79.92,25,40,Warsaw,,52.2297,21.0122,100,
2024-06-15T08:00:00+00:00,23.06,34.62,23.93,80.36,25,40,Warsaw,,52.2297,21.0122,100,
2024-06-15T09:00:00+00:00,18.14,27.2,23.43,75.03,25,40,Warsaw,,52.2297,21.0122,100,
2024-06-15T10:00:00+00:00,18.01,22.53,21.43,71.2,25,40,Warsaw,,52.2297,21.0122,100,
2024-06-15T11:00:00+00:00,21.83,27.01,19.78,75.49,25,40,Warsaw,,52.2297,21.0122,100,
2024-06-15T12:00:00+00:00,18.68,24.28,21.48,71.45,25,40,Warsaw,,52.2297,21.0122,100,
2024-06-15T13:00:00+00:00,16.8,20.47,18.4,60.96,25,40,Warsaw,,52.2297,21.0122,100,
2024-06-15T14:00:00+00:00,17.66,22.27,17.92,69.43,25,40,Warsaw,,52.2297,21.0122,100,
2024-06-15T15:00:00+00:00,18.59,21.67,16.93,56.7,25,40,Warsaw,,52.2297,21.0122,100,
2024-06-15T16:00:00+00:00,19.43,25.35,16.42,57.42,25,40,Warsaw,,52.2297,21.0122,100,
2024-06-15T17:00:00+00:00,19.88,23.13,16.53,55.7,25,40,Warsaw,,52.2297,21.0122,100,
2024-06-15T18:00:00+00:00,17.02,24.22,15.12,52.93,25,40,Warsaw,,52.2297,21.0122,100,
2024-06-15T19:00:00+00:00,19.64,24.49,15.81,54.36,25,40,Warsaw,,52.2297,21.0122,100,
2024-06-15T20:00:00+00:00,21.21,26.23,15.14,67.09,25,40,Warsaw,,52.2297,21.0122,100,
2024-06-15T21:00:00+00:00,21.62,33.09,16.31,64.9,25,40,Warsaw,,52.2297,21.0122,100,
2024-06-15T22:00:00+00:00,20.65,24.96,16.67,72.34,25,40,Warsaw,,52.2297,21.0122,100,
2024-06-15T23:00:00+00:00,16.75,19.69,18.8,59.98,25,40,Warsaw,,52.2297,21.0122,100,
2024-06-16T00:00:00+00:00,17.92,23.49,20.29,68.66,25,40,Warsaw,,52.2297,21.0122,100,
2024-06-16T01:00:00+00:00,19.93,27.95,20.69,66.89,25,40,Warsaw,,52.2297,21.0122,100,
2024-06-16T02:00:00+00:00,17.83,27.53,23.16,71.19,25,40,Warsaw,,52.2297,21.0122,100,
2024-06-16T03:00:00+00:00,19.02,28.79,22.72,83.33,25,40,Warsaw,,52.2297,21.0122,100,
2024-06-16T04:00:00+00:00,21.91,32.87,22.92,71.89,25,40,Warsaw,,52.2297,21.0122,100,
2024-06-16T05:00:00+00:00,20.29,25.31,24.13,87.41,25,40,Warsaw,,52.2297,21.0122,100,
2024-06-16T06:00:00+00:00,22.43,30.33,23.32,77.58,25,40,Warsaw,,52.2297,21.0122,100,
2024-06-16T07:00:00+00:00,22.64,26.73,23.95,85.4,25,40,Warsaw,,52.2297,21.0122,100,
2024-06-16T08:00:00+00:00,23.2,35.2,22.07,84.12,25,40,Warsaw,,52.2297,21.0122,100,
2024-06-16T09:00:00+00:00,20.73,25.03,22.7,71.25,25,40,Warsaw,,52.2297,21.0122,100,
2024-06-16T10:00:00+00:00,23.93,32.55,21.28,81.31,25,40,Warsaw,,52.2297,21.0122,100,
2024-06-16T11:00:00+00:00,18.56,24.18,20.62,79.25,25,40,Warsaw,,52.2297,21.0122,100,
2024-06-16T12:00:00+00:00,18.98,22.48,20.03,74.05,25,40,Warsaw,,52.2297,21.0122,100,
2024-06-16T13:00:00+00:00,21.43,29.5,18.15,67.41,25,40,Warsaw,,52.2297,21.0122,100,
2024-06-16T14:00:00+00:00,19.92,26.9,16.59,69.44,25,40,Warsaw,,52.2297,21.0122,100,
2024-06-16T15:00:00+00:00,18.31,27.28,17.0,60.85,25,40,Warsaw,,52.2297,21.0122,100,
2024-06-16T16:00:00+00:00,17.61,20.9,18.0,64.23,25,40,Warsaw,,52.2297,21.0122,100,
2024-06-16T17:00:00+00:00,16.73,23.09,16.77,53.6,25,40,Warsaw,,52.2297,21.0122,100,
2024-06-16T18:00:00+00:00,20.37,24.46,14.7,57.45,25,40,Warsaw,,52.2297,21.0122,100,
2024-06-16T19:00:00+00:00,19.59,26.0,14.76,63.36,25,40,Warsaw,,52.2297,21.0122,100,
2024-06-16T20:00:00+00:00,19.03,23.9,17.99,59.52,25,40,Warsaw,,52.2297,21.0122,100,
2024-06-16T21:00:00+00:00,19.14,27.51,17.06,66.93,25,40,Warsaw,,52.2297,21.0122,100,
2024-06-16T22:00:00+00:00,19.49,29.82,16.57,65.72,25,40,Warsaw,,52.2297,21.0122,100,
2024-06-16T23:00:00+00:00,18.83,21.5,17.64,65.77,25,40,Warsaw,,52.2297,21.0122,100,
2024-06-17T00:00:00+00:00,21.2,26.34,19.96,67.51,25,40,Warsaw,,52.2297,21.0122,100,
2024-06-17T01:00:00+00:00,23.4,29.52,19.77,76.21,25,40,Warsaw,,52.2297,21.0122,100,
2024-06-17T02:00:00+00:00,18.19,24.32,22.58,68.84,25,40,Warsaw,,52.2297,21.0122,100,
2024-06-17T03:00:00+00:00,21.01,29.24,21.54,79.34,25,40,Warsaw,,52.2297,21.0122,100,
2024-06-17T04:00:00+00:00,23.85,32.21,23.83,81.64,25,40,Warsaw,,52.2297,21.0122,100,
2024-06-17T05:00:00+00:00,19.0,25.0,24.78,83.93,25,40,Warsaw,,52.2297,21.0122,100,
2024-06-17T06:00:00+00:00,22.71,29.8,23.35,81.71,25,40,Warsaw,,52.2297,21.0122,100,
2024-06-17T07:00:00+00:00,19.96,25.1,24.26,72.37,25,40,Warsaw,,52.2297,21.0122,100,
2024-06-17T08:00:00+00:00,23.67,31.61,23.09,74.78,25,40,Warsaw,,52.2297,21.0122,100,
2024-06-17T09:00:00+00:00,19.89,28.65,24.26,71.44,25,40,Warsaw,,52.2297,21.0122,100,
2024-06-17T10:00:00+00:00,22.95,32.37,20.66,81.59,25,40,Warsaw,,52.2297,21.0122,100,
2024-06-17T11:00:00+00:00,18.19,24.59,21.79,77.81,25,40,Warsaw,,52.2297,21.0122,100,
2024-06-17T12:00:00+00:00,21.33,32.77,20.69,70.76,25,40,Warsaw,,52.2297,21.0122,100,
2024-06-17T13:00:00+00:00,19.58,28.77,19.53,70.38,25,40,Warsaw,,52.2297,21.0122,100,
2024-06-17T14:00:00+00:00,21.41,26.37,19.47,60.9,25,40,Warsaw,,52.2297,21.0122,100,
2024-06-17T15:00:00+00:00,21.08,32.13,18.64,62.25,25,40,Warsaw,,52.2297,21.0122,100,
2024-06-17T16:00:00+00:00,17.8,22.86,17.18,59.6,25,40,Warsaw,,52.2297,21.0122,100,
2024-06-17T17:00:00+00:00,16.76,20.55,17.35,54.16,25,40,Warsaw,,52.2297,21.0122,100,
2024-06-17T18:00:00+00:00,18.32,28.07,16.57,59.48,25,40,Warsaw,,52.2297,21.0122,100,
2024-06-17T19:00:00+00:00,22.58,34.04,17.51,63.18,25,40,Warsaw,,52.2297,21.0122,100,
2024-06-17T20:00:00+00:00,22.45,33.26,15.96,62.33,25,40,Warsaw,,52.2297,21.0122,100,
2024-06-17T21:00:00+00:00,18.14,26.83,16.05,57.14,25,40,Warsaw,,52.2297,21.0122,100,
2024-06-17T22:00:00+00:00,21.63,31.58,18.95,68.88,25,40,Warsaw,,52.2297,21.0122,100,
2024-06-17T23:00:00+00:00,17.32,22.24,20.43,61.89,25,40,Warsaw,,52.2297,21.0122,100,
2024-06-18T00:00:00+00:00,18.34,26.54,19.8,64.72,25,40,Warsaw,,52.2297,21.0122,100,
2024-06-18T01:00:00+00:00,22.7,28.2,22.15,74.27,25,40,Warsaw,,52.2297,21.0122,100,
2024-06-18T02:00:00+00:00,23.56,34.42,22.5,77.96,25,40,Warsaw,,52.2297,21.0122,100,
2024-06-18T03:00:00+00:00,24.6,35.18,22.0,85.02,25,40,Warsaw,,52.2297,21.0122,100,
2024-06-18T04:00:00+00:00,18.49,26.71,24.53,76.34,25,40,Warsaw,,52.2297,21.0122,100,
2024-06-18T05:00:00+00:00,22.53,30.12,23.91,76.62,25,40,Warsaw,,52.2297,21.0122,100,
2024-06-18T06:00:00+00:00,20.75,25.1,23.41,86.88,25,40,Warsaw,,52.2297,21.0122,100,
2024-06-18T07:00:00+00:00,24.48,31.95,22.6,86.51,25,40,Warsaw,,52.2297,21.0122,100,
2024-06-18T08:00:00+00:00,22.2,27.98,23.72,76.63,25,40,Warsaw,,52.2297,21.0122,100,
2024-06-18T09:00:00+00:00,17.3,25.89,24.3,72.43,25,40,Warsaw,,52.2297,21.0122,100,
2024-06-18T10:00:00+00:00,21.64,29.9,22.82,81.33,25,40,Warsaw,,52.2297,21.0122,100,
2024-06-18T11:00:00+00:00,18.32,23.32,21.98,66.83,25,40,Warsaw,,52.2297,21.0122,100,
2024-06-18T12:00:00+00:00,22.55,31.66,20.26,69.29,25,40,Warsaw,,52.2297,21.0122,100,
2024-06-18T13:00:00+00:00,18.17,23.23,19.52,65.52,25,40,Warsaw,,52.2297,21.0122,100,
2024-06-18T14:00:00+00:00,24.08,28.74,17.89,72.98,25,40,Warsaw,,52.2297,21.0122,100,
2024-06-18T15:00:00+00:00,17.6,19.83,17.27,55.25,25,40,Warsaw,,52.2297,21.0122,100,
2024-06-18T16:00:00+00:00,23.33,29.46,17.44,66.32,25,40,Warsaw,,52.2297,21.0122,100,
2024-06-18T17:00:00+00:00,21.93,30.96,16.83,64.29,25,40,Warsaw,,52.2297,21.0122,100,
2024-06-18T18:00:00+00:00,19.32,22.21,17.19,54.62,25,40,Warsaw,,52.2297,21.0122,100,
2024-06-18T19:00:00+00:00,23.02,30.12,17.1,65.64,25,40,Warsaw,,52.2297,21.0122,100,
2024-06-18T20:00:00+00:00,23.06,35.01,16.39,65.05,25,40,Warsaw,,52.2297,21.0122,100,
2024-06-18T21:00:00+00:00,18.41,26.97,18.02,67.84,25,40,Warsaw,,52.2297,21.0122,100,
2024-06-18T22:00:00+00:00,18.02,25.5,18.39,65.99,25,40,Warsaw,,52.2297,21.0122,100,
2024-06-18T23:00:00+00:00,20.01,24.96,19.25,70.2,25,40,Warsaw,,52.2297,21.0122,100,
2024-06-19T00:00:00+00:00,22.35,29.18,20.92,68.75,25,40,Warsaw,,52.2297,21.0122,100,
2024-06-19T01:00:00+00:00,19.46,25.78,22.43,73.44,25,40,Warsaw,,52.2297,21.0122,100,
2024-06-19T02:00:00+00:00,17.21,23.07,23.4,71.19,25,40,Warsaw,,52.2297,21.0122,100,
2024-06-19T03:00:00+00:00,22.86,29.27,23.68,83.73,25,40,Warsaw,,52.2297,21.0122,100,
2024-06-19T04:00:00+00:00,23.96,35.21,24.28,78.28,25,40,Warsaw,,52.2297,21.0122,100,
2024-06-19T05:00:00+00:00,22.38,32.44,23.72,87.19,25,40,Warsaw,,52.2297,21.0122,100,
2024-06-19T06:00:00+00:00,23.7,28.94,24.41,82.08,25,40,Warsaw,,52.2297,21.0122,100,
2024-06-19T07:00:00+00:00,22.68,31.78,23.96,78.71,25,40,Warsaw,,52.2297,21.0122,100,
2024-06-19T08:00:00+00:00,20.16,24.26,22.7,83.12,25,40,Warsaw,,52.2297,21.0122,100,
2024-06-19T09:00:00+00:00,22.27,28.01,23.82,82.38,25,40,Warsaw,,52.2297,21.0122,100,
2024-06-19T10:00:00+00:00,23.31,28.12,23.09,76.75,25,40,Warsaw,,52.2297,21.0122,100,
2024-06-19T11:00:00+00:00,22.68,31.03,20.04,76.62,25,40,Warsaw,,52.2297,21.0122,100,
2024-06-19T12:00:00+00:00,22.02,30.3,20.14,69.3,25,40,Warsaw,,52.2297,21.0122,100,
2024-06-19T13:00:00+00:00,17.01,20.57,18.01,63.42,25,40,Warsaw,,52.2297,21.0122,100,
2024-06-19T14:00:00+00:00,18.37,21.5,16.74,58.97,25,40,Warsaw,,52.2297,21.0122,100,
2024-06-19T15:00:00+00:00,22.9,33.92,15.91,65.9,25,40,Warsaw,,52.2297,21.0122,100,
2024-06-19T16:00:00+00:00,21.53,31.23,17.25,60.86,25,40,Warsaw,,52.2297,21.0122,100,
2024-06-19T17:00:00+00:00,22.59,32.34,17.51,55.89,25,40,Warsaw,,52.2297,21.0122,100,
2024-06-19T18:00:00+00:00,22.29,30.94,14.56,52.34,25,40,Warsaw,,52.2297,21.0122,100,
2024-06-19T19:00:00+00:00,21.7,25.43,16.78,63.01,25,40,Warsaw,,52.2297,21.0122,100,
2024-06-19T20:00:00+00:00,20.65,28.15,17.1,57.38,25,40,Warsaw,,52.2297,21.0122,100,
2024-06-19T21:00:00+00:00,20.65,29.02,18.59,64.12,25,40,Warsaw,,52.2297,21.0122,100,
2024-06-19T22:00:00+00:00,23.72,31.17,17.02,70.04,25,40,Warsaw,,52.2297,21.0122,100,
2024-06-19T23:00:00+00:00,20.89,24.46,18.9,60.99,25,40,Warsaw,,52.2297,21.0122,100,
2024-06-20T00:00:00+00:00,21.33,32.02,21.01,63.35,25,40,Warsaw,,52.2297,21.0122,100,
2024-06-20T01:00:00+00:00,18.52,24.6,20.08,74.15,25,40,Warsaw,,52.2297,21.0122,100,
2024-06-20T02:00:00+00:00,23.15,34.07,22.33,76.18,25,40,Warsaw,,52.2297,21.0122,100,
2024-06-20T03:00:00+00:00,19.25,28.23,22.17,77.21,25,40,Warsaw,,52.2297,21.0122,100,
2024-06-20T04:00:00+00:00,17.48,22.86,24.13,71.5,25,40,Warsaw,,52.2297,21.0122,100,
2024-06-20T05:00:00+00:00,22.53,30.71,23.17,87.19,25,40,Warsaw,,52.2297,21.0122,100,
2024-06-20T06:00:00+00:00,23.55,30.93,23.29,87.17,25,40,Warsaw,,52.2297,21.0122,100,
2024-06-20T07:00:00+00:00,19.22,28.39,23.06,73.85,25,40,Warsaw,,52.2297,21.0122,100,
2024-06-20T08:00:00+00:00,21.0,30.75,22.65,77.49,25,40,Warsaw,,52.2297,21.0122,100,
2024-06-20T09:00:00+00:00,19.28,24.67,22.55,83.49,25,40,Warsaw,,52.2297,21.0122,100,
2024-06-20T10:00:00+00:00,21.46,28.31,22.59,76.78,25,40,Warsaw,,52.2297,21.0122,100,
2024-06-20T11:00:00+00:00,18.12,27.2,21.64,79.67,25,40,Warsaw,,52.2297,21.0122,100,
2024-06-20T12:00:00+00:00,21.57,29.88,21.06,70.62,25,40,Warsaw,,52.2297,21.0122,100,
2024-06-20T13:00:00+00:00,18.99,25.73,19.32,72.7,25,40,Warsaw,,52.2297,21.0122,100,
2024-06-20T14:00:00+00:00,19.7,27.26,17.71,65.69,25,40,Warsaw,,52.2297,21.0122,100,
2024-06-20T15:00:00+00:00,19.39,29.78,16.53,56.44,25,40,Warsaw,,52.2297,21.0122,100,
2024-06-20T16:00:00+00:00,20.04,28.39,15.68,67.24,25,40,Warsaw,,52.2297,21.0122,100,
2024-06-20T17:00:00+00:00,22.06,32.99,17.6,67.24,25,40,Warsaw,,52.2297,21.0122,100,
2024-06-20T18:00:00+00:00,23.02,33.8,16.72,60.41,25,40,Warsaw,,52.2297,21.0122,100,
2024-06-20T19:00:00+00:00,18.11,20.79,15.86,60.17,25,40,Warsaw,,52.2297,21.0122,100,
2024-06-20T20:00:00+00:00,16.57,20.52,17.21,55.95,25,40,Warsaw,,52.2297,21.0122,100,
2024-06-20T21:00:00+00:00,22.65,28.27,17.2,67.44,25,40,Warsaw,,52.2297,21.0122,100,
2024-06-20T22:00:00+00:00,19.47,29.57,17.11,67.35,25,40,Warsaw,,52.2297,21.0122,100,
2024-06-20T23:00:00+00:00,18.02,21.21,20.09,75.37,25,40,Warsaw,,52.2297,21.0122,100,
2024-06-21T00:00:00+00:00,23.6,30.69,20.93,72.88,25,40,Warsaw,,52.2297,21.0122,100,
2024-06-21T01:00:00+00:00,22.39,31.82,22.06,75.31,25,40,Warsaw,,52.2297,21.0122,100,
2024-06-21T02:00:00+00:00,22.22,30.48,21.1,74.49,25,40,Warsaw,,52.2297,21.0122,100,
2024-06-21T03:00:00+00:00,21.58,29.91,21.74,76.2,25,40,Warsaw,,52.2297,21.0122,100,
2024-06-21T04:00:00+00:00,23.36,29.32,23.49,80.67,25,40,Warsaw,,52.2297,21.0122,100,
2024-06-21T05:00:00+00:00,24.08,34.09,23.37,81.9,25,40,Warsaw,,52.2297,21.0122,100,
2024-06-21T06:00:00+00:00,20.71,27.02,25.25,73.14,25,40,Warsaw,,52.2297,21.0122,100,
2024-06-21T07:00:00+00:00,19.45,26.19,24.59,86.65,25,40,Warsaw,,52.2297,21.0122,100,
2024-06-21T08:00:00+00:00,23.31,30.45,23.76,80.77,25,40,Warsaw,,52.2297,21.0122,100,
2024-06-21T09:00:00+00:00,23.8,30.85,22.2,83.62,25,40,Warsaw,,52.2297,21.0122,100,
2024-06-21T10:00:00+00:00,24.5,34.15,22.22,82.68,25,40,Warsaw,,52.2297,21.0122,100,
2024-06-21T11:00:00+00:00,22.37,28.91,21.73,76.75,25,40,Warsaw,,52.2297,21.0122,100,
2024-06-21T12:00:00+00:00,19.43,24.32,20.29,64.77,25,40,Warsaw,,52.2297,21.0122,100,
2024-06-21T13:00:00+00:00,19.07,22.01,19.43,63.7,25,40,Warsaw,,52.2297,21.0122,100,
2024-06-21T14:00:00+00:00,17.69,27.1,17.36,64.62,25,40,Warsaw,,52.2297,21.0122,100,
2024-06-21T15:00:00+00:00,17.73,26.19,16.08,62.07,25,40,Warsaw,,52.2297,21.0122,100,
2024-06-21T16:00:00+00:00,19.79,23.97,16.18,66.96,25,40,Warsaw,,52.2297,21.0122,100,
2024-06-21T17:00:00+00:00,20.32,23.62,14.72,62.09,25,40,Warsaw,,52.2297,21.0122,100,
2024-06-21T18:00:00+00:00,21.59,27.3,14.83,62.58,25,40,Warsaw,,52.2297,21.0122,100,
2024-06-21T19:00:00+00:00,21.64,26.57,17.39,53.28,25,40,Warsaw,,52.2297,21.0122,100,
2024-06-21T20:00:00+00:00,22.31,29.54,17.24,56.53,25,40,Warsaw,,52.2297,21.0122,100,
2024-06-21T21:00:00+00:00,22.05,29.75,16.92,64.38,25,40,Warsaw,,52.2297,21.0122,100,
2024-06-21T22:00:00+00:00,18.11,23.3,18.39,66.87,25,40,Warsaw,,52.2297,21.0122,100,
2024-06-21T23:00:00+00:00,24.1,34.02,17.7,74.22,25,40,Warsaw,,52.2297,21.0122,100,
2024-06-22T00:00:00+00:00,19.2,28.49,21.41,65.91,25,40,Warsaw,,52.2297,21.0122,100,
2024-06-22T01:00:00+00:00,18.44,22.97,22.48,77.79,25,40,Warsaw,,52.2297,21.0122,100,
2024-06-22T02:00:00+00:00,21.62,30.13,23.07,67.41,25,40,Warsaw,,52.2297,21.0122,100,
2024-06-22T03:00:00+00:00,23.03,31.11,21.92,71.56,25,40,Warsaw,,52.2297,21.0122,100,
2024-06-22T04:00:00+00:00,22.03,32.29,24.37,74.5,25,40,Warsaw,,52.2297,21.0122,100,
2024-06-22T05:00:00+00:00,21.31,27.23,24.58,77.17,25,40,Warsaw,,52.2297,21.0122,100,
2024-06-22T06:00:00+00:00,20.52,29.71,24.86,77.5,25,40,Warsaw,,52.2297,21.0122,100,
2024-06-22T07:00:00+00:00,21.13,27.91,23.84,84.11,25,40,Warsaw,,52.2297,21.0122,100,
2024-06-22T08:00:00+00:00,18.27,27.99,24.24,71.47,25,40,Warsaw,,52.2297,21.0122,100,
2024-06-22T09:00:00+00:00,18.95,26.93,22.61,76.03,25,40,Warsaw,,52.2297,21.0122,100,
2024-06-22T10:00:00+00:00,20.8,31.04,23.08,81.33,25,40,Warsaw,,52.2297,21.0122,100,
2024-06-22T11:00:00+00:00,21.83,25.76,21.65,73.41,25,40,Warsaw,,52.2297,21.0122,100,
2024-06-22T12:00:00+00:00,19.67,27.32,19.51,75.16,25,40,Warsaw,,52.2297,21.0122,100,
2024-06-22T13:00:00+00:00,24.24,36.6,18.69,73.65,25,40,Warsaw,,52.2297,21.0122,100,
2024-06-22T14:00:00+00:00,18.23,22.77,16.69,61.78,25,40,Warsaw,,52.2297,21.0122,100,
2024-06-22T15:00:00+00:00,22.61,31.99,15.94,65.37,25,40,Warsaw,,52.2297,21.0122,100,
2024-06-22T16:00:00+00:00,19.93,29.77,16.76,60.79,25,40,Warsaw,,52.2297,21.0122,100,
2024-06-22T17:00:00+00:00,17.02,26.4,15.78,56.84,25,40,Warsaw,,52.2297,21.0122,100,
2024-06-22T18:00:00+00:00,18.14,27.04,15.24,58.43,25,40,Warsaw,,52.2297,21.0122,100,
2024-06-22T19:00:00+00:00,21.7,26.54,17.13,60.29,25,40,Warsaw,,52.2297,21.0122,100,
2024-06-22T20:00:00+00:00,19.34,26.84,15.83,57.31,25,40,Warsaw,,52.2297,21.0122,100,
2024-06-22T21:00:00+00:00,20.31,28.81,16.71,67.68,25,40,Warsaw,,52.2297,21.0122,100,
2024-06-22T22:00:00+00:00,18.85,26.98,17.74,67.74,25,40,Warsaw,,52.2297,21.0122,100,
2024-06-22T23:00:00+00:00,21.29,28.49,18.45,70.83,25,40,Warsaw,,52.2297,21.0122,100,
2024-06-23T00:00:00+00:00,20.73,24.22,20.49,76.85,25,40,Warsaw,,52.2297,21.0122,100,
2024-06-23T01:00:00+00:00,19.46,26.79,21.34,67.34,25,40,Warsaw,,52.2297,21.0122,100,
2024-06-23T02:00:00+00:00,22.03,28.26,21.12,69.8,25,40,Warsaw,,52.2297,21.0122,100,
2024-06-23T03:00:00+00:00,20.35,30.74,22.16,79.08,25,40,Warsaw,,52.2297,21.0122,100,
2024-06-23T04:00:00+00:00,23.21,34.52,24.4,77.91,25,40,Warsaw,,52.2297,21.0122,100,
2024-06-23T05:00:00+00:00,20.45,24.48,24.24,71.91,25,40,Warsaw,,52.2297,21.0122,100,
2024-06-23T06:00:00+00:00,19.54,30.25,24.06,74.41,25,40,Warsaw,,52.2297,21.0122,100,
2024-06-23T07:00:00+00:00,19.8,23.1,23.14,75.77,25,40,Warsaw,,52.2297,21.0122,100,
2024-06-23T08:00:00+00:00,17.83,25.21,24.7,71.97,25,40,Warsaw,,52.2297,21.0122,100,
2024-06-23T09:00:00+00:00,20.55,30.81,23.25,84.56,25,40,Warsaw,,52.2297,21.0122,100,
2024-06-23T10:00:00+00:00,20.22,30.12,22.15,72.39,25,40,Warsaw,,52.2297,21.0122,100,
2024-06-23T11:00:00+00:00,24.0,35.4,19.72,77.13,25,40,Warsaw,,52.2297,21.0122,100,
2024-06-23T12:00:00+00:00,24.2,28.72,20.7,76.69,25,40,Warsaw,,52.2297,21.0122,100,
2024-06-23T13:00:00+00:00,22.87,31.31,19.26,67.02,25,40,Warsaw,,52.2297,21.0122,100,
2024-06-23T14:00:00+00:00,22.35,33.18,16.57,66.96,25,40,Warsaw,,52.2297,21.0122,100,
2024-06-23T15:00:00+00:00,21.66,31.95,18.49,66.62,25,40,Warsaw,,52.2297,21.0122,100,
2024-06-23T16:00:00+00:00,18.12,25.83,17.31,55.21,25,40,Warsaw,,52.2297,21.0122,100,
2024-06-23T17:00:00+00:00,19.4,29.51,14.76,64.84,25,40,Warsaw,,52.2297,21.0122,100,
2024-06-23T18:00:00+00:00,19.48,28.96,17.36,53.34,25,40,Warsaw,,52.2297,21.0122,100,
2024-06-23T19:00:00+00:00,19.18,27.23,16.24,54.89,25,40,Warsaw,,52.2297,21.0122,100,
2024-06-23T20:00:00+00:00,22.37,28.67,15.23,66.7,25,40,Warsaw,,52.2297,21.0122,100,
2024-06-23T21:00:00+00:00,18.26,22.51,17.51,55.73,25,40,Warsaw,,52.2297,21.0122,100,
2024-06-23T22:00:00+00:00,17.74,21.67,17.7,70.28,25,40,Warsaw,,52.2297,21.0122,100,
2024-06-23T23:00:00+00:00,18.0,22.51,18.7,74.53,25,40,Warsaw,,52.2297,21.0122,100,
2024-06-24T00:00:00+00:00,22.0,32.84,21.42,69.73,25,40,Warsaw,,52.2297,21.0122,100,
2024-06-24T01:00:00+00:00,19.16,24.31,21.81,78.68,25,40,Warsaw,,52.2297,21.0122,100,
2024-06-24T02:00:00+00:00,17.86,27.62,20.86,70.12,25,40,Warsaw,,52.2297,21.0122,100,
2024-06-24T03:00:00+00:00,20.11,28.49,21.55,80.2,25,40,Warsaw,,52.2297,21.0122,100,
2024-06-24T04:00:00+00:00,24.17,32.98,23.64,80.63,25,40,Warsaw,,52.2297,21.0122,100,
2024-06-24T05:00:00+00:00,23.88,33.52,23.03,83.45,25,40,Warsaw,,52.2297,21.0122,100,
2024-06-24T06:00:00+00:00,21.96,28.08,23.15,78.73,25,40,Warsaw,,52.2297,21.0122,100,
2024-06-24T07:00:00+00:00,19.98,30.53,24.96,74.31,25,40,Warsaw,,52.2297,21.0122,100,
2024-06-24T08:00:00+00:00,21.87,31.03,22.72,75.35,25,40,Warsaw,,52.2297,21.0122,100,
2024-06-24T09:00:00+00:00,21.44,29.71,22.87,74.21,25,40,Warsaw,,52.2297,21.0122,100,
2024-06-24T10:00:00+00:00,21.9,29.55,21.16,74.47,25,40,Warsaw,,52.2297,21.0122,100,
2024-06-24T11:00:00+00:00,18.77,22.71,22.47,75.8,25,40,Warsaw,,52.2297,21.0122,100,
2024-06-24T12:00:00+00:00,23.45,32.6,18.54,76.6,25,40,Warsaw,,52.2297,21.0122,100,
2024-06-24T13:00:00+00:00,20.79,28.44,18.33,74.9,25,40,Warsaw,,52.2297,21.0122,100,
2024-06-24T14:00:00+00:00,20.33,25.66,17.64,71.12,25,40,Warsaw,,52.2297,21.0122,100,
2024-06-24T15:00:00+00:00,20.02,25.34,17.38,59.69,25,40,Warsaw,,52.2297,21.0122,100,
2024-06-24T16:00:00+00:00,17.44,23.69,16.1,54.33,25,40,Warsaw,,52.2297,21.0122,100,
2024-06-24T17:00:00+00:00,18.77,28.64,14.75,64.76,25,40,Warsaw,,52.2297,21.0122,100,
2024-06-24T18:00:00+00:00,18.07,21.6,15.26,62.95,25,40,Warsaw,,52.2297,21.0122,100,
2024-06-24T19:00:00+00:00,22.82,31.4,16.82,65.05,25,40,Warsaw,,52.2297,21.0122,100,
2024-06-24T20:00:00+00:00,22.06,27.97,17.22,67.61,25,40,Warsaw,,52.2297,21.0122,100,
2024-06-24T21:00:00+00:00,21.04,25.28,18.6,57.33,25,40,Warsaw,,52.2297,21.0122,100,
2024-06-24T22:00:00+00:00,23.27,29.91,16.61,71.89,25,40,Warsaw,,52.2297,21.0122,100,
2024-06-24T23:00:00+00:00,21.14,29.73,18.61,69.16,25,40,Warsaw,,52.2297,21.0122,100,
2024-06-25T00:00:00+00:00,23.26,33.93,19.66,70.55,25,40,Warsaw,,52.2297,21.0122,100,
2024-06-25T01:00:00+00:00,21.26,31.88,20.59,72.51,25,40,Warsaw,,52.2297,21.0122,100,
2024-06-25T02:00:00+00:00,21.48,29.7,22.39,78.21,25,40,Warsaw,,52.2297,21.0122,100,
2024-06-25T03:00:00+00:00,22.33,26.56,23.13,82.88,25,40,Warsaw,,52.2297,21.0122,100,
2024-06-25T04:00:00+00:00,21.69,26.03,23.38,85.0,25,40,Warsaw,,52.2297,21.0122,100,
2024-06-25T05:00:00+00:00,24.38,32.45,23.06,82.33,25,40,Warsaw,,52.2297,21.0122,100,
2024-06-25T06:00:00+00:00,22.68,30.12,22.76,86.61,25,40,Warsaw,,52.2297,21.0122,100,
2024-06-25T07:00:00+00:00,18.47,21.7,25.15,80.22,25,40,Warsaw,,52.2297,21.0122,100,
2024-06-25T08:00:00+00:00,19.9,24.55,23.23,74.5,25,40,Warsaw,,52.2297,21.0122,100,
2024-06-25T09:00:00+00:00,17.45,21.33,23.25,71.21,25,40,Warsaw,,52.2297,21.0122,100,
2024-06-25T10:00:00+00:00,22.19,29.63,22.11,67.1,25,40,Warsaw,,52.2297,21.0122,100,
2024-06-25T11:00:00+00:00,23.01,28.05,20.7,75.71,25,40,Warsaw,,52.2297,21.0122,100,
2024-06-25T12:00:00+00:00,18.07,26.28,20.52,70.43,25,40,Warsaw,,52.2297,21.0122,100,
2024-06-25T13:00:00+00:00,17.34,21.21,20.46,60.82,25,40,Warsaw,,52.2297,21.0122,100,
2024-06-25T14:00:00+00:00,18.46,24.66,17.77,58.99,25,40,Warsaw,,52.2297,21.0122,100,
2024-06-25T15:00:00+00:00,23.27,28.89,16.36,68.51,25,40,Warsaw,,52.2297,21.0122,100,
2024-06-25T16:00:00+00:00,19.06,22.06,16.82,68.38,25,40,Warsaw,,52.2297,21.0122,100,
2024-06-25T17:00:00+00:00,19.32,28.01,16.78,67.12,25,40,Warsaw,,52.2297,21.0122,100,
2024-06-25T18:00:00+00:00,16.26,19.25,16.98,52.11,25,40,Warsaw,,52.2297,21.0122,100,
2024-06-25T19:00:00+00:00,23.55,34.98,15.4,62.79,25,40,Warsaw,,52.2297,21.0122,100,
2024-06-25T20:00:00+00:00,19.34,24.61,15.09,64.56,25,40,Warsaw,,52.2297,21.0122,100,
2024-06-25T21:00:00+00:00,17.34,21.0,17.74,59.62,25,40,Warsaw,,52.2297,21.0122,100,
2024-06-25T22:00:00+00:00,20.03,28.68,18.63,60.66,25,40,Warsaw,,52.2297,21.0122,100,
2024-06-25T23:00:00+00:00,17.98,23.59,18.78,70.92,25,40,Warsaw,,52.2297,21.0122,100,
2024-06-26T00:00:00+00:00,21.48,30.17,19.09,65.11,25,40,Warsaw,,52.2297,21.0122,100,
2024-06-26T01:00:00+00:00,20.05,27.57,22.36,68.69,25,40,Warsaw,,52.2297,21.0122,100,
2024-06-26T02:00:00+00:00,21.24,25.62,22.81,69.63,25,40,Warsaw,,52.2297,21.0122,100,
2024-06-26T03:00:00+00:00,22.37,26.53,22.05,72.24,25,40,Warsaw,,52.2297,21.0122,100,
2024-06-26T04:00:00+00:00,19.18,26.69,22.43,83.39,25,40,Warsaw,,52.2297,21.0122,100,
2024-06-26T05:00:00+00:00,18.27,26.9,23.49,78.88,25,40,Warsaw,,52.2297,21.0122,100,
2024-06-26T06:00:00+00:00,20.7,29.83,25.44,75.6,25,40,Warsaw,,52.2297,21.0122,100,
2024-06-26T07:00:00+00:00,22.31,30.17,25.21,72.94,25,40,Warsaw,,52.2297,21.0122,100,
2024-06-26T08:00:00+00:00,23.12,31.3,22.05,72.85,25,40,Warsaw,,52.2297,21.0122,100,
2024-06-26T09:00:00+00:00,21.32,31.68,23.51,72.55,25,40,Warsaw,,52.2297,21.0122,100,
2024-06-26T10:00:00+00:00,20.74,30.83,20.58,72.26,25,40,Warsaw,,52.2297,21.0122,100,
2024-06-26T11:00:00+00:00,21.9,33.53,21.55,75.83,25,40,Warsaw,,52.2297,21.0122,100,
2024-06-26T12:00:00+00:00,22.58,31.74,19.83,63.45,25,40,Warsaw,,52.2297,21.0122,100,
2024-06-26T13:00:00+00:00,22.48,31.94,20.3,65.14,25,40,Warsaw,,52.2297,21.0122,100,
2024-06-26T14:00:00+00:00,19.15,25.03,18.73,58.89,25,40,Warsaw,,52.2297,21.0122,100,
2024-06-26T15:00:00+00:00,23.18,32.27,15.92,68.02,25,40,Warsaw,,52.2297,21.0122,100,
2024-06-26T16:00:00+00:00,18.66,29.1,16.62,69.21,25,40,Warsaw,,52.2297,21.0122,100,
2024-06-26T17:00:00+00:00,21.21,27.4,17.58,59.44,25,40,Warsaw,,52.2297,21.0122,100,
2024-06-26T18:00:00+00:00,22.21,33.23,16.91,60.87,25,40,Warsaw,,52.2297,21.0122,100,
2024-06-26T19:00:00+00:00,20.19,24.13,17.3,65.08,25,40,Warsaw,,52.2297,21.0122,100,
2024-06-26T20:00:00+00:00,17.82,22.91,16.35,63.75,25,40,Warsaw,,52.2297,21.0122,100,
2024-06-26T21:00:00+00:00,16.82,23.46,16.16,58.61,25,40,Warsaw,,52.2297,21.0122,100,
2024-06-26T22:00:00+00:00,22.53,27.06,18.98,66.0,25,40,Warsaw,,52.2297,21.0122,100,
2024-06-26T23:00:00+00:00,20.95,26.65,19.11,68.4,25,40,Warsaw,,52.2297,21.0122,100,
2024-06-27T00:00:00+00:00,20.47,24.27,21.28,70.64,25,40,Warsaw,,52.2297,21.0122,100,
2024-06-27T01:00:00+00:00,19.86,22.9,20.55,79.15,25,40,Warsaw,,52.2297,21.0122,100,
2024-06-27T02:00:00+00:00,17.62,26.13,20.92,72.7,25,40,Warsaw,,52.2297,21.0122,100,
2024-06-27T03:00:00+00:00,24.02,35.67,21.89,78.13,25,40,Warsaw,,52.2297,21.0122,100,
2024-06-27T04:00:00+00:00,21.65,25.52,22.71,72.26,25,40,Warsaw,,52.2297,21.0122,100,
2024-06-27T05:00:00+00:00,23.26,32.67,24.64,82.9,25,40,Warsaw,,52.2297,21.0122,100,
2024-06-27T06:00:00+00:00,21.53,26.53,24.06,76.4,25,40,Warsaw,,52.2297,21.0122,100,
2024-06-27T07:00:00+00:00,18.55,25.99,24.77,75.98,25,40,Warsaw,,52.2297,21.0122,100,
2024-06-27T08:00:00+00:00,23.42,30.57,23.56,79.37,25,40,Warsaw,,52.2297,21.0122,100,
2024-06-27T09:00:00+00:00,21.83,26.81,23.06,74.61,25,40,Warsaw,,52.2297,21.0122,100,
2024-06-27T10:00:00+00:00,18.29,27.66,21.11,77.18,25,40,Warsaw,,52.2297,21.0122,100,
2024-06-27T11:00:00+00:00,21.1,26.94,21.95,64.83,25,40,Warsaw,,52.2297,21.0122,100,
2024-06-27T12:00:00+00:00,17.47,21.44,20.03,69.17,25,40,Warsaw,,52.2297,21.0122,100,
2024-06-27T13:00:00+00:00,19.29,23.31,19.62,72.84,25,40,Warsaw,,52.2297,21.0122,100,
2024-06-27T14:00:00+00:00,21.54,31.22,19.47,71.9,25,40,Warsaw,,52.2297,21.0122,100,
2024-06-27T15:00:00+00:00,21.01,25.75,16.79,66.09,25,40,Warsaw,,52.2297,21.0122,100,
2024-06-27T16:00:00+00:00,21.49,28.09,16.55,63.8,25,40,Warsaw,,52.2297,21.0122,100,
2024-06-27T17:00:00+00:00,20.49,29.3,15.02,60.57,25,40,Warsaw,,52.2297,21.0122,100,
2024-06-27T18:00:00+00:00,20.28,29.38,15.39,61.66,25,40,Warsaw,,52.2297,21.0122,100,
2024-06-27T19:00:00+00:00,18.87,22.64,16.88,67.66,25,40,Warsaw,,52.2297,21.0122,100,
2024-06-27T20:00:00+00:00,16.73,23.54,16.27,54.33,25,40,Warsaw,,52.2297,21.0122,100,
2024-06-27T21:00:00+00:00,20.67,31.13,15.79,64.57,25,40,Warsaw,,52.2297,21.0122,100,
2024-06-27T22:00:00+00:00,17.7,24.41,18.09,61.42,25,40,Warsaw,,52.2297,21.0122,100,
2024-06-27T23:00:00+00:00,18.61,28.27,20.43,62.8,25,40,Warsaw,,52.2297,21.0122,100,
2024-06-28T00:00:00+00:00,20.29,29.8,19.63,69.14,25,40,Warsaw,,52.2297,21.0122,100,
2024-06-28T01:00:00+00:00,18.51,23.29,20.74,75.17,25,40,Warsaw,,52.2297,21.0122,100,
2024-06-28T02:00:00+00:00,18.42,23.58,22.29,82.01,25,40,Warsaw,,52.2297,21.0122,100,
2024-06-28T03:00:00+00:00,22.66,33.49,21.74,77.38,25,40,Warsaw,,52.2297,21.0122,100,
2024-06-28T04:00:00+00:00,23.32,27.58,23.0,73.99,25,40,Warsaw,,52.2297,21.0122,100,
2024-06-28T05:00:00+00:00,19.2,28.41,23.63,83.64,25,40,Warsaw,,52.2297,21.0122,100,
2024-06-28T06:00:00+00:00,20.47,26.97,23.6,85.34,25,40,Warsaw,,52.2297,21.0122,100,
2024-06-28T07:00:00+00:00,22.45,31.05,23.88,76.57,25,40,Warsaw,,52.2297,21.0122,100,
2024-06-28T08:00:00+00:00,20.17,26.48,23.22,80.19,25,40,Warsaw,,52.2297,21.0122,100,
2024-06-28T09:00:00+00:00,18.75,24.77,22.48,76.78,25,40,Warsaw,,52.2297,21.0122,100,
2024-06-28T10:00:00+00:00,19.6,25.61,22.46,67.38,25,40,Warsaw,,52.2297,21.0122,100,
2024-06-28T11:00:00+00:00,17.96,27.82,21.18,76.64,25,40,Warsaw,,52.2297,21.0122,100,
2024-06-28T12:00:00+00:00,20.55,25.53,19.05,70.89,25,40,Warsaw,,52.2297,21.0122,100,
2024-06-28T13:00:00+00:00,22.0,26.88,18.78,67.15,25,40,Warsaw,,52.2297,21.0122,100,
2024-06-28T14:00:00+00:00,19.63,28.69,19.22,70.56,25,40,Warsaw,,52.2297,21.0122,100,
2024-06-28T15:00:00+00:00,21.48,29.51,15.86,67.7,25,40,Warsaw,,52.2297,21.0122,100,
2024-06-28T16:00:00+00:00,17.4,24.94,15.64,57.77,25,40,Warsaw,,52.2297,21.0122,100,
2024-06-28T17:00:00+00:00,21.78,31.81,15.92,56.91,25,40,Warsaw,,52.2297,21.0122,100,
2024-06-28T18:00:00+00:00,22.85,29.03,15.85,60.56,25,40,Warsaw,,52.2297,21.0122,100,
2024-06-28T19:00:00+00:00,20.32,26.48,16.95,66.15,25,40,Warsaw,,52.2297,21.0122,100,
2024-06-28T20:00:00+00:00,18.95,22.97,15.51,64.35,25,40,Warsaw,,52.2297,21.0122,100,
2024-06-28T21:00:00+00:00,22.84,34.48,16.7,56.56,25,40,Warsaw,,52.2297,21.0122,100,
2024-06-28T22:00:00+00:00,18.36,25.06,19.32,70.07,25,40,Warsaw,,52.2297,21.0122,100,
2024-06-28T23:00:00+00:00,17.73,24.35,19.97,61.74,25,40,Warsaw,,52.2297,21.0122,100,
2024-06-29T00:00:00+00:00,19.96,26.69,18.99,73.4,25,40,Warsaw,,52.2297,21.0122,100,
2024-06-29T01:00:00+00:00,23.01,35.07,21.85,79.68,25,40,Warsaw,,52.2297,21.0122,100,
2024-06-29T02:00:00+00:00,21.75,30.53,22.5,72.79,25,40,Warsaw,,52.2297,21.0122,100,
2024-06-29T03:00:00+00:00,20.78,24.7,23.71,74.19,25,40,Warsaw,,52.2297,21.0122,100,
2024-06-29T04:00:00+00:00,18.47,22.15,22.39,83.55,25,40,Warsaw,,52.2297,21.0122,100,
2024-06-29T05:00:00+00:00,24.6,37.16,25.01,86.76,25,40,Warsaw,,52.2297,21.0122,100,
2024-06-29T06:00:00+00:00,23.06,27.63,23.69,87.2,25,40,Warsaw,,52.2297,21.0122,100,
2024-06-29T07:00:00+00:00,21.66,28.43,23.36,76.64,25,40,Warsaw,,52.2297,21.0122,100,
2024-06-29T08:00:00+00:00,18.83,23.21,24.5,72.32,25,40,Warsaw,,52.2297,21.0122,100,
2024-06-29T09:00:00+00:00,18.58,26.4,23.77,81.35,25,40,Warsaw,,52.2297,21.0122,100,
2024-06-29T10:00:00+00:00,18.85,24.64,22.22,70.48,25,40,Warsaw,,52.2297,21.0122,100,
2024-06-29T11:00:00+00:00,19.31,27.97,20.5,75.02,25,40,Warsaw,,52.2297,21.0122,100,
2024-06-29T12:00:00+00:00,21.4,28.43,21.09,66.01,25,40,Warsaw,,52.2297,21.0122,100,
2024-06-29T13:00:00+00:00,20.57,28.79,18.63,69.2,25,40,Warsaw,,52.2297,21.0122,100,
2024-06-29T14:00:00+00:00,23.49,28.52,17.48,70.17,25,40,Warsaw,,52.2297,21.0122,100,
2024-06-29T15:00:00+00:00,18.78,25.32,15.94,69.64,25,40,Warsaw,,52.2297,21.0122,100,
2024-06-29T16:00:00+00:00,21.92,28.61,15.79,62.89,25,40,Warsaw,,52.2297,21.0122,100,
2024-06-29T17:00:00+00:00,17.25,24.62,17.21,52.74,25,40,Warsaw,,52.2297,21.0122,100,
2024-06-29T18:00:00+00:00,17.78,21.4,16.59,55.92,25,40,Warsaw,,52.2297,21.0122,100,
2024-06-29T19:00:00+00:00,22.26,33.02,16.5,60.37,25,40,Warsaw,,52.2297,21.0122,100,
2024-06-29T20:00:00+00:00,19.56,30.01,15.61,58.13,25,40,Warsaw,,52.2297,21.0122,100,
2024-06-29T21:00:00+00:00,21.3,25.31,17.4,66.94,25,40,Warsaw,,52.2297,21.0122,100,
2024-06-29T22:00:00+00:00,19.59,27.65,17.55,67.75,25,40,Warsaw,,52.2297,21.0122,100,
2024-06-29T23:00:00+00:00,19.49,27.05,18.1,67.56,25,40,Warsaw,,52.2297,21.0122,100,
2024-06-30T00:00:00+00:00,19.8,26.88,21.37,70.75,25,40,Warsaw,,52.2297,21.0122,100,
2024-06-30T01:00:00+00:00,22.53,30.92,19.88,68.67,25,40,Warsaw,,52.2297,21.0122,100,
2024-06-30T02:00:00+00:00,21.44,25.6,20.86,71.26,25,40,Warsaw,,52.2297,21.0122,100,
2024-06-30T03:00:00+00:00,20.91,30.8,21.64,77.37,25,40,Warsaw,,52.2297,21.0122,100,
2024-06-30T04:00:00+00:00,21.75,32.08,22.54,77.47,25,40,Warsaw,,52.2297,21.0122,100,
2024-06-30T05:00:00+00:00,21.02,28.32,23.88,83.55,25,40,Warsaw,,52.2297,21.0122,100,
2024-06-30T06:00:00+00:00,18.36,22.9,23.42,81.57,25,40,Warsaw,,52.2297,21.0122,100,
2024-06-30T07:00:00+00:00,24.4,32.96,23.28,84.5,25,40,Warsaw,,52.2297,21.0122,100,
2024-06-30T08:00:00+00:00,19.22,25.35,24.82,85.78,25,40,Warsaw,,52.2297,21.0122,100,
2024-06-30T09:00:00+00:00,23.25,30.55,22.45,79.74,25,40,Warsaw,,52.2297,21.0122,100,
2024-06-30T10:00:00+00:00,21.75,27.27,22.98,67.88,25,40,Warsaw,,52.2297,21.0122,100,
2024-06-30T11:00:00+00:00,18.8,28.09,20.27,69.03,25,40,Warsaw,,52.2297,21.0122,100,
2024-06-30T12:00:00+00:00,21.46,30.71,18.65,66.17,25,40,Warsaw,,52.2297,21.0122,100,
2024-06-30T13:00:00+00:00,20.21,27.64,20.12,67.6,25,40,Warsaw,,52.2297,21.0122,100,
2024-06-30T14:00:00+00:00,22.5,28.53,16.71,71.93,25,40,Warsaw,,52.2297,21.0122,100,
2024-06-30T15:00:00+00:00,21.8,33.41,17.71,70.0,25,40,Warsaw,,52.2297,21.0122,100,
2024-06-30T16:00:00+00:00,20.06,29.29,15.5,57.22,25,40,Warsaw,,52.2297,21.0122,100,
2024-06-30T17:00:00+00:00,19.53,28.16,15.72,61.89,25,40,Warsaw,,52.2297,21.0122,100,
2024-06-30T18:00:00+00:00,19.21,22.53,16.94,64.49,25,40,Warsaw,,52.2297,21.0122,100,
2024-06-30T19:00:00+00:00,21.87,33.04,17.18,55.69,25,40,Warsaw,,52.2297,21.0122,100,
2024-06-30T20:00:00+00:00,23.77,29.26,16.66,68.51,25,40,Warsaw,,52.2297,21.0122,100,
2024-06-30T21:00:00+00:00,21.72,26.79,17.17,57.66,25,40,Warsaw,,52.2297,21.0122,100,
2024-06-30T22:00:00+00:00,18.94,25.04,16.75,65.95,25,40,Warsaw,,52.2297,21.0122,100,
2024-06-30T23:00:00+00:00,19.81,28.61,20.01,73.72,25,40,Warsaw,,52.2297,21.0122,100,
2024-07-01T00:00:00+00:00,18.74,21.48,20.54,70.05,25,40,Warsaw,,52.2297,21.0122,100,
2024-07-01T01:00:00+00:00,20.28,29.76,22.96,78.05,25,40,Warsaw,,52.2297,21.0122,100,
2024-07-01T02:00:00+00:00,17.45,23.67,23.12,72.48,25,40,Warsaw,,52.2297,21.0122,100,
2024-07-01T03:00:00+00:00,21.38,28.65,23.93,75.55,25,40,Warsaw,,52.2297,21.0122,100,
2024-07-01T04:00:00+00:00,23.55,29.95,25.06,80.65,25,40,Warsaw,,52.2297,21.0122,100,
2024-07-01T05:00:00+00:00,19.97,30.09,24.98,81.57,25,40,Warsaw,,52.2297,21.0122,100,
2024-07-01T06:00:00+00:00,18.42,27.55,24.55,76.79,25,40,Warsaw,,52.2297,21.0122,100,
2024-07-01T07:00:00+00:00,17.19,24.39,27.02,76.79,25,40,Warsaw,,52.2297,21.0122,100,
2024-07-01T08:00:00+00:00,20.77,31.34,25.23,74.06,25,40,Warsaw,,52.2297,21.0122,100,
2024-07-01T09:00:00+00:00,20.62,31.77,25.1,79.42,25,40,Warsaw,,52.2297,21.0122,100,
2024-07-01T10:00:00+00:00,23.16,31.26,22.53,71.34,25,40,Warsaw,,52.2297,21.0122,100,
2024-07-01T11:00:00+00:00,22.42,26.83,24.22,76.89,25,40,Warsaw,,52.2297,21.0122,100,
2024-07-01T12:00:00+00:00,19.53,30.27,23.36,75.54,25,40,Warsaw,,52.2297,21.0122,100,
2024-07-01T13:00:00+00:00,17.1,21.61,20.0,65.56,25,40,Warsaw,,52.2297,21.0122,100,
2024-07-01T14:00:00+00:00,21.03,29.45,19.75,62.42,25,40,Warsaw,,52.2297,21.0122,100,
2024-07-01T15:00:00+00:00,20.28,25.63,19.99,62.47,25,40,Warsaw,,52.2297,21.0122,100,
2024-07-01T16:00:00+00:00,18.32,22.62,17.3,56.26,25,40,Warsaw,,52.2297,21.0122,100,
2024-07-01T17:00:00+00:00,17.29,21.91,18.8,62.58,25,40,Warsaw,,52.2297,21.0122,100,
2024-07-01T18:00:00+00:00,20.96,24.74,17.54,64.58,25,40,Warsaw,,52.2297,21.0122,100,
2024-07-01T19:00:00+00:00,19.2,23.07,18.1,61.59,25,40,Warsaw,,52.2297,21.0122,100,
2024-07-01T20:00:00+00:00,19.99,23.33,18.6,61.25,25,40,Warsaw,,52.2297,21.0122,100,
2024-07-01T21:00:00+00:00,23.27,27.45,18.37,68.94,25,40,Warsaw,,52.2297,21.0122,100,
2024-07-01T22:00:00+00:00,19.83,27.9,20.03,60.05,25,40,Warsaw,,52.2297,21.0122,100,
2024-07-01T23:00:00+00:00,22.29,29.81,21.71,70.92,25,40,Warsaw,,52.2297,21.0122,100,
2024-07-02T00:00:00+00:00,19.38,26.69,21.39,71.1,25,40,Warsaw,,52.2297,21.0122,100,
2024-07-02T01:00:00+00:00,18.38,22.49,24.53,74.41,25,40,Warsaw,,52.2297,21.0122,100,
2024-07-02T02:00:00+00:00,19.3,25.68,23.86,69.86,25,40,Warsaw,,52.2297,21.0122,100,
2024-07-02T03:00:00+00:00,18.99,22.74,24.56,77.28,25,40,Warsaw,,52.2297,21.0122,100,
2024-07-02T04:00:00+00:00,18.64,27.31,24.02,71.63,25,40,Warsaw,,52.2297,21.0122,100,
2024-07-02T05:00:00+00:00,22.11,32.2,24.72,87.14,25,40,Warsaw,,52.2297,21.0122,100,
2024-07-02T06:00:00+00:00,18.27,24.93,24.96,74.8,25,40,Warsaw,,52.2297,21.0122,100,
2024-07-02T07:00:00+00:00,20.26,30.57,27.35,83.06,25,40,Warsaw,,52.2297,21.0122,100,
2024-07-02T08:00:00+00:00,19.0,21.73,26.03,72.76,25,40,Warsaw,,52.2297,21.0122,100,
2024-07-02T09:00:00+00:00,17.69,20.1,24.4,77.04,25,40,Warsaw,,52.2297,21.0122,100,
2024-07-02T10:00:00+00:00,21.84,28.79,24.35,74.17,25,40,Warsaw,,52.2297,21.0122,100,
2024-07-02T11:00:00+00:00,20.33,28.05,22.57,79.41,25,40,Warsaw,,52.2297,21.0122,100,
2024-07-02T12:00:00+00:00,21.92,26.21,22.43,71.88,25,40,Warsaw,,52.2297,21.0122,100,
2024-07-02T13:00:00+00:00,21.49,26.67,20.73,63.98,25,40,Warsaw,,52.2297,21.0122,100,
2024-07-02T14:00:00+00:00,21.66,28.57,19.23,65.05,25,40,Warsaw,,52.2297,21.0122,100,
2024-07-02T15:00:00+00:00,22.08,33.42,19.87,63.4,25,40,Warsaw,,52.2297,21.0122,100,
2024-07-02T16:00:00+00:00,23.57,31.04,17.39,68.63,25,40,Warsaw,,52.2297,21.0122,100,
2024-07-02T17:00:00+00:00,20.59,29.23,16.74,53.3,25,40,Warsaw,,52.2297,21.0122,100,
2024-07-02T18:00:00+00:00,17.22,24.48,16.86,60.1,25,40,Warsaw,,52.2297,21.0122,100,
2024-07-02T19:00:00+00:00,22.44,31.63,18.89,67.22,25,40,Warsaw,,52.2297,21.0122,100,
2024-07-02T20:00:00+00:00,19.67,24.58,17.51,66.0,25,40,Warsaw,,52.2297,21.0122,100,
2024-07-02T21:00:00+00:00,17.86,20.68,18.12,64.99,25,40,Warsaw,,52.2297,21.0122,100,
2024-07-02T22:00:00+00:00,18.44,25.57,19.61,61.6,25,40,Warsaw,,52.2297,21.0122,100,
2024-07-02T23:00:00+00:00,22.45,34.1,22.3,62.22,25,40,Warsaw,,52.2297,21.0122,100,
2024-07-03T00:00:00+00:00,19.47,26.07,21.77,68.56,25,40,Warsaw,,52.2297,21.0122,100,
2024-07-03T01:00:00+00:00,17.97,25.45,23.54,70.99,25,40,Warsaw,,52.2297,21.0122,100,
2024-07-03T02:00:00+00:00,23.12,28.64,23.04,69.21,25,40,Warsaw,,52.2297,21.0122,100,
2024-07-03T03:00:00+00:00,20.91,28.54,26.02,82.93,25,40,Warsaw,,52.2297,21.0122,100,
2024-07-03T04:00:00+00:00,21.32,32.07,25.57,81.9,25,40,Warsaw,,52.2297,21.0122,100,
2024-07-03T05:00:00+00:00,18.24,21.77,25.76,79.33,25,40,Warsaw,,52.2297,21.0122,100,
2024-07-03T06:00:00+00:00,22.26,33.93,25.84,77.58,25,40,Warsaw,,52.2297,21.0122,100,
2024-07-03T07:00:00+00:00,20.94,31.86,25.94,87.48,25,40,Warsaw,,52.2297,21.0122,100,
2024-07-03T08:00:00+00:00,19.88,29.93,24.67,75.82,25,40,Warsaw,,52.2297,21.0122,100,
2024-07-03T09:00:00+00:00,22.22,28.72,25.45,80.92,25,40,Warsaw,,52.2297,21.0122,100,
2024-07-03T10:00:00+00:00,19.54,29.46,24.67,68.78,25,40,Warsaw,,52.2297,21.0122,100,
2024-07-03T11:00:00+00:00,17.66,26.26,23.75,76.75,25,40,Warsaw,,52.2297,21.0122,100,
2024-07-03T12:00:00+00:00,23.81,31.71,22.63,74.05,25,40,Warsaw,,52.2297,21.0122,100,
2024-07-03T13:00:00+00:00,21.73,27.55,20.56,69.53,25,40,Warsaw,,52.2297,21.0122,100,
2024-07-03T14:00:00+00:00,22.98,33.19,19.76,69.62,25,40,Warsaw,,52.2297,21.0122,100,
2024-07-03T15:00:00+00:00,17.93,27.13,19.02,56.07,25,40,Warsaw,,52.2297,21.0122,100,
2024-07-03T16:00:00+00:00,19.58,28.3,18.09,63.14,25,40,Warsaw,,52.2297,21.0122,100,
2024-07-03T17:00:00+00:00,22.1,31.06,18.2,67.3,25,40,Warsaw,,52.2297,21.0122,100,
2024-07-03T18:00:00+00:00,19.26,22.57,17.37,63.65,25,40,Warsaw,,52.2297,21.0122,100,
2024-07-03T19:00:00+00:00,18.41,25.72,18.94,59.15,25,40,Warsaw,,52.2297,21.0122,100,
2024-07-03T20:00:00+00:00,22.21,27.55,18.54,56.49,25,40,Warsaw,,52.2297,21.0122,100,
2024-07-03T21:00:00+00:00,21.35,28.46,19.38,68.36,25,40,Warsaw,,52.2297,21.0122,100,
2024-07-03T22:00:00+00:00,21.95,33.31,21.22,58.39,25,40,Warsaw,,52.2297,21.0122,100,
2024-07-03T23:00:00+00:00,17.05,21.8,20.64,67.13,25,40,Warsaw,,52.2297,21.0122,100,
2024-07-04T00:00:00+00:00,20.68,25.0,21.83,67.59,25,40,Warsaw,,52.2297,21.0122,100,
2024-07-04T01:00:00+00:00,20.57,28.32,22.25,66.56,25,40,Warsaw,,52.2297,21.0122,100,
2024-07-04T02:00:00+00:00,21.37,26.9,23.17,81.82,25,40,Warsaw,,52.2297,21.0122,100,
2024-07-04T03:00:00+00:00,19.05,22.17,25.18,83.55,25,40,Warsaw,,52.2297,21.0122,100,
2024-07-04T04:00:00+00:00,22.69,32.73,26.16,84.46,25,40,Warsaw,,52.2297,21.0122,100,
2024-07-04T05:00:00+00:00,21.87,27.36,26.07,72.02,25,40,Warsaw,,52.2297,21.0122,100,
2024-07-04T06:00:00+00:00,19.93,27.08,26.36,87.8,25,40,Warsaw,,52.2297,21.0122,100,
2024-07-04T07:00:00+00:00,24.02,31.73,26.95,87.44,25,40,Warsaw,,52.2297,21.0122,100,
2024-07-04T08:00:00+00:00,17.53,22.68,26.54,74.04,25,40,Warsaw,,52.2297,21.0122,100,
2024-07-04T09:00:00+00:00,18.8,22.56,25.27,76.42,25,40,Warsaw,,52.2297,21.0122,100,
2024-07-04T10:00:00+00:00,21.13,32.01,24.8,69.64,25,40,Warsaw,,52.2297,21.0122,100,
2024-07-04T11:00:00+00:00,22.95,29.4,23.37,79.02,25,40,Warsaw,,52.2297,21.0122,100,
2024-07-04T12:00:00+00:00,19.27,25.5,21.29,75.53,25,40,Warsaw,,52.2297,21.0122,100,
2024-07-04T13:00:00+00:00,22.27,27.06,22.05,74.44,25,40,Warsaw,,52.2297,21.0122,100,
2024-07-04T14:00:00+00:00,18.8,22.28,21.37,59.43,25,40,Warsaw,,52.2297,21.0122,100,
2024-07-04T15:00:00+00:00,20.4,25.31,19.6,64.43,25,40,Warsaw,,52.2297,21.0122,100,
2024-07-04T16:00:00+00:00,17.02,25.54,19.35,64.52,25,40,Warsaw,,52.2297,21.0122,100,
2024-07-04T17:00:00+00:00,18.35,28.53,19.39,55.14,25,40,Warsaw,,52.2297,21.0122,100,
2024-07-04T18:00:00+00:00,16.72,19.31,19.04,56.63,25,40,Warsaw,,52.2297,21.0122,100,
2024-07-04T19:00:00+00:00,17.66,23.19,19.56,67.36,25,40,Warsaw,,52.2297,21.0122,100,
2024-07-04T20:00:00+00:00,18.61,28.26,19.34,69.27,25,40,Warsaw,,52.2297,21.0122,100,
2024-07-04T21:00:00+00:00,21.31,32.58,17.83,55.46,25,40,Warsaw,,52.2297,21.0122,100,
2024-07-04T22:00:00+00:00,20.73,30.57,20.85,61.38,25,40,Warsaw,,52.2297,21.0122,100,
2024-07-04T23:00:00+00:00,17.29,19.44,20.23,61.1,25,40,Warsaw,,52.2297,21.0122,100,
2024-07-05T00:00:00+00:00,19.92,23.12,22.84,76.55,25,40,Warsaw,,52.2297,21.0122,100,
2024-07-05T01:00:00+00:00,19.81,30.15,23.1,68.57,25,40,Warsaw,,52.2297,21.0122,100,
2024-07-05T02:00:00+00:00,21.91,28.55,24.18,67.35,25,40,Warsaw,,52.2297,21.0122,100,
2024-07-05T03:00:00+00:00,22.06,28.96,24.73,77.79,25,40,Warsaw,,52.2297,21.0122,100,
2024-07-05T04:00:00+00:00,22.63,26.78,26.35,70.77,25,40,Warsaw,,52.2297,21.0122,100,
2024-07-05T05:00:00+00:00,23.29,33.72,27.24,79.39,25,40,Warsaw,,52.2297,21.0122,100,
2024-07-05T06:00:00+00:00,20.89,28.95,24.8,72.39,25,40,Warsaw,,52.2297,21.0122,100,
2024-07-05T07:00:00+00:00,21.61,29.26,26.12,81.93,25,40,Warsaw,,52.2297,21.0122,100,
2024-07-05T08:00:00+00:00,20.6,31.54,26.47,82.87,25,40,Warsaw,,52.2297,21.0122,100,
2024-07-05T09:00:00+00:00,23.0,32.72,24.35,69.65,25,40,Warsaw,,52.2297,21.0122,100,
2024-07-05T10:00:00+00:00,21.07,29.09,24.58,79.31,25,40,Warsaw,,52.2297,21.0122,100,
2024-07-05T11:00:00+00:00,17.07,21.04,24.01,66.22,25,40,Warsaw,,52.2297,21.0122,100,
2024-07-05T12:00:00+00:00,22.65,27.42,20.51,66.37,25,40,Warsaw,,52.2297,21.0122,100,
2024-07-05T13:00:00+00:00,18.05,21.15,20.01,67.05,25,40,Warsaw,,52.2297,21.0122,100,
2024-07-05T14:00:00+00:00,18.95,26.01,20.04,67.1,25,40,Warsaw,,52.2297,21.0122,100,
2024-07-05T15:00:00+00:00,20.33,27.86,20.36,62.99,25,40,Warsaw,,52.2297,21.0122,100,
2024-07-05T16:00:00+00:00,18.48,25.05,17.75,59.84,25,40,Warsaw,,52.2297,21.0122,100,
2024-07-05T17:00:00+00:00,19.11,27.02,19.44,52.36,25,40,Warsaw,,52.2297,21.0122,100,
2024-07-05T18:00:00+00:00,17.73,26.98,17.62,66.88,25,40,Warsaw,,52.2297,21.0122,100,
2024-07-05T19:00:00+00:00,21.13,28.05,17.08,53.81,25,40,Warsaw,,52.2297,21.0122,100,
2024-07-05T20:00:00+00:00,18.59,22.24,19.73,66.47,25,40,Warsaw,,52.2297,21.0122,100,
2024-07-05T21:00:00+00:00,21.02,29.53,19.13,63.41,25,40,Warsaw,,52.2297,21.0122,100,
2024-07-05T22:00:00+00:00,21.62,25.45,19.44,68.67,25,40,Warsaw,,52.2297,21.0122,100,
2024-07-05T23:00:00+00:00,21.54,25.92,21.83,70.63,25,40,Warsaw,,52.2297,21.0122,100,
2024-07-06T00:00:00+00:00,18.83,25.76,23.37,65.47,25,40,Warsaw,,52.2297,21.0122,100,
2024-07-06T01:00:00+00:00,23.0,29.98,22.19,69.4,25,40,Warsaw,,52.2297,21.0122,100,
2024-07-06T02:00:00+00:00,19.82,24.04,23.9,77.83,25,40,Warsaw,,52.2297,21.0122,100,
2024-07-06T03:00:00+00:00,23.9,29.18,23.76,76.55,25,40,Warsaw,,52.2297,21.0122,100,
2024-07-06T04:00:00+00:00,22.86,34.08,24.33,83.17,25,40,Warsaw,,52.2297,21.0122,100,
2024-07-06T05:00:00+00:00,18.86,24.81,25.63,73.9,25,40,Warsaw,,52.2297,21.0122,100,
2024-07-06T06:00:00+00:00,19.42,25.1,25.78,83.28,25,40,Warsaw,,52.2297,21.0122,100,
2024-07-06T07:00:00+00:00,18.29,24.58,25.26,79.37,25,40,Warsaw,,52.2297,21.0122,100,
2024-07-06T08:00:00+00:00,20.77,29.19,24.62,86.48,25,40,Warsaw,,52.2297,21.0122,100,
2024-07-06T09:00:00+00:00,22.19,32.47,24.32,84.93,25,40,Warsaw,,52.2297,21.0122,100,
2024-07-06T10:00:00+00:00,22.63,27.4,23.68,68.52,25,40,Warsaw,,52.2297,21.0122,100,
2024-07-06T11:00:00+00:00,21.79,29.69,22.74,80.1,25,40,Warsaw,,52.2297,21.0122,100,
2024-07-06T12:00:00+00:00,20.06,24.0,21.24,74.5,25,40,Warsaw,,52.2297,21.0122,100,
2024-07-06T13:00:00+00:00,20.56,26.07,19.89,63.13,25,40,Warsaw,,52.2297,21.0122,100,
2024-07-06T14:00:00+00:00,19.27,29.55,21.12,62.03,25,40,Warsaw,,52.2297,21.0122,100,
2024-07-06T15:00:00+00:00,17.86,24.58,18.47,58.15,25,40,Warsaw,,52.2297,21.0122,100,
2024-07-06T16:00:00+00:00,18.02,21.4,17.8,59.09,25,40,Warsaw,,52.2297,21.0122,100,
2024-07-06T17:00:00+00:00,21.31,28.44,17.55,67.01,25,40,Warsaw,,52.2297,21.0122,100,
2024-07-06T18:00:00+00:00,20.72,27.23,16.85,67.83,25,40,Warsaw,,52.2297,21.0122,100,
2024-07-06T19:00:00+00:00,23.59,34.58,16.97,66.86,25,40,Warsaw,,52.2297,21.0122,100,
2024-07-06T20:00:00+00:00,19.54,28.55,19.37,59.79,25,40,Warsaw,,52.2297,21.0122,100,
2024-07-06T21:00:00+00:00,19.71,26.02,18.44,59.44,25,40,Warsaw,,52.2297,21.0122,100,
2024-07-06T22:00:00+00:00,22.02,28.29,19.97,72.63,25,40,Warsaw,,52.2297,21.0122,100,
2024-07-06T23:00:00+00:00,20.53,29.73,19.58,63.02,25,40,Warsaw,,52.2297,21.0122,100,
2024-07-07T00:00:00+00:00,23.73,31.67,22.3,76.1,25,40,Warsaw,,52.2297,21.0122,100,
2024-07-07T01:00:00+00:00,20.39,23.55,23.88,69.34,25,40,Warsaw,,52.2297,21.0122,100,
2024-07-07T02:00:00+00:00,22.37,27.27,23.94,79.75,25,40,Warsaw,,52.2297,21.0122,100,
2024-07-07T03:00:00+00:00,20.99,27.21,23.37,79.18,25,40,Warsaw,,52.2297,21.0122,100,
2024-07-07T04:00:00+00:00,18.72,27.05,25.34,86.34,25,40,Warsaw,,52.2297,21.0122,100,
2024-07-07T05:00:00+00:00,20.75,30.65,24.86,73.93,25,40,Warsaw,,52.2297,21.0122,100,
2024-07-07T06:00:00+00:00,20.91,28.67,25.44,74.43,25,40,Warsaw,,52.2297,21.0122,100,
2024-07-07T07:00:00+00:00,22.98,31.84,25.63,79.28,25,40,Warsaw,,52.2297,21.0122,100,
2024-07-07T08:00:00+00:00,19.16,29.76,25.0,79.87,25,40,Warsaw,,52.2297,21.0122,100,
2024-07-07T09:00:00+00:00,22.37,29.97,24.98,83.55,25,40,Warsaw,,52.2297,21.0122,100,
2024-07-07T10:00:00+00:00,19.06,26.9,22.84,78.45,25,40,Warsaw,,52.2297,21.0122,100,
2024-07-07T11:00:00+00:00,18.06,22.45,23.11,71.03,25,40,Warsaw,,52.2297,21.0122,100,
2024-07-07T12:00:00+00:00,19.58,30.42,22.15,64.18,25,40,Warsaw,,52.2297,21.0122,100,
2024-07-07T13:00:00+00:00,17.85,24.63,20.03,65.7,25,40,Warsaw,,52.2297,21.0122,100,
2024-07-07T14:00:00+00:00,18.13,27.96,20.99,64.14,25,40,Warsaw,,52.2297,21.0122,100,
2024-07-07T15:00:00+00:00,17.8,25.82,19.35,67.87,25,40,Warsaw,,52.2297,21.0122,100,
2024-07-07T16:00:00+00:00,20.78,28.55,18.55,57.43,25,40,Warsaw,,52.2297,21.0122,100,
2024-07-07T17:00:00+00:00,20.13,24.93,16.8,53.92,25,40,Warsaw,,52.2297,21.0122,100,
2024-07-07T18:00:00+00:00,18.21,26.88,18.43,57.82,25,40,Warsaw,,52.2297,21.0122,100,
2024-07-07T19:00:00+00:00,17.14,23.43,18.05,55.73,25,40,Warsaw,,52.2297,21.0122,100,
2024-07-07T20:00:00+00:00,17.72,24.72,17.53,64.96,25,40,Warsaw,,52.2297,21.0122,100,
2024-07-07T21:00:00+00:00,17.63,19.9,19.43,63.41,25,40,Warsaw,,52.2297,21.0122,100,
2024-07-07T22:00:00+00:00,19.83,26.24,19.86,62.29,25,40,Warsaw,,52.2297,21.0122,100,
2024-07-07T23:00:00+00:00,21.08,31.17,21.51,60.0,25,40,Warsaw,,52.2297,21.0122,100,
2024-07-08T00:00:00+00:00,19.0,29.12,21.55,74.18,25,40,Warsaw,,52.2297,21.0122,100,
2024-07-08T01:00:00+00:00,23.15,34.21,22.1,77.69,25,40,Warsaw,,52.2297,21.0122,100,
2024-07-08T02:00:00+00:00,20.47,25.68,24.92,76.29,25,40,Warsaw,,52.2297,21.0122,100,
2024-07-08T03:00:00+00:00,22.26,27.69,25.9,69.78,25,40,Warsaw,,52.2297,21.0122,100,
2024-07-08T04:00:00+00:00,20.98,25.8,25.59,74.28,25,40,Warsaw,,52.2297,21.0122,100,
2024-07-08T05:00:00+00:00,23.91,35.11,25.25,83.25,25,40,Warsaw,,52.2297,21.0122,100,
2024-07-08T06:00:00+00:00,23.6,34.86,25.19,87.5,25,40,Warsaw,,52.2297,21.0122,100,
2024-07-08T07:00:00+00:00,18.99,24.52,26.93,86.46,25,40,Warsaw,,52.2297,21.0122,100,
2024-07-08T08:00:00+00:00,23.27,29.19,24.41,85.6,25,40,Warsaw,,52.2297,21.0122,100,
2024-07-08T09:00:00+00:00,20.08,23.79,24.53,80.9,25,40,Warsaw,,52.2297,21.0122,100,
2024-07-08T10:00:00+00:00,19.18,25.98,25.36,81.73,25,40,Warsaw,,52.2297,21.0122,100,
2024-07-08T11:00:00+00:00,22.3,33.6,23.07,67.28,25,40,Warsaw,,52.2297,21.0122,100,
2024-07-08T12:00:00+00:00,21.13,31.95,22.88,63.36,25,40,Warsaw,,52.2297,21.0122,100,
2024-07-08T13:00:00+00:00,20.0,25.52,20.34,61.51,25,40,Warsaw,,52.2297,21.0122,100,
2024-07-08T14:00:00+00:00,19.17,26.43,21.17,65.16,25,40,Warsaw,,52.2297,21.0122,100,
2024-07-08T15:00:00+00:00,22.01,26.97,20.27,58.97,25,40,Warsaw,,52.2297,21.0122,100,
2024-07-08T16:00:00+00:00,16.78,20.84,18.88,61.54,25,40,Warsaw,,52.2297,21.0122,100,
2024-07-08T17:00:00+00:00,17.47,26.96,18.75,54.41,25,40,Warsaw,,52.2297,21.0122,100,
2024-07-08T18:00:00+00:00,22.55,27.05,19.14,67.87,25,40,Warsaw,,52.2297,21.0122,100,
2024-07-08T19:00:00+00:00,19.11,25.85,16.91,56.37,25,40,Warsaw,,52.2297,21.0122,100,
2024-07-08T20:00:00+00:00,17.79,20.87,17.53,67.02,25,40,Warsaw,,52.2297,21.0122,100,
2024-07-08T21:00:00+00:00,20.61,28.49,20.07,60.0,25,40,Warsaw,,52.2297,21.0122,100,
2024-07-08T22:00:00+00:00,23.38,31.47,21.16,72.66,25,40,Warsaw,,52.2297,21.0122,100,
2024-07-08T23:00:00+00:00,22.57,27.38,19.78,65.22,25,40,Warsaw,,52.2297,21.0122,100,
2024-07-09T00:00:00+00:00,18.14,27.66,22.37,65.79,25,40,Warsaw,,52.2297,21.0122,100,
2024-07-09T01:00:00+00:00,22.44,34.14,22.19,65.09,25,40,Warsaw,,52.2297,21.0122,100,
2024-07-09T02:00:00+00:00,21.31,31.76,24.42,80.56,25,40,Warsaw,,52.2297,21.0122,100,
2024-07-09T03:00:00+00:00,21.32,27.76,25.23,76.53,25,40,Warsaw,,52.2297,21.0122,100,
2024-07-09T04:00:00+00:00,23.45,35.25,26.71,82.23,25,40,Warsaw,,52.2297,21.0122,100,
2024-07-09T05:00:00+00:00,23.54,31.4,25.62,81.38,25,40,Warsaw,,52.2297,21.0122,100,
2024-07-09T06:00:00+00:00,22.17,32.2,27.14,76.88,25,40,Warsaw,,52.2297,21.0122,100,
2024-07-09T07:00:00+00:00,23.32,30.52,26.77,86.45,25,40,Warsaw,,52.2297,21.0122,100,
2024-07-09T08:00:00+00:00,22.56,30.39,24.85,79.57,25,40,Warsaw,,52.2297,21.0122,100,
2024-07-09T09:00:00+00:00,20.6,30.92,24.15,82.95,25,40,Warsaw,,52.2297,21.0122,100,
2024-07-09T10:00:00+00:00,23.12,34.72,24.16,72.87,25,40,Warsaw,,52.2297,21.0122,100,
2024-07-09T11:00:00+00:00,19.78,30.31,21.89,67.48,25,40,Warsaw,,52.2297,21.0122,100,
2024-07-09T12:00:00+00:00,19.82,28.43,23.31,71.39,25,40,Warsaw,,52.2297,21.0122,100,
2024-07-09T13:00:00+00:00,22.14,29.82,20.83,62.59,25,40,Warsaw,,52.2297,21.0122,100,
2024-07-09T14:00:00+00:00,21.53,32.99,21.36,64.55,25,40,Warsaw,,52.2297,21.0122,100,
2024-07-09T15:00:00+00:00,17.67,26.11,18.53,59.68,25,40,Warsaw,,52.2297,21.0122,100,
2024-07-09T16:00:00+00:00,17.15,24.85,18.3,58.2,25,40,Warsaw,,52.2297,21.0122,100,
2024-07-09T17:00:00+00:00,21.54,26.51,18.22,53.23,25,40,Warsaw,,52.2297,21.0122,100,
2024-07-09T18:00:00+00:00,18.82,25.12,18.62,63.67,25,40,Warsaw,,52.2297,21.0122,100,
2024-07-09T19:00:00+00:00,16.68,23.62,17.29,55.52,25,40,Warsaw,,52.2297,21.0122,100,
2024-07-09T20:00:00+00:00,17.17,27.17,20.01,58.61,25,40,Warsaw,,52.2297,21.0122,100,
2024-07-09T21:00:00+00:00,21.24,29.59,19.0,60.56,25,40,Warsaw,,52.2297,21.0122,100,
2024-07-09T22:00:00+00:00,18.26,22.43,20.61,60.27,25,40,Warsaw,,52.2297,21.0122,100,
2024-07-09T23:00:00+00:00,18.35,21.49,20.51,62.09,25,40,Warsaw,,52.2297,21.0122,100,
2024-07-10T00:00:00+00:00,21.8,32.7,22.34,63.84,25,40,Warsaw,,52.2297,21.0122,100,
2024-07-10T01:00:00+00:00,19.71,28.95,22.89,70.79,25,40,Warsaw,,52.2297,21.0122,100,
2024-07-10T02:00:00+00:00,24.07,30.25,24.88,80.35,25,40,Warsaw,,52.2297,21.0122,100,
2024-07-10T03:00:00+00:00,20.46,29.79,23.9,71.61,25,40,Warsaw,,52.2297,21.0122,100,
2024-07-10T04:00:00+00:00,18.97,27.21,26.15,73.5,25,40,Warsaw,,52.2297,21.0122,100,
2024-07-10T05:00:00+00:00,21.45,27.81,26.38,77.89,25,40,Warsaw,,52.2297,21.0122,100,
2024-07-10T06:00:00+00:00,17.79,25.35,27.46,75.59,25,40,Warsaw,,52.2297,21.0122,100,
2024-07-10T07:00:00+00:00,20.21,23.79,25.52,83.65,25,40,Warsaw,,52.2297,21.0122,100,
2024-07-10T08:00:00+00:00,22.32,29.22,25.38,85.43,25,40,Warsaw,,52.2297,21.0122,100,
2024-07-10T09:00:00+00:00,19.43,23.77,25.36,84.96,25,40,Warsaw,,52.2297,21.0122,100,
2024-07-10T10:00:00+00:00,19.1,29.01,23.07,70.94,25,40,Warsaw,,52.2297,21.0122,100,
2024-07-10T11:00:00+00:00,18.01,26.6,22.8,79.66,25,40,Warsaw,,52.2297,21.0122,100,
2024-07-10T12:00:00+00:00,17.14,22.01,22.92,64.44,25,40,Warsaw,,52.2297,21.0122,100,
2024-07-10T13:00:00+00:00,23.05,30.46,22.46,73.4,25,40,Warsaw,,52.2297,21.0122,100,
2024-07-10T14:00:00+00:00,22.33,31.3,18.63,58.16,25,40,Warsaw,,52.2297,21.0122,100,
2024-07-10T15:00:00+00:00,19.86,29.29,18.7,69.91,25,40,Warsaw,,52.2297,21.0122,100,
2024-07-10T16:00:00+00:00,21.54,25.75,18.97,56.68,25,40,Warsaw,,52.2297,21.0122,100,
2024-07-10T17:00:00+00:00,19.29,24.08,19.48,63.59,25,40,Warsaw,,52.2297,21.0122,100,
2024-07-10T18:00:00+00:00,19.04,28.42,18.05,61.75,25,40,Warsaw,,52.2297,21.0122,100,
2024-07-10T19:00:00+00:00,19.14,28.03,17.88,63.65,25,40,Warsaw,,52.2297,21.0122,100,
2024-07-10T20:00:00+00:00,21.2,25.84,19.48,65.36,25,40,Warsaw,,52.2297,21.0122,100,
2024-07-10T21:00:00+00:00,20.88,31.61,17.96,61.66,25,40,Warsaw,,52.2297,21.0122,100,
2024-07-10T22:00:00+00:00,18.06,21.51,20.65,72.48,25,40,Warsaw,,52.2297,21.0122,100,
2024-07-10T23:00:00+00:00,23.76,34.72,19.93,70.93,25,40,Warsaw,,52.2297,21.0122,100,
2024-07-11T00:00:00+00:00,21.75,28.75,21.3,77.61,25,40,Warsaw,,52.2297,21.0122,100,
2024-07-11T01:00:00+00:00,21.61,32.86,24.12,67.09,25,40,Warsaw,,52.2297,21.0122,100,
2024-07-11T02:00:00+00:00,19.46,28.93,24.34,75.4,25,40,Warsaw,,52.2297,21.0122,100,
2024-07-11T03:00:00+00:00,22.6,33.35,25.82,70.62,25,40,Warsaw,,52.2297,21.0122,100,
2024-07-11T04:00:00+00:00,22.92,29.7,26.51,76.38,25,40,Warsaw,,52.2297,21.0122,100,
2024-07-11T05:00:00+00:00,22.67,29.73,26.31,73.17,25,40,Warsaw,,52.2297,21.0122,100,
2024-07-11T06:00:00+00:00,17.99,22.65,26.12,79.95,25,40,Warsaw,,52.2297,21.0122,100,
2024-07-11T07:00:00+00:00,19.46,26.76,26.52,72.44,25,40,Warsaw,,52.2297,21.0122,100,
2024-07-11T08:00:00+00:00,19.58,26.29,25.15,78.88,25,40,Warsaw,,52.2297,21.0122,100,
2024-07-11T09:00:00+00:00,21.9,28.62,23.93,79.97,25,40,Warsaw,,52.2297,21.0122,100,
2024-07-11T10:00:00+00:00,22.56,31.9,24.11,71.57,25,40,Warsaw,,52.2297,21.0122,100,
2024-07-11T11:00:00+00:00,20.17,29.79,21.61,71.28,25,40,Warsaw,,52.2297,21.0122,100,
2024-07-11T12:00:00+00:00,18.33,25.71,20.92,70.29,25,40,Warsaw,,52.2297,21.0122,100,
2024-07-11T13:00:00+00:00,18.39,21.02,20.69,72.9,25,40,Warsaw,,52.2297,21.0122,100,
2024-07-11T14:00:00+00:00,20.31,24.35,20.88,57.91,25,40,Warsaw,,52.2297,21.0122,100,
2024-07-11T15:00:00+00:00,20.39,27.11,20.32,63.8,25,40,Warsaw,,52.2297,21.0122,100,
2024-07-11T16:00:00+00:00,18.22,25.17,17.9,61.99,25,40,Warsaw,,52.2297,21.0122,100,
2024-07-11T17:00:00+00:00,18.65,22.23,19.58,61.25,25,40,Warsaw,,52.2297,21.0122,100,
2024-07-11T18:00:00+00:00,22.42,27.81,18.96,60.89,25,40,Warsaw,,52.2297,21.0122,100,
2024-07-11T19:00:00+00:00,23.07,31.27,19.17,62.26,25,40,Warsaw,,52.2297,21.0122,100,
2024-07-11T20:00:00+00:00,20.24,30.33,18.86,55.93,25,40,Warsaw,,52.2297,21.0122,100,
2024-07-11T21:00:00+00:00,17.9,24.28,18.8,67.58,25,40,Warsaw,,52.2297,21.0122,100,
2024-07-11T22:00:00+00:00,22.52,30.46,18.59,61.56,25,40,Warsaw,,52.2297,21.0122,100,
2024-07-11T23:00:00+00:00,17.89,25.32,22.24,65.97,25,40,Warsaw,,52.2297,21.0122,100,
2024-07-12T00:00:00+00:00,19.52,25.03,22.83,62.57,25,40,Warsaw,,52.2297,21.0122,100,
2024-07-12T01:00:00+00:00,23.9,35.4,21.6,74.6,25,40,Warsaw,,52.2297,21.0122,100,
2024-07-12T02:00:00+00:00,22.4,27.18,23.86,72.2,25,40,Warsaw,,52.2297,21.0122,100,
2024-07-12T03:00:00+00:00,21.93,25.83,24.62,80.71,25,40,Warsaw,,52.2297,21.0122,100,
2024-07-12T04:00:00+00:00,21.45,28.56,26.33,84.24,25,40,Warsaw,,52.2297,21.0122,100,
2024-07-12T05:00:00+00:00,17.51,23.08,27.19,74.78,25,40,Warsaw,,52.2297,21.0122,100,
2024-07-12T06:00:00+00:00,19.83,24.72,25.66,74.26,25,40,Warsaw,,52.2297,21.0122,100,
2024-07-12T07:00:00+00:00,20.04,23.22,26.42,74.27,25,40,Warsaw,,52.2297,21.0122,100,
2024-07-12T08:00:00+00:00,18.35,28.64,26.84,84.5,25,40,Warsaw,,52.2297,21.0122,100,
2024-07-12T09:00:00+00:00,22.5,27.41,24.1,82.85,25,40,Warsaw,,52.2297,21.0122,100,
2024-07-12T10:00:00+00:00,17.88,24.35,23.03,71.8,25,40,Warsaw,,52.2297,21.0122,100,
2024-07-12T11:00:00+00:00,17.79,25.81,21.66,71.24,25,40,Warsaw,,52.2297,21.0122,100,
2024-07-12T12:00:00+00:00,17.77,20.56,22.27,74.08,25,40,Warsaw,,52.2297,21.0122,100,
2024-07-12T13:00:00+00:00,18.1,25.57,20.96,72.02,25,40,Warsaw,,52.2297,21.0122,100,
2024-07-12T14:00:00+00:00,19.24,29.69,19.55,67.97,25,40,Warsaw,,52.2297,21.0122,100,
2024-07-12T15:00:00+00:00,19.89,24.37,17.88,60.38,25,40,Warsaw,,52.2297,21.0122,100,
2024-07-12T16:00:00+00:00,19.91,23.6,18.89,64.65,25,40,Warsaw,,52.2297,21.0122,100,
2024-07-12T17:00:00+00:00,16.64,21.61,17.55,58.34,25,40,Warsaw,,52.2297,21.0122,100,
2024-07-12T18:00:00+00:00,22.25,28.83,17.33,65.66,25,40,Warsaw,,52.2297,21.0122,100,
2024-07-12T19:00:00+00:00,18.89,22.83,17.03,54.67,25,40,Warsaw,,52.2297,21.0122,100,
2024-07-12T20:00:00+00:00,18.06,23.21,19.2,62.53,25,40,Warsaw,,52.2297,21.0122,100,
2024-07-12T21:00:00+00:00,20.23,26.67,18.4,62.13,25,40,Warsaw,,52.2297,21.0122,100,
2024-07-12T22:00:00+00:00,19.8,30.19,19.24,69.19,25,40,Warsaw,,52.2297,21.0122,100,
2024-07-12T23:00:00+00:00,17.28,22.03,21.73,68.43,25,40,Warsaw,,52.2297,21.0122,100,
2024-07-13T00:00:00+00:00,21.86,33.24,20.8,75.5,25,40,Warsaw,,52.2297,21.0122,100,
2024-07-13T01:00:00+00:00,17.98,23.89,24.03,65.61,25,40,Warsaw,,52.2297,21.0122,100,
2024-07-13T02:00:00+00:00,17.59,25.59,25.26,75.1,25,40,Warsaw,,52.2297,21.0122,100,
2024-07-13T03:00:00+00:00,18.66,25.61,24.29,71.41,25,40,Warsaw,,52.2297,21.0122,100,
2024-07-13T04:00:00+00:00,23.87,30.71,25.97,80.48,25,40,Warsaw,,52.2297,21.0122,100,
2024-07-13T05:00:00+00:00,22.05,29.08,27.33,82.23,25,40,Warsaw,,52.2297,21.0122,100,
2024-07-13T06:00:00+00:00,20.23,29.14,27.46,85.49,25,40,Warsaw,,52.2297,21.0122,100,
2024-07-13T07:00:00+00:00,17.53,24.66,24.47,75.49,25,40,Warsaw,,52.2297,21.0122,100,
2024-07-13T08:00:00+00:00,21.99,30.14,24.33,70.66,25,40,Warsaw,,52.2297,21.0122,100,
2024-07-13T09:00:00+00:00,18.0,24.7,24.69,77.84,25,40,Warsaw,,52.2297,21.0122,100,
2024-07-13T10:00:00+00:00,18.9,22.34,24.87,67.57,25,40,Warsaw,,52.2297,21.0122,100,
2024-07-13T11:00:00+00:00,24.34,36.77,22.69,80.33,25,40,Warsaw,,52.2297,21.0122,100,
2024-07-13T12:00:00+00:00,20.44,30.54,21.67,67.92,25,40,Warsaw,,52.2297,21.0122,100,
2024-07-13T13:00:00+00:00,20.03,28.41,21.31,66.02,25,40,Warsaw,,52.2297,21.0122,100,
2024-07-13T14:00:00+00:00,23.27,32.09,19.81,72.59,25,40,Warsaw,,52.2297,21.0122,100,
2024-07-13T15:00:00+00:00,17.79,25.6,20.65,68.75,25,40,Warsaw,,52.2297,21.0122,100,
2024-07-13T16:00:00+00:00,16.28,20.47,17.95,55.65,25,40,Warsaw,,52.2297,21.0122,100,
2024-07-13T17:00:00+00:00,18.52,21.72,17.81,62.38,25,40,Warsaw,,52.2297,21.0122,100,
2024-07-13T18:00:00+00:00,20.44,23.72,19.49,57.19,25,40,Warsaw,,52.2297,21.0122,100,
2024-07-13T19:00:00+00:00,19.2,29.51,18.73,66.53,25,40,Warsaw,,52.2297,21.0122,100,
2024-07-13T20:00:00+00:00,22.37,31.23,17.47,60.93,25,40,Warsaw,,52.2297,21.0122,100,
2024-07-13T21:00:00+00:00,19.96,25.06,18.43,59.58,25,40,Warsaw,,52.2297,21.0122,100,
2024-07-13T22:00:00+00:00,17.56,26.97,21.15,60.77,25,40,Warsaw,,52.2297,21.0122,100,
2024-07-13T23:00:00+00:00,22.26,26.97,21.94,62.84,25,40,Warsaw,,52.2297,21.0122,100,
2024-07-14T00:00:00+00:00,20.85,25.29,20.78,77.52,25,40,Warsaw,,52.2297,21.0122,100,
2024-07-14T01:00:00+00:00,18.33,27.68,22.57,69.45,25,40,Warsaw,,52.2297,21.0122,100,
2024-07-14T02:00:00+00:00,20.97,30.32,24.93,67.48,25,40,Warsaw,,52.2297,21.0122,100,
2024-07-14T03:00:00+00:00,18.32,27.94,25.64,75.12,25,40,Warsaw,,52.2297,21.0122,100,
2024-07-14T04:00:00+00:00,18.12,28.26,24.23,77.98,25,40,Warsaw,,52.2297,21.0122,100,
2024-07-14T05:00:00+00:00,21.1,26.25,26.11,84.83,25,40,Warsaw,,52.2297,21.0122,100,
2024-07-14T06:00:00+00:00,22.55,28.62,25.0,84.06,25,40,Warsaw,,52.2297,21.0122,100,
2024-07-14T07:00:00+00:00,18.14,24.65,26.92,73.43,25,40,Warsaw,,52.2297,21.0122,100,
2024-07-14T08:00:00+00:00,21.37,29.78,24.54,70.83,25,40,Warsaw,,52.2297,21.0122,100,
2024-07-14T09:00:00+00:00,23.49,33.41,24.64,80.47,25,40,Warsaw,,52.2297,21.0122,100,
2024-07-14T10:00:00+00:00,22.67,31.8,24.26,81.04,25,40,Warsaw,,52.2297,21.0122,100,
2024-07-14T11:00:00+00:00,21.83,27.55,22.74,77.61,25,40,Warsaw,,52.2297,21.0122,100,
2024-07-14T12:00:00+00:00,21.3,29.46,22.35,74.27,25,40,Warsaw,,52.2297,21.0122,100,
2024-07-14T13:00:00+00:00,18.1,27.21,21.49,67.68,25,40,Warsaw,,52.2297,21.0122,100,
2024-07-14T14:00:00+00:00,18.59,23.76,19.85,62.97,25,40,Warsaw,,52.2297,21.0122,100,
2024-07-14T15:00:00+00:00,22.35,27.47,18.9,61.9,25,40,Warsaw,,52.2297,21.0122,100,
2024-07-14T16:00:00+00:00,21.4,28.23,17.65,57.03,25,40,Warsaw,,52.2297,21.0122,100,
2024-07-14T17:00:00+00:00,19.08,27.27,18.05,54.8,25,40,Warsaw,,52.2297,21.0122,100,
2024-07-14T18:00:00+00:00,19.65,23.66,17.99,56.91,25,40,Warsaw,,52.2297,21.0122,100,
2024-07-14T19:00:00+00:00,16.58,25.34,19.33,55.4,25,40,Warsaw,,52.2297,21.0122,100,
2024-07-14T20:00:00+00:00,22.65,28.81,19.92,59.6,25,40,Warsaw,,52.2297,21.0122,100,
2024-07-14T21:00:00+00:00,19.07,29.18,17.95,68.89,25,40,Warsaw,,52.2297,21.0122,100,
2024-07-14T22:00:00+00:00,23.44,34.7,20.25,70.04,25,40,Warsaw,,52.2297,21.0122,100,
2024-07-14T23:00:00+00:00,21.22,31.99,22.42,68.98,25,40,Warsaw,,52.2297,21.0122,100,
2024-07-15T00:00:00+00:00,21.61,28.91,22.9,66.02,25,40,Warsaw,,52.2297,21.0122,100,
2024-07-15T01:00:00+00:00,22.6,33.36,22.95,71.93,25,40,Warsaw,,52.2297,21.0122,100,
2024-07-15T02:00:00+00:00,18.26,24.16,24.8,68.4,25,40,Warsaw,,52.2297,21.0122,100,
2024-07-15T03:00:00+00:00,19.82,25.62,26.22,77.48,25,40,Warsaw,,52.2297,21.0122,100,
2024-07-15T04:00:00+00:00,17.71,27.86,26.32,79.11,25,40,Warsaw,,52.2297,21.0122,100,
2024-07-15T05:00:00+00:00,21.15,27.69,26.44,77.34,25,40,Warsaw,,52.2297,21.0122,100,
2024-07-15T06:00:00+00:00,22.2,26.13,25.14,78.78,25,40,Warsaw,,52.2297,21.0122,100,
2024-07-15T07:00:00+00:00,22.66,30.79,25.85,79.76,25,40,Warsaw,,52.2297,21.0122,100,
2024-07-15T08:00:00+00:00,19.26,23.41,25.2,86.34,25,40,Warsaw,,52.2297,21.0122,100,
2024-07-15T09:00:00+00:00,20.96,31.46,24.01,80.93,25,40,Warsaw,,52.2297,21.0122,100,
2024-07-15T10:00:00+00:00,18.04,24.17,24.68,72.51,25,40,Warsaw,,52.2297,21.0122,100,
2024-07-15T11:00:00+00:00,17.91,24.41,23.1,77.36,25,40,Warsaw,,52.2297,21.0122,100,
2024-07-15T12:00:00+00:00,21.7,31.45,22.42,70.02,25,40,Warsaw,,52.2297,21.0122,100,
2024-07-15T13:00:00+00:00,21.23,25.74,22.39,74.63,25,40,Warsaw,,52.2297,21.0122,100,
2024-07-15T14:00:00+00:00,23.66,34.37,19.06,67.88,25,40,Warsaw,,52.2297,21.0122,100,
2024-07-15T15:00:00+00:00,19.73,23.5,19.2,68.95,25,40,Warsaw,,52.2297,21.0122,100,
2024-07-15T16:00:00+00:00,21.07,24.75,19.12,54.87,25,40,Warsaw,,52.2297,21.0122,100,
2024-07-15T17:00:00+00:00,19.72,26.45,18.39,64.09,25,40,Warsaw,,52.2297,21.0122,100,
2024-07-15T18:00:00+00:00,19.12,27.71,16.67,56.37,25,40,Warsaw,,52.2297,21.0122,100,
2024-07-15T19:00:00+00:00,18.88,22.93,19.59,62.84,25,40,Warsaw,,52.2297,21.0122,100,
2024-07-15T20:00:00+00:00,22.47,33.01,19.56,59.96,25,40,Warsaw,,52.2297,21.0122,100,
2024-07-15T21:00:00+00:00,23.44,33.58,19.29,67.96,25,40,Warsaw,,52.2297,21.0122,100,
2024-07-15T22:00:00+00:00,21.64,31.21,19.2,59.44,25,40,Warsaw,,52.2297,21.0122,100,
2024-07-15T23:00:00+00:00,21.35,27.1,19.48,68.24,25,40,Warsaw,,52.2297,21.0122,100,
2024-07-16T00:00:00+00:00,18.55,21.37,20.88,65.51,25,40,Warsaw,,52.2297,21.0122,100,
2024-07-16T01:00:00+00:00,20.82,28.55,23.81,78.31,25,40,Warsaw,,52.2297,21.0122,100,
2024-07-16T02:00:00+00:00,20.25,24.36,25.34,81.39,25,40,Warsaw,,52.2297,21.0122,100,
2024-07-16T03:00:00+00:00,19.31,24.66,25.05,76.98,25,40,Warsaw,,52.2297,21.0122,100,
2024-07-16T04:00:00+00:00,21.4,27.66,24.24,73.34,25,40,Warsaw,,52.2297,21.0122,100,
2024-07-16T05:00:00+00:00,19.78,26.25,25.96,74.44,25,40,Warsaw,,52.2297,21.0122,100,
2024-07-16T06:00:00+00:00,18.56,22.73,27.19,85.97,25,40,Warsaw,,52.2297,21.0122,100,
2024-07-16T07:00:00+00:00,20.26,25.61,25.88,82.57,25,40,Warsaw,,52.2297,21.0122,100,
2024-07-16T08:00:00+00:00,19.9,28.94,24.24,77.62,25,40,Warsaw,,52.2297,21.0122,100,
2024-07-16T09:00:00+00:00,19.54,26.65,25.3,84.93,25,40,Warsaw,,52.2297,21.0122,100,
2024-07-16T10:00:00+00:00,17.95,21.94,23.18,69.11,25,40,Warsaw,,52.2297,21.0122,100,
2024-07-16T11:00:00+00:00,23.19,34.1,24.46,71.62,25,40,Warsaw,,52.2297,21.0122,100,
2024-07-16T12:00:00+00:00,17.77,27.92,22.67,76.17,25,40,Warsaw,,52.2297,21.0122,100,
2024-07-16T13:00:00+00:00,22.11,27.66,21.71,74.7,25,40,Warsaw,,52.2297,21.0122,100,
2024-07-16T14:00:00+00:00,19.65,26.17,19.47,58.27,25,40,Warsaw,,52.2297,21.0122,100,
2024-07-16T15:00:00+00:00,22.31,26.75,19.55,60.5,25,40,Warsaw,,52.2297,21.0122,100,
2024-07-16T16:00:00+00:00,16.7,26.05,19.98,55.97,25,40,Warsaw,,52.2297,21.0122,100,
2024-07-16T17:00:00+00:00,19.05,29.69,17.3,56.79,25,40,Warsaw,,52.2297,21.0122,100,
2024-07-16T18:00:00+00:00,20.68,30.47,19.24,62.95,25,40,Warsaw,,52.2297,21.0122,100,
2024-07-16T19:00:00+00:00,19.86,24.72,18.7,63.61,25,40,Warsaw,,52.2297,21.0122,100,
2024-07-16T20:00:00+00:00,20.95,29.08,19.55,53.56,25,40,Warsaw,,52.2297,21.0122,100,
2024-07-16T21:00:00+00:00,19.31,22.26,20.46,61.57,25,40,Warsaw,,52.2297,21.0122,100,
2024-07-16T22:00:00+00:00,18.94,23.27,19.64,61.5,25,40,Warsaw,,52.2297,21.0122,100,
2024-07-16T23:00:00+00:00,20.63,24.11,22.26,70.1,25,40,Warsaw,,52.2297,21.0122,100,
2024-07-17T00:00:00+00:00,21.95,25.8,20.76,66.22,25,40,Warsaw,,52.2297,21.0122,100,
2024-07-17T01:00:00+00:00,18.78,25.46,23.89,78.19,25,40,Warsaw,,52.2297,21.0122,100,
2024-07-17T02:00:00+00:00,21.42,28.73,24.57,71.54,25,40,Warsaw,,52.2297,21.0122,100,
2024-07-17T03:00:00+00:00,17.79,21.53,25.84,76.21,25,40,Warsaw,,52.2297,21.0122,100,
2024-07-17T04:00:00+00:00,17.63,19.87,24.78,73.46,25,40,Warsaw,,52.2297,21.0122,100,
2024-07-17T05:00:00+00:00,22.51,28.96,24.6,73.23,25,40,Warsaw,,52.2297,21.0122,100,
2024-07-17T06:00:00+00:00,18.76,28.93,24.72,81.48,25,40,Warsaw,,52.2297,21.0122,100,
2024-07-17T07:00:00+00:00,19.81,28.67,25.53,86.97,25,40,Warsaw,,52.2297,21.0122,100,
2024-07-17T08:00:00+00:00,22.46,32.19,25.33,83.48,25,40,Warsaw,,52.2297,21.0122,100,
2024-07-17T09:00:00+00:00,18.58,28.21,24.19,73.56,25,40,Warsaw,,52.2297,21.0122,100,
2024-07-17T10:00:00+00:00,22.62,26.55,25.04,80.2,25,40,Warsaw,,52.2297,21.0122,100,
2024-07-17T11:00:00+00:00,18.23,24.97,24.3,79.68,25,40,Warsaw,,52.2297,21.0122,100,
2024-07-17T12:00:00+00:00,20.38,24.85,22.25,71.35,25,40,Warsaw,,52.2297,21.0122,100,
2024-07-17T13:00:00+00:00,20.44,30.2,20.81,68.32,25,40,Warsaw,,52.2297,21.0122,100,
2024-07-17T14:00:00+00:00,19.64,26.42,19.46,59.33,25,40,Warsaw,,52.2297,21.0122,100,
2024-07-17T15:00:00+00:00,18.25,25.88,17.9,59.23,25,40,Warsaw,,52.2297,21.0122,100,
2024-07-17T16:00:00+00:00,21.63,25.77,19.5,62.52,25,40,Warsaw,,52.2297,21.0122,100,
2024-07-17T17:00:00+00:00,18.89,28.54,18.2,68.07,25,40,Warsaw,,52.2297,21.0122,100,
2024-07-17T18:00:00+00:00,18.53,27.07,17.11,59.69,25,40,Warsaw,,52.2297,21.0122,100,
2024-07-17T19:00:00+00:00,20.58,25.51,18.67,65.08,25,40,Warsaw,,52.2297,21.0122,100,
2024-07-17T20:00:00+00:00,19.76,29.77,18.19,67.99,25,40,Warsaw,,52.2297,21.0122,100,
2024-07-17T21:00:00+00:00,17.2,21.38,18.16,57.47,25,40,Warsaw,,52.2297,21.0122,100,
2024-07-17T22:00:00+00:00,21.05,29.26,19.38,68.21,25,40,Warsaw,,52.2297,21.0122,100,
2024-07-17T23:00:00+00:00,19.46,24.8,20.96,62.84,25,40,Warsaw,,52.2297,21.0122,100,
2024-07-18T00:00:00+00:00,18.14,21.81,21.71,77.51,25,40,Warsaw,,52.2297,21.0122,100,
2024-07-18T01:00:00+00:00,20.33,25.21,21.84,65.19,25,40,Warsaw,,52.2297,21.0122,100,
2024-07-18T02:00:00+00:00,20.23,28.93,22.85,76.0,25,40,Warsaw,,52.2297,21.0122,100,
2024-07-18T03:00:00+00:00,18.85,26.86,24.11,70.03,25,40,Warsaw,,52.2297,21.0122,100,
2024-07-18T04:00:00+00:00,18.84,25.5,24.99,84.13,25,40,Warsaw,,52.2297,21.0122,100,
2024-07-18T05:00:00+00:00,23.37,30.84,26.9,85.08,25,40,Warsaw,,52.2297,21.0122,100,
2024-07-18T06:00:00+00:00,20.71,29.75,25.07,76.41,25,40,Warsaw,,52.2297,21.0122,100,
2024-07-18T07:00:00+00:00,23.05,33.15,26.57,72.42,25,40,Warsaw,,52.2297,21.0122,100,
2024-07-18T08:00:00+00:00,20.36,31.11,24.53,73.57,25,40,Warsaw,,52.2297,21.0122,100,
2024-07-18T09:00:00+00:00,22.22,27.1,23.99,84.9,25,40,Warsaw,,52.2297,21.0122,100,
2024-07-18T10:00:00+00:00,22.03,31.56,23.4,67.87,25,40,Warsaw,,52.2297,21.0122,100,
2024-07-18T11:00:00+00:00,18.4,26.84,22.28,74.48,25,40,Warsaw,,52.2297,21.0122,100,
2024-07-18T12:00:00+00:00,21.51,27.76,22.95,73.15,25,40,Warsaw,,52.2297,21.0122,100,
2024-07-18T13:00:00+00:00,17.12,26.43,20.42,60.71,25,40,Warsaw,,52.2297,21.0122,100,
2024-07-18T14:00:00+00:00,20.64,24.34,20.86,64.47,25,40,Warsaw,,52.2297,21.0122,100,
2024-07-18T15:00:00+00:00,22.09,26.57,19.37,64.8,25,40,Warsaw,,52.2297,21.0122,100,
2024-07-18T16:00:00+00:00,21.81,29.45,18.07,57.3,25,40,Warsaw,,52.2297,21.0122,100,
2024-07-18T17:00:00+00:00,21.28,27.78,19.24,67.58,25,40,Warsaw,,52.2297,21.0122,100,
2024-07-18T18:00:00+00:00,17.29,27.33,18.94,63.89,25,40,Warsaw,,52.2297,21.0122,100,
2024-07-18T19:00:00+00:00,20.02,23.37,17.67,52.92,25,40,Warsaw,,52.2297,21.0122,100,
2024-07-18T20:00:00+00:00,22.16,32.16,19.15,55.21,25,40,Warsaw,,52.2297,21.0122,100,
2024-07-18T21:00:00+00:00,20.37,26.78,20.4,70.33,25,40,Warsaw,,52.2297,21.0122,100,
2024-07-18T22:00:00+00:00,19.44,28.15,18.87,64.03,25,40,Warsaw,,52.2297,21.0122,100,
2024-07-18T23:00:00+00:00,18.09,22.6,22.42,63.73,25,40,Warsaw,,52.2297,21.0122,100,
2024-07-19T00:00:00+00:00,19.76,28.96,22.34,65.1,25,40,Warsaw,,52.2297,21.0122,100,
2024-07-19T01:00:00+00:00,20.18,28.63,21.72,78.01,25,40,Warsaw,,52.2297,21.0122,100,
2024-07-19T02:00:00+00:00,21.42,25.77,22.71,81.45,25,40,Warsaw,,52.2297,21.0122,100,
2024-07-19T03:00:00+00:00,23.58,30.17,26.16,79.56,25,40,Warsaw,,52.2297,21.0122,100,
2024-07-19T04:00:00+00:00,18.86,28.99,25.66,73.74,25,40,Warsaw,,52.2297,21.0122,100,
2024-07-19T05:00:00+00:00,21.82,33.42,24.66,76.11,25,40,Warsaw,,52.2297,21.0122,100,
2024-07-19T06:00:00+00:00,20.86,30.53,24.96,74.44,25,40,Warsaw,,52.2297,21.0122,100,
2024-07-19T07:00:00+00:00,19.87,28.56,25.71,72.83,25,40,Warsaw,,52.2297,21.0122,100,
2024-07-19T08:00:00+00:00,17.78,20.59,26.01,78.08,25,40,Warsaw,,52.2297,21.0122,100,
2024-07-19T09:00:00+00:00,21.91,29.62,26.04,79.58,25,40,Warsaw,,52.2297,21.0122,100,
2024-07-19T10:00:00+00:00,20.11,25.17,24.81,82.71,25,40,Warsaw,,52.2297,21.0122,100,
2024-07-19T11:00:00+00:00,23.18,31.25,23.38,78.39,25,40,Warsaw,,52.2297,21.0122,100,
2024-07-19T12:00:00+00:00,19.46,29.39,22.35,63.83,25,40,Warsaw,,52.2297,21.0122,100,
2024-07-19T13:00:00+00:00,21.64,28.38,22.22,61.52,25,40,Warsaw,,52.2297,21.0122,100,
2024-07-19T14:00:00+00:00,19.93,26.34,19.26,62.85,25,40,Warsaw,,52.2297,21.0122,100,
2024-07-19T15:00:00+00:00,20.87,30.23,20.32,61.58,25,40,Warsaw,,52.2297,21.0122,100,
2024-07-19T16:00:00+00:00,20.09,26.59,17.63,65.61,25,40,Warsaw,,52.2297,21.0122,100,
2024-07-19T17:00:00+00:00,17.75,27.72,17.3,54.7,25,40,Warsaw,,52.2297,21.0122,100,
2024-07-19T18:00:00+00:00,20.6,30.62,18.21,58.56,25,40,Warsaw,,52.2297,21.0122,100,
2024-07-19T19:00:00+00:00,21.64,27.71,18.45,58.11,25,40,Warsaw,,52.2297,21.0122,100,
2024-07-19T20:00:00+00:00,20.48,28.3,18.95,67.27,25,40,Warsaw,,52.2297,21.0122,100,
2024-07-19T21:00:00+00:00,20.73,29.68,18.83,70.88,25,40,Warsaw,,52.2297,21.0122,100,
2024-07-19T22:00:00+00:00,17.05,26.5,21.05,62.17,25,40,Warsaw,,52.2297,21.0122,100,
2024-07-19T23:00:00+00:00,22.8,29.0,22.31,65.75,25,40,Warsaw,,52.2297,21.0122,100,
2024-07-20T00:00:00+00:00,18.15,20.87,21.24,70.6,25,40,Warsaw,,52.2297,21.0122,100,
2024-07-20T01:00:00+00:00,19.9,29.9,22.63,75.47,25,40,Warsaw,,52.2297,21.0122,100,
2024-07-20T02:00:00+00:00,22.4,30.61,25.18,74.2,25,40,Warsaw,,52.2297,21.0122,100,
2024-07-20T03:00:00+00:00,22.34,26.47,24.08,69.81,25,40,Warsaw,,52.2297,21.0122,100,
2024-07-20T04:00:00+00:00,20.78,31.51,26.62,81.02,25,40,Warsaw,,52.2297,21.0122,100,
2024-07-20T05:00:00+00:00,18.15,26.05,26.25,78.37,25,40,Warsaw,,52.2297,21.0122,100,
2024-07-20T06:00:00+00:00,23.91,31.77,26.41,83.98,25,40,Warsaw,,52.2297,21.0122,100,
2024-07-20T07:00:00+00:00,24.5,34.07,24.6,84.7,25,40,Warsaw,,52.2297,21.0122,100,
2024-07-20T08:00:00+00:00,20.49,28.21,26.8,72.03,25,40,Warsaw,,52.2297,21.0122,100,
2024-07-20T09:00:00+00:00,17.72,27.03,26.21,71.35,25,40,Warsaw,,52.2297,21.0122,100,
2024-07-20T10:00:00+00:00,21.39,27.06,23.97,82.74,25,40,Warsaw,,52.2297,21.0122,100,
2024-07-20T11:00:00+00:00,19.48,26.47,22.63,75.53,25,40,Warsaw,,52.2297,21.0122,100,
2024-07-20T12:00:00+00:00,21.13,27.53,22.64,77.58,25,40,Warsaw,,52.2297,21.0122,100,
2024-07-20T13:00:00+00:00,19.53,25.08,20.36,64.71,25,40,Warsaw,,52.2297,21.0122,100,
2024-07-20T14:00:00+00:00,18.53,21.69,18.54,58.57,25,40,Warsaw,,52.2297,21.0122,100,
2024-07-20T15:00:00+00:00,22.85,27.4,19.19,69.39,25,40,Warsaw,,52.2297,21.0122,100,
2024-07-20T16:00:00+00:00,19.25,27.57,17.07,63.12,25,40,Warsaw,,52.2297,21.0122,100,
2024-07-20T17:00:00+00:00,17.13,24.32,18.64,64.1,25,40,Warsaw,,52.2297,21.0122,100,
2024-07-20T18:00:00+00:00,20.37,28.22,17.98,63.76,25,40,Warsaw,,52.2297,21.0122,100,
2024-07-20T19:00:00+00:00,16.86,19.93,18.84,57.94,25,40,Warsaw,,52.2297,21.0122,100,
2024-07-20T20:00:00+00:00,19.34,25.9,19.87,60.88,25,40,Warsaw,,52.2297,21.0122,100,
2024-07-20T21:00:00+00:00,17.3,20.51,20.47,56.66,25,40,Warsaw,,52.2297,21.0122,100,
2024-07-20T22:00:00+00:00,22.11,29.74,21.07,59.1,25,40,Warsaw,,52.2297,21.0122,100,
2024-07-20T23:00:00+00:00,18.46,22.22,21.6,65.19,25,40,Warsaw,,52.2297,21.0122,100,
2024-07-21T00:00:00+00:00,20.4,31.0,21.63,68.6,25,40,Warsaw,,52.2297,21.0122,100,
2024-07-21T01:00:00+00:00,20.93,27.56,21.94,76.3,25,40,Warsaw,,52.2297,21.0122,100,
2024-07-21T02:00:00+00:00,19.24,23.7,24.27,80.43,25,40,Warsaw,,52.2297,21.0122,100,
2024-07-21T03:00:00+00:00,21.25,31.32,24.4,76.97,25,40,Warsaw,,52.2297,21.0122,100,
2024-07-21T04:00:00+00:00,22.82,28.98,24.05,80.88,25,40,Warsaw,,52.2297,21.0122,100,
2024-07-21T05:00:00+00:00,16.96,19.34,24.74,71.7,25,40,Warsaw,,52.2297,21.0122,100,
2024-07-21T06:00:00+00:00,21.67,31.39,25.73,87.17,25,40,Warsaw,,52.2297,21.0122,100,
2024-07-21T07:00:00+00:00,24.06,32.85,26.09,87.1,25,40,Warsaw,,52.2297,21.0122,100,
2024-07-21T08:00:00+00:00,21.72,27.93,26.19,72.28,25,40,Warsaw,,52.2297,21.0122,100,
2024-07-21T09:00:00+00:00,21.3,24.81,25.6,83.7,25,40,Warsaw,,52.2297,21.0122,100,
2024-07-21T10:00:00+00:00,18.25,26.18,24.01,82.66,25,40,Warsaw,,52.2297,21.0122,100,
2024-07-21T11:00:00+00:00,19.68,23.85,23.55,65.93,25,40,Warsaw,,52.2297,21.0122,100,
2024-07-21T12:00:00+00:00,19.2,27.83,21.39,68.33,25,40,Warsaw,,52.2297,21.0122,100,
2024-07-21T13:00:00+00:00,20.82,25.91,22.15,63.87,25,40,Warsaw,,52.2297,21.0122,100,
2024-07-21T14:00:00+00:00,22.97,28.14,20.53,67.78,25,40,Warsaw,,52.2297,21.0122,100,
2024-07-21T15:00:00+00:00,18.33,28.61,18.55,61.7,25,40,Warsaw,,52.2297,21.0122,100,
2024-07-21T16:00:00+00:00,20.53,28.75,19.09,64.4,25,40,Warsaw,,52.2297,21.0122,100,
2024-07-21T17:00:00+00:00,17.78,25.1,19.25,64.3,25,40,Warsaw,,52.2297,21.0122,100,
2024-07-21T18:00:00+00:00,22.57,28.51,18.38,59.37,25,40,Warsaw,,52.2297,21.0122,100,
2024-07-21T19:00:00+00:00,22.31,30.69,16.99,55.52,25,40,Warsaw,,52.2297,21.0122,100,
2024-07-21T20:00:00+00:00,18.58,28.42,18.15,67.2,25,40,Warsaw,,52.2297,21.0122,100,
2024-07-21T21:00:00+00:00,17.98,24.08,19.04,56.24,25,40,Warsaw,,52.2297,21.0122,100,
2024-07-21T22:00:00+00:00,22.14,30.73,18.8,64.55,25,40,Warsaw,,52.2297,21.0122,100,
2024-07-21T23:00:00+00:00,19.97,27.46,20.67,69.01,25,40,Warsaw,,52.2297,21.0122,100,
2024-07-22T00:00:00+00:00,22.32,26.52,22.69,65.98,25,40,Warsaw,,52.2297,21.0122,100,
2024-07-22T01:00:00+00:00,18.15,26.13,22.26,80.34,25,40,Warsaw,,52.2297,21.0122,100,
2024-07-22T02:00:00+00:00,16.82,26.47,25.12,68.96,25,40,Warsaw,,52.2297,21.0122,100,
2024-07-22T03:00:00+00:00,20.4,29.38,25.11,70.3,25,40,Warsaw,,52.2297,21.0122,100,
2024-07-22T04:00:00+00:00,19.37,23.65,24.1,80.24,25,40,Warsaw,,52.2297,21.0122,100,
2024-07-22T05:00:00+00:00,20.08,28.45,27.03,81.72,25,40,Warsaw,,52.2297,21.0122,100,
2024-07-22T06:00:00+00:00,18.73,24.57,25.6,75.09,25,40,Warsaw,,52.2297,21.0122,100,
2024-07-22T07:00:00+00:00,19.79,28.49,26.64,86.61,25,40,Warsaw,,52.2297,21.0122,100,
2024-07-22T08:00:00+00:00,17.51,22.15,25.81,71.66,25,40,Warsaw,,52.2297,21.0122,100,
2024-07-22T09:00:00+00:00,21.6,28.01,23.9,80.53,25,40,Warsaw,,52.2297,21.0122,100,
2024-07-22T10:00:00+00:00,18.01,24.96,22.58,78.54,25,40,Warsaw,,52.2297,21.0122,100,
2024-07-22T11:00:00+00:00,23.45,34.15,23.42,75.46,25,40,Warsaw,,52.2297,21.0122,100,
2024-07-22T12:00:00+00:00,19.08,22.31,22.94,66.61,25,40,Warsaw,,52.2297,21.0122,100,
2024-07-22T13:00:00+00:00,22.55,27.62,21.48,70.01,25,40,Warsaw,,52.2297,21.0122,100,
2024-07-22T14:00:00+00:00,22.62,33.66,20.87,62.17,25,40,Warsaw,,52.2297,21.0122,100,
2024-07-22T15:00:00+00:00,18.66,23.51,19.73,65.25,25,40,Warsaw,,52.2297,21.0122,100,
2024-07-22T16:00:00+00:00,21.67,32.72,18.64,55.4,25,40,Warsaw,,52.2297,21.0122,100,
2024-07-22T17:00:00+00:00,16.2,25.64,18.86,55.9,25,40,Warsaw,,52.2297,21.0122,100,
2024-07-22T18:00:00+00:00,18.17,27.37,17.28,66.32,25,40,Warsaw,,52.2297,21.0122,100,
2024-07-22T19:00:00+00:00,23.16,34.17,16.87,66.06,25,40,Warsaw,,52.2297,21.0122,100,
2024-07-22T20:00:00+00:00,17.42,22.19,17.76,57.28,25,40,Warsaw,,52.2297,21.0122,100,
2024-07-22T21:00:00+00:00,17.46,21.97,19.16,55.19,25,40,Warsaw,,52.2297,21.0122,100,
2024-07-22T22:00:00+00:00,22.18,33.23,20.7,69.54,25,40,Warsaw,,52.2297,21.0122,100,
2024-07-22T23:00:00+00:00,19.8,23.21,21.91,60.39,25,40,Warsaw,,52.2297,21.0122,100,
2024-07-23T00:00:00+00:00,18.95,21.6,22.36,62.58,25,40,Warsaw,,52.2297,21.0122,100,
2024-07-23T01:00:00+00:00,17.19,24.85,24.33,67.12,25,40,Warsaw,,52.2297,21.0122,100,
2024-07-23T02:00:00+00:00,18.93,29.01,24.99,79.86,25,40,Warsaw,,52.2297,21.0122,100,
2024-07-23T03:00:00+00:00,17.5,23.41,25.89,77.14,25,40,Warsaw,,52.2297,21.0122,100,
2024-07-23T04:00:00+00:00,18.53,23.11,24.62,75.66,25,40,Warsaw,,52.2297,21.0122,100,
2024-07-23T05:00:00+00:00,17.54,21.27,25.71,74.79,25,40,Warsaw,,52.2297,21.0122,100,
2024-07-23T06:00:00+00:00,19.61,24.28,26.59,86.79,25,40,Warsaw,,52.2297,21.0122,100,
2024-07-23T07:00:00+00:00,21.19,32.26,24.55,80.13,25,40,Warsaw,,52.2297,21.0122,100,
2024-07-23T08:00:00+00:00,21.72,27.17,25.2,79.88,25,40,Warsaw,,52.2297,21.0122,100,
2024-07-23T09:00:00+00:00,21.89,31.09,24.02,82.66,25,40,Warsaw,,52.2297,21.0122,100,
2024-07-23T10:00:00+00:00,18.15,25.12,22.72,70.63,25,40,Warsaw,,52.2297,21.0122,100,
2024-07-23T11:00:00+00:00,21.04,25.13,21.72,73.62,25,40,Warsaw,,52.2297,21.0122,100,
2024-07-23T12:00:00+00:00,19.49,30.07,20.82,63.88,25,40,Warsaw,,52.2297,21.0122,100,
2024-07-23T13:00:00+00:00,20.47,25.11,21.79,72.57,25,40,Warsaw,,52.2297,21.0122,100,
2024-07-23T14:00:00+00:00,17.08,23.78,20.19,66.88,25,40,Warsaw,,52.2297,21.0122,100,
2024-07-23T15:00:00+00:00,21.27,28.62,19.38,58.99,25,40,Warsaw,,52.2297,21.0122,100,
2024-07-23T16:00:00+00:00,17.62,21.56,19.65,66.49,25,40,Warsaw,,52.2297,21.0122,100,
2024-07-23T17:00:00+00:00,21.94,29.16,18.17,60.79,25,40,Warsaw,,52.2297,21.0122,100,
2024-07-23T18:00:00+00:00,21.41,32.84,18.53,57.48,25,40,Warsaw,,52.2297,21.0122,100,
2024-07-23T19:00:00+00:00,21.72,26.54,18.47,56.17,25,40,Warsaw,,52.2297,21.0122,100,
2024-07-23T20:00:00+00:00,19.38,24.39,18.88,65.88,25,40,Warsaw,,52.2297,21.0122,100,
2024-07-23T21:00:00+00:00,19.48,22.68,19.83,61.67,25,40,Warsaw,,52.2297,21.0122,100,
2024-07-23T22:00:00+00:00,22.35,32.78,21.0,65.47,25,40,Warsaw,,52.2297,21.0122,100,
2024-07-23T23:00:00+00:00,18.2,24.79,21.43,65.29,25,40,Warsaw,,52.2297,21.0122,100,
2024-07-24T00:00:00+00:00,18.98,22.44,22.88,67.7,25,40,Warsaw,,52.2297,21.0122,100,
2024-07-24T01:00:00+00:00,17.3,20.27,24.19,66.96,25,40,Warsaw,,52.2297,21.0122,100,
2024-07-24T02:00:00+00:00,18.11,26.26,24.71,80.3,25,40,Warsaw,,52.2297,21.0122,100,
2024-07-24T03:00:00+00:00,19.46,28.7,25.13,82.41,25,40,Warsaw,,52.2297,21.0122,100,
2024-07-24T04:00:00+00:00,21.74,33.06,26.07,85.35,25,40,Warsaw,,52.2297,21.0122,100,
2024-07-24T05:00:00+00:00,20.75,31.18,25.06,72.48,25,40,Warsaw,,52.2297,21.0122,100,
2024-07-24T06:00:00+00:00,21.8,30.12,26.9,85.84,25,40,Warsaw,,52.2297,21.0122,100,
2024-07-24T07:00:00+00:00,20.93,29.26,24.49,79.13,25,40,Warsaw,,52.2297,21.0122,100,
2024-07-24T08:00:00+00:00,18.19,26.89,24.47,75.53,25,40,Warsaw,,52.2297,21.0122,100,
2024-07-24T09:00:00+00:00,17.85,22.23,25.89,79.2,25,40,Warsaw,,52.2297,21.0122,100,
2024-07-24T10:00:00+00:00,18.02,23.64,24.2,72.21,25,40,Warsaw,,52.2297,21.0122,100,
2024-07-24T11:00:00+00:00,17.89,27.3,23.3,74.35,25,40,Warsaw,,52.2297,21.0122,100,
2024-07-24T12:00:00+00:00,20.43,28.92,20.83,63.18,25,40,Warsaw,,52.2297,21.0122,100,
2024-07-24T13:00:00+00:00,18.32,25.54,20.99,73.61,25,40,Warsaw,,52.2297,21.0122,100,
2024-07-24T14:00:00+00:00,21.38,30.59,18.59,61.1,25,40,Warsaw,,52.2297,21.0122,100,
2024-07-24T15:00:00+00:00,20.75,28.03,18.09,62.38,25,40,Warsaw,,52.2297,21.0122,100,
2024-07-24T16:00:00+00:00,20.97,28.01,20.02,61.2,25,40,Warsaw,,52.2297,21.0122,100,
2024-07-24T17:00:00+00:00,21.72,30.28,18.49,53.61,25,40,Warsaw,,52.2297,21.0122,100,
2024-07-24T18:00:00+00:00,17.53,20.43,18.86,62.69,25,40,Warsaw,,52.2297,21.0122,100,
2024-07-24T19:00:00+00:00,17.76,25.05,17.48,59.86,25,40,Warsaw,,52.2297,21.0122,100,
2024-07-24T20:00:00+00:00,22.45,33.82,19.63,62.39,25,40,Warsaw,,52.2297,21.0122,100,
2024-07-24T21:00:00+00:00,18.78,22.14,20.3,55.96,25,40,Warsaw,,52.2297,21.0122,100,
2024-07-24T22:00:00+00:00,19.83,24.22,21.44,62.22,25,40,Warsaw,,52.2297,21.0122,100,
2024-07-24T23:00:00+00:00,18.96,23.94,19.88,71.56,25,40,Warsaw,,52.2297,21.0122,100,
2024-07-25T00:00:00+00:00,18.12,27.25,22.32,70.62,25,40,Warsaw,,52.2297,21.0122,100,
2024-07-25T01:00:00+00:00,19.91,27.71,24.36,74.17,25,40,Warsaw,,52.2297,21.0122,100,
2024-07-25T02:00:00+00:00,23.07,29.18,24.77,72.01,25,40,Warsaw,,52.2297,21.0122,100,
2024-07-25T03:00:00+00:00,20.45,24.75,26.19,73.06,25,40,Warsaw,,52.2297,21.0122,100,
2024-07-25T04:00:00+00:00,18.49,23.46,24.25,78.75,25,40,Warsaw,,52.2297,21.0122,100,
2024-07-25T05:00:00+00:00,18.45,22.26,26.1,76.39,25,40,Warsaw,,52.2297,21.0122,100,
2024-07-25T06:00:00+00:00,18.65,22.27,26.52,85.55,25,40,Warsaw,,52.2297,21.0122,100,
2024-07-25T07:00:00+00:00,22.95,28.14,26.66,85.77,25,40,Warsaw,,52.2297,21.0122,100,
2024-07-25T08:00:00+00:00,20.0,30.52,26.41,82.18,25,40,Warsaw,,52.2297,21.0122,100,
2024-07-25T09:00:00+00:00,19.67,25.02,25.32,72.37,25,40,Warsaw,,52.2297,21.0122,100,
2024-07-25T10:00:00+00:00,18.89,23.96,24.16,68.87,25,40,Warsaw,,52.2297,21.0122,100,
2024-07-25T11:00:00+00:00,20.19,30.68,23.02,69.92,25,40,Warsaw,,52.2297,21.0122,100,
2024-07-25T12:00:00+00:00,22.65,32.21,20.74,69.15,25,40,Warsaw,,52.2297,21.0122,100,
2024-07-25T13:00:00+00:00,22.81,31.93,20.49,71.75,25,40,Warsaw,,52.2297,21.0122,100,
2024-07-25T14:00:00+00:00,19.41,28.31,19.53,61.23,25,40,Warsaw,,52.2297,21.0122,100,
2024-07-25T15:00:00+00:00,19.22,23.04,18.52,60.77,25,40,Warsaw,,52.2297,21.0122,100,
2024-07-25T16:00:00+00:00,17.47,23.78,18.66,58.11,25,40,Warsaw,,52.2297,21.0122,100,
2024-07-25T17:00:00+00:00,21.66,30.58,17.83,67.12,25,40,Warsaw,,52.2297,21.0122,100,
2024-07-25T18:00:00+00:00,19.79,29.04,16.62,64.29,25,40,Warsaw,,52.2297,21.0122,100,
2024-07-25T19:00:00+00:00,17.08,26.26,18.55,61.19,25,40,Warsaw,,52.2297,21.0122,100,
2024-07-25T20:00:00+00:00,17.35,24.96,17.63,64.9,25,40,Warsaw,,52.2297,21.0122,100,
2024-07-25T21:00:00+00:00,21.07,24.95,18.28,67.02,25,40,Warsaw,,52.2297,21.0122,100,
2024-07-25T22:00:00+00:00,23.23,32.28,21.41,72.34,25,40,Warsaw,,52.2297,21.0122,100,
2024-07-25T23:00:00+00:00,20.11,26.82,21.26,69.92,25,40,Warsaw,,52.2297,21.0122,100,
2024-07-26T00:00:00+00:00,22.2,28.36,21.33,75.08,25,40,Warsaw,,52.2297,21.0122,100,
2024-07-26T01:00:00+00:00,18.83,28.49,24.35,76.53,25,40,Warsaw,,52.2297,21.0122,100,
2024-07-26T02:00:00+00:00,20.17,23.67,24.16,80.61,25,40,Warsaw,,52.2297,21.0122,100,
2024-07-26T03:00:00+00:00,24.12,28.79,24.78,80.23,25,40,Warsaw,,52.2297,21.0122,100,
2024-07-26T04:00:00+00:00,17.8,22.82,26.53,76.13,25,40,Warsaw,,52.2297,21.0122,100,
2024-07-26T05:00:00+00:00,20.87,24.52,25.33,81.06,25,40,Warsaw,,52.2297,21.0122,100,
2024-07-26T06:00:00+00:00,21.25,31.52,26.65,81.21,25,40,Warsaw,,52.2297,21.0122,100,
2024-07-26T07:00:00+00:00,18.83,26.58,27.13,78.16,25,40,Warsaw,,52.2297,21.0122,100,
2024-07-26T08:00:00+00:00,20.72,31.54,25.35,85.08,25,40,Warsaw,,52.2297,21.0122,100,
2024-07-26T09:00:00+00:00,19.61,28.98,26.31,84.73,25,40,Warsaw,,52.2297,21.0122,100,
2024-07-26T10:00:00+00:00,21.03,26.82,22.88,75.92,25,40,Warsaw,,52.2297,21.0122,100,
2024-07-26T11:00:00+00:00,22.64,28.87,22.75,75.17,25,40,Warsaw,,52.2297,21.0122,100,
2024-07-26T12:00:00+00:00,19.78,26.44,21.87,64.48,25,40,Warsaw,,52.2297,21.0122,100,
2024-07-26T13:00:00+00:00,21.48,25.11,21.91,66.44,25,40,Warsaw,,52.2297,21.0122,100,
2024-07-26T14:00:00+00:00,21.09,30.18,19.23,58.12,25,40,Warsaw,,52.2297,21.0122,100,
2024-07-26T15:00:00+00:00,19.69,27.39,17.96,65.33,25,40,Warsaw,,52.2297,21.0122,100,
2024-07-26T16:00:00+00:00,21.2,25.89,17.21,66.27,25,40,Warsaw,,52.2297,21.0122,100,
2024-07-26T17:00:00+00:00,23.1,28.18,19.09,62.86,25,40,Warsaw,,52.2297,21.0122,100,
2024-07-26T18:00:00+00:00,19.16,28.58,17.58,57.64,25,40,Warsaw,,52.2297,21.0122,100,
2024-07-26T19:00:00+00:00,19.94,28.74,17.52,53.84,25,40,Warsaw,,52.2297,21.0122,100,
2024-07-26T20:00:00+00:00,18.58,21.55,19.2,67.31,25,40,Warsaw,,52.2297,21.0122,100,
2024-07-26T21:00:00+00:00,20.22,28.81,18.36,61.04,25,40,Warsaw,,52.2297,21.0122,100,
2024-07-26T22:00:00+00:00,17.63,27.62,18.85,70.96,25,40,Warsaw,,52.2297,21.0122,100,
2024-07-26T23:00:00+00:00,20.53,29.1,19.8,73.6,25,40,Warsaw,,52.2297,21.0122,100,
2024-07-27T00:00:00+00:00,19.95,24.22,22.09,66.82,25,40,Warsaw,,52.2297,21.0122,100,
2024-07-27T01:00:00+00:00,20.29,27.95,22.7,69.48,25,40,Warsaw,,52.2297,21.0122,100,
2024-07-27T02:00:00+00:00,20.3,24.63,24.58,82.16,25,40,Warsaw,,52.2297,21.0122,100,
2024-07-27T03:00:00+00:00,21.78,27.19,25.35,75.54,25,40,Warsaw,,52.2297,21.0122,100,
2024-07-27T04:00:00+00:00,23.11,34.12,24.11,71.3,25,40,Warsaw,,52.2297,21.0122,100,
2024-07-27T05:00:00+00:00,17.88,20.54,26.27,80.59,25,40,Warsaw,,52.2297,21.0122,100,
2024-07-27T06:00:00+00:00,20.19,23.46,26.5,73.37,25,40,Warsaw,,52.2297,21.0122,100,
2024-07-27T07:00:00+00:00,19.95,30.4,24.4,78.31,25,40,Warsaw,,52.2297,21.0122,100,
2024-07-27T08:00:00+00:00,23.29,33.98,26.47,79.69,25,40,Warsaw,,52.2297,21.0122,100,
2024-07-27T09:00:00+00:00,18.97,21.86,24.03,72.34,25,40,Warsaw,,52.2297,21.0122,100,
2024-07-27T10:00:00+00:00,22.25,31.99,24.69,70.25,25,40,Warsaw,,52.2297,21.0122,100,
2024-07-27T11:00:00+00:00,19.72,25.83,24.26,67.11,25,40,Warsaw,,52.2297,21.0122,100,
2024-07-27T12:00:00+00:00,19.09,24.04,20.71,67.34,25,40,Warsaw,,52.2297,21.0122,100,
2024-07-27T13:00:00+00:00,21.26,32.3,21.18,59.54,25,40,Warsaw,,52.2297,21.0122,100,
2024-07-27T14:00:00+00:00,19.44,30.19,19.03,57.92,25,40,Warsaw,,52.2297,21.0122,100,
2024-07-27T15:00:00+00:00,17.6,22.21,19.75,62.94,25,40,Warsaw,,52.2297,21.0122,100,
2024-07-27T16:00:00+00:00,18.58,24.64,18.32,67.49,25,40,Warsaw,,52.2297,21.0122,100,
2024-07-27T17:00:00+00:00,20.77,28.3,19.34,61.91,25,40,Warsaw,,52.2297,21.0122,100,
2024-07-27T18:00:00+00:00,17.74,27.86,18.09,62.34,25,40,Warsaw,,52.2297,21.0122,100,
2024-07-27T19:00:00+00:00,22.51,28.4,18.77,67.09,25,40,Warsaw,,52.2297,21.0122,100,
2024-07-27T20:00:00+00:00,21.78,31.21,17.13,55.4,25,40,Warsaw,,52.2297,21.0122,100,
2024-07-27T21:00:00+00:00,20.85,29.33,18.46,60.16,25,40,Warsaw,,52.2297,21.0122,100,
2024-07-27T22:00:00+00:00,18.88,26.6,19.65,69.95,25,40,Warsaw,,52.2297,21.0122,100,
2024-07-27T23:00:00+00:00,22.99,33.88,20.77,72.47,25,40,Warsaw,,52.2297,21.0122,100,
2024-07-28T00:00:00+00:00,22.38,31.06,22.15,70.07,25,40,Warsaw,,52.2297,21.0122,100,
2024-07-28T01:00:00+00:00,22.32,26.26,21.79,78.57,25,40,Warsaw,,52.2297,21.0122,100,
2024-07-28T02:00:00+00:00,21.96,31.54,23.62,67.78,25,40,Warsaw,,52.2297,21.0122,100,
2024-07-28T03:00:00+00:00,21.59,26.83,23.84,75.67,25,40,Warsaw,,52.2297,21.0122,100,
2024-07-28T04:00:00+00:00,24.08,31.18,24.83,82.0,25,40,Warsaw,,52.2297,21.0122,100,
2024-07-28T05:00:00+00:00,22.57,29.1,27.33,74.31,25,40,Warsaw,,52.2297,21.0122,100,
2024-07-28T06:00:00+00:00,22.28,26.28,27.43,87.28,25,40,Warsaw,,52.2297,21.0122,100,
2024-07-28T07:00:00+00:00,19.01,26.72,24.47,79.73,25,40,Warsaw,,52.2297,21.0122,100,
2024-07-28T08:00:00+00:00,23.1,32.89,26.21,80.73,25,40,Warsaw,,52.2297,21.0122,100,
2024-07-28T09:00:00+00:00,23.72,35.53,25.51,83.32,25,40,Warsaw,,52.2297,21.0122,100,
2024-07-28T10:00:00+00:00,21.19,30.87,22.59,76.03,25,40,Warsaw,,52.2297,21.0122,100,
2024-07-28T11:00:00+00:00,17.82,26.64,24.42,65.07,25,40,Warsaw,,52.2297,21.0122,100,
2024-07-28T12:00:00+00:00,19.71,29.07,22.77,63.71,25,40,Warsaw,,52.2297,21.0122,100,
2024-07-28T13:00:00+00:00,19.02,27.69,19.69,71.68,25,40,Warsaw,,52.2297,21.0122,100,
2024-07-28T14:00:00+00:00,17.68,21.38,20.43,66.89,25,40,Warsaw,,52.2297,21.0122,100,
2024-07-28T15:00:00+00:00,19.16,22.78,18.36,67.88,25,40,Warsaw,,52.2297,21.0122,100,
2024-07-28T16:00:00+00:00,21.25,32.31,18.36,54.4,25,40,Warsaw,,52.2297,21.0122,100,
2024-07-28T17:00:00+00:00,21.6,32.82,18.27,61.62,25,40,Warsaw,,52.2297,21.0122,100,
2024-07-28T18:00:00+00:00,20.41,30.66,17.86,63.5,25,40,Warsaw,,52.2297,21.0122,100,
2024-07-28T19:00:00+00:00,19.59,22.91,17.59,68.32,25,40,Warsaw,,52.2297,21.0122,100,
2024-07-28T20:00:00+00:00,23.7,31.6,18.93,68.89,25,40,Warsaw,,52.2297,21.0122,100,
2024-07-28T21:00:00+00:00,20.75,24.16,20.63,69.28,25,40,Warsaw,,52.2297,21.0122,100,
2024-07-28T22:00:00+00:00,21.39,25.67,18.57,68.92,25,40,Warsaw,,52.2297,21.0122,100,
2024-07-28T23:00:00+00:00,21.69,29.68,20.14,64.3,25,40,Warsaw,,52.2297,21.0122,100,
2024-07-29T00:00:00+00:00,19.39,25.81,22.7,65.33,25,40,Warsaw,,52.2297,21.0122,100,
2024-07-29T01:00:00+00:00,17.31,23.15,22.93,71.85,25,40,Warsaw,,52.2297,21.0122,100,
2024-07-29T02:00:00+00:00,18.6,27.38,23.03,71.04,25,40,Warsaw,,52.2297,21.0122,100,
2024-07-29T03:00:00+00:00,23.34,33.17,23.99,79.56,25,40,Warsaw,,52.2297,21.0122,100,
2024-07-29T04:00:00+00:00,23.87,29.13,24.97,80.96,25,40,Warsaw,,52.2297,21.0122,100,
2024-07-29T05:00:00+00:00,22.67,30.83,27.23,81.67,25,40,Warsaw,,52.2297,21.0122,100,
2024-07-29T06:00:00+00:00,18.39,23.85,25.35,82.53,25,40,Warsaw,,52.2297,21.0122,100,
2024-07-29T07:00:00+00:00,22.28,32.91,25.44,80.01,25,40,Warsaw,,52.2297,21.0122,100,
2024-07-29T08:00:00+00:00,19.26,29.94,26.37,86.43,25,40,Warsaw,,52.2297,21.0122,100,
2024-07-29T09:00:00+00:00,18.17,22.01,24.96,83.72,25,40,Warsaw,,52.2297,21.0122,100,
2024-07-29T10:00:00+00:00,21.45,29.56,23.25,68.18,25,40,Warsaw,,52.2297,21.0122,100,
2024-07-29T11:00:00+00:00,19.93,30.08,23.82,77.05,25,40,Warsaw,,52.2297,21.0122,100,
2024-07-29T12:00:00+00:00,21.37,31.07,21.29,74.94,25,40,Warsaw,,52.2297,21.0122,100,
2024-07-29T13:00:00+00:00,20.36,28.17,22.02,68.13,25,40,Warsaw,,52.2297,21.0122,100,
2024-07-29T14:00:00+00:00,18.62,25.59,20.08,62.76,25,40,Warsaw,,52.2297,21.0122,100,
2024-07-29T15:00:00+00:00,19.82,23.47,20.28,56.09,25,40,Warsaw,,52.2297,21.0122,100,
2024-07-29T16:00:00+00:00,22.74,30.07,17.24,65.82,25,40,Warsaw,,52.2297,21.0122,100,
2024-07-29T17:00:00+00:00,23.02,32.9,18.85,63.67,25,40,Warsaw,,52.2297,21.0122,100,
2024-07-29T18:00:00+00:00,22.71,32.83,18.66,60.72,25,40,Warsaw,,52.2297,21.0122,100,
2024-07-29T19:00:00+00:00,20.85,30.95,16.82,54.85,25,40,Warsaw,,52.2297,21.0122,100,
2024-07-29T20:00:00+00:00,22.49,32.47,17.54,58.19,25,40,Warsaw,,52.2297,21.0122,100,
2024-07-29T21:00:00+00:00,20.3,26.34,17.99,57.39,25,40,Warsaw,,52.2297,21.0122,100,
2024-07-29T22:00:00+00:00,20.77,29.95,19.47,57.67,25,40,Warsaw,,52.2297,21.0122,100,
2024-07-29T23:00:00+00:00,18.46,23.55,21.74,72.19,25,40,Warsaw,,52.2297,21.0122,100,
2024-07-30T00:00:00+00:00,20.44,25.47,22.25,75.49,25,40,Warsaw,,52.2297,21.0122,100,
2024-07-30T01:00:00+00:00,22.26,29.27,22.23,66.14,25,40,Warsaw,,52.2297,21.0122,100,
2024-07-30T02:00:00+00:00,18.22,27.05,23.51,71.32,25,40,Warsaw,,52.2297,21.0122,100,
2024-07-30T03:00:00+00:00,21.04,27.41,26.27,76.73,25,40,Warsaw,,52.2297,21.0122,100,
2024-07-30T04:00:00+00:00,20.77,24.06,24.96,79.38,25,40,Warsaw,,52.2297,21.0122,100,
2024-07-30T05:00:00+00:00,20.28,29.21,25.79,78.52,25,40,Warsaw,,52.2297,21.0122,100,
2024-07-30T06:00:00+00:00,20.51,25.58,26.19,81.2,25,40,Warsaw,,52.2297,21.0122,100,
2024-07-30T07:00:00+00:00,20.94,30.77,24.4,77.73,25,40,Warsaw,,52.2297,21.0122,100,
2024-07-30T08:00:00+00:00,20.98,26.18,24.24,70.66,25,40,Warsaw,,52.2297,21.0122,100,
2024-07-30T09:00:00+00:00,21.94,30.43,23.99,77.94,25,40,Warsaw,,52.2297,21.0122,100,
2024-07-30T10:00:00+00:00,18.97,25.68,24.25,68.69,25,40,Warsaw,,52.2297,21.0122,100,
2024-07-30T11:00:00+00:00,20.77,24.15,24.38,66.03,25,40,Warsaw,,52.2297,21.0122,100,
2024-07-30T12:00:00+00:00,20.48,23.76,20.74,64.67,25,40,Warsaw,,52.2297,21.0122,100,
2024-07-30T13:00:00+00:00,17.79,22.22,19.62,64.49,25,40,Warsaw,,52.2297,21.0122,100,
2024-07-30T14:00:00+00:00,18.22,26.93,18.92,70.76,25,40,Warsaw,,52.2297,21.0122,100,
2024-07-30T15:00:00+00:00,20.55,24.41,20.49,63.07,25,40,Warsaw,,52.2297,21.0122,100,
2024-07-30T16:00:00+00:00,16.42,19.03,19.4,55.03,25,40,Warsaw,,52.2297,21.0122,100,
2024-07-30T17:00:00+00:00,20.71,31.26,17.02,58.54,25,40,Warsaw,,52.2297,21.0122,100,
2024-07-30T18:00:00+00:00,17.75,23.78,18.89,53.84,25,40,Warsaw,,52.2297,21.0122,100,
2024-07-30T19:00:00+00:00,16.78,19.91,18.87,58.37,25,40,Warsaw,,52.2297,21.0122,100,
2024-07-30T20:00:00+00:00,19.68,27.46,17.12,63.72,25,40,Warsaw,,52.2297,21.0122,100,
2024-07-30T21:00:00+00:00,18.25,27.09,20.15,67.97,25,40,Warsaw,,52.2297,21.0122,100,
2024-07-30T22:00:00+00:00,19.85,26.82,21.5,66.63,25,40,Warsaw,,52.2297,21.0122,100,
2024-07-30T23:00:00+00:00,20.24,25.9,20.14,67.21,25,40,Warsaw,,52.2297,21.0122,100,
2024-07-31T00:00:00+00:00,17.23,22.06,22.57,67.73,25,40,Warsaw,,52.2297,21.0122,100,
2024-07-31T01:00:00+00:00,18.15,21.51,23.49,72.66,25,40,Warsaw,,52.2297,21.0122,100,
2024-07-31T02:00:00+00:00,19.12,21.91,25.21,73.12,25,40,Warsaw,,52.2297,21.0122,100,
2024-07-31T03:00:00+00:00,21.07,31.83,26.09,79.03,25,40,Warsaw,,52.2297,21.0122,100,
2024-07-31T04:00:00+00:00,22.8,33.27,26.95,73.85,25,40,Warsaw,,52.2297,21.0122,100,
2024-07-31T05:00:00+00:00,23.68,29.79,26.54,77.48,25,40,Warsaw,,52.2297,21.0122,100,
2024-07-31T06:00:00+00:00,20.21,26.31,24.57,73.42,25,40,Warsaw,,52.2297,21.0122,100,
2024-07-31T07:00:00+00:00,24.32,29.38,24.93,85.35,25,40,Warsaw,,52.2297,21.0122,100,
2024-07-31T08:00:00+00:00,21.4,26.78,25.75,78.53,25,40,Warsaw,,52.2297,21.0122,100,
2024-07-31T09:00:00+00:00,17.9,25.1,24.23,73.69,25,40,Warsaw,,52.2297,21.0122,100,
2024-07-31T10:00:00+00:00,18.95,28.13,25.15,78.16,25,40,Warsaw,,52.2297,21.0122,100,
2024-07-31T11:00:00+00:00,18.63,27.09,23.32,78.66,25,40,Warsaw,,52.2297,21.0122,100,
2024-07-31T12:00:00+00:00,17.92,21.11,21.92,68.36,25,40,Warsaw,,52.2297,21.0122,100,
2024-07-31T13:00:00+00:00,18.04,24.91,20.61,62.17,25,40,Warsaw,,52.2297,21.0122,100,
2024-07-31T14:00:00+00:00,19.02,28.02,18.68,64.32,25,40,Warsaw,,52.2297,21.0122,100,
2024-07-31T15:00:00+00:00,19.91,24.54,18.81,63.84,25,40,Warsaw,,52.2297,21.0122,100,
2024-07-31T16:00:00+00:00,21.34,30.07,18.34,64.91,25,40,Warsaw,,52.2297,21.0122,100,
2024-07-31T17:00:00+00:00,18.18,26.11,18.22,61.8,25,40,Warsaw,,52.2297,21.0122,100,
2024-07-31T18:00:00+00:00,17.31,21.33,17.18,64.0,25,40,Warsaw,,52.2297,21.0122,100,
2024-07-31T19:00:00+00:00,21.84,32.22,18.13,62.76,25,40,Warsaw,,52.2297,21.0122,100,
2024-07-31T20:00:00+00:00,18.43,23.88,17.63,68.78,25,40,Warsaw,,52.2297,21.0122,100,
2024-07-31T21:00:00+00:00,17.7,22.26,18.74,65.68,25,40,Warsaw,,52.2297,21.0122,100,
2024-07-31T22:00:00+00:00,18.34,28.56,20.55,58.17,25,40,Warsaw,,52.2297,21.0122,100,
2024-07-31T23:00:00+00:00,17.46,19.61,21.27,66.82,25,40,Warsaw,,52.2297,21.0122,100,
2024-08-01T00:00:00+00:00,21.87,29.63,21.94,73.51,25,40,Warsaw,,52.2297,21.0122,100,
2024-08-01T01:00:00+00:00,20.8,29.85,22.08,76.74,25,40,Warsaw,,52.2297,21.0122,100,
2024-08-01T02:00:00+00:00,17.45,25.39,22.98,71.08,25,40,Warsaw,,52.2297,21.0122,100,
2024-08-01T03:00:00+00:00,21.84,29.78,24.59,77.21,25,40,Warsaw,,52.2297,21.0122,100,
2024-08-01T04:00:00+00:00,20.5,25.8,23.57,80.61,25,40,Warsaw,,52.2297,21.0122,100,
2024-08-01T05:00:00+00:00,20.82,26.87,24.26,85.56,25,40,Warsaw,,52.2297,21.0122,100,
2024-08-01T06:00:00+00:00,23.82,28.56,24.57,80.53,25,40,Warsaw,,52.2297,21.0122,100,
2024-08-01T07:00:00+00:00,18.41,24.14,24.28,86.0,25,40,Warsaw,,52.2297,21.0122,100,
2024-08-01T08:00:00+00:00,19.33,26.25,24.27,84.83,25,40,Warsaw,,52.2297,21.0122,100,
2024-08-01T09:00:00+00:00,18.2,22.43,23.85,70.99,25,40,Warsaw,,52.2297,21.0122,100,
2024-08-01T10:00:00+00:00,19.52,30.35,22.93,74.2,25,40,Warsaw,,52.2297,21.0122,100,
2024-08-01T11:00:00+00:00,21.18,27.77,22.41,69.8,25,40,Warsaw,,52.2297,21.0122,100,
2024-08-01T12:00:00+00:00,22.82,27.57,21.49,63.73,25,40,Warsaw,,52.2297,21.0122,100,
2024-08-01T13:00:00+00:00,21.24,25.56,19.85,68.76,25,40,Warsaw,,52.2297,21.0122,100,
2024-08-01T14:00:00+00:00,20.84,31.35,17.66,67.05,25,40,Warsaw,,52.2297,21.0122,100,
2024-08-01T15:00:00+00:00,19.79,23.99,18.64,70.03,25,40,Warsaw,,52.2297,21.0122,100,
2024-08-01T16:00:00+00:00,16.01,24.27,18.74,53.46,25,40,Warsaw,,52.2297,21.0122,100,
2024-08-01T17:00:00+00:00,21.96,29.09,18.21,56.49,25,40,Warsaw,,52.2297,21.0122,100,
2024-08-01T18:00:00+00:00,19.3,27.64,16.07,60.64,25,40,Warsaw,,52.2297,21.0122,100,
2024-08-01T19:00:00+00:00,16.34,22.68,17.23,52.36,25,40,Warsaw,,52.2297,21.0122,100,
2024-08-01T20:00:00+00:00,20.98,27.3,16.28,67.01,25,40,Warsaw,,52.2297,21.0122,100,
2024-08-01T21:00:00+00:00,18.62,27.36,18.17,59.08,25,40,Warsaw,,52.2297,21.0122,100,
2024-08-01T22:00:00+00:00,21.8,26.89,17.82,64.58,25,40,Warsaw,,52.2297,21.0122,100,
2024-08-01T23:00:00+00:00,17.06,23.14,18.76,61.45,25,40,Warsaw,,52.2297,21.0122,100,
2024-08-02T00:00:00+00:00,16.95,21.11,20.02,63.31,25,40,Warsaw,,52.2297,21.0122,100,
2024-08-02T01:00:00+00:00,20.66,30.89,21.59,73.05,25,40,Warsaw,,52.2297,21.0122,100,
2024-08-02T02:00:00+00:00,17.6,23.7,24.17,73.27,25,40,Warsaw,,52.2297,21.0122,100,
2024-08-02T03:00:00+00:00,23.21,28.25,23.38,74.47,25,40,Warsaw,,52.2297,21.0122,100,
2024-08-02T04:00:00+00:00,22.22,32.78,23.59,74.94,25,40,Warsaw,,52.2297,21.0122,100,
2024-08-02T05:00:00+00:00,18.33,24.57,26.04,81.5,25,40,Warsaw,,52.2297,21.0122,100,
2024-08-02T06:00:00+00:00,24.32,33.77,25.88,84.05,25,40,Warsaw,,52.2297,21.0122,100,
2024-08-02T07:00:00+00:00,19.33,28.68,24.56,74.76,25,40,Warsaw,,52.2297,21.0122,100,
2024-08-02T08:00:00+00:00,23.16,31.76,23.68,71.13,25,40,Warsaw,,52.2297,21.0122,100,
2024-08-02T09:00:00+00:00,22.27,33.4,22.35,83.43,25,40,Warsaw,,52.2297,21.0122,100,
2024-08-02T10:00:00+00:00,22.01,25.83,22.1,74.02,25,40,Warsaw,,52.2297,21.0122,100,
2024-08-02T11:00:00+00:00,22.22,29.77,22.99,78.26,25,40,Warsaw,,52.2297,21.0122,100,
2024-08-02T12:00:00+00:00,21.22,31.06,20.87,63.96,25,40,Warsaw,,52.2297,21.0122,100,
2024-08-02T13:00:00+00:00,20.7,27.16,21.26,60.24,25,40,Warsaw,,52.2297,21.0122,100,
2024-08-02T14:00:00+00:00,22.82,33.93,18.94,66.31,25,40,Warsaw,,52.2297,21.0122,100,
2024-08-02T15:00:00+00:00,21.09,25.43,17.05,68.32,25,40,Warsaw,,52.2297,21.0122,100,
2024-08-02T16:00:00+00:00,21.52,27.69,17.82,54.51,25,40,Warsaw,,52.2297,21.0122,100,
2024-08-02T17:00:00+00:00,18.91,23.57,17.66,57.92,25,40,Warsaw,,52.2297,21.0122,100,
2024-08-02T18:00:00+00:00,19.49,29.89,16.62,62.37,25,40,Warsaw,,52.2297,21.0122,100,
2024-08-02T19:00:00+00:00,16.88,26.04,17.31,52.58,25,40,Warsaw,,52.2297,21.0122,100,
2024-08-02T20:00:00+00:00,18.5,22.84,17.45,62.46,25,40,Warsaw,,52.2297,21.0122,100,
2024-08-02T21:00:00+00:00,17.75,24.11,16.98,68.52,25,40,Warsaw,,52.2297,21.0122,100,
2024-08-02T22:00:00+00:00,17.65,27.67,20.42,62.46,25,40,Warsaw,,52.2297,21.0122,100,
2024-08-02T23:00:00+00:00,23.78,29.73,19.08,70.62,25,40,Warsaw,,52.2297,21.0122,100,
2024-08-03T00:00:00+00:00,19.42,23.66,22.44,74.99,25,40,Warsaw,,52.2297,21.0122,100,
2024-08-03T01:00:00+00:00,19.25,26.74,22.15,75.3,25,40,Warsaw,,52.2297,21.0122,100,
2024-08-03T02:00:00+00:00,22.76,31.99,22.58,72.16,25,40,Warsaw,,52.2297,21.0122,100,
2024-08-03T03:00:00+00:00,22.21,28.63,25.08,78.98,25,40,Warsaw,,52.2297,21.0122,100,
2024-08-03T04:00:00+00:00,19.58,24.09,24.58,71.62,25,40,Warsaw,,52.2297,21.0122,100,
2024-08-03T05:00:00+00:00,20.75,30.15,24.71,83.77,25,40,Warsaw,,52.2297,21.0122,100,
2024-08-03T06:00:00+00:00,23.48,29.31,24.44,82.33,25,40,Warsaw,,52.2297,21.0122,100,
2024-08-03T07:00:00+00:00,18.45,26.27,23.92,84.89,25,40,Warsaw,,52.2297,21.0122,100,
2024-08-03T08:00:00+00:00,17.39,26.39,25.72,75.76,25,40,Warsaw,,52.2297,21.0122,100,
2024-08-03T09:00:00+00:00,18.84,23.54,24.46,73.32,25,40,Warsaw,,52.2297,21.0122,100,
2024-08-03T10:00:00+00:00,20.01,28.0,24.09,79.23,25,40,Warsaw,,52.2297,21.0122,100,
2024-08-03T11:00:00+00:00,19.3,23.77,23.26,75.09,25,40,Warsaw,,52.2297,21.0122,100,
2024-08-03T12:00:00+00:00,19.79,27.58,22.06,74.41,25,40,Warsaw,,52.2297,21.0122,100,
2024-08-03T13:00:00+00:00,17.34,19.95,19.91,61.02,25,40,Warsaw,,52.2297,21.0122,100,
2024-08-03T14:00:00+00:00,20.51,28.21,18.92,61.66,25,40,Warsaw,,52.2297,21.0122,100,
2024-08-03T15:00:00+00:00,17.17,25.91,17.85,63.4,25,40,Warsaw,,52.2297,21.0122,100,
2024-08-03T16:00:00+00:00,19.35,22.45,18.76,68.14,25,40,Warsaw,,52.2297,21.0122,100,
2024-08-03T17:00:00+00:00,17.03,24.43,16.1,57.57,25,40,Warsaw,,52.2297,21.0122,100,
2024-08-03T18:00:00+00:00,19.13,29.1,17.46,55.28,25,40,Warsaw,,52.2297,21.0122,100,
2024-08-03T19:00:00+00:00,19.83,25.56,18.24,53.45,25,40,Warsaw,,52.2297,21.0122,100,
2024-08-03T20:00:00+00:00,21.52,29.72,18.44,55.24,25,40,Warsaw,,52.2297,21.0122,100,
2024-08-03T21:00:00+00:00,17.24,24.53,18.26,56.6,25,40,Warsaw,,52.2297,21.0122,100,
2024-08-03T22:00:00+00:00,22.31,27.43,20.33,66.99,25,40,Warsaw,,52.2297,21.0122,100,
2024-08-03T23:00:00+00:00,21.65,27.8,19.64,64.43,25,40,Warsaw,,52.2297,21.0122,100,
2024-08-04T00:00:00+00:00,19.29,26.9,19.83,66.45,25,40,Warsaw,,52.2297,21.0122,100,
2024-08-04T01:00:00+00:00,21.44,29.76,22.91,77.74,25,40,Warsaw,,52.2297,21.0122,100,
2024-08-04T02:00:00+00:00,19.36,29.3,22.91,74.07,25,40,Warsaw,,52.2297,21.0122,100,
2024-08-04T03:00:00+00:00,23.18,29.72,22.73,79.91,25,40,Warsaw,,52.2297,21.0122,100,
2024-08-04T04:00:00+00:00,19.96,24.81,24.69,70.81,25,40,Warsaw,,52.2297,21.0122,100,
2024-08-04T05:00:00+00:00,20.32,27.92,25.81,83.92,25,40,Warsaw,,52.2297,21.0122,100,
2024-08-04T06:00:00+00:00,23.62,34.9,24.79,78.24,25,40,Warsaw,,52.2297,21.0122,100,
2024-08-04T07:00:00+00:00,21.05,28.73,24.63,80.87,25,40,Warsaw,,52.2297,21.0122,100,
2024-08-04T08:00:00+00:00,18.24,27.04,23.09,78.04,25,40,Warsaw,,52.2297,21.0122,100,
2024-08-04T09:00:00+00:00,19.2,25.21,25.1,77.41,25,40,Warsaw,,52.2297,21.0122,100,
2024-08-04T10:00:00+00:00,19.94,28.32,24.27,75.16,25,40,Warsaw,,52.2297,21.0122,100,
2024-08-04T11:00:00+00:00,21.42,28.38,22.91,80.46,25,40,Warsaw,,52.2297,21.0122,100,
2024-08-04T12:00:00+00:00,22.2,31.99,21.85,72.01,25,40,Warsaw,,52.2297,21.0122,100,
2024-08-04T13:00:00+00:00,19.47,28.53,18.94,73.2,25,40,Warsaw,,52.2297,21.0122,100,
2024-08-04T14:00:00+00:00,22.38,31.64,18.42,66.91,25,40,Warsaw,,52.2297,21.0122,100,
2024-08-04T15:00:00+00:00,18.05,25.55,19.54,65.84,25,40,Warsaw,,52.2297,21.0122,100,
2024-08-04T16:00:00+00:00,17.6,25.74,18.06,54.88,25,40,Warsaw,,52.2297,21.0122,100,
2024-08-04T17:00:00+00:00,18.63,22.57,18.14,59.84,25,40,Warsaw,,52.2297,21.0122,100,
2024-08-04T18:00:00+00:00,19.64,27.48,18.03,56.17,25,40,Warsaw,,52.2297,21.0122,100,
2024-08-04T19:00:00+00:00,17.48,22.24,16.16,56.12,25,40,Warsaw,,52.2297,21.0122,100,
2024-08-04T20:00:00+00:00,21.42,31.17,18.23,58.88,25,40,Warsaw,,52.2297,21.0122,100,
2024-08-04T21:00:00+00:00,19.37,26.12,16.82,66.54,25,40,Warsaw,,52.2297,21.0122,100,
2024-08-04T22:00:00+00:00,18.39,25.46,19.35,64.66,25,40,Warsaw,,52.2297,21.0122,100,
2024-08-04T23:00:00+00:00,18.83,25.53,20.88,64.96,25,40,Warsaw,,52.2297,21.0122,100,
2024-08-05T00:00:00+00:00,18.87,25.98,19.52,68.15,25,40,Warsaw,,52.2297,21.0122,100,
2024-08-05T01:00:00+00:00,21.99,32.68,21.63,65.81,25,40,Warsaw,,52.2297,21.0122,100,
2024-08-05T02:00:00+00:00,23.21,31.49,22.55,79.97,25,40,Warsaw,,52.2297,21.0122,100,
2024-08-05T03:00:00+00:00,19.47,26.37,23.62,80.08,25,40,Warsaw,,52.2297,21.0122,100,
2024-08-05T04:00:00+00:00,20.24,24.95,23.11,78.56,25,40,Warsaw,,52.2297,21.0122,100,
2024-08-05T05:00:00+00:00,18.45,22.27,23.92,82.53,25,40,Warsaw,,52.2297,21.0122,100,
2024-08-05T06:00:00+00:00,17.7,20.86,25.89,79.2,25,40,Warsaw,,52.2297,21.0122,100,
2024-08-05T07:00:00+00:00,21.87,32.14,23.44,82.16,25,40,Warsaw,,52.2297,21.0122,100,
2024-08-05T08:00:00+00:00,19.16,23.41,24.1,74.82,25,40,Warsaw,,52.2297,21.0122,100,
2024-08-05T09:00:00+00:00,19.47,28.29,22.44,78.56,25,40,Warsaw,,52.2297,21.0122,100,
2024-08-05T10:00:00+00:00,23.93,32.19,22.24,78.8,25,40,Warsaw,,52.2297,21.0122,100,
2024-08-05T11:00:00+00:00,19.57,22.55,23.27,74.4,25,40,Warsaw,,52.2297,21.0122,100,
2024-08-05T12:00:00+00:00,21.42,28.08,20.5,77.57,25,40,Warsaw,,52.2297,21.0122,100,
2024-08-05T13:00:00+00:00,19.17,23.31,21.09,65.61,25,40,Warsaw,,52.2297,21.0122,100,
2024-08-05T14:00:00+00:00,22.84,27.57,17.94,58.83,25,40,Warsaw,,52.2297,21.0122,100,
2024-08-05T15:00:00+00:00,19.67,25.32,17.09,68.06,25,40,Warsaw,,52.2297,21.0122,100,
2024-08-05T16:00:00+00:00,18.43,23.96,16.37,61.95,25,40,Warsaw,,52.2297,21.0122,100,
2024-08-05T17:00:00+00:00,19.63,27.79,17.44,53.32,25,40,Warsaw,,52.2297,21.0122,100,
2024-08-05T18:00:00+00:00,22.77,33.35,16.35,55.2,25,40,Warsaw,,52.2297,21.0122,100,
2024-08-05T19:00:00+00:00,19.73,25.86,16.51,52.64,25,40,Warsaw,,52.2297,21.0122,100,
2024-08-05T20:00:00+00:00,19.22,23.29,19.01,62.89,25,40,Warsaw,,52.2297,21.0122,100,
2024-08-05T21:00:00+00:00,18.48,25.41,19.49,60.97,25,40,Warsaw,,52.2297,21.0122,100,
2024-08-05T22:00:00+00:00,16.79,18.68,17.57,60.3,25,40,Warsaw,,52.2297,21.0122,100,
2024-08-05T23:00:00+00:00,21.62,32.27,21.04,60.64,25,40,Warsaw,,52.2297,21.0122,100,
2024-08-06T00:00:00+00:00,22.21,27.9,21.12,65.96,25,40,Warsaw,,52.2297,21.0122,100,
2024-08-06T01:00:00+00:00,18.38,25.74,23.45,69.8,25,40,Warsaw,,52.2297,21.0122,100,
2024-08-06T02:00:00+00:00,21.82,29.05,23.99,78.52,25,40,Warsaw,,52.2297,21.0122,100,
2024-08-06T03:00:00+00:00,20.32,30.95,24.35,82.02,25,40,Warsaw,,52.2297,21.0122,100,
2024-08-06T04:00:00+00:00,22.1,31.47,25.56,84.63,25,40,Warsaw,,52.2297,21.0122,100,
2024-08-06T05:00:00+00:00,18.84,21.79,23.84,72.44,25,40,Warsaw,,52.2297,21.0122,100,
2024-08-06T06:00:00+00:00,20.24,23.38,24.72,82.56,25,40,Warsaw,,52.2297,21.0122,100,
2024-08-06T07:00:00+00:00,17.74,21.84,25.95,71.71,25,40,Warsaw,,52.2297,21.0122,100,
2024-08-06T08:00:00+00:00,20.15,30.31,22.97,74.11,25,40,Warsaw,,52.2297,21.0122,100,
2024-08-06T09:00:00+00:00,21.2,26.82,24.2,81.34,25,40,Warsaw,,52.2297,21.0122,100,
2024-08-06T10:00:00+00:00,21.26,29.61,21.82,67.56,25,40,Warsaw,,52.2297,21.0122,100,
2024-08-06T11:00:00+00:00,20.14,23.73,20.96,66.6,25,40,Warsaw,,52.2297,21.0122,100,
2024-08-06T12:00:00+00:00,20.6,29.97,20.33,73.0,25,40,Warsaw,,52.2297,21.0122,100,
2024-08-06T13:00:00+00:00,21.37,29.8,20.54,63.95,25,40,Warsaw,,52.2297,21.0122,100,
2024-08-06T14:00:00+00:00,23.11,32.18,18.99,67.34,25,40,Warsaw,,52.2297,21.0122,100,
2024-08-06T15:00:00+00:00,17.99,25.66,17.44,61.11,25,40,Warsaw,,52.2297,21.0122,100,
2024-08-06T16:00:00+00:00,20.54,29.03,19.01,68.34,25,40,Warsaw,,52.2297,21.0122,100,
2024-08-06T17:00:00+00:00,18.36,24.98,17.86,54.82,25,40,Warsaw,,52.2297,21.0122,100,
2024-08-06T18:00:00+00:00,21.74,28.69,17.7,52.08,25,40,Warsaw,,52.2297,21.0122,100,
2024-08-06T19:00:00+00:00,21.33,25.07,18.1,55.75,25,40,Warsaw,,52.2297,21.0122,100,
2024-08-06T20:00:00+00:00,23.22,28.61,16.54,62.43,25,40,Warsaw,,52.2297,21.0122,100,
2024-08-06T21:00:00+00:00,21.24,28.59,18.95,61.23,25,40,Warsaw,,52.2297,21.0122,100,
2024-08-06T22:00:00+00:00,21.76,28.17,19.71,63.43,25,40,Warsaw,,52.2297,21.0122,100,
2024-08-06T23:00:00+00:00,18.13,21.31,21.01,61.96,25,40,Warsaw,,52.2297,21.0122,100,
2024-08-07T00:00:00+00:00,18.46,27.71,20.73,62.74,25,40,Warsaw,,52.2297,21.0122,100,
2024-08-07T01:00:00+00:00,21.08,28.41,20.98,80.47,25,40,Warsaw,,52.2297,21.0122,100,
2024-08-07T02:00:00+00:00,19.43,25.13,23.47,82.14,25,40,Warsaw,,52.2297,21.0122,100,
2024-08-07T03:00:00+00:00,21.78,30.39,25.26,71.13,25,40,Warsaw,,52.2297,21.0122,100,
2024-08-07T04:00:00+00:00,19.39,29.42,23.02,82.44,25,40,Warsaw,,52.2297,21.0122,100,
2024-08-07T05:00:00+00:00,20.31,29.96,24.97,79.46,25,40,Warsaw,,52.2297,21.0122,100,
2024-08-07T06:00:00+00:00,21.49,26.9,25.55,87.66,25,40,Warsaw,,52.2297,21.0122,100,
2024-08-07T07:00:00+00:00,17.86,24.9,25.24,77.36,25,40,Warsaw,,52.2297,21.0122,100,
2024-08-07T08:00:00+00:00,22.55,33.62,24.11,86.0,25,40,Warsaw,,52.2297,21.0122,100,
2024-08-07T09:00:00+00:00,18.56,21.54,25.3,84.33,25,40,Warsaw,,52.2297,21.0122,100,
2024-08-07T10:00:00+00:00,20.23,23.69,22.79,82.22,25,40,Warsaw,,52.2297,21.0122,100,
2024-08-07T11:00:00+00:00,20.73,26.39,23.39,71.03,25,40,Warsaw,,52.2297,21.0122,100,
2024-08-07T12:00:00+00:00,21.08,28.5,21.1,73.87,25,40,Warsaw,,52.2297,21.0122,100,
2024-08-07T13:00:00+00:00,18.71,23.0,19.39,66.79,25,40,Warsaw,,52.2297,21.0122,100,
2024-08-07T14:00:00+00:00,18.78,26.07,19.27,66.11,25,40,Warsaw,,52.2297,21.0122,100,
2024-08-07T15:00:00+00:00,16.87,19.74,18.92,62.01,25,40,Warsaw,,52.2297,21.0122,100,
2024-08-07T16:00:00+00:00,23.97,35.2,17.0,68.72,25,40,Warsaw,,52.2297,21.0122,100,
2024-08-07T17:00:00+00:00,19.9,24.03,15.88,54.81,25,40,Warsaw,,52.2297,21.0122,100,
2024-08-07T18:00:00+00:00,17.97,26.36,16.29,59.11,25,40,Warsaw,,52.2297,21.0122,100,
2024-08-07T19:00:00+00:00,22.99,30.03,15.65,66.75,25,40,Warsaw,,52.2297,21.0122,100,
2024-08-07T20:00:00+00:00,19.88,25.62,17.53,68.99,25,40,Warsaw,,52.2297,21.0122,100,
2024-08-07T21:00:00+00:00,21.7,25.36,17.84,65.3,25,40,Warsaw,,52.2297,21.0122,100,
2024-08-07T22:00:00+00:00,18.07,26.14,18.39,69.15,25,40,Warsaw,,52.2297,21.0122,100,
2024-08-07T23:00:00+00:00,20.59,30.48,18.93,64.1,25,40,Warsaw,,52.2297,21.0122,100,
2024-08-08T00:00:00+00:00,19.88,22.87,20.37,66.19,25,40,Warsaw,,52.2297,21.0122,100,
2024-08-08T01:00:00+00:00,18.23,22.8,22.07,75.12,25,40,Warsaw,,52.2297,21.0122,100,
2024-08-08T02:00:00+00:00,22.82,32.99,21.56,67.38,25,40,Warsaw,,52.2297,21.0122,100,
2024-08-08T03:00:00+00:00,16.82,21.09,24.48,69.46,25,40,Warsaw,,52.2297,21.0122,100,
2024-08-08T04:00:00+00:00,18.59,23.78,23.12,71.14,25,40,Warsaw,,52.2297,21.0122,100,
2024-08-08T05:00:00+00:00,21.96,27.28,26.22,80.27,25,40,Warsaw,,52.2297,21.0122,100,
2024-08-08T06:00:00+00:00,23.5,29.35,23.53,84.02,25,40,Warsaw,,52.2297,21.0122,100,
2024-08-08T07:00:00+00:00,22.91,33.01,23.5,76.13,25,40,Warsaw,,52.2297,21.0122,100,
2024-08-08T08:00:00+00:00,19.07,24.48,25.78,78.27,25,40,Warsaw,,52.2297,21.0122,100,
2024-08-08T09:00:00+00:00,22.29,30.1,23.42,69.37,25,40,Warsaw,,52.2297,21.0122,100,
2024-08-08T10:00:00+00:00,19.37,29.03,21.89,79.39,25,40,Warsaw,,52.2297,21.0122,100,
2024-08-08T11:00:00+00:00,22.3,33.91,23.52,64.91,25,40,Warsaw,,52.2297,21.0122,100,
2024-08-08T12:00:00+00:00,19.86,22.89,20.74,71.23,25,40,Warsaw,,52.2297,21.0122,100,
2024-08-08T13:00:00+00:00,22.79,33.12,19.97,68.03,25,40,Warsaw,,52.2297,21.0122,100,
2024-08-08T14:00:00+00:00,18.94,29.22,18.14,59.9,25,40,Warsaw,,52.2297,21.0122,100,
2024-08-08T15:00:00+00:00,23.01,30.83,16.85,64.68,25,40,Warsaw,,52.2297,21.0122,100,
2024-08-08T16:00:00+00:00,19.08,27.93,16.76,69.06,25,40,Warsaw,,52.2297,21.0122,100,
2024-08-08T17:00:00+00:00,19.19,27.53,17.21,53.49,25,40,Warsaw,,52.2297,21.0122,100,
2024-08-08T18:00:00+00:00,21.15,25.39,18.44,63.22,25,40,Warsaw,,52.2297,21.0122,100,
2024-08-08T19:00:00+00:00,18.85,27.86,16.87,60.49,25,40,Warsaw,,52.2297,21.0122,100,
2024-08-08T20:00:00+00:00,17.02,21.63,17.17,60.85,25,40,Warsaw,,52.2297,21.0122,100,
2024-08-08T21:00:00+00:00,20.85,32.07,17.07,61.37,25,40,Warsaw,,52.2297,21.0122,100,
2024-08-08T22:00:00+00:00,22.54,28.75,19.46,69.03,25,40,Warsaw,,52.2297,21.0122,100,
2024-08-08T23:00:00+00:00,19.42,25.29,19.41,73.77,25,40,Warsaw,,52.2297,21.0122,100,
2024-08-09T00:00:00+00:00,17.27,26.69,21.89,67.25,25,40,Warsaw,,52.2297,21.0122,100,
2024-08-09T01:00:00+00:00,17.92,23.92,21.25,73.31,25,40,Warsaw,,52.2297,21.0122,100,
2024-08-09T02:00:00+00:00,19.52,25.47,22.41,79.5,25,40,Warsaw,,52.2297,21.0122,100,
2024-08-09T03:00:00+00:00,22.43,30.68,23.58,83.48,25,40,Warsaw,,52.2297,21.0122,100,
2024-08-09T04:00:00+00:00,24.14,33.85,23.98,86.49,25,40,Warsaw,,52.2297,21.0122,100,
2024-08-09T05:00:00+00:00,20.38,26.34,25.87,74.56,25,40,Warsaw,,52.2297,21.0122,100,
2024-08-09T06:00:00+00:00,22.99,29.09,25.02,80.24,25,40,Warsaw,,52.2297,21.0122,100,
2024-08-09T07:00:00+00:00,23.59,35.36,25.31,80.36,25,40,Warsaw,,52.2297,21.0122,100,
2024-08-09T08:00:00+00:00,21.21,31.72,24.16,84.43,25,40,Warsaw,,52.2297,21.0122,100,
2024-08-09T09:00:00+00:00,22.57,31.0,23.86,74.11,25,40,Warsaw,,52.2297,21.0122,100,
2024-08-09T10:00:00+00:00,20.29,25.98,22.02,71.64,25,40,Warsaw,,52.2297,21.0122,100,
2024-08-09T11:00:00+00:00,23.26,31.33,20.6,73.68,25,40,Warsaw,,52.2297,21.0122,100,
2024-08-09T12:00:00+00:00,17.49,23.95,20.05,68.96,25,40,Warsaw,,52.2297,21.0122,100,
2024-08-09T13:00:00+00:00,22.37,29.04,21.14,71.87,25,40,Warsaw,,52.2297,21.0122,100,
2024-08-09T14:00:00+00:00,22.11,31.18,19.72,72.42,25,40,Warsaw,,52.2297,21.0122,100,
2024-08-09T15:00:00+00:00,22.84,30.85,19.11,68.79,25,40,Warsaw,,52.2297,21.0122,100,
2024-08-09T16:00:00+00:00,22.12,28.75,16.64,65.95,25,40,Warsaw,,52.2297,21.0122,100,
2024-08-09T17:00:00+00:00,18.88,24.79,17.06,56.18,25,40,Warsaw,,52.2297,21.0122,100,
2024-08-09T18:00:00+00:00,17.87,22.4,17.1,64.97,25,40,Warsaw,,52.2297,21.0122,100,
2024-08-09T19:00:00+00:00,22.03,26.09,17.52,66.82,25,40,Warsaw,,52.2297,21.0122,100,
2024-08-09T20:00:00+00:00,19.92,27.79,17.33,62.25,25,40,Warsaw,,52.2297,21.0122,100,
2024-08-09T21:00:00+00:00,22.41,26.65,18.91,66.84,25,40,Warsaw,,52.2297,21.0122,100,
2024-08-09T22:00:00+00:00,20.53,31.51,18.31,61.11,25,40,Warsaw,,52.2297,21.0122,100,
2024-08-09T23:00:00+00:00,17.84,25.95,19.37,69.7,25,40,Warsaw,,52.2297,21.0122,100,
2024-08-10T00:00:00+00:00,18.67,24.92,22.48,66.12,25,40,Warsaw,,52.2297,21.0122,100,
2024-08-10T01:00:00+00:00,20.49,27.67,22.59,67.99,25,40,Warsaw,,52.2297,21.0122,100,
2024-08-10T02:00:00+00:00,19.62,22.87,22.57,82.74,25,40,Warsaw,,52.2297,21.0122,100,
2024-08-10T03:00:00+00:00,19.91,30.72,23.85,73.58,25,40,Warsaw,,52.2297,21.0122,100,
2024-08-10T04:00:00+00:00,20.41,30.8,25.02,71.15,25,40,Warsaw,,52.2297,21.0122,100,
2024-08-10T05:00:00+00:00,20.51,30.56,25.49,81.48,25,40,Warsaw,,52.2297,21.0122,100,
2024-08-10T06:00:00+00:00,18.0,27.2,25.65,83.71,25,40,Warsaw,,52.2297,21.0122,100,
2024-08-10T07:00:00+00:00,20.0,30.6,25.98,73.43,25,40,Warsaw,,52.2297,21.0122,100,
2024-08-10T08:00:00+00:00,19.16,25.42,24.07,70.76,25,40,Warsaw,,52.2297,21.0122,100,
2024-08-10T09:00:00+00:00,21.96,30.87,25.07,73.48,25,40,Warsaw,,52.2297,21.0122,100,
2024-08-10T10:00:00+00:00,19.35,25.58,24.15,77.49,25,40,Warsaw,,52.2297,21.0122,100,
2024-08-10T11:00:00+00:00,16.89,26.72,23.07,67.65,25,40,Warsaw,,52.2297,21.0122,100,
2024-08-10T12:00:00+00:00,22.6,27.75,21.49,64.0,25,40,Warsaw,,52.2297,21.0122,100,
2024-08-10T13:00:00+00:00,19.49,28.72,20.12,59.61,25,40,Warsaw,,52.2297,21.0122,100,
2024-08-10T14:00:00+00:00,21.86,32.74,18.77,58.5,25,40,Warsaw,,52.2297,21.0122,100,
2024-08-10T15:00:00+00:00,20.55,26.27,17.8,67.34,25,40,Warsaw,,52.2297,21.0122,100,
2024-08-10T16:00:00+00:00,23.44,29.32,16.56,67.27,25,40,Warsaw,,52.2297,21.0122,100,
2024-08-10T17:00:00+00:00,20.64,30.16,15.69,55.59,25,40,Warsaw,,52.2297,21.0122,100,
2024-08-10T18:00:00+00:00,23.26,31.26,15.52,65.06,25,40,Warsaw,,52.2297,21.0122,100,
2024-08-10T19:00:00+00:00,20.5,27.33,17.94,68.24,25,40,Warsaw,,52.2297,21.0122,100,
2024-08-10T20:00:00+00:00,21.73,30.7,17.68,60.5,25,40,Warsaw,,52.2297,21.0122,100,
2024-08-10T21:00:00+00:00,21.76,28.42,18.68,56.98,25,40,Warsaw,,52.2297,21.0122,100,
2024-08-10T22:00:00+00:00,23.34,28.56,18.54,69.78,25,40,Warsaw,,52.2297,21.0122,100,
2024-08-10T23:00:00+00:00,16.52,23.75,20.1,60.47,25,40,Warsaw,,52.2297,21.0122,100,
2024-08-11T00:00:00+00:00,18.89,25.31,22.39,77.34,25,40,Warsaw,,52.2297,21.0122,100,
2024-08-11T01:00:00+00:00,20.74,31.12,21.16,65.56,25,40,Warsaw,,52.2297,21.0122,100,
2024-08-11T02:00:00+00:00,22.93,31.73,22.87,69.45,25,40,Warsaw,,52.2297,21.0122,100,
2024-08-11T03:00:00+00:00,17.69,24.39,24.74,70.64,25,40,Warsaw,,52.2297,21.0122,100,
2024-08-11T04:00:00+00:00,21.38,26.28,23.45,84.43,25,40,Warsaw,,52.2297,21.0122,100,
2024-08-11T05:00:00+00:00,20.28,28.79,24.56,86.0,25,40,Warsaw,,52.2297,21.0122,100,
2024-08-11T06:00:00+00:00,24.33,30.36,23.97,86.54,25,40,Warsaw,,52.2297,21.0122,100,
2024-08-11T07:00:00+00:00,21.88,27.23,25.1,77.65,25,40,Warsaw,,52.2297,21.0122,100,
2024-08-11T08:00:00+00:00,23.07,32.33,25.36,75.59,25,40,Warsaw,,52.2297,21.0122,100,
2024-08-11T09:00:00+00:00,19.82,28.02,23.23,80.71,25,40,Warsaw,,52.2297,21.0122,100,
2024-08-11T10:00:00+00:00,20.91,31.52,23.15,68.29,25,40,Warsaw,,52.2297,21.0122,100,
2024-08-11T11:00:00+00:00,17.95,27.43,23.52,80.33,25,40,Warsaw,,52.2297,21.0122,100,
2024-08-11T12:00:00+00:00,23.38,30.32,20.36,70.19,25,40,Warsaw,,52.2297,21.0122,100,
2024-08-11T13:00:00+00:00,19.2,23.61,20.01,70.86,25,40,Warsaw,,52.2297,21.0122,100,
2024-08-11T14:00:00+00:00,21.76,32.41,18.5,71.83,25,40,Warsaw,,52.2297,21.0122,100,
2024-08-11T15:00:00+00:00,21.05,27.17,17.91,60.41,25,40,Warsaw,,52.2297,21.0122,100,
2024-08-11T16:00:00+00:00,20.15,28.8,16.58,65.02,25,40,Warsaw,,52.2297,21.0122,100,
2024-08-11T17:00:00+00:00,18.13,22.28,16.98,64.41,25,40,Warsaw,,52.2297,21.0122,100,
2024-08-11T18:00:00+00:00,20.26,31.32,16.14,65.25,25,40,Warsaw,,52.2297,21.0122,100,
2024-08-11T19:00:00+00:00,21.08,30.87,16.85,55.92,25,40,Warsaw,,52.2297,21.0122,100,
2024-08-11T20:00:00+00:00,17.92,21.32,17.56,65.86,25,40,Warsaw,,52.2297,21.0122,100,
2024-08-11T21:00:00+00:00,19.78,28.86,19.45,59.97,25,40,Warsaw,,52.2297,21.0122,100,
2024-08-11T22:00:00+00:00,18.88,24.52,20.47,57.75,25,40,Warsaw,,52.2297,21.0122,100,
2024-08-11T23:00:00+00:00,19.42,29.23,20.03,63.3,25,40,Warsaw,,52.2297,21.0122,100,
2024-08-12T00:00:00+00:00,18.16,27.34,19.81,69.2,25,40,Warsaw,,52.2297,21.0122,100,
2024-08-12T01:00:00+00:00,20.45,30.2,21.38,74.56,25,40,Warsaw,,52.2297,21.0122,100,
2024-08-12T02:00:00+00:00,21.73,31.43,23.42,71.48,25,40,Warsaw,,52.2297,21.0122,100,
2024-08-12T03:00:00+00:00,22.81,33.4,24.85,69.76,25,40,Warsaw,,52.2297,21.0122,100,
2024-08-12T04:00:00+00:00,22.19,31.05,23.95,75.86,25,40,Warsaw,,52.2297,21.0122,100,
2024-08-12T05:00:00+00:00,19.17,27.42,26.14,74.26,25,40,Warsaw,,52.2297,21.0122,100,
2024-08-12T06:00:00+00:00,19.23,22.57,25.95,86.03,25,40,Warsaw,,52.2297,21.0122,100,
2024-08-12T07:00:00+00:00,18.09,20.91,23.65,72.81,25,40,Warsaw,,52.2297,21.0122,100,
2024-08-12T08:00:00+00:00,18.12,24.05,23.65,77.08,25,40,Warsaw,,52.2297,21.0122,100,
2024-08-12T09:00:00+00:00,24.05,34.78,24.84,84.72,25,40,Warsaw,,52.2297,21.0122,100,
2024-08-12T10:00:00+00:00,23.64,33.29,24.0,78.92,25,40,Warsaw,,52.2297,21.0122,100,
2024-08-12T11:00:00+00:00,23.86,29.76,21.76,76.67,25,40,Warsaw,,52.2297,21.0122,100,
2024-08-12T12:00:00+00:00,21.93,31.59,20.5,72.3,25,40,Warsaw,,52.2297,21.0122,100,
2024-08-12T13:00:00+00:00,20.38,29.04,21.21,69.75,25,40,Warsaw,,52.2297,21.0122,100,
2024-08-12T14:00:00+00:00,21.73,32.21,17.74,68.7,25,40,Warsaw,,52.2297,21.0122,100,
2024-08-12T15:00:00+00:00,22.92,28.78,17.66,59.23,25,40,Warsaw,,52.2297,21.0122,100,
2024-08-12T16:00:00+00:00,19.94,27.69,16.77,66.92,25,40,Warsaw,,52.2297,21.0122,100,
2024-08-12T17:00:00+00:00,20.01,30.46,16.97,62.32,25,40,Warsaw,,52.2297,21.0122,100,
2024-08-12T18:00:00+00:00,22.07,26.24,17.26,57.24,25,40,Warsaw,,52.2297,21.0122,100,
2024-08-12T19:00:00+00:00,19.43,26.85,16.29,60.33,25,40,Warsaw,,52.2297,21.0122,100,
2024-08-12T20:00:00+00:00,19.46,26.0,18.72,59.08,25,40,Warsaw,,52.2297,21.0122,100,
2024-08-12T21:00:00+00:00,22.28,29.19,17.44,61.31,25,40,Warsaw,,52.2297,21.0122,100,
2024-08-12T22:00:00+00:00,22.62,31.88,17.74,70.68,25,40,Warsaw,,52.2297,21.0122,100,
2024-08-12T23:00:00+00:00,18.02,24.7,19.35,67.55,25,40,Warsaw,,52.2297,21.0122,100,
2024-08-13T00:00:00+00:00,22.8,29.15,20.26,77.41,25,40,Warsaw,,52.2297,21.0122,100,
2024-08-13T01:00:00+00:00,21.8,30.72,21.36,70.69,25,40,Warsaw,,52.2297,21.0122,100,
2024-08-13T02:00:00+00:00,23.02,30.36,22.97,75.05,25,40,Warsaw,,52.2297,21.0122,100,
2024-08-13T03:00:00+00:00,18.42,22.34,25.12,74.49,25,40,Warsaw,,52.2297,21.0122,100,
2024-08-13T04:00:00+00:00,23.49,29.56,25.29,77.49,25,40,Warsaw,,52.2297,21.0122,100,
2024-08-13T05:00:00+00:00,24.0,31.1,23.93,78.25,25,40,Warsaw,,52.2297,21.0122,100,
2024-08-13T06:00:00+00:00,21.8,25.95,23.76,82.64,25,40,Warsaw,,52.2297,21.0122,100,
2024-08-13T07:00:00+00:00,22.36,31.26,24.84,84.4,25,40,Warsaw,,52.2297,21.0122,100,
2024-08-13T08:00:00+00:00,19.94,24.15,25.72,85.68,25,40,Warsaw,,52.2297,21.0122,100,
2024-08-13T09:00:00+00:00,18.75,28.42,23.36,75.68,25,40,Warsaw,,52.2297,21.0122,100,
2024-08-13T10:00:00+00:00,20.32,26.96,23.54,82.2,25,40,Warsaw,,52.2297,21.0122,100,
2024-08-13T11:00:00+00:00,19.1,26.36,21.43,73.7,25,40,Warsaw,,52.2297,21.0122,100,
2024-08-13T12:00:00+00:00,19.2,25.57,20.45,70.54,25,40,Warsaw,,52.2297,21.0122,100,
2024-08-13T13:00:00+00:00,22.29,26.83,21.02,70.54,25,40,Warsaw,,52.2297,21.0122,100,
2024-08-13T14:00:00+00:00,21.33,26.3,20.3,61.87,25,40,Warsaw,,52.2297,21.0122,100,
2024-08-13T15:00:00+00:00,18.43,23.52,19.51,65.73,25,40,Warsaw,,52.2297,21.0122,100,
2024-08-13T16:00:00+00:00,23.04,34.61,18.64,69.05,25,40,Warsaw,,52.2297,21.0122,100,
2024-08-13T17:00:00+00:00,17.08,26.42,17.52,57.39,25,40,Warsaw,,52.2297,21.0122,100,
2024-08-13T18:00:00+00:00,21.98,28.32,15.76,66.86,25,40,Warsaw,,52.2297,21.0122,100,
2024-08-13T19:00:00+00:00,20.32,27.98,17.19,59.53,25,40,Warsaw,,52.2297,21.0122,100,
2024-08-13T20:00:00+00:00,20.95,31.24,18.86,56.43,25,40,Warsaw,,52.2297,21.0122,100,
2024-08-13T21:00:00+00:00,20.03,28.24,19.2,56.55,25,40,Warsaw,,52.2297,21.0122,100,
2024-08-13T22:00:00+00:00,20.64,27.6,20.38,65.0,25,40,Warsaw,,52.2297,21.0122,100,
2024-08-13T23:00:00+00:00,19.94,27.54,21.35,60.28,25,40,Warsaw,,52.2297,21.0122,100,
2024-08-14T00:00:00+00:00,19.62,28.0,20.39,64.75,25,40,Warsaw,,52.2297,21.0122,100,
2024-08-14T01:00:00+00:00,19.69,29.5,21.44,66.39,25,40,Warsaw,,52.2297,21.0122,100,
2024-08-14T02:00:00+00:00,20.37,26.81,23.42,80.12,25,40,Warsaw,,52.2297,21.0122,100,
2024-08-14T03:00:00+00:00,17.92,25.38,23.87,74.53,25,40,Warsaw,,52.2297,21.0122,100,
2024-08-14T04:00:00+00:00,21.35,31.38,25.48,71.69,25,40,Warsaw,,52.2297,21.0122,100,
2024-08-14T05:00:00+00:00,18.7,23.59,25.22,85.98,25,40,Warsaw,,52.2297,21.0122,100,
2024-08-14T06:00:00+00:00,20.62,29.13,23.84,80.89,25,40,Warsaw,,52.2297,21.0122,100,
2024-08-14T07:00:00+00:00,21.67,32.75,25.78,76.57,25,40,Warsaw,,52.2297,21.0122,100,
2024-08-14T08:00:00+00:00,18.54,24.32,25.9,81.58,25,40,Warsaw,,52.2297,21.0122,100,
2024-08-14T09:00:00+00:00,21.89,29.44,23.39,80.26,25,40,Warsaw,,52.2297,21.0122,100,
2024-08-14T10:00:00+00:00,20.87,26.47,22.29,73.29,25,40,Warsaw,,52.2297,21.0122,100,
2024-08-14T11:00:00+00:00,17.12,20.5,21.75,64.89,25,40,Warsaw,,52.2297,21.0122,100,
2024-08-14T12:00:00+00:00,20.66,31.73,19.91,63.05,25,40,Warsaw,,52.2297,21.0122,100,
2024-08-14T13:00:00+00:00,22.93,32.0,19.47,65.63,25,40,Warsaw,,52.2297,21.0122,100,
2024-08-14T14:00:00+00:00,22.7,30.73,19.31,60.75,25,40,Warsaw,,52.2297,21.0122,100,
2024-08-14T15:00:00+00:00,20.96,28.12,19.57,58.55,25,40,Warsaw,,52.2297,21.0122,100,
2024-08-14T16:00:00+00:00,19.48,23.87,18.79,61.06,25,40,Warsaw,,52.2297,21.0122,100,
2024-08-14T17:00:00+00:00,18.5,27.21,18.06,61.51,25,40,Warsaw,,52.2297,21.0122,100,
2024-08-14T18:00:00+00:00,17.14,24.93,17.07,62.96,25,40,Warsaw,,52.2297,21.0122,100,
2024-08-14T19:00:00+00:00,19.56,24.71,18.52,55.41,25,40,Warsaw,,52.2297,21.0122,100,
2024-08-14T20:00:00+00:00,21.68,29.6,16.89,56.09,25,40,Warsaw,,52.2297,21.0122,100,
2024-08-14T21:00:00+00:00,18.55,26.02,18.92,67.54,25,40,Warsaw,,52.2297,21.0122,100,
2024-08-14T22:00:00+00:00,19.03,26.2,17.67,69.62,25,40,Warsaw,,52.2297,21.0122,100,
2024-08-14T23:00:00+00:00,22.31,32.62,19.71,68.12,25,40,Warsaw,,52.2297,21.0122,100,
2024-08-15T00:00:00+00:00,21.12,24.84,20.51,76.13,25,40,Warsaw,,52.2297,21.0122,100,
2024-08-15T01:00:00+00:00,18.15,27.25,23.45,74.54,25,40,Warsaw,,52.2297,21.0122,100,
2024-08-15T02:00:00+00:00,18.18,25.88,23.2,75.5,25,40,Warsaw,,52.2297,21.0122,100,
2024-08-15T03:00:00+00:00,21.44,27.44,25.04,79.02,25,40,Warsaw,,52.2297,21.0122,100,
2024-08-15T04:00:00+00:00,21.97,29.04,24.39,81.23,25,40,Warsaw,,52.2297,21.0122,100,
2024-08-15T05:00:00+00:00,22.31,29.2,23.47,72.15,25,40,Warsaw,,52.2297,21.0122,100,
2024-08-15T06:00:00+00:00,18.54,21.85,26.37,74.36,25,40,Warsaw,,52.2297,21.0122,100,
2024-08-15T07:00:00+00:00,18.96,27.32,24.82,81.42,25,40,Warsaw,,52.2297,21.0122,100,
2024-08-15T08:00:00+00:00,21.07,28.64,23.6,71.65,25,40,Warsaw,,52.2297,21.0122,100,
2024-08-15T09:00:00+00:00,17.81,26.51,24.27,79.98,25,40,Warsaw,,52.2297,21.0122,100,
2024-08-15T10:00:00+00:00,19.79,28.31,22.5,67.63,25,40,Warsaw,,52.2297,21.0122,100,
2024-08-15T11:00:00+00:00,21.13,26.21,23.35,74.19,25,40,Warsaw,,52.2297,21.0122,100,
2024-08-15T12:00:00+00:00,23.01,31.2,21.4,75.73,25,40,Warsaw,,52.2297,21.0122,100,
2024-08-15T13:00:00+00:00,18.43,25.35,21.21,72.34,25,40,Warsaw,,52.2297,21.0122,100,
2024-08-15T14:00:00+00:00,18.82,24.34,20.44,57.8,25,40,Warsaw,,52.2297,21.0122,100,
2024-08-15T15:00:00+00:00,17.75,26.98,17.06,56.9,25,40,Warsaw,,52.2297,21.0122,100,
2024-08-15T16:00:00+00:00,16.67,20.98,18.09,55.31,25,40,Warsaw,,52.2297,21.0122,100,
2024-08-15T17:00:00+00:00,19.09,24.31,17.89,61.59,25,40,Warsaw,,52.2297,21.0122,100,
2024-08-15T18:00:00+00:00,23.37,33.95,16.99,65.23,25,40,Warsaw,,52.2297,21.0122,100,
2024-08-15T19:00:00+00:00,21.7,28.31,16.35,55.5,25,40,Warsaw,,52.2297,21.0122,100,
2024-08-15T20:00:00+00:00,17.06,19.32,17.56,59.41,25,40,Warsaw,,52.2297,21.0122,100,
2024-08-15T21:00:00+00:00,21.79,25.69,18.33,60.68,25,40,Warsaw,,52.2297,21.0122,100,
2024-08-15T22:00:00+00:00,18.58,26.41,20.06,69.26,25,40,Warsaw,,52.2297,21.0122,100,
2024-08-15T23:00:00+00:00,21.71,29.45,20.52,71.4,25,40,Warsaw,,52.2297,21.0122,100,
2024-08-16T00:00:00+00:00,18.53,26.79,20.08,64.9,25,40,Warsaw,,52.2297,21.0122,100,
2024-08-16T01:00:00+00:00,22.77,27.78,20.78,65.37,25,40,Warsaw,,52.2297,21.0122,100,
2024-08-16T02:00:00+00:00,19.82,27.01,22.49,72.72,25,40,Warsaw,,52.2297,21.0122,100,
2024-08-16T03:00:00+00:00,19.8,22.79,23.95,76.41,25,40,Warsaw,,52.2297,21.0122,100,
2024-08-16T04:00:00+00:00,23.35,33.45,25.89,82.45,25,40,Warsaw,,52.2297,21.0122,100,
2024-08-16T05:00:00+00:00,19.3,28.9,23.8,84.07,25,40,Warsaw,,52.2297,21.0122,100,
2024-08-16T06:00:00+00:00,23.19,27.35,23.7,81.19,25,40,Warsaw,,52.2297,21.0122,100,
2024-08-16T07:00:00+00:00,20.2,27.54,23.87,76.77,25,40,Warsaw,,52.2297,21.0122,100,
2024-08-16T08:00:00+00:00,23.76,28.86,25.51,77.45,25,40,Warsaw,,52.2297,21.0122,100,
2024-08-16T09:00:00+00:00,20.77,26.26,24.66,76.2,25,40,Warsaw,,52.2297,21.0122,100,
2024-08-16T10:00:00+00:00,22.83,27.8,22.17,72.28,25,40,Warsaw,,52.2297,21.0122,100,
2024-08-16T11:00:00+00:00,19.36,27.33,20.56,65.82,25,40,Warsaw,,52.2297,21.0122,100,
2024-08-16T12:00:00+00:00,18.48,28.84,20.85,64.03,25,40,Warsaw,,52.2297,21.0122,100,
2024-08-16T13:00:00+00:00,16.88,24.03,21.09,64.36,25,40,Warsaw,,52.2297,21.0122,100,
2024-08-16T14:00:00+00:00,22.03,28.37,17.52,62.33,25,40,Warsaw,,52.2297,21.0122,100,
2024-08-16T15:00:00+00:00,19.14,28.42,16.72,69.56,25,40,Warsaw,,52.2297,21.0122,100,
2024-08-16T16:00:00+00:00,18.13,26.39,16.9,60.37,25,40,Warsaw,,52.2297,21.0122,100,
2024-08-16T17:00:00+00:00,21.09,25.72,18.39,60.55,25,40,Warsaw,,52.2297,21.0122,100,
2024-08-16T18:00:00+00:00,21.27,27.78,17.85,57.43,25,40,Warsaw,,52.2297,21.0122,100,
2024-08-16T19:00:00+00:00,17.88,25.93,16.27,57.54,25,40,Warsaw,,52.2297,21.0122,100,
2024-08-16T20:00:00+00:00,20.34,23.7,16.6,59.55,25,40,Warsaw,,52.2297,21.0122,100,
2024-08-16T21:00:00+00:00,20.14,25.22,19.02,61.74,25,40,Warsaw,,52.2297,21.0122,100,
2024-08-16T22:00:00+00:00,19.25,24.32,19.29,66.68,25,40,Warsaw,,52.2297,21.0122,100,
2024-08-16T23:00:00+00:00,19.95,27.09,20.04,71.23,25,40,Warsaw,,52.2297,21.0122,100,
2024-08-17T00:00:00+00:00,20.87,28.45,21.43,66.76,25,40,Warsaw,,52.2297,21.0122,100,
2024-08-17T01:00:00+00:00,18.9,25.65,20.9,68.37,25,40,Warsaw,,52.2297,21.0122,100,
2024-08-17T02:00:00+00:00,20.95,27.48,21.51,81.95,25,40,Warsaw,,52.2297,21.0122,100,
2024-08-17T03:00:00+00:00,18.48,24.68,24.21,82.71,25,40,Warsaw,,52.2297,21.0122,100,
2024-08-17T04:00:00+00:00,17.59,26.31,23.12,76.21,25,40,Warsaw,,52.2297,21.0122,100,
2024-08-17T05:00:00+00:00,21.65,26.02,24.51,79.68,25,40,Warsaw,,52.2297,21.0122,100,
2024-08-17T06:00:00+00:00,21.73,25.86,23.87,75.4,25,40,Warsaw,,52.2297,21.0122,100,
2024-08-17T07:00:00+00:00,18.46,27.83,25.51,82.11,25,40,Warsaw,,52.2297,21.0122,100,
2024-08-17T08:00:00+00:00,23.56,32.17,25.83,77.77,25,40,Warsaw,,52.2297,21.0122,100,
2024-08-17T09:00:00+00:00,22.42,30.54,24.91,70.37,25,40,Warsaw,,52.2297,21.0122,100,
2024-08-17T10:00:00+00:00,17.55,27.51,21.97,67.43,25,40,Warsaw,,52.2297,21.0122,100,
2024-08-17T11:00:00+00:00,20.18,24.35,22.81,80.35,25,40,Warsaw,,52.2297,21.0122,100,
2024-08-17T12:00:00+00:00,19.2,24.94,20.77,76.5,25,40,Warsaw,,52.2297,21.0122,100,
2024-08-17T13:00:00+00:00,23.06,28.55,19.67,69.7,25,40,Warsaw,,52.2297,21.0122,100,
2024-08-17T14:00:00+00:00,18.77,23.15,20.01,69.38,25,40,Warsaw,,52.2297,21.0122,100,
2024-08-17T15:00:00+00:00,19.56,29.29,18.64,65.07,25,40,Warsaw,,52.2297,21.0122,100,
2024-08-17T16:00:00+00:00,17.43,25.76,18.47,59.81,25,40,Warsaw,,52.2297,21.0122,100,
2024-08-17T17:00:00+00:00,21.81,32.02,15.98,60.78,25,40,Warsaw,,52.2297,21.0122,100,
2024-08-17T18:00:00+00:00,18.34,23.37,15.94,60.4,25,40,Warsaw,,52.2297,21.0122,100,
2024-08-17T19:00:00+00:00,18.3,28.12,18.43,59.07,25,40,Warsaw,,52.2297,21.0122,100,
2024-08-17T20:00:00+00:00,17.38,22.58,17.62,66.53,25,40,Warsaw,,52.2297,21.0122,100,
2024-08-17T21:00:00+00:00,20.41,27.85,17.25,65.7,25,40,Warsaw,,52.2297,21.0122,100,
2024-08-17T22:00:00+00:00,17.14,21.13,19.57,59.56,25,40,Warsaw,,52.2297,21.0122,100,
2024-08-17T23:00:00+00:00,17.64,27.3,18.92,61.34,25,40,Warsaw,,52.2297,21.0122,100,
2024-08-18T00:00:00+00:00,18.99,22.02,21.95,70.91,25,40,Warsaw,,52.2297,21.0122,100,
2024-08-18T01:00:00+00:00,19.87,29.25,22.64,77.27,25,40,Warsaw,,52.2297,21.0122,100,
2024-08-18T02:00:00+00:00,22.81,34.17,22.34,73.93,25,40,Warsaw,,52.2297,21.0122,100,
2024-08-18T03:00:00+00:00,19.45,23.87,23.9,77.98,25,40,Warsaw,,52.2297,21.0122,100,
2024-08-18T04:00:00+00:00,23.18,32.29,23.76,86.21,25,40,Warsaw,,52.2297,21.0122,100,
2024-08-18T05:00:00+00:00,24.78,32.89,23.52,87.63,25,40,Warsaw,,52.2297,21.0122,100,
2024-08-18T06:00:00+00:00,19.77,30.5,24.87,86.27,25,40,Warsaw,,52.2297,21.0122,100,
2024-08-18T07:00:00+00:00,17.78,22.19,23.66,76.43,25,40,Warsaw,,52.2297,21.0122,100,
2024-08-18T08:00:00+00:00,20.09,26.24,24.64,71.72,25,40,Warsaw,,52.2297,21.0122,100,
2024-08-18T09:00:00+00:00,17.61,23.96,23.37,70.4,25,40,Warsaw,,52.2297,21.0122,100,
2024-08-18T10:00:00+00:00,19.62,28.48,21.96,75.12,25,40,Warsaw,,52.2297,21.0122,100,
2024-08-18T11:00:00+00:00,23.49,35.07,22.06,74.67,25,40,Warsaw,,52.2297,21.0122,100,
2024-08-18T12:00:00+00:00,19.62,24.27,21.5,64.96,25,40,Warsaw,,52.2297,21.0122,100,
2024-08-18T13:00:00+00:00,22.79,31.52,19.24,70.02,25,40,Warsaw,,52.2297,21.0122,100,
2024-08-18T14:00:00+00:00,19.11,26.32,19.91,62.43,25,40,Warsaw,,52.2297,21.0122,100,
2024-08-18T15:00:00+00:00,19.33,29.08,19.65,61.29,25,40,Warsaw,,52.2297,21.0122,100,
2024-08-18T16:00:00+00:00,17.43,26.59,17.42,61.95,25,40,Warsaw,,52.2297,21.0122,100,
2024-08-18T17:00:00+00:00,21.82,31.8,16.74,67.95,25,40,Warsaw,,52.2297,21.0122,100,
2024-08-18T18:00:00+00:00,16.99,20.62,17.54,52.37,25,40,Warsaw,,52.2297,21.0122,100,
2024-08-18T19:00:00+00:00,20.72,26.74,16.57,56.03,25,40,Warsaw,,52.2297,21.0122,100,
2024-08-18T20:00:00+00:00,18.95,26.77,16.39,69.15,25,40,Warsaw,,52.2297,21.0122,100,
2024-08-18T21:00:00+00:00,20.07,23.81,18.53,65.15,25,40,Warsaw,,52.2297,21.0122,100,
2024-08-18T22:00:00+00:00,22.25,28.24,19.55,66.15,25,40,Warsaw,,52.2297,21.0122,100,
2024-08-18T23:00:00+00:00,23.38,30.22,18.81,65.38,25,40,Warsaw,,52.2297,21.0122,100,
2024-08-19T00:00:00+00:00,19.36,23.65,21.82,76.13,25,40,Warsaw,,52.2297,21.0122,100,
2024-08-19T01:00:00+00:00,17.99,27.17,21.56,64.72,25,40,Warsaw,,52.2297,21.0122,100,
2024-08-19T02:00:00+00:00,22.16,32.95,24.17,81.02,25,40,Warsaw,,52.2297,21.0122,100,
2024-08-19T03:00:00+00:00,19.62,28.21,24.09,78.54,25,40,Warsaw,,52.2297,21.0122,100,
2024-08-19T04:00:00+00:00,20.59,24.09,23.09,86.03,25,40,Warsaw,,52.2297,21.0122,100,
2024-08-19T05:00:00+00:00,18.39,28.21,25.35,85.92,25,40,Warsaw,,52.2297,21.0122,100,
2024-08-19T06:00:00+00:00,21.8,32.72,25.86,86.31,25,40,Warsaw,,52.2297,21.0122,100,
2024-08-19T07:00:00+00:00,22.97,28.63,24.22,77.4,25,40,Warsaw,,52.2297,21.0122,100,
2024-08-19T08:00:00+00:00,23.36,34.63,24.79,86.52,25,40,Warsaw,,52.2297,21.0122,100,
2024-08-19T09:00:00+00:00,19.85,28.83,22.83,75.13,25,40,Warsaw,,52.2297,21.0122,100,
2024-08-19T10:00:00+00:00,21.01,27.06,23.8,73.05,25,40,Warsaw,,52.2297,21.0122,100,
2024-08-19T11:00:00+00:00,18.01,21.86,21.72,65.24,25,40,Warsaw,,52.2297,21.0122,100,
2024-08-19T12:00:00+00:00,19.45,23.33,19.71,66.35,25,40,Warsaw,,52.2297,21.0122,100,
2024-08-19T13:00:00+00:00,22.92,34.44,20.69,64.23,25,40,Warsaw,,52.2297,21.0122,100,
2024-08-19T14:00:00+00:00,23.0,29.79,18.48,70.16,25,40,Warsaw,,52.2297,21.0122,100,
2024-08-19T15:00:00+00:00,22.82,34.25,17.74,63.92,25,40,Warsaw,,52.2297,21.0122,100,
2024-08-19T16:00:00+00:00,21.21,30.57,18.46,65.55,25,40,Warsaw,,52.2297,21.0122,100,
2024-08-19T17:00:00+00:00,18.43,21.65,18.6,52.98,25,40,Warsaw,,52.2297,21.0122,100,
2024-08-19T18:00:00+00:00,22.4,29.35,17.5,61.96,25,40,Warsaw,,52.2297,21.0122,100,
2024-08-19T19:00:00+00:00,19.5,24.28,18.06,64.4,25,40,Warsaw,,52.2297,21.0122,100,
2024-08-19T20:00:00+00:00,22.35,33.69,18.08,61.93,25,40,Warsaw,,52.2297,21.0122,100,
2024-08-19T21:00:00+00:00,19.93,24.76,17.74,66.39,25,40,Warsaw,,52.2297,21.0122,100,
2024-08-19T22:00:00+00:00,21.86,32.8,18.39,66.14,25,40,Warsaw,,52.2297,21.0122,100,
2024-08-19T23:00:00+00:00,21.06,30.84,20.95,67.72,25,40,Warsaw,,52.2297,21.0122,100,
2024-08-20T00:00:00+00:00,22.48,26.4,22.32,62.5,25,40,Warsaw,,52.2297,21.0122,100,
2024-08-20T01:00:00+00:00,21.38,30.93,22.82,79.58,25,40,Warsaw,,52.2297,21.0122,100,
2024-08-20T02:00:00+00:00,20.3,29.01,23.91,73.69,25,40,Warsaw,,52.2297,21.0122,100,
2024-08-20T03:00:00+00:00,23.19,29.05,24.95,73.23,25,40,Warsaw,,52.2297,21.0122,100,
2024-08-20T04:00:00+00:00,21.1,28.18,23.01,75.86,25,40,Warsaw,,52.2297,21.0122,100,
2024-08-20T05:00:00+00:00,21.22,31.59,23.97,79.66,25,40,Warsaw,,52.2297,21.0122,100,
2024-08-20T06:00:00+00:00,22.26,27.82,23.79,76.54,25,40,Warsaw,,52.2297,21.0122,100,
2024-08-20T07:00:00+00:00,21.46,31.34,24.36,80.99,25,40,Warsaw,,52.2297,21.0122,100,
2024-08-20T08:00:00+00:00,17.7,25.85,25.63,72.06,25,40,Warsaw,,52.2297,21.0122,100,
2024-08-20T09:00:00+00:00,18.14,24.64,22.87,77.38,25,40,Warsaw,,52.2297,21.0122,100,
2024-08-20T10:00:00+00:00,21.8,29.07,24.24,82.03,25,40,Warsaw,,52.2297,21.0122,100,
2024-08-20T11:00:00+00:00,20.08,24.13,21.2,76.94,25,40,Warsaw,,52.2297,21.0122,100,
2024-08-20T12:00:00+00:00,21.64,32.3,22.41,73.55,25,40,Warsaw,,52.2297,21.0122,100,
2024-08-20T13:00:00+00:00,21.69,26.34,18.94,72.94,25,40,Warsaw,,52.2297,21.0122,100,
2024-08-20T14:00:00+00:00,16.47,19.4,19.55,58.45,25,40,Warsaw,,52.2297,21.0122,100,
2024-08-20T15:00:00+00:00,23.89,31.76,18.67,70.9,25,40,Warsaw,,52.2297,21.0122,100,
2024-08-20T16:00:00+00:00,21.36,32.47,17.64,60.96,25,40,Warsaw,,52.2297,21.0122,100,
2024-08-20T17:00:00+00:00,18.12,27.68,16.09,64.63,25,40,Warsaw,,52.2297,21.0122,100,
2024-08-20T18:00:00+00:00,17.2,21.68,18.43,53.71,25,40,Warsaw,,52.2297,21.0122,100,
2024-08-20T19:00:00+00:00,21.5,32.91,15.98,61.37,25,40,Warsaw,,52.2297,21.0122,100,
2024-08-20T20:00:00+00:00,17.76,23.47,18.79,62.64,25,40,Warsaw,,52.2297,21.0122,100,
2024-08-20T21:00:00+00:00,19.97,29.79,17.05,56.19,25,40,Warsaw,,52.2297,21.0122,100,
2024-08-20T22:00:00+00:00,17.74,25.28,19.75,57.38,25,40,Warsaw,,52.2297,21.0122,100,
2024-08-20T23:00:00+00:00,24.06,35.87,19.39,73.39,25,40,Warsaw,,52.2297,21.0122,100,
2024-08-21T00:00:00+00:00,18.3,28.48,21.13,73.18,25,40,Warsaw,,52.2297,21.0122,100,
2024-08-21T01:00:00+00:00,22.72,28.17,21.85,76.18,25,40,Warsaw,,52.2297,21.0122,100,
2024-08-21T02:00:00+00:00,22.36,31.1,24.24,69.03,25,40,Warsaw,,52.2297,21.0122,100,
2024-08-21T03:00:00+00:00,21.7,28.5,23.6,77.97,25,40,Warsaw,,52.2297,21.0122,100,
2024-08-21T04:00:00+00:00,23.43,35.32,23.52,80.41,25,40,Warsaw,,52.2297,21.0122,100,
2024-08-21T05:00:00+00:00,22.16,32.79,24.86,78.63,25,40,Warsaw,,52.2297,21.0122,100,
2024-08-21T06:00:00+00:00,22.2,30.89,25.79,79.53,25,40,Warsaw,,52.2297,21.0122,100,
2024-08-21T07:00:00+00:00,20.27,28.43,25.23,84.39,25,40,Warsaw,,52.2297,21.0122,100,
2024-08-21T08:00:00+00:00,19.23,22.28,23.92,72.62,25,40,Warsaw,,52.2297,21.0122,100,
2024-08-21T09:00:00+00:00,18.16,24.61,24.26,72.71,25,40,Warsaw,,52.2297,21.0122,100,
2024-08-21T10:00:00+00:00,19.29,26.23,23.92,79.86,25,40,Warsaw,,52.2297,21.0122,100,
2024-08-21T11:00:00+00:00,22.16,26.42,21.49,65.57,25,40,Warsaw,,52.2297,21.0122,100,
2024-08-21T12:00:00+00:00,19.3,24.77,21.56,76.58,25,40,Warsaw,,52.2297,21.0122,100,
2024-08-21T13:00:00+00:00,17.53,21.18,21.03,69.6,25,40,Warsaw,,52.2297,21.0122,100,
2024-08-21T14:00:00+00:00,21.08,26.47,18.55,60.53,25,40,Warsaw,,52.2297,21.0122,100,
2024-08-21T15:00:00+00:00,22.74,26.98,18.09,65.18,25,40,Warsaw,,52.2297,21.0122,100,
2024-08-21T16:00:00+00:00,21.88,31.92,16.73,67.34,25,40,Warsaw,,52.2297,21.0122,100,
2024-08-21T17:00:00+00:00,19.02,27.11,17.31,57.74,25,40,Warsaw,,52.2297,21.0122,100,
2024-08-21T18:00:00+00:00,16.51,19.91,15.59,53.99,25,40,Warsaw,,52.2297,21.0122,100,
2024-08-21T19:00:00+00:00,19.79,23.51,15.75,54.79,25,40,Warsaw,,52.2297,21.0122,100,
2024-08-21T20:00:00+00:00,22.07,26.86,16.61,69.07,25,40,Warsaw,,52.2297,21.0122,100,
2024-08-21T21:00:00+00:00,19.64,25.72,17.08,55.27,25,40,Warsaw,,52.2297,21.0122,100,
2024-08-21T22:00:00+00:00,22.55,29.2,17.58,67.66,25,40,Warsaw,,52.2297,21.0122,100,
2024-08-21T23:00:00+00:00,20.3,31.24,20.26,61.45,25,40,Warsaw,,52.2297,21.0122,100,
2024-08-22T00:00:00+00:00,22.79,30.06,19.86,73.0,25,40,Warsaw,,52.2297,21.0122,100,
2024-08-22T01:00:00+00:00,21.98,31.6,22.55,80.54,25,40,Warsaw,,52.2297,21.0122,100,
2024-08-22T02:00:00+00:00,18.92,26.84,24.14,79.41,25,40,Warsaw,,52.2297,21.0122,100,
2024-08-22T03:00:00+00:00,22.84,33.68,22.8,74.04,25,40,Warsaw,,52.2297,21.0122,100,
2024-08-22T04:00:00+00:00,20.21,30.9,23.8,73.21,25,40,Warsaw,,52.2297,21.0122,100,
2024-08-22T05:00:00+00:00,18.38,28.46,24.07,82.17,25,40,Warsaw,,52.2297,21.0122,100,
2024-08-22T06:00:00+00:00,20.42,27.27,25.12,84.44,25,40,Warsaw,,52.2297,21.0122,100,
2024-08-22T07:00:00+00:00,19.52,26.49,24.78,76.83,25,40,Warsaw,,52.2297,21.0122,100,
2024-08-22T08:00:00+00:00,18.35,24.98,25.09,76.15,25,40,Warsaw,,52.2297,21.0122,100,
2024-08-22T09:00:00+00:00,23.11,34.01,22.79,73.97,25,40,Warsaw,,52.2297,21.0122,100,
2024-08-22T10:00:00+00:00,20.4,27.3,22.9,76.35,25,40,Warsaw,,52.2297,21.0122,100,
2024-08-22T11:00:00+00:00,18.6,23.88,22.27,71.71,25,40,Warsaw,,52.2297,21.0122,100,
2024-08-22T12:00:00+00:00,21.78,25.63,21.0,62.82,25,40,Warsaw,,52.2297,21.0122,100,
2024-08-22T13:00:00+00:00,19.77,30.23,19.62,66.65,25,40,Warsaw,,52.2297,21.0122,100,
2024-08-22T14:00:00+00:00,19.32,25.43,18.9,63.16,25,40,Warsaw,,52.2297,21.0122,100,
2024-08-22T15:00:00+00:00,17.2,23.45,16.87,59.12,25,40,Warsaw,,52.2297,21.0122,100,
2024-08-22T16:00:00+00:00,22.89,33.9,16.2,57.83,25,40,Warsaw,,52.2297,21.0122,100,
2024-08-22T17:00:00+00:00,21.89,28.56,16.97,56.02,25,40,Warsaw,,52.2297,21.0122,100,
2024-08-22T18:00:00+00:00,22.07,26.2,17.55,65.42,25,40,Warsaw,,52.2297,21.0122,100,
2024-08-22T19:00:00+00:00,21.23,25.73,17.37,55.46,25,40,Warsaw,,52.2297,21.0122,100,
2024-08-22T20:00:00+00:00,22.33,27.89,18.47,66.04,25,40,Warsaw,,52.2297,21.0122,100,
2024-08-22T21:00:00+00:00,17.33,26.72,18.09,64.03,25,40,Warsaw,,52.2297,21.0122,100,
2024-08-22T22:00:00+00:00,23.8,32.17,18.5,68.97,25,40,Warsaw,,52.2297,21.0122,100,
2024-08-22T23:00:00+00:00,22.45,31.66,18.48,64.34,25,40,Warsaw,,52.2297,21.0122,100,
2024-08-23T00:00:00+00:00,17.74,26.83,22.32,73.09,25,40,Warsaw,,52.2297,21.0122,100,
2024-08-23T01:00:00+00:00,20.83,31.05,23.02,79.19,25,40,Warsaw,,52.2297,21.0122,100,
2024-08-23T02:00:00+00:00,22.78,31.04,23.8,76.53,25,40,Warsaw,,52.2297,21.0122,100,
2024-08-23T03:00:00+00:00,18.32,28.08,24.34,81.51,25,40,Warsaw,,52.2297,21.0122,100,
2024-08-23T04:00:00+00:00,22.67,28.84,24.19,82.01,25,40,Warsaw,,52.2297,21.0122,100,
2024-08-23T05:00:00+00:00,20.8,27.1,26.34,82.47,25,40,Warsaw,,52.2297,21.0122,100,
2024-08-23T06:00:00+00:00,18.41,25.04,24.74,78.25,25,40,Warsaw,,52.2297,21.0122,100,
2024-08-23T07:00:00+00:00,21.8,28.81,25.16,84.63,25,40,Warsaw,,52.2297,21.0122,100,
2024-08-23T08:00:00+00:00,23.93,34.6,25.35,85.05,25,40,Warsaw,,52.2297,21.0122,100,
2024-08-23T09:00:00+00:00,21.32,30.39,24.02,73.21,25,40,Warsaw,,52.2297,21.0122,100,
2024-08-23T10:00:00+00:00,22.08,30.11,21.81,80.64,25,40,Warsaw,,52.2297,21.0122,100,
2024-08-23T11:00:00+00:00,22.46,28.33,20.94,80.18,25,40,Warsaw,,52.2297,21.0122,100,
2024-08-23T12:00:00+00:00,16.82,23.83,20.8,64.73,25,40,Warsaw,,52.2297,21.0122,100,
2024-08-23T13:00:00+00:00,20.06,24.32,19.65,62.99,25,40,Warsaw,,52.2297,21.0122,100,
2024-08-23T14:00:00+00:00,19.62,29.16,19.88,62.17,25,40,Warsaw,,52.2297,21.0122,100,
2024-08-23T15:00:00+00:00,17.72,22.16,19.58,70.85,25,40,Warsaw,,52.2297,21.0122,100,
2024-08-23T16:00:00+00:00,17.78,21.81,17.93,55.85,25,40,Warsaw,,52.2297,21.0122,100,
2024-08-23T17:00:00+00:00,18.57,27.48,18.53,60.22,25,40,Warsaw,,52.2297,21.0122,100,
2024-08-23T18:00:00+00:00,18.3,27.55,18.39,60.59,25,40,Warsaw,,52.2297,21.0122,100,
2024-08-23T19:00:00+00:00,20.42,25.37,18.3,62.2,25,40,Warsaw,,52.2297,21.0122,100,
2024-08-23T20:00:00+00:00,20.09,29.97,17.79,57.55,25,40,Warsaw,,52.2297,21.0122,100,
2024-08-23T21:00:00+00:00,20.8,30.98,18.28,68.98,25,40,Warsaw,,52.2297,21.0122,100,
2024-08-23T22:00:00+00:00,20.98,31.62,18.16,68.05,25,40,Warsaw,,52.2297,21.0122,100,
2024-08-23T23:00:00+00:00,18.25,22.12,19.34,73.89,25,40,Warsaw,,52.2297,21.0122,100,
2024-08-24T00:00:00+00:00,18.96,23.59,20.38,68.29,25,40,Warsaw,,52.2297,21.0122,100,
2024-08-24T01:00:00+00:00,19.04,26.02,23.13,77.51,25,40,Warsaw,,52.2297,21.0122,100,
2024-08-24T02:00:00+00:00,18.38,26.22,23.49,75.66,25,40,Warsaw,,52.2297,21.0122,100,
2024-08-24T03:00:00+00:00,20.02,24.96,25.14,83.08,25,40,Warsaw,,52.2297,21.0122,100,
2024-08-24T04:00:00+00:00,20.69,25.49,24.95,85.32,25,40,Warsaw,,52.2297,21.0122,100,
2024-08-24T05:00:00+00:00,21.29,28.01,24.29,79.23,25,40,Warsaw,,52.2297,21.0122,100,
2024-08-24T06:00:00+00:00,19.98,28.2,23.95,81.97,25,40,Warsaw,,52.2297,21.0122,100,
2024-08-24T07:00:00+00:00,22.11,27.92,25.15,72.95,25,40,Warsaw,,52.2297,21.0122,100,
2024-08-24T08:00:00+00:00,19.94,30.72,23.97,82.46,25,40,Warsaw,,52.2297,21.0122,100,
2024-08-24T09:00:00+00:00,19.22,25.18,22.6,84.18,25,40,Warsaw,,52.2297,21.0122,100,
2024-08-24T10:00:00+00:00,21.8,28.83,22.29,75.48,25,40,Warsaw,,52.2297,21.0122,100,
2024-08-24T11:00:00+00:00,22.23,28.54,22.85,72.51,25,40,Warsaw,,52.2297,21.0122,100,
2024-08-24T12:00:00+00:00,22.3,30.88,21.36,65.4,25,40,Warsaw,,52.2297,21.0122,100,
2024-08-24T13:00:00+00:00,19.82,25.46,18.69,59.92,25,40,Warsaw,,52.2297,21.0122,100,
2024-08-24T14:00:00+00:00,19.77,27.17,18.87,57.8,25,40,Warsaw,,52.2297,21.0122,100,
2024-08-24T15:00:00+00:00,16.83,21.78,19.34,58.14,25,40,Warsaw,,52.2297,21.0122,100,
2024-08-24T16:00:00+00:00,21.29,26.63,17.34,62.12,25,40,Warsaw,,52.2297,21.0122,100,
2024-08-24T17:00:00+00:00,22.3,29.39,16.25,57.54,25,40,Warsaw,,52.2297,21.0122,100,
2024-08-24T18:00:00+00:00,20.18,30.37,16.69,55.36,25,40,Warsaw,,52.2297,21.0122,100,
2024-08-24T19:00:00+00:00,18.62,26.4,17.08,59.54,25,40,Warsaw,,52.2297,21.0122,100,
2024-08-24T20:00:00+00:00,21.82,26.45,16.16,59.08,25,40,Warsaw,,52.2297,21.0122,100,
2024-08-24T21:00:00+00:00,17.37,26.17,17.62,56.8,25,40,Warsaw,,52.2297,21.0122,100,
2024-08-24T22:00:00+00:00,23.44,34.24,19.53,67.18,25,40,Warsaw,,52.2297,21.0122,100,
2024-08-24T23:00:00+00:00,21.37,26.99,19.77,73.29,25,40,Warsaw,,52.2297,21.0122,100,
2024-08-25T00:00:00+00:00,21.65,32.89,20.15,77.66,25,40,Warsaw,,52.2297,21.0122,100,
2024-08-25T01:00:00+00:00,23.33,32.71,22.61,75.7,25,40,Warsaw,,52.2297,21.0122,100,
2024-08-25T02:00:00+00:00,21.5,32.96,21.54,69.32,25,40,Warsaw,,52.2297,21.0122,100,
2024-08-25T03:00:00+00:00,23.29,33.74,22.83,71.71,25,40,Warsaw,,52.2297,21.0122,100,
2024-08-25T04:00:00+00:00,20.43,24.35,24.03,86.52,25,40,Warsaw,,52.2297,21.0122,100,
2024-08-25T05:00:00+00:00,23.01,28.2,24.36,73.7,25,40,Warsaw,,52.2297,21.0122,100,
2024-08-25T06:00:00+00:00,21.54,30.41,26.32,77.7,25,40,Warsaw,,52.2297,21.0122,100,
2024-08-25T07:00:00+00:00,18.54,25.65,26.18,77.74,25,40,Warsaw,,52.2297,21.0122,100,
2024-08-25T08:00:00+00:00,23.06,32.78,25.94,75.74,25,40,Warsaw,,52.2297,21.0122,100,
2024-08-25T09:00:00+00:00,19.29,23.36,25.07,69.59,25,40,Warsaw,,52.2297,21.0122,100,
2024-08-25T10:00:00+00:00,22.49,27.51,21.83,77.77,25,40,Warsaw,,52.2297,21.0122,100,
2024-08-25T11:00:00+00:00,19.73,27.69,20.58,70.56,25,40,Warsaw,,52.2297,21.0122,100,
2024-08-25T12:00:00+00:00,20.22,25.7,20.65,71.03,25,40,Warsaw,,52.2297,21.0122,100,
2024-08-25T13:00:00+00:00,18.84,28.98,20.58,60.15,25,40,Warsaw,,52.2297,21.0122,100,
2024-08-25T14:00:00+00:00,21.4,28.13,20.0,64.77,25,40,Warsaw,,52.2297,21.0122,100,
2024-08-25T15:00:00+00:00,16.35,22.01,19.15,55.18,25,40,Warsaw,,52.2297,21.0122,100,
2024-08-25T16:00:00+00:00,22.1,27.6,18.29,61.07,25,40,Warsaw,,52.2297,21.0122,100,
2024-08-25T17:00:00+00:00,17.49,19.62,15.93,65.39,25,40,Warsaw,,52.2297,21.0122,100,
2024-08-25T18:00:00+00:00,20.47,26.24,16.02,60.95,25,40,Warsaw,,52.2297,21.0122,100,
2024-08-25T19:00:00+00:00,19.65,27.22,18.17,58.07,25,40,Warsaw,,52.2297,21.0122,100,
2024-08-25T20:00:00+00:00,21.12,27.3,17.86,62.53,25,40,Warsaw,,52.2297,21.0122,100,
2024-08-25T21:00:00+00:00,18.76,26.05,17.98,68.43,25,40,Warsaw,,52.2297,21.0122,100,
2024-08-25T22:00:00+00:00,17.44,21.15,19.79,69.21,25,40,Warsaw,,52.2297,21.0122,100,
2024-08-25T23:00:00+00:00,18.36,26.92,19.62,69.94,25,40,Warsaw,,52.2297,21.0122,100,
2024-08-26T00:00:00+00:00,19.77,27.0,22.12,76.0,25,40,Warsaw,,52.2297,21.0122,100,
2024-08-26T01:00:00+00:00,22.18,32.03,20.61,64.63,25,40,Warsaw,,52.2297,21.0122,100,
2024-08-26T02:00:00+00:00,19.81,27.14,22.38,70.79,25,40,Warsaw,,52.2297,21.0122,100,
2024-08-26T03:00:00+00:00,23.4,27.72,23.29,70.45,25,40,Warsaw,,52.2297,21.0122,100,
2024-08-26T04:00:00+00:00,21.56,29.71,23.65,71.44,25,40,Warsaw,,52.2297,21.0122,100,
2024-08-26T05:00:00+00:00,19.21,27.7,26.27,75.7,25,40,Warsaw,,52.2297,21.0122,100,
2024-08-26T06:00:00+00:00,24.09,33.76,24.17,81.35,25,40,Warsaw,,52.2297,21.0122,100,
2024-08-26T07:00:00+00:00,24.13,29.77,26.15,82.21,25,40,Warsaw,,52.2297,21.0122,100,
2024-08-26T08:00:00+00:00,21.88,33.02,23.44,83.09,25,40,Warsaw,,52.2297,21.0122,100,
2024-08-26T09:00:00+00:00,21.19,31.05,24.27,70.15,25,40,Warsaw,,52.2297,21.0122,100,
2024-08-26T10:00:00+00:00,19.5,29.35,21.53,74.64,25,40,Warsaw,,52.2297,21.0122,100,
2024-08-26T11:00:00+00:00,22.31,32.91,22.87,75.62,25,40,Warsaw,,52.2297,21.0122,100,
2024-08-26T12:00:00+00:00,17.74,27.53,22.27,72.81,25,40,Warsaw,,52.2297,21.0122,100,
2024-08-26T13:00:00+00:00,16.95,20.91,21.3,63.76,25,40,Warsaw,,52.2297,21.0122,100,
2024-08-26T14:00:00+00:00,16.99,22.38,19.62,57.58,25,40,Warsaw,,52.2297,21.0122,100,
2024-08-26T15:00:00+00:00,20.4,30.15,19.3,58.56,25,40,Warsaw,,52.2297,21.0122,100,
2024-08-26T16:00:00+00:00,19.84,30.03,16.23,54.75,25,40,Warsaw,,52.2297,21.0122,100,
2024-08-26T17:00:00+00:00,21.99,30.58,17.16,52.59,25,40,Warsaw,,52.2297,21.0122,100,
2024-08-26T18:00:00+00:00,21.09,27.14,15.75,61.97,25,40,Warsaw,,52.2297,21.0122,100,
2024-08-26T19:00:00+00:00,20.31,27.35,16.88,57.43,25,40,Warsaw,,52.2297,21.0122,100,
2024-08-26T20:00:00+00:00,24.02,30.66,16.69,69.12,25,40,Warsaw,,52.2297,21.0122,100,
2024-08-26T21:00:00+00:00,22.16,31.24,17.98,56.94,25,40,Warsaw,,52.2297,21.0122,100,
2024-08-26T22:00:00+00:00,23.92,32.62,18.06,72.67,25,40,Warsaw,,52.2297,21.0122,100,
2024-08-26T23:00:00+00:00,21.63,27.77,19.58,73.69,25,40,Warsaw,,52.2297,21.0122,100,
2024-08-27T00:00:00+00:00,22.73,32.9,21.88,66.15,25,40,Warsaw,,52.2297,21.0122,100,
2024-08-27T01:00:00+00:00,18.93,26.83,21.22,73.56,25,40,Warsaw,,52.2297,21.0122,100,
2024-08-27T02:00:00+00:00,19.07,26.01,23.18,82.11,25,40,Warsaw,,52.2297,21.0122,100,
2024-08-27T03:00:00+00:00,19.41,29.26,22.89,82.94,25,40,Warsaw,,52.2297,21.0122,100,
2024-08-27T04:00:00+00:00,20.68,27.97,24.09,74.32,25,40,Warsaw,,52.2297,21.0122,100,
2024-08-27T05:00:00+00:00,21.24,27.37,23.37,77.83,25,40,Warsaw,,52.2297,21.0122,100,
2024-08-27T06:00:00+00:00,21.64,25.95,24.14,82.28,25,40,Warsaw,,52.2297,21.0122,100,
2024-08-27T07:00:00+00:00,19.0,23.78,24.66,85.76,25,40,Warsaw,,52.2297,21.0122,100,
2024-08-27T08:00:00+00:00,21.98,33.31,25.07,74.39,25,40,Warsaw,,52.2297,21.0122,100,
2024-08-27T09:00:00+00:00,18.47,24.2,22.43,74.89,25,40,Warsaw,,52.2297,21.0122,100,
2024-08-27T10:00:00+00:00,19.26,22.77,21.58,76.94,25,40,Warsaw,,52.2297,21.0122,100,
2024-08-27T11:00:00+00:00,24.23,35.67,22.05,80.48,25,40,Warsaw,,52.2297,21.0122,100,
2024-08-27T12:00:00+00:00,17.06,22.6,20.33,64.54,25,40,Warsaw,,52.2297,21.0122,100,
2024-08-27T13:00:00+00:00,22.74,28.36,21.23,72.2,25,40,Warsaw,,52.2297,21.0122,100,
2024-08-27T14:00:00+00:00,19.92,26.95,17.77,72.13,25,40,Warsaw,,52.2297,21.0122,100,
2024-08-27T15:00:00+00:00,17.0,22.46,19.41,62.45,25,40,Warsaw,,52.2297,21.0122,100,
2024-08-27T16:00:00+00:00,19.43,26.9,18.6,69.17,25,40,Warsaw,,52.2297,21.0122,100,
2024-08-27T17:00:00+00:00,17.1,24.34,17.69,61.06,25,40,Warsaw,,52.2297,21.0122,100,
2024-08-27T18:00:00+00:00,16.34,23.57,17.77,53.68,25,40,Warsaw,,52.2297,21.0122,100,
2024-08-27T19:00:00+00:00,20.31,30.97,16.68,57.55,25,40,Warsaw,,52.2297,21.0122,100,
2024-08-27T20:00:00+00:00,22.84,31.99,17.78,60.2,25,40,Warsaw,,52.2297,21.0122,100,
2024-08-27T21:00:00+00:00,19.26,24.26,16.82,60.97,25,40,Warsaw,,52.2297,21.0122,100,
2024-08-27T22:00:00+00:00,20.14,26.82,20.06,59.88,25,40,Warsaw,,52.2297,21.0122,100,
2024-08-27T23:00:00+00:00,22.02,28.7,21.07,65.81,25,40,Warsaw,,52.2297,21.0122,100,
2024-08-28T00:00:00+00:00,21.44,28.83,21.26,67.71,25,40,Warsaw,,52.2297,21.0122,100,
2024-08-28T01:00:00+00:00,21.77,31.83,21.36,80.58,25,40,Warsaw,,52.2297,21.0122,100,
2024-08-28T02:00:00+00:00,22.78,31.9,22.64,75.45,25,40,Warsaw,,52.2297,21.0122,100,
2024-08-28T03:00:00+00:00,23.18,31.92,24.12,73.93,25,40,Warsaw,,52.2297,21.0122,100,
2024-08-28T04:00:00+00:00,21.05,29.75,25.26,85.57,25,40,Warsaw,,52.2297,21.0122,100,
2024-08-28T05:00:00+00:00,22.81,32.55,24.01,85.74,25,40,Warsaw,,52.2297,21.0122,100,
2024-08-28T06:00:00+00:00,18.95,22.04,25.6,80.87,25,40,Warsaw,,52.2297,21.0122,100,
2024-08-28T07:00:00+00:00,22.77,32.37,24.26,85.22,25,40,Warsaw,,52.2297,21.0122,100,
2024-08-28T08:00:00+00:00,19.47,22.86,24.81,72.59,25,40,Warsaw,,52.2297,21.0122,100,
2024-08-28T09:00:00+00:00,21.31,28.63,24.55,82.98,25,40,Warsaw,,52.2297,21.0122,100,
2024-08-28T10:00:00+00:00,23.18,35.16,22.8,68.18,25,40,Warsaw,,52.2297,21.0122,100,
2024-08-28T11:00:00+00:00,23.76,33.61,21.01,73.89,25,40,Warsaw,,52.2297,21.0122,100,
2024-08-28T12:00:00+00:00,18.07,22.27,20.0,62.75,25,40,Warsaw,,52.2297,21.0122,100,
2024-08-28T13:00:00+00:00,17.4,20.44,19.32,61.11,25,40,Warsaw,,52.2297,21.0122,100,
2024-08-28T14:00:00+00:00,23.07,30.91,18.4,72.61,25,40,Warsaw,,52.2297,21.0122,100,
2024-08-28T15:00:00+00:00,22.77,30.67,19.29,70.35,25,40,Warsaw,,52.2297,21.0122,100,
2024-08-28T16:00:00+00:00,22.22,26.24,17.38,60.55,25,40,Warsaw,,52.2297,21.0122,100,
2024-08-28T17:00:00+00:00,17.78,24.36,17.6,54.29,25,40,Warsaw,,52.2297,21.0122,100,
2024-08-28T18:00:00+00:00,16.1,18.32,18.34,52.24,25,40,Warsaw,,52.2297,21.0122,100,
2024-08-28T19:00:00+00:00,18.33,20.83,16.23,64.59,25,40,Warsaw,,52.2297,21.0122,100,
2024-08-28T20:00:00+00:00,17.65,20.28,16.1,57.72,25,40,Warsaw,,52.2297,21.0122,100,
2024-08-28T21:00:00+00:00,21.73,27.19,17.01,62.01,25,40,Warsaw,,52.2297,21.0122,100,
2024-08-28T22:00:00+00:00,23.41,28.85,20.02,69.62,25,40,Warsaw,,52.2297,21.0122,100,
2024-08-28T23:00:00+00:00,20.85,28.48,20.78,65.79,25,40,Warsaw,,52.2297,21.0122,100,
2024-08-29T00:00:00+00:00,24.15,31.38,20.38,76.85,25,40,Warsaw,,52.2297,21.0122,100,
2024-08-29T01:00:00+00:00,18.39,20.88,22.31,76.1,25,40,Warsaw,,52.2297,21.0122,100,
2024-08-29T02:00:00+00:00,22.78,31.88,22.67,72.08,25,40,Warsaw,,52.2297,21.0122,100,
2024-08-29T03:00:00+00:00,21.35,27.31,22.58,84.45,25,40,Warsaw,,52.2297,21.0122,100,
2024-08-29T04:00:00+00:00,20.2,30.07,23.23,80.63,25,40,Warsaw,,52.2297,21.0122,100,
2024-08-29T05:00:00+00:00,23.82,31.7,26.08,85.44,25,40,Warsaw,,52.2297,21.0122,100,
2024-08-29T06:00:00+00:00,20.16,27.13,26.32,83.63,25,40,Warsaw,,52.2297,21.0122,100,
2024-08-29T07:00:00+00:00,20.71,30.6,24.54,83.57,25,40,Warsaw,,52.2297,21.0122,100,
2024-08-29T08:00:00+00:00,22.28,26.95,23.07,83.66,25,40,Warsaw,,52.2297,21.0122,100,
2024-08-29T09:00:00+00:00,23.14,30.14,22.77,72.0,25,40,Warsaw,,52.2297,21.0122,100,
2024-08-29T10:00:00+00:00,20.64,27.67,24.47,73.24,25,40,Warsaw,,52.2297,21.0122,100,
2024-08-29T11:00:00+00:00,18.93,26.61,21.97,66.81,25,40,Warsaw,,52.2297,21.0122,100,
2024-08-29T12:00:00+00:00,20.6,31.47,21.02,65.93,25,40,Warsaw,,52.2297,21.0122,100,
2024-08-29T13:00:00+00:00,23.33,30.14,18.66,65.57,25,40,Warsaw,,52.2297,21.0122,100,
2024-08-29T14:00:00+00:00,21.55,32.12,19.85,59.52,25,40,Warsaw,,52.2297,21.0122,100,
2024-08-29T15:00:00+00:00,21.47,28.04,19.58,66.53,25,40,Warsaw,,52.2297,21.0122,100,
2024-08-29T16:00:00+00:00,20.15,30.35,16.53,54.41,25,40,Warsaw,,52.2297,21.0122,100,
2024-08-29T17:00:00+00:00,18.47,22.01,16.54,56.11,25,40,Warsaw,,52.2297,21.0122,100,
2024-08-29T18:00:00+00:00,18.25,25.47,16.29,66.85,25,40,Warsaw,,52.2297,21.0122,100,
2024-08-29T19:00:00+00:00,17.48,24.02,15.68,58.08,25,40,Warsaw,,52.2297,21.0122,100,
2024-08-29T20:00:00+00:00,20.02,28.68,16.61,65.32,25,40,Warsaw,,52.2297,21.0122,100,
2024-08-29T21:00:00+00:00,21.24,25.57,17.25,64.7,25,40,Warsaw,,52.2297,21.0122,100,
2024-08-29T22:00:00+00:00,17.65,25.82,18.68,66.82,25,40,Warsaw,,52.2297,21.0122,100,
2024-08-29T23:00:00+00:00,20.92,30.96,21.08,61.97,25,40,Warsaw,,52.2297,21.0122,100,
2024-08-30T00:00:00+00:00,20.69,30.56,19.9,63.82,25,40,Warsaw,,52.2297,21.0122,100,
2024-08-30T01:00:00+00:00,21.84,27.96,21.07,73.77,25,40,Warsaw,,52.2297,21.0122,100,
2024-08-30T02:00:00+00:00,19.49,27.98,23.77,70.08,25,40,Warsaw,,52.2297,21.0122,100,
2024-08-30T03:00:00+00:00,17.97,25.96,25.28,75.77,25,40,Warsaw,,52.2297,21.0122,100,
2024-08-30T04:00:00+00:00,23.31,30.34,24.14,81.16,25,40,Warsaw,,52.2297,21.0122,100,
2024-08-30T05:00:00+00:00,19.57,23.93,25.18,87.44,25,40,Warsaw,,52.2297,21.0122,100,
2024-08-30T06:00:00+00:00,21.05,31.16,25.07,80.22,25,40,Warsaw,,52.2297,21.0122,100,
2024-08-30T07:00:00+00:00,22.6,33.71,24.27,85.71,25,40,Warsaw,,52.2297,21.0122,100,
2024-08-30T08:00:00+00:00,22.39,33.88,25.37,70.84,25,40,Warsaw,,52.2297,21.0122,100,
2024-08-30T09:00:00+00:00,23.89,33.88,22.58,75.25,25,40,Warsaw,,52.2297,21.0122,100,
2024-08-30T10:00:00+00:00,21.05,29.45,21.65,81.85,25,40,Warsaw,,52.2297,21.0122,100,
2024-08-30T11:00:00+00:00,18.28,23.01,23.41,65.86,25,40,Warsaw,,52.2297,21.0122,100,
2024-08-30T12:00:00+00:00,18.94,25.61,20.53,64.73,25,40,Warsaw,,52.2297,21.0122,100,
2024-08-30T13:00:00+00:00,18.51,23.47,20.66,68.8,25,40,Warsaw,,52.2297,21.0122,100,
2024-08-30T14:00:00+00:00,22.65,29.49,20.11,62.18,25,40,Warsaw,,52.2297,21.0122,100,
2024-08-30T15:00:00+00:00,17.64,26.28,18.37,64.97,25,40,Warsaw,,52.2297,21.0122,100,
2024-08-30T16:00:00+00:00,17.78,27.5,16.14,55.79,25,40,Warsaw,,52.2297,21.0122,100,
2024-08-30T17:00:00+00:00,18.9,26.22,17.07,57.18,25,40,Warsaw,,52.2297,21.0122,100,
2024-08-30T18:00:00+00:00,21.34,25.95,15.53,64.86,25,40,Warsaw,,52.2297,21.0122,100,
2024-08-30T19:00:00+00:00,19.43,23.87,16.72,55.93,25,40,Warsaw,,52.2297,21.0122,100,
2024-08-30T20:00:00+00:00,19.16,28.73,18.26,61.39,25,40,Warsaw,,52.2297,21.0122,100,
2024-08-30T21:00:00+00:00,22.34,33.61,18.76,68.29,25,40,Warsaw,,52.2297,21.0122,100,
2024-08-30T22:00:00+00:00,22.9,28.06,19.6,72.66,25,40,Warsaw,,52.2297,21.0122,100,
2024-08-30T23:00:00+00:00,19.13,26.12,18.61,64.84,25,40,Warsaw,,52.2297,21.0122,100,
2024-08-31T00:00:00+00:00,21.58,28.59,20.35,65.8,25,40,Warsaw,,52.2297,21.0122,100,
2024-08-31T01:00:00+00:00,23.44,34.62,23.15,74.58,25,40,Warsaw,,52.2297,21.0122,100,
2024-08-31T02:00:00+00:00,18.29,22.71,24.11,72.82,25,40,Warsaw,,52.2297,21.0122,100,
2024-08-31T03:00:00+00:00,19.88,29.6,23.83,72.15,25,40,Warsaw,,52.2297,21.0122,100,
2024-08-31T04:00:00+00:00,22.16,31.86,23.88,76.93,25,40,Warsaw,,52.2297,21.0122,100,
2024-08-31T05:00:00+00:00,21.36,31.51,23.38,75.58,25,40,Warsaw,,52.2297,21.0122,100,
2024-08-31T06:00:00+00:00,23.38,29.95,24.89,82.42,25,40,Warsaw,,52.2297,21.0122,100,
2024-08-31T07:00:00+00:00,18.18,27.93,24.48,71.91,25,40,Warsaw,,52.2297,21.0122,100,
2024-08-31T08:00:00+00:00,22.58,28.0,23.41,70.69,25,40,Warsaw,,52.2297,21.0122,100,
2024-08-31T09:00:00+00:00,18.85,27.55,25.28,83.45,25,40,Warsaw,,52.2297,21.0122,100,
2024-08-31T10:00:00+00:00,21.2,31.7,21.96,80.51,25,40,Warsaw,,52.2297,21.0122,100,
2024-08-31T11:00:00+00:00,20.27,31.02,21.42,79.92,25,40,Warsaw,,52.2297,21.0122,100,
2024-08-31T12:00:00+00:00,21.62,29.39,21.15,67.35,25,40,Warsaw,,52.2297,21.0122,100,
2024-08-31T13:00:00+00:00,19.63,29.63,18.96,62.63,25,40,Warsaw,,52.2297,21.0122,100,
2024-08-31T14:00:00+00:00,18.92,23.39,18.28,68.88,25,40,Warsaw,,52.2297,21.0122,100,
2024-08-31T15:00:00+00:00,17.57,21.93,19.55,68.74,25,40,Warsaw,,52.2297,21.0122,100,
2024-08-31T16:00:00+00:00,19.88,28.57,18.11,58.99,25,40,Warsaw,,52.2297,21.0122,100,
2024-08-31T17:00:00+00:00,21.68,30.04,17.71,63.97,25,40,Warsaw,,52.2297,21.0122,100,
2024-08-31T18:00:00+00:00,20.62,24.17,16.21,64.52,25,40,Warsaw,,52.2297,21.0122,100,
2024-08-31T19:00:00+00:00,16.89,25.95,16.31,56.26,25,40,Warsaw,,52.2297,21.0122,100,
2024-08-31T20:00:00+00:00,16.74,25.98,18.9,61.36,25,40,Warsaw,,52.2297,21.0122,100,
2024-08-31T21:00:00+00:00,22.11,28.36,19.05,57.86,25,40,Warsaw,,52.2297,21.0122,100,
2024-08-31T22:00:00+00:00,19.53,26.38,19.14,69.48,25,40,Warsaw,,52.2297,21.0122,100,
2024-08-31T23:00:00+00:00,18.82,24.12,18.75,73.78,25,40,Warsaw,,52.2297,21.0122,100,
2024-09-01T00:00:00+00:00,29.15,39.78,15.12,67.88,25,40,Warsaw,,52.2297,21.0122,100,
2024-09-01T01:00:00+00:00,28.65,41.99,18.38,72.66,25,40,Warsaw,,52.2297,21.0122,100,
2024-09-01T02:00:00+00:00,27.05,33.38,16.59,75.07,25,40,Warsaw,,52.2297,21.0122,100,
2024-09-01T03:00:00+00:00,29.32,36.48,18.28,69.87,25,40,Warsaw,,52.2297,21.0122,100,
2024-09-01T04:00:00+00:00,26.42,34.13,20.02,80.72,25,40,Warsaw,,52.2297,21.0122,100,
2024-09-01T05:00:00+00:00,26.19,33.62,19.34,79.12,25,40,Warsaw,,52.2297,21.0122,100,
2024-09-01T06:00:00+00:00,30.02,43.74,18.8,83.29,25,40,Warsaw,,52.2297,21.0122,100,
2024-09-01T07:00:00+00:00,24.19,28.97,19.9,83.08,25,40,Warsaw,,52.2297,21.0122,100,
2024-09-01T08:00:00+00:00,27.32,34.48,18.69,71.92,25,40,Warsaw,,52.2297,21.0122,100,
2024-09-01T09:00:00+00:00,26.45,35.35,19.48,73.78,25,40,Warsaw,,52.2297,21.0122,100,
2024-09-01T10:00:00+00:00,25.14,31.04,18.69,71.71,25,40,Warsaw,,52.2297,21.0122,100,
2024-09-01T11:00:00+00:00,29.69,37.99,15.96,66.65,25,40,Warsaw,,52.2297,21.0122,100,
2024-09-01T12:00:00+00:00,28.05,35.36,15.19,71.84,25,40,Warsaw,,52.2297,21.0122,100,
2024-09-01T13:00:00+00:00,29.32,35.59,14.92,67.09,25,40,Warsaw,,52.2297,21.0122,100,
2024-09-01T14:00:00+00:00,27.87,34.59,13.99,68.74,25,40,Warsaw,,52.2297,21.0122,100,
2024-09-01T15:00:00+00:00,26.78,33.04,12.1,64.45,25,40,Warsaw,,52.2297,21.0122,100,
2024-09-01T16:00:00+00:00,28.13,36.04,12.97,61.86,25,40,Warsaw,,52.2297,21.0122,100,
2024-09-01T17:00:00+00:00,22.22,33.53,11.11,53.46,25,40,Warsaw,,52.2297,21.0122,100,
2024-09-01T18:00:00+00:00,27.85,38.46,12.56,63.03,25,40,Warsaw,,52.2297,21.0122,100,
2024-09-01T19:00:00+00:00,22.72,33.5,12.48,64.29,25,40,Warsaw,,52.2297,21.0122,100,
2024-09-01T20:00:00+00:00,23.83,30.88,13.42,56.88,25,40,Warsaw,,52.2297,21.0122,100,
2024-09-01T21:00:00+00:00,23.24,29.12,12.32,66.76,25,40,Warsaw,,52.2297,21.0122,100,
2024-09-01T22:00:00+00:00,25.34,31.96,13.08,57.03,25,40,Warsaw,,52.2297,21.0122,100,
2024-09-01T23:00:00+00:00,25.17,32.87,14.09,63.39,25,40,Warsaw,,52.2297,21.0122,100,
2024-09-02T00:00:00+00:00,29.58,40.15,16.33,76.07,25,40,Warsaw,,52.2297,21.0122,100,
2024-09-02T01:00:00+00:00,23.62,31.45,17.3,69.12,25,40,Warsaw,,52.2297,21.0122,100,
2024-09-02T02:00:00+00:00,29.08,36.36,18.87,69.47,25,40,Warsaw,,52.2297,21.0122,100,
2024-09-02T03:00:00+00:00,24.22,35.02,17.65,70.92,25,40,Warsaw,,52.2297,21.0122,100,
2024-09-02T04:00:00+00:00,22.64,33.05,18.92,75.25,25,40,Warsaw,,52.2297,21.0122,100,
2024-09-02T05:00:00+00:00,23.91,30.79,19.22,87.07,25,40,Warsaw,,52.2297,21.0122,100,
2024-09-02T06:00:00+00:00,26.08,33.7,18.7,72.5,25,40,Warsaw,,52.2297,21.0122,100,
2024-09-02T07:00:00+00:00,30.28,44.05,19.07,77.73,25,40,Warsaw,,52.2297,21.0122,100,
2024-09-02T08:00:00+00:00,26.37,38.31,18.21,77.85,25,40,Warsaw,,52.2297,21.0122,100,
2024-09-02T09:00:00+00:00,25.31,34.6,19.29,69.38,25,40,Warsaw,,52.2297,21.0122,100,
2024-09-02T10:00:00+00:00,29.06,42.01,17.71,82.03,25,40,Warsaw,,52.2297,21.0122,100,
2024-09-02T11:00:00+00:00,30.33,42.15,16.16,71.3,25,40,Warsaw,,52.2297,21.0122,100,
2024-09-02T12:00:00+00:00,27.62,39.99,16.45,73.35,25,40,Warsaw,,52.2297,21.0122,100,
2024-09-02T13:00:00+00:00,28.84,39.52,14.09,65.07,25,40,Warsaw,,52.2297,21.0122,100,
2024-09-02T14:00:00+00:00,24.61,30.44,13.8,61.89,25,40,Warsaw,,52.2297,21.0122,100,
2024-09-02T15:00:00+00:00,27.0,38.81,14.52,56.66,25,40,Warsaw,,52.2297,21.0122,100,
2024-09-02T16:00:00+00:00,23.06,33.69,13.92,69.09,25,40,Warsaw,,52.2297,21.0122,100,
2024-09-02T17:00:00+00:00,22.65,33.53,13.1,66.45,25,40,Warsaw,,52.2297,21.0122,100,
2024-09-02T18:00:00+00:00,22.92,29.47,12.67,55.06,25,40,Warsaw,,52.2297,21.0122,100,
2024-09-02T19:00:00+00:00,23.28,31.84,11.38,56.29,25,40,Warsaw,,52.2297,21.0122,100,
2024-09-02T20:00:00+00:00,26.54,35.45,13.57,56.68,25,40,Warsaw,,52.2297,21.0122,100,
2024-09-02T21:00:00+00:00,29.31,40.4,12.53,69.14,25,40,Warsaw,,52.2297,21.0122,100,
2024-09-02T22:00:00+00:00,29.06,43.15,13.32,71.19,25,40,Warsaw,,52.2297,21.0122,100,
2024-09-02T23:00:00+00:00,28.85,39.11,15.06,68.63,25,40,Warsaw,,52.2297,21.0122,100,
2024-09-03T00:00:00+00:00,26.87,35.75,14.84,76.97,25,40,Warsaw,,52.2297,21.0122,100,
2024-09-03T01:00:00+00:00,29.01,35.91,16.46,74.58,25,40,Warsaw,,52.2297,21.0122,100,
2024-09-03T02:00:00+00:00,22.17,32.2,17.51,70.77,25,40,Warsaw,,52.2297,21.0122,100,
2024-09-03T03:00:00+00:00,28.46,37.76,19.65,73.12,25,40,Warsaw,,52.2297,21.0122,100,
2024-09-03T04:00:00+00:00,25.02,36.58,18.7,76.61,25,40,Warsaw,,52.2297,21.0122,100,
2024-09-03T05:00:00+00:00,26.84,37.88,19.21,77.3,25,40,Warsaw,,52.2297,21.0122,100,
2024-09-03T06:00:00+00:00,29.61,41.93,21.23,73.92,25,40,Warsaw,,52.2297,21.0122,100,
2024-09-03T07:00:00+00:00,26.08,32.22,20.84,79.33,25,40,Warsaw,,52.2297,21.0122,100,
2024-09-03T08:00:00+00:00,28.19,34.71,19.48,83.49,25,40,Warsaw,,52.2297,21.0122,100,
2024-09-03T09:00:00+00:00,29.32,37.48,18.28,81.38,25,40,Warsaw,,52.2297,21.0122,100,
2024-09-03T10:00:00+00:00,23.33,28.58,18.1,69.21,25,40,Warsaw,,52.2297,21.0122,100,
2024-09-03T11:00:00+00:00,28.61,41.93,16.28,75.76,25,40,Warsaw,,52.2297,21.0122,100,
2024-09-03T12:00:00+00:00,26.68,36.22,15.86,76.49,25,40,Warsaw,,52.2297,21.0122,100,
2024-09-03T13:00:00+00:00,24.95,36.25,13.89,71.74,25,40,Warsaw,,52.2297,21.0122,100,
2024-09-03T14:00:00+00:00,27.27,35.46,14.93,61.57,25,40,Warsaw,,52.2297,21.0122,100,
2024-09-03T15:00:00+00:00,24.48,29.94,13.07,59.17,25,40,Warsaw,,52.2297,21.0122,100,
2024-09-03T16:00:00+00:00,22.15,29.34,11.39,54.71,25,40,Warsaw,,52.2297,21.0122,100,
2024-09-03T17:00:00+00:00,28.87,35.04,11.56,56.12,25,40,Warsaw,,52.2297,21.0122,100,
2024-09-03T18:00:00+00:00,24.66,30.23,13.2,56.02,25,40,Warsaw,,52.2297,21.0122,100,
2024-09-03T19:00:00+00:00,30.2,40.54,13.04,67.32,25,40,Warsaw,,52.2297,21.0122,100,
2024-09-03T20:00:00+00:00,23.93,32.02,12.26,58.38,25,40,Warsaw,,52.2297,21.0122,100,
2024-09-03T21:00:00+00:00,28.37,37.25,11.74,59.96,25,40,Warsaw,,52.2297,21.0122,100,
2024-09-03T22:00:00+00:00,29.19,37.25,13.7,69.71,25,40,Warsaw,,52.2297,21.0122,100,
2024-09-03T23:00:00+00:00,27.96,34.82,16.4,65.89,25,40,Warsaw,,52.2297,21.0122,100,
2024-09-04T00:00:00+00:00,23.07,28.34,15.17,71.27,25,40,Warsaw,,52.2297,21.0122,100,
2024-09-04T01:00:00+00:00,28.08,38.02,17.47,68.63,25,40,Warsaw,,52.2297,21.0122,100,
2024-09-04T02:00:00+00:00,27.33,33.36,18.54,68.13,25,40,Warsaw,,52.2297,21.0122,100,
2024-09-04T03:00:00+00:00,27.3,38.21,18.71,77.82,25,40,Warsaw,,52.2297,21.0122,100,
2024-09-04T04:00:00+00:00,30.86,41.19,19.39,86.26,25,40,Warsaw,,52.2297,21.0122,100,
2024-09-04T05:00:00+00:00,28.38,42.02,21.23,81.1,25,40,Warsaw,,52.2297,21.0122,100,
2024-09-04T06:00:00+00:00,29.99,44.19,20.67,85.06,25,40,Warsaw,,52.2297,21.0122,100,
2024-09-04T07:00:00+00:00,24.48,32.89,18.68,75.41,25,40,Warsaw,,52.2297,21.0122,100,
2024-09-04T08:00:00+00:00,26.53,35.86,19.0,84.02,25,40,Warsaw,,52.2297,21.0122,100,
2024-09-04T09:00:00+00:00,24.98,32.82,17.44,81.91,25,40,Warsaw,,52.2297,21.0122,100,
2024-09-04T10:00:00+00:00,31.02,43.38,18.88,82.99,25,40,Warsaw,,52.2297,21.0122,100,
2024-09-04T11:00:00+00:00,25.75,35.73,17.16,76.87,25,40,Warsaw,,52.2297,21.0122,100,
2024-09-04T12:00:00+00:00,24.04,28.73,14.61,62.32,25,40,Warsaw,,52.2297,21.0122,100,
2024-09-04T13:00:00+00:00,27.07,37.42,15.65,63.3,25,40,Warsaw,,52.2297,21.0122,100,
2024-09-04T14:00:00+00:00,23.05,31.53,14.48,71.8,25,40,Warsaw,,52.2297,21.0122,100,
2024-09-04T15:00:00+00:00,25.64,33.14,13.86,69.59,25,40,Warsaw,,52.2297,21.0122,100,
2024-09-04T16:00:00+00:00,27.12,35.67,12.92,68.07,25,40,Warsaw,,52.2297,21.0122,100,
2024-09-04T17:00:00+00:00,27.21,34.61,13.42,65.99,25,40,Warsaw,,52.2297,21.0122,100,
2024-09-04T18:00:00+00:00,22.07,32.48,12.14,60.8,25,40,Warsaw,,52.2297,21.0122,100,
2024-09-04T19:00:00+00:00,29.53,35.93,11.29,68.25,25,40,Warsaw,,52.2297,21.0122,100,
2024-09-04T20:00:00+00:00,28.3,39.01,12.42,56.47,25,40,Warsaw,,52.2297,21.0122,100,
2024-09-04T21:00:00+00:00,28.49,38.0,13.34,65.49,25,40,Warsaw,,52.2297,21.0122,100,
2024-09-04T22:00:00+00:00,24.88,35.98,14.23,62.4,25,40,Warsaw,,52.2297,21.0122,100,
2024-09-04T23:00:00+00:00,26.49,39.09,14.96,68.49,25,40,Warsaw,,52.2297,21.0122,100,
2024-09-05T00:00:00+00:00,22.52,27.43,15.03,66.27,25,40,Warsaw,,52.2297,21.0122,100,
2024-09-05T01:00:00+00:00,28.54,41.63,15.92,76.95,25,40,Warsaw,,52.2297,21.0122,100,
2024-09-05T02:00:00+00:00,29.13,39.33,17.8,77.38,25,40,Warsaw,,52.2297,21.0122,100,
2024-09-05T03:00:00+00:00,25.99,37.71,19.6,83.99,25,40,Warsaw,,52.2297,21.0122,100,
2024-09-05T04:00:00+00:00,26.32,35.19,18.75,79.42,25,40,Warsaw,,52.2297,21.0122,100,
2024-09-05T05:00:00+00:00,26.84,37.33,19.75,86.8,25,40,Warsaw,,52.2297,21.0122,100,
2024-09-05T06:00:00+00:00,30.27,37.78,19.34,83.95,25,40,Warsaw,,52.2297,21.0122,100,
2024-09-05T07:00:00+00:00,22.63,28.97,21.11,74.05,25,40,Warsaw,,52.2297,21.0122,100,
2024-09-05T08:00:00+00:00,27.12,39.62,19.87,71.7,25,40,Warsaw,,52.2297,21.0122,100,
2024-09-05T09:00:00+00:00,30.27,37.89,18.48,75.98,25,40,Warsaw,,52.2297,21.0122,100,
2024-09-05T10:00:00+00:00,29.78,38.52,19.16,77.95,25,40,Warsaw,,52.2297,21.0122,100,
2024-09-05T11:00:00+00:00,30.82,41.64,15.83,74.65,25,40,Warsaw,,52.2297,21.0122,100,
2024-09-05T12:00:00+00:00,23.94,34.88,16.25,72.15,25,40,Warsaw,,52.2297,21.0122,100,
2024-09-05T13:00:00+00:00,23.08,32.57,16.23,68.98,25,40,Warsaw,,52.2297,21.0122,100,
2024-09-05T14:00:00+00:00,28.07,35.48,13.64,72.58,25,40,Warsaw,,52.2297,21.0122,100,
2024-09-05T15:00:00+00:00,28.15,36.72,11.68,62.59,25,40,Warsaw,,52.2297,21.0122,100,
2024-09-05T16:00:00+00:00,26.51,32.79,12.76,68.79,25,40,Warsaw,,52.2297,21.0122,100,
2024-09-05T17:00:00+00:00,28.0,39.03,11.05,54.72,25,40,Warsaw,,52.2297,21.0122,100,
2024-09-05T18:00:00+00:00,25.04,35.08,10.67,59.02,25,40,Warsaw,,52.2297,21.0122,100,
2024-09-05T19:00:00+00:00,26.35,37.77,12.62,53.94,25,40,Warsaw,,52.2297,21.0122,100,
2024-09-05T20:00:00+00:00,29.3,40.46,12.47,58.48,25,40,Warsaw,,52.2297,21.0122,100,
2024-09-05T21:00:00+00:00,24.42,35.51,13.38,59.9,25,40,Warsaw,,52.2297,21.0122,100,
2024-09-05T22:00:00+00:00,27.52,38.64,14.44,61.69,25,40,Warsaw,,52.2297,21.0122,100,
2024-09-05T23:00:00+00:00,28.33,34.41,15.33,65.17,25,40,Warsaw,,52.2297,21.0122,100,
2024-09-06T00:00:00+00:00,22.86,32.4,14.86,64.34,25,40,Warsaw,,52.2297,21.0122,100,
2024-09-06T01:00:00+00:00,30.19,44.76,18.01,73.76,25,40,Warsaw,,52.2297,21.0122,100,
2024-09-06T02:00:00+00:00,24.45,35.41,18.47,76.34,25,40,Warsaw,,52.2297,21.0122,100,
2024-09-06T03:00:00+00:00,29.42,41.49,18.28,77.46,25,40,Warsaw,,52.2297,21.0122,100,
2024-09-06T04:00:00+00:00,30.14,43.8,19.99,77.88,25,40,Warsaw,,52.2297,21.0122,100,
2024-09-06T05:00:00+00:00,30.01,40.49,18.82,82.92,25,40,Warsaw,,52.2297,21.0122,100,
2024-09-06T06:00:00+00:00,27.27,40.29,18.87,86.73,25,40,Warsaw,,52.2297,21.0122,100,
2024-09-06T07:00:00+00:00,26.06,36.55,18.69,77.03,25,40,Warsaw,,52.2297,21.0122,100,
2024-09-06T08:00:00+00:00,25.12,35.87,20.71,74.84,25,40,Warsaw,,52.2297,21.0122,100,
2024-09-06T09:00:00+00:00,25.88,35.03,18.08,80.38,25,40,Warsaw,,52.2297,21.0122,100,
2024-09-06T10:00:00+00:00,27.52,35.26,19.32,74.46,25,40,Warsaw,,52.2297,21.0122,100,
2024-09-06T11:00:00+00:00,26.79,39.96,16.13,74.74,25,40,Warsaw,,52.2297,21.0122,100,
2024-09-06T12:00:00+00:00,26.07,32.99,14.76,75.56,25,40,Warsaw,,52.2297,21.0122,100,
2024-09-06T13:00:00+00:00,25.34,35.08,15.66,73.2,25,40,Warsaw,,52.2297,21.0122,100,
2024-09-06T14:00:00+00:00,23.26,29.98,15.38,63.89,25,40,Warsaw,,52.2297,21.0122,100,
2024-09-06T15:00:00+00:00,27.57,38.36,12.52,55.34,25,40,Warsaw,,52.2297,21.0122,100,
2024-09-06T16:00:00+00:00,26.16,34.14,13.17,54.51,25,40,Warsaw,,52.2297,21.0122,100,
2024-09-06T17:00:00+00:00,24.56,29.31,11.75,54.34,25,40,Warsaw,,52.2297,21.0122,100,
2024-09-06T18:00:00+00:00,29.44,36.32,12.39,60.54,25,40,Warsaw,,52.2297,21.0122,100,
2024-09-06T19:00:00+00:00,26.16,37.61,13.25,53.43,25,40,Warsaw,,52.2297,21.0122,100,
2024-09-06T20:00:00+00:00,23.31,31.84,13.74,69.29,25,40,Warsaw,,52.2297,21.0122,100,
2024-09-06T21:00:00+00:00,24.68,32.18,13.2,64.08,25,40,Warsaw,,52.2297,21.0122,100,
2024-09-06T22:00:00+00:00,28.44,37.98,13.05,59.47,25,40,Warsaw,,52.2297,21.0122,100,
2024-09-06T23:00:00+00:00,23.79,30.82,15.98,70.81,25,40,Warsaw,,52.2297,21.0122,100,
2024-09-07T00:00:00+00:00,23.49,28.99,14.67,73.21,25,40,Warsaw,,52.2297,21.0122,100,
2024-09-07T01:00:00+00:00,25.85,32.37,17.4,71.49,25,40,Warsaw,,52.2297,21.0122,100,
2024-09-07T02:00:00+00:00,24.21,29.32,18.86,76.92,25,40,Warsaw,,52.2297,21.0122,100,
2024-09-07T03:00:00+00:00,29.45,42.15,17.48,71.67,25,40,Warsaw,,52.2297,21.0122,100,
2024-09-07T04:00:00+00:00,22.56,28.82,20.52,70.97,25,40,Warsaw,,52.2297,21.0122,100,
2024-09-07T05:00:00+00:00,26.49,37.61,19.38,83.5,25,40,Warsaw,,52.2297,21.0122,100,
2024-09-07T06:00:00+00:00,29.79,43.68,19.44,87.43,25,40,Warsaw,,52.2297,21.0122,100,
2024-09-07T07:00:00+00:00,28.67,41.14,21.12,87.35,25,40,Warsaw,,52.2297,21.0122,100,
2024-09-07T08:00:00+00:00,27.88,39.67,20.87,80.41,25,40,Warsaw,,52.2297,21.0122,100,
2024-09-07T09:00:00+00:00,23.05,34.1,18.67,70.44,25,40,Warsaw,,52.2297,21.0122,100,
2024-09-07T10:00:00+00:00,29.69,37.4,18.16,82.93,25,40,Warsaw,,52.2297,21.0122,100,
2024-09-07T11:00:00+00:00,23.96,32.62,17.97,66.25,25,40,Warsaw,,52.2297,21.0122,100,
2024-09-07T12:00:00+00:00,23.02,34.84,16.92,67.97,25,40,Warsaw,,52.2297,21.0122,100,
2024-09-07T13:00:00+00:00,25.92,31.93,15.5,64.61,25,40,Warsaw,,52.2297,21.0122,100,
2024-09-07T14:00:00+00:00,27.15,38.02,13.48,63.4,25,40,Warsaw,,52.2297,21.0122,100,
2024-09-07T15:00:00+00:00,25.08,37.07,11.76,61.53,25,40,Warsaw,,52.2297,21.0122,100,
2024-09-07T16:00:00+00:00,22.29,26.52,11.3,62.25,25,40,Warsaw,,52.2297,21.0122,100,
2024-09-07T17:00:00+00:00,25.22,38.01,13.39,63.87,25,40,Warsaw,,52.2297,21.0122,100,
2024-09-07T18:00:00+00:00,28.75,36.63,11.73,53.15,25,40,Warsaw,,52.2297,21.0122,100,
2024-09-07T19:00:00+00:00,29.27,36.06,12.64,62.86,25,40,Warsaw,,52.2297,21.0122,100,
2024-09-07T20:00:00+00:00,21.93,31.63,13.69,59.1,25,40,Warsaw,,52.2297,21.0122,100,
2024-09-07T21:00:00+00:00,21.66,28.28,14.58,58.44,25,40,Warsaw,,52.2297,21.0122,100,
2024-09-07T22:00:00+00:00,29.01,41.79,14.84,67.37,25,40,Warsaw,,52.2297,21.0122,100,
2024-09-07T23:00:00+00:00,28.8,41.1,15.24,75.26,25,40,Warsaw,,52.2297,21.0122,100,
2024-09-08T00:00:00+00:00,22.52,31.53,16.3,70.75,25,40,Warsaw,,52.2297,21.0122,100,
2024-09-08T01:00:00+00:00,22.73,30.12,16.24,68.58,25,40,Warsaw,,52.2297,21.0122,100,
2024-09-08T02:00:00+00:00,30.26,39.5,16.82,79.35,25,40,Warsaw,,52.2297,21.0122,100,
2024-09-08T03:00:00+00:00,23.83,28.63,19.45,79.42,25,40,Warsaw,,52.2297,21.0122,100,
2024-09-08T04:00:00+00:00,22.39,29.46,19.89,75.41,25,40,Warsaw,,52.2297,21.0122,100,
2024-09-08T05:00:00+00:00,23.73,35.34,19.34,86.1,25,40,Warsaw,,52.2297,21.0122,100,
2024-09-08T06:00:00+00:00,24.39,35.43,21.41,81.41,25,40,Warsaw,,52.2297,21.0122,100,
2024-09-08T07:00:00+00:00,30.26,36.92,19.44,87.12,25,40,Warsaw,,52.2297,21.0122,100,
2024-09-08T08:00:00+00:00,26.54,36.78,19.23,71.07,25,40,Warsaw,,52.2297,21.0122,100,
2024-09-08T09:00:00+00:00,27.23,37.72,20.06,71.61,25,40,Warsaw,,52.2297,21.0122,100,
2024-09-08T10:00:00+00:00,24.77,37.34,18.53,76.19,25,40,Warsaw,,52.2297,21.0122,100,
2024-09-08T11:00:00+00:00,30.48,44.68,18.46,76.61,25,40,Warsaw,,52.2297,21.0122,100,
2024-09-08T12:00:00+00:00,22.08,27.49,17.45,62.77,25,40,Warsaw,,52.2297,21.0122,100,
2024-09-08T13:00:00+00:00,27.55,35.14,14.76,60.87,25,40,Warsaw,,52.2297,21.0122,100,
2024-09-08T14:00:00+00:00,25.36,30.86,13.87,57.84,25,40,Warsaw,,52.2297,21.0122,100,
2024-09-08T15:00:00+00:00,27.27,34.52,12.52,66.37,25,40,Warsaw,,52.2297,21.0122,100,
2024-09-08T16:00:00+00:00,22.47,31.59,13.0,62.1,25,40,Warsaw,,52.2297,21.0122,100,
2024-09-08T17:00:00+00:00,27.47,35.68,12.52,59.41,25,40,Warsaw,,52.2297,21.0122,100,
2024-09-08T18:00:00+00:00,23.16,32.8,12.63,64.29,25,40,Warsaw,,52.2297,21.0122,100,
2024-09-08T19:00:00+00:00,23.26,31.41,13.04,63.54,25,40,Warsaw,,52.2297,21.0122,100,
2024-09-08T20:00:00+00:00,23.49,35.28,11.11,57.08,25,40,Warsaw,,52.2297,21.0122,100,
2024-09-08T21:00:00+00:00,23.97,28.67,13.03,68.97,25,40,Warsaw,,52.2297,21.0122,100,
2024-09-08T22:00:00+00:00,28.55,36.7,15.04,68.84,25,40,Warsaw,,52.2297,21.0122,100,
2024-09-08T23:00:00+00:00,26.61,36.4,15.08,72.87,25,40,Warsaw,,52.2297,21.0122,100,
2024-09-09T00:00:00+00:00,24.29,34.17,15.26,63.57,25,40,Warsaw,,52.2297,21.0122,100,
2024-09-09T01:00:00+00:00,26.56,37.4,17.72,66.01,25,40,Warsaw,,52.2297,21.0122,100,
2024-09-09T02:00:00+00:00,22.97,29.05,18.0,70.4,25,40,Warsaw,,52.2297,21.0122,100,
2024-09-09T03:00:00+00:00,28.37,36.77,19.2,70.15,25,40,Warsaw,,52.2297,21.0122,100,
2024-09-09T04:00:00+00:00,28.91,41.84,18.28,81.07,25,40,Warsaw,,52.2297,21.0122,100,
2024-09-09T05:00:00+00:00,27.43,35.41,18.91,86.51,25,40,Warsaw,,52.2297,21.0122,100,
2024-09-09T06:00:00+00:00,22.96,27.34,20.6,74.54,25,40,Warsaw,,52.2297,21.0122,100,
2024-09-09T07:00:00+00:00,25.4,31.39,21.23,77.88,25,40,Warsaw,,52.2297,21.0122,100,
2024-09-09T08:00:00+00:00,30.19,40.73,18.76,72.98,25,40,Warsaw,,52.2297,21.0122,100,
2024-09-09T09:00:00+00:00,25.04,30.45,18.69,71.55,25,40,Warsaw,,52.2297,21.0122,100,
2024-09-09T10:00:00+00:00,27.94,40.84,18.29,78.75,25,40,Warsaw,,52.2297,21.0122,100,
2024-09-09T11:00:00+00:00,23.37,34.45,17.01,72.43,25,40,Warsaw,,52.2297,21.0122,100,
2024-09-09T12:00:00+00:00,25.79,35.33,14.57,65.46,25,40,Warsaw,,52.2297,21.0122,100,
2024-09-09T13:00:00+00:00,26.14,36.62,16.16,61.4,25,40,Warsaw,,52.2297,21.0122,100,
2024-09-09T14:00:00+00:00,21.3,28.28,15.17,57.53,25,40,Warsaw,,52.2297,21.0122,100,
2024-09-09T15:00:00+00:00,23.0,29.91,13.42,67.37,25,40,Warsaw,,52.2297,21.0122,100,
2024-09-09T16:00:00+00:00,26.16,33.85,13.82,58.23,25,40,Warsaw,,52.2297,21.0122,100,
2024-09-09T17:00:00+00:00,25.67,34.79,12.3,61.71,25,40,Warsaw,,52.2297,21.0122,100,
2024-09-09T18:00:00+00:00,24.01,35.77,10.9,52.45,25,40,Warsaw,,52.2297,21.0122,100,
2024-09-09T19:00:00+00:00,23.32,33.4,11.47,66.53,25,40,Warsaw,,52.2297,21.0122,100,
2024-09-09T20:00:00+00:00,23.8,29.89,13.32,57.14,25,40,Warsaw,,52.2297,21.0122,100,
2024-09-09T21:00:00+00:00,28.91,39.72,11.81,57.95,25,40,Warsaw,,52.2297,21.0122,100,
2024-09-09T22:00:00+00:00,28.56,37.31,13.09,66.13,25,40,Warsaw,,52.2297,21.0122,100,
2024-09-09T23:00:00+00:00,29.96,36.56,14.69,73.44,25,40,Warsaw,,52.2297,21.0122,100,
2024-09-10T00:00:00+00:00,26.25,39.06,15.86,72.43,25,40,Warsaw,,52.2297,21.0122,100,
2024-09-10T01:00:00+00:00,28.94,38.78,17.07,77.15,25,40,Warsaw,,52.2297,21.0122,100,
2024-09-10T02:00:00+00:00,28.22,39.6,17.04,68.56,25,40,Warsaw,,52.2297,21.0122,100,
2024-09-10T03:00:00+00:00,28.91,35.85,18.61,72.83,25,40,Warsaw,,52.2297,21.0122,100,
2024-09-10T04:00:00+00:00,26.62,33.22,19.85,71.35,25,40,Warsaw,,52.2297,21.0122,100,
2024-09-10T05:00:00+00:00,26.41,35.24,20.04,79.11,25,40,Warsaw,,52.2297,21.0122,100,
2024-09-10T06:00:00+00:00,23.2,33.09,19.89,74.33,25,40,Warsaw,,52.2297,21.0122,100,
2024-09-10T07:00:00+00:00,24.47,32.29,19.2,81.64,25,40,Warsaw,,52.2297,21.0122,100,
2024-09-10T08:00:00+00:00,23.7,33.03,18.63,81.8,25,40,Warsaw,,52.2297,21.0122,100,
2024-09-10T09:00:00+00:00,24.75,36.99,17.91,81.14,25,40,Warsaw,,52.2297,21.0122,100,
2024-09-10T10:00:00+00:00,25.97,32.77,19.26,71.84,25,40,Warsaw,,52.2297,21.0122,100,
2024-09-10T11:00:00+00:00,24.74,36.64,18.14,70.81,25,40,Warsaw,,52.2297,21.0122,100,
2024-09-10T12:00:00+00:00,26.8,39.03,14.81,66.54,25,40,Warsaw,,52.2297,21.0122,100,
2024-09-10T13:00:00+00:00,26.16,36.46,15.42,75.23,25,40,Warsaw,,52.2297,21.0122,100,
2024-09-10T14:00:00+00:00,27.78,34.49,15.25,70.0,25,40,Warsaw,,52.2297,21.0122,100,
2024-09-10T15:00:00+00:00,28.83,39.61,13.8,68.79,25,40,Warsaw,,52.2297,21.0122,100,
2024-09-10T16:00:00+00:00,25.13,32.27,13.17,55.56,25,40,Warsaw,,52.2297,21.0122,100,
2024-09-10T17:00:00+00:00,22.33,26.52,13.3,60.04,25,40,Warsaw,,52.2297,21.0122,100,
2024-09-10T18:00:00+00:00,22.79,27.23,11.52,66.75,25,40,Warsaw,,52.2297,21.0122,100,
2024-09-10T19:00:00+00:00,23.09,30.12,12.79,67.6,25,40,Warsaw,,52.2297,21.0122,100,
2024-09-10T20:00:00+00:00,28.47,37.37,12.78,56.71,25,40,Warsaw,,52.2297,21.0122,100,
2024-09-10T21:00:00+00:00,27.45,35.99,14.05,67.45,25,40,Warsaw,,52.2297,21.0122,100,
2024-09-10T22:00:00+00:00,23.89,30.53,14.38,63.02,25,40,Warsaw,,52.2297,21.0122,100,
2024-09-10T23:00:00+00:00,26.29,38.61,15.79,65.34,25,40,Warsaw,,52.2297,21.0122,100,
